domain,dedupe_key,dedupe_key_type,review_id,review_rating,review_verified,review_timestamp,review_datetime_utc,review_title,review_text,author_title,author_id,author_country_code,author_reviews_number,owner_answer,owner_answer_date
www.thepearlsource.com,id:6a6971910c01336621211cdf,native_id,6a6971910c01336621211cdf,5,true,1785302449,07/29/2026 05:20:49,Beautiful pearl studs,I have been searching for some pearl studs.  I have some pearl studs that are small and wanted ones a bit bigger.  I am not disappointed with my purchase; these studs are stunning and just what I have been searching for.,Sylvia,6855f64f8a53754ef17562f4,US,7,,
www.thepearlsource.com,id:6a68ea35bc148609beb06171,native_id,6a68ea35bc148609beb06171,5,false,1785267797,07/28/2026 19:43:17,Outfit Perfectly,"The earrings that matched my needs were difficult to find, but this staff member got what I was going for immediately. They offered the right suggestion, and now they have completed my outfit perfectly.",Rontez Clay,69a733bee100ee3c9a51c350,IE,1,We truly appreciate your kind feedback. Knowing our team was able to recommend exactly what you were looking for and help complete your outfit means a great deal to us.,2026-07-28T21:31:37.000Z
www.thepearlsource.com,id:6a68c92ca8933e5922ed4ac5,native_id,6a68c92ca8933e5922ed4ac5,3,true,1785259340,07/28/2026 17:22:20,Very speedy delivery but…,"Very speedy delivery, but clasp has broken 24hrs after first being worn!",Jo,5f48efdb7a5e1499c8b42f62,GB,3,"Thank you for sharing your feedback. While we're glad your order arrived quickly, we're very sorry to hear the clasp broke after just 24 hours of wear. That is certainly not the experience we want you to have. Please contact us at help@thepearlsource.com with your order information so our team can review your case and work with you toward a resolution.",2026-07-28T21:29:36.000Z
www.thepearlsource.com,id:6a67a1a931546e52fe6a5f2a,native_id,6a67a1a931546e52fe6a5f2a,5,true,1785183689,07/27/2026 20:21:29,Pearl necklace dreams are made of,"The pearls, box it came in, and the shipping time are absolutely unbearable!
I couldn’t imagine a more beautiful piece of jewelry! Worth the price.
Pleasant customer service as well!
Will be buying more in the future!
",Margot Kot,6155b05a1d14c20012546ec6,US,8,"We truly appreciate your wonderful feedback. We're so pleased to hear that the pearls, presentation, shipping experience, and customer service all made your experience such a positive one. Thank you for your kind words and support.",2026-07-28T21:33:42.000Z
www.thepearlsource.com,id:6a666277db19630d7faed8c8,native_id,6a666277db19630d7faed8c8,5,true,1785101975,07/26/2026 21:39:35,Great selection and prompt on-time…,Great selection and prompt on-time delivery … beautiful pearls!,Jon P,59ce79720000ff000acf2687,US,6,"We're so glad to hear you were pleased with our selection, prompt delivery, and beautiful pearls. Thank you for choosing The Pearl Source.",2026-07-27T15:54:19.000Z
www.thepearlsource.com,id:6a665d2be100259e97c08398,native_id,6a665d2be100259e97c08398,5,true,1785100619,07/26/2026 21:16:59,The pearls look amazing and the…,The pearls look amazing and the packaging is beautiful ,Tiphani McKee,6a665d2ab06fbf5cc5f6c362,US,1,Thank you for your kind feedback. We're delighted to hear you were pleased with both the pearls and the beautiful packaging.,2026-07-27T15:55:06.000Z
www.thepearlsource.com,id:6a6651cd3219f16d11ef734e,native_id,6a6651cd3219f16d11ef734e,5,true,1785097709,07/26/2026 20:28:29,Very pleased,Very pleased!  The pearls are beautiful.  Packaging very nice.  Gift for my granddaughters 16th birthday!,Sherry Williams,530403e3000064000164c4e1,US,2,It's lovely to hear you were so pleased with the pearls and the packaging for such a special gift. Thank you for choosing The Pearl Source.,2026-07-27T15:57:18.000Z
www.thepearlsource.com,id:6a6615cf3cad854b1c7cada0,native_id,6a6615cf3cad854b1c7cada0,5,true,1785082351,07/26/2026 16:12:31,Love the colour and quality of my…,Love the colour and quality of my earrings- hopefully Ill have them for a long time ,Gail,5af3147e4de5666d34dc99b8,IE,14,We're so pleased to hear you love the color and quality of your earrings. Thank you for taking the time to leave a review.,2026-07-27T16:01:17.000Z
www.thepearlsource.com,id:6a65f02543c8b5894fd78c1d,native_id,6a65f02543c8b5894fd78c1d,5,true,1785072709,07/26/2026 13:31:49,Excellent!,Excellent!,Joan Farrell,6a65f024ff3db21842c3ebce,US,1,Thank you for your feedback. We truly value your kind words.,2026-07-27T16:06:37.000Z
www.thepearlsource.com,id:6a64012b6dcb6604cf1b6067,native_id,6a64012b6dcb6604cf1b6067,5,true,1784945995,07/25/2026 02:19:55,I gave it for a birthday gift and she…,I gave it for a birthday gift and she was very happy.,Alicia LEGUILLOW,6a03ce1498a79284ce4b1579,US,1,Thank you for your kind feedback. We're so pleased to hear your birthday gift was so well received.,2026-07-27T16:17:49.000Z
www.thepearlsource.com,id:6a63e98bf5e551f605f22ccb,native_id,6a63e98bf5e551f605f22ccb,3,true,1784939947,07/25/2026 00:39:07,I liked the ring,"I liked the ring, but did not love it. It just lacked something, too plain.",Suzie,5dcc9ff8a8374204e7756afd,US,2,"Thank you for sharing your honest feedback. We're pleased the ring made a positive impression overall, even if it wasn't quite the style you were hoping for. Thank you for taking the time to let us know about your experience.",2026-07-25T01:12:59.000Z
www.thepearlsource.com,id:6a63d0823dc2b227fc72dc69,native_id,6a63d0823dc2b227fc72dc69,5,true,1784933538,07/24/2026 22:52:18,Gorgeous Necklace ,"Beautiful, silky pearl necklace.  I buy these for my granddaughters who turn sixteen.  
They come in a lovely box, worthy of gift giving.  They arrive quickly as promised.  I recommend Pearl Source to everyone ",Mary Henneman,5f9b5e5854404f0019fa960c,US,1,Thank you for your wonderful feedback. We're delighted to hear the necklace has become such a meaningful gift for your granddaughters and that you were pleased with the presentation and delivery. We truly appreciate your recommendation.,2026-07-25T01:14:23.000Z
www.thepearlsource.com,id:6a63cfd725069396d03c4124,native_id,6a63cfd725069396d03c4124,5,true,1784933367,07/24/2026 22:49:27,Very nice pearls,Got what I paid for. The pearls are beautiful and perfectly matched. I wish they had been a little whiter but my granddaughters were thrilled.  ,Pam,55b7a4020000ff0001cfe99d,US,2,We appreciate your thoughtful feedback. It's wonderful to know the pearls were beautifully matched and made such a special gift for your granddaughters. Thank you for sharing your experience with us.,2026-07-25T01:15:53.000Z
www.thepearlsource.com,id:6a63c19244f79d1104e04550,native_id,6a63c19244f79d1104e04550,5,true,1784929714,07/24/2026 21:48:34,Gift for a Friend,"The website was easy to navigate, had great descriptions, and it was easy to add custom options. I learned more about pearls while navigating the website and appreciated information on the store, how pearls are sourced, and each product. 

All communication was prompt, consistent, and shipping was quick. 

",VI,6a63c192b06fbf2411f4a0b1,US,1,"Thank you for sharing such a detailed review. We're so pleased to hear you found our website informative and easy to navigate, and that our communication and shipping provided a smooth experience.",2026-07-25T01:17:42.000Z
www.thepearlsource.com,id:6a639d8fcd1f865a00454a29,native_id,6a639d8fcd1f865a00454a29,5,true,1784920495,07/24/2026 19:14:55,If you need to talk to a “live” person,"If you need to talk to a “live” person, they are always there, nice to talk to and extremely helpful. 
The “real” pearls are exceptional. They actually appear to glow especially when compared against imitation pearls.",John Gowers,59576a990000ff000aaa441d,GB,8,Thank you for your kind words. We're delighted to hear our team was helpful and that you were pleased with the exceptional quality of your pearls. We hope you enjoy wearing them.,2026-07-25T01:20:49.000Z
www.thepearlsource.com,id:6a63865cde3b2efea06f1873,native_id,6a63865cde3b2efea06f1873,5,true,1784914556,07/24/2026 17:35:56,Very happy with the Golden Pearls…,Very happy with the Golden Pearls!,Customer,5bb0292c4de5666d34ee2f42,US,5,Thank you for your kind feedback. We're so pleased to hear you're happy with your Golden Pearls. We truly appreciate you taking the time to share your experience.,2026-07-25T01:22:17.000Z
www.thepearlsource.com,id:6a625c1501604eaf387e08b5,native_id,6a625c1501604eaf387e08b5,5,false,1784838197,07/23/2026 20:23:17,I brought in a necklace for polishing…,"I brought in a necklace for polishing before a special occasion, and the difference was incredible. It looked bright, clean, and almost brand new. The service was quick, and the results exceeded my expectations.",Lindsay Hooper,6a625b70b06fbfb93ef2ca6f,US,1,Thank you for sharing your experience. We're so pleased to hear your necklace was beautifully restored in time for your special occasion and that you were happy with the service.,2026-07-24T04:05:09.000Z
www.thepearlsource.com,id:6a62315e649dcca3bbae38d7,native_id,6a62315e649dcca3bbae38d7,5,true,1784827262,07/23/2026 17:21:02,Great experience with our purchase,"Great experience with our purchase. I felt the website provided good, informative details for the kind and quality of the pearls. That made our decision process easier.",C. C.,6a62315dc2526c1247978e76,US,1,Thank you for your review. We're delighted to know our website made it easier to choose the right pearls and contributed to a positive shopping experience.,2026-07-24T04:07:34.000Z
www.thepearlsource.com,id:6a6185b1a5144ec79d8ecaca,native_id,6a6185b1a5144ec79d8ecaca,5,true,1784783313,07/23/2026 05:08:33,I think that they is honest,I think that they is honest ,walter Newson,6890d627b7b8176cb76a062e,US,1,"Thank you for your kind words. We strive to earn our customers' trust every day, and we truly appreciate your feedback.",2026-07-24T04:10:15.000Z
www.thepearlsource.com,id:6a61756c645b6dc08ad64544,native_id,6a61756c645b6dc08ad64544,5,true,1784779149,07/23/2026 03:59:09,Accurately described and well presented,Shipping was reasonably fast internationally. The pearls were exactly as described. Presentation was beautiful and certificates provided along with a care pack. Would shop again. ,L T,6a61756b7b418c02188943eb,AU,1,"We're so pleased to hear your order arrived quickly internationally and that the pearls matched the description. It's wonderful to know the presentation, certificates, and care pack made such a positive impression. We truly appreciate your feedback and are grateful for your confidence in shopping with The Pearl Source again.",2026-07-23T04:57:25.000Z
www.thepearlsource.com,id:6a6136309d0fdb8d8b54e67f,native_id,6a6136309d0fdb8d8b54e67f,5,true,1784762960,07/22/2026 23:29:20,The pearl necklace was beautiful!,The pearl necklace was beautiful and at an excellent price. I purchased it for my girlfriend in the Philippines and she was so impressed with their quality. I ended up buying a matching bracelet for the next visit. Thanks!,Andrew Goodearl,6a61362f236e3df9dde00002,US,1,Thank you for taking the time to share your feedback. We're so pleased to hear the pearl necklace made such a wonderful impression and that you decided to add the matching bracelet as well. We truly appreciate your support.,2026-07-23T03:17:17.000Z
www.thepearlsource.com,id:6a612b97603e756f8d627301,native_id,6a612b97603e756f8d627301,5,true,1784760247,07/22/2026 22:44:07,Beautiful pearl necklace and bracelet,"Beautiful pearl necklace and bracelet.  I'm always happy with their products.  Fast, safe shipping. Lovely presentation.  Beautiful gift for your bride. I bought a lovely colored pearl bracelet for my collection today.  You can never have enough of their pearl collections.",maria devaney,678b198ac215326e85c6fdac,US,6,We're grateful for your continued support. It's wonderful to know you've been consistently happy with your purchases and that your orders have arrived quickly and safely. Thank you for sharing your experience.,2026-07-23T03:18:42.000Z
www.thepearlsource.com,id:6a6114f3622af5086e10e9dd,native_id,6a6114f3622af5086e10e9dd,2,true,1784754451,07/22/2026 21:07:31,Pearls are small,The presentation box looks more expensive than the pearl itself. Not satisfied with the pearl size & sterling silver. I bought pearls from other pearl retailers online for the same price but they have real gold & silver that go with the pearl. Yours don't.,CC,6a6114f27b418c5ccb88e304,US,1,,
www.thepearlsource.com,id:6a60ec49be895e5cbac46bf9,native_id,6a60ec49be895e5cbac46bf9,5,true,1784744041,07/22/2026 18:14:01,Beautiful earrings and gorgeous pearls,Beautiful earrings and gorgeous pearls! Love them!,Amna Tariq,6a60ec48b06fbf2dacf0d71d,US,1,It's wonderful to know your earrings and pearls have made such a great impression. We truly appreciate you sharing your feedback.,2026-07-23T03:19:41.000Z
www.thepearlsource.com,id:6a6083012bbe4c893e5ec3d3,native_id,6a6083012bbe4c893e5ec3d3,5,true,1784717089,07/22/2026 10:44:49,Very nice and delicate pearl earrings,Very nice and delicate pearl earrings. Looks amazing. I like it.,customer,5cf2ae01d0f74610485343de,GB,7,Knowing you're happy with your pearl earrings truly means a lot to us. Thank you for your feedback.,2026-07-23T03:22:26.000Z
www.thepearlsource.com,id:6a5fc4cbc31754755fcedcb9,native_id,6a5fc4cbc31754755fcedcb9,5,true,1784668395,07/21/2026 21:13:15,beautiful pearls,beautiful pearls,glen mcdonald,6a5fc4cb7b418c4794871ebe,CA,1,We appreciate you taking the time to leave a review. It's wonderful to know you're so pleased with your pearls.,2026-07-22T04:06:06.000Z
www.thepearlsource.com,id:6a5fb800ed3b4bb0499620fd,native_id,6a5fb800ed3b4bb0499620fd,5,true,1784665120,07/21/2026 20:18:40,Awesome pearl necklaces,"Awesome pearl necklaces, great quality, and fast shipping. ",Rod Martin,6a5fb7ffff3db28302bce18c,US,1,We're so glad to hear you were pleased with the quality of your pearl necklaces and the fast shipping. Thank you for taking the time to share your feedback.,2026-07-22T04:07:20.000Z
www.thepearlsource.com,id:6a5f926ad24b2c88d483d0ae,native_id,6a5f926ad24b2c88d483d0ae,5,true,1784655498,07/21/2026 17:38:18,Really good experience!,"My experience with The Pearl Source has been a good one. My granddaughter is going to love them and hopefully cherish them forever. When I ordered them, I received them within a week. They are beautiful. ",Paula,5a6f74710000ff000b098b69,US,1,We're delighted to hear your order arrived quickly and that the pearls made such a wonderful impression. We hope they become a treasured gift for your granddaughter. Thank you for sharing your experience with us.,2026-07-22T04:08:24.000Z
www.thepearlsource.com,id:6a5eab67673db7c0e3922f0a,native_id,6a5eab67673db7c0e3922f0a,5,true,1784596359,07/21/2026 01:12:39,The Hanadama Pearl earrings ,The Hanadama Pearl Stud earrings I ordered are so beautiful.  I have been wearing them since they arrived.  The luster on them is remarkable and the 8.5mm size is perfect.  ,Linda B,6a4992ce9371bfa17d72ceca,US,2,We're so happy to hear you've been enjoying your Hanadama Pearl Stud Earrings. It's great to know you're so pleased with their remarkable luster and 8.5mm size. We hope you continue to enjoy wearing them.,2026-07-22T04:12:27.000Z
www.thepearlsource.com,id:6a5d904b8d8cb8d39b5a1799,native_id,6a5d904b8d8cb8d39b5a1799,5,true,1784523883,07/20/2026 05:04:43,First time customer…,"As a first time customer with The Pearl Source, I am extremely pleased and impressed with the product and the company.  The shipping was quick, which was even more impressive.  I look forward to shopping with The Pearl Source in the future.",Human Sun,5e88d6004d2b561defbf5958,US,6,Thank you for sharing your experience. We're so pleased to hear your first purchase with The Pearl Source left such a positive impression and that your order arrived quickly. We truly appreciate your feedback.,2026-07-22T04:13:56.000Z
www.thepearlsource.com,id:6a5d8b97feb1621e3c0c29fb,native_id,6a5d8b97feb1621e3c0c29fb,5,true,1784522679,07/20/2026 04:44:39,Quality Pearls,"The Pearl Source is a lovely company. They’ll communicate through email or phone if you need them. I ordered the chain station necklace on line, 16 inches, and the Akoya pearls have a lovely luster. The dainty gold chain glistens. I am so happy with it.",Sharon R.,5acd4ecd4de5666d34d121f8,US,10,Thank you for your feedback. We're happy to know you had a positive experience with our team and that you're so pleased with your Chain Station Necklace. We truly appreciate you taking the time to share your experience.,2026-07-22T04:15:50.000Z
www.thepearlsource.com,id:6a5d536b81959fbde31f1503,native_id,6a5d536b81959fbde31f1503,5,true,1784508299,07/20/2026 00:44:59,Great service,"Great service, I had a question and asked via web chat. Was helped right away",MW,6a5d536bb06fbfe72fec1bbb,US,1,Thank you for your feedback. We're glad our web chat team was able to answer your question right away. Knowing you had a positive experience means a great deal to us.,2026-07-22T04:17:30.000Z
www.thepearlsource.com,id:6a5cbee7d15cfd51e3c65e6b,native_id,6a5cbee7d15cfd51e3c65e6b,5,true,1784470279,07/19/2026 14:11:19,Excellent service from ordering to delivery ,"Superb service delivery from LA USA to UK in less than a week. Brilliant
The product is perfect and will make an ideal birthday present to match the pearl neclace I bought in May 2026 for our 30th wedding anniversary. 
Thank you ",Stephen B,5e978a5aa222f44164634d22,GB,14,Thank you for taking the time to share your experience. We're delighted to hear your order arrived in the UK so quickly and that your new piece is the perfect match for the pearl necklace you purchased for your 30th wedding anniversary. We truly appreciate your continued support.,2026-07-19T22:58:42.000Z
www.thepearlsource.com,id:6a5bd97d5eb610b7a756a5b7,native_id,6a5bd97d5eb610b7a756a5b7,5,true,1784411549,07/18/2026 21:52:29,Beautiful Pearls,"The variety of choices made it easy to find that special pearl that touches your heart. I purchased a pendant and was so pleased that I then ordered a pair of pearl earrings to match. They are both beautiful. I was hesitant purchasing online; however, I couldn't be more pleased and definitely recommend The Pearl Source!",Cheryl Morin,6a5bd97dff3db2917eb89b74,US,1,Knowing that you came back for a matching pair of earrings after purchasing your pendant truly means a great deal to us. Thank you for your recommendation and for choosing The Pearl Source.,2026-07-19T23:05:36.000Z
www.thepearlsource.com,id:6a5bd380d4163bbd91fd6b7e,native_id,6a5bd380d4163bbd91fd6b7e,5,true,1784410016,07/18/2026 21:26:56,Fast delivery,"Fast delivery, beautiful packaging. Great luster to AAA pearl. Love this unusual setting, just enough to set the pearl off enough to notice compared to plain stud.",Benjamin Moore fan,5e3c5c46e42748ea9d06bd55,US,3,Thank you for your review. We're delighted to hear your order arrived quickly and beautifully packaged. We hope you enjoy wearing your earrings.,2026-07-19T23:08:55.000Z
www.thepearlsource.com,id:6a5bcd8276d99984532cc115,native_id,6a5bcd8276d99984532cc115,5,true,1784408482,07/18/2026 21:01:22,Obsessed with pearls,My new pearls are absolutely beautiful.  I received them quickly.  I have made 3 purchases and the service and quality were amazing ,Malinda Justice,6a5bcd81236e3d1a91d9a7d7,US,1,Thank you for your review. We're delighted to hear your pearls arrived quickly and that you've been pleased with both the quality and service. We're especially grateful for your continued trust and support.,2026-07-19T23:11:02.000Z
www.thepearlsource.com,id:6a5bcbcc3f8b8d2c994156ca,native_id,6a5bcbcc3f8b8d2c994156ca,5,true,1784408044,07/18/2026 20:54:04,I can’t say enough…,I can’t say enough about the people at Pearl Source. My wife’s beloved pearls were lost and they were willing to help me find the best replacement possible—super responsive and empathetic to our situation. I can’t say enough. ,customer,5e13a8166af502192c3278e6,US,3,Thank you for your thoughtful review. We're grateful our team was able to help you find the best replacement for your wife's pearls. Your kind words about their responsiveness and care truly mean a great deal to us.,2026-07-19T23:13:46.000Z
www.thepearlsource.com,id:6a5bc470664ff294de6efbc1,native_id,6a5bc470664ff294de6efbc1,5,true,1784406160,07/18/2026 20:22:40,Lived the pearls. ,"Easy to order items. Received items as scheduled. The pearls looked great, she really liked them. Great quality. ",Robert Walsh,6a275a154a5f81f8e388f729,US,1,We're so glad to hear the ordering process was easy and your items arrived as scheduled. Thank you for taking the time to share your experience and for choosing The Pearl Source.,2026-07-18T20:29:49.000Z
www.thepearlsource.com,id:6a5bc368b18736d9c5d3faba,native_id,6a5bc368b18736d9c5d3faba,5,true,1784405896,07/18/2026 20:18:16,Everything was great from start to…,Everything was great from start to finish!  My wife of 30yrs loved her pearls.,Ivan Schrock,6a5bc367236e3dc2d6d99db1,US,1,Thank you for sharing your experience. It's wonderful to hear everything went smoothly and that your wife loves her pearls. We appreciate your feedback.,2026-07-18T20:31:56.000Z
www.thepearlsource.com,id:6a5bc29d50cc2fdd2d4e2701,native_id,6a5bc29d50cc2fdd2d4e2701,5,true,1784405693,07/18/2026 20:14:53,"beautiful, quality pearls","shopping experience was effortless, and the quality of the pearls excellent!",ML,6a5bc29c7b418cfff982aed2,US,1,Thank you for your kind feedback. We're delighted to hear the shopping process was seamless and that you were pleased with the quality of your pearls. We truly appreciate you taking the time to share your experience.,2026-07-18T20:35:19.000Z
www.thepearlsource.com,id:6a5a8245b0399c3b3162be83,native_id,6a5a8245b0399c3b3162be83,5,true,1784323685,07/17/2026 21:28:05,Great service,"Great service, very easy!!  Excellent high quality products!! Thank you!",Chris  Kowalewski,6a5a8244ff3db292f4b76d77,US,1,"We're so pleased to hear that you had such an easy experience with us and that the quality of your purchase met your expectations. Thank you for your thoughtful feedback, and we truly appreciate you taking the time to share it.",2026-07-18T02:52:59.000Z
www.thepearlsource.com,id:6a5a6e18e260bc057e2241ef,native_id,6a5a6e18e260bc057e2241ef,5,true,1784318520,07/17/2026 20:02:00,They had what I was looking for at the…,They had what I was looking for at the price I wanted to pay.,Pete Brayton,6a5a6e18236e3d2e5ad86a69,US,1,We're delighted to hear you found the piece you were looking for and had a positive shopping experience with us. Thank you for sharing your feedback.,2026-07-18T02:54:25.000Z
www.thepearlsource.com,id:6a5a3410efd36134cd134c7a,native_id,6a5a3410efd36134cd134c7a,5,true,1784303664,07/17/2026 15:54:24,Pearls were perfect,Pearls were perfect. My wife loved them,Charles MacKinnon,5f174fe7db680268bb2a099c,GB,6,Knowing your wife loved the pearls means a great deal to us. We're grateful you took the time to leave a review.,2026-07-18T02:56:37.000Z
www.thepearlsource.com,id:6a599c64159c799c6ef44540,native_id,6a599c64159c799c6ef44540,5,false,1784264836,07/17/2026 05:07:16,Stunning,"I am absolutely thrilled with my Tahitian pearl pendant. It looks luxurious, elegant and incredibly unique. The pendant arrived on time, in a beautiful box with certification of authenticity. If you're considering a Tahitian pearl pendant , I can confidently say this one exceeded my expectations in every way.   ",Anca,6a599c2f236e3d2aabd73994,US,1,"Thank you for your thoughtful review. It's wonderful to know your Tahitian pearl pendant exceeded your expectations and that it arrived on time, beautifully presented, with its certificate of authenticity. We truly appreciate you taking the time to share your experience.",2026-07-17T05:39:26.000Z
www.thepearlsource.com,id:6a5979aa946477edbc7b0b29,native_id,6a5979aa946477edbc7b0b29,5,true,1784255946,07/17/2026 02:39:06,Fabulous Experience ,I love the pearls I ordered for my future daughter-in-law. They arrived on time and in a gorgeous display box. She loved them. They are beautiful. Well worth the cost. ,Janice,6a5979a9ff3db2e814b60f3e,US,1,Thank you for your wonderful review. It's so nice to know the pearls made such a special gift for your future daughter-in-law and arrived on time in a beautiful presentation box. We're grateful you chose The Pearl Source for such a meaningful gift.,2026-07-17T05:48:40.000Z
www.thepearlsource.com,id:6a58c172f566e87aac055f75,native_id,6a58c172f566e87aac055f75,5,true,1784208786,07/16/2026 13:33:06,Helpful  and good quality 👌,Helpful  and good quality 👌 ,MR KEARNEY,65980e178482530011b98cb0,GB,5,Thank you for your kind review. It's great to know you were happy with both the quality of your pearls and the service you received. We appreciate you taking the time to share your feedback.,2026-07-17T05:49:57.000Z
www.thepearlsource.com,id:6a580d7dbccf03f8526533dc,native_id,6a580d7dbccf03f8526533dc,1,true,1784162717,07/16/2026 00:45:17,Placed my order using PayPal,"Placed my order using PayPal, and when my order hadn't arrived a week later I called Pearl Source... They had no record of my order, despite having received an order number and already being charged through PayPal.  I was asked to reverse the transaction with PayPal and place my order once more, because I couldn't cite the exact necklace and options to equal the amount I was charged.  The customer service rep I spoke with was very polite, but the company's position and process for handling their own issues was disheartening. Ultimately I did receive the necklace, but wished the ""AAAA"" product was a little... More, for the hassle. ",K Spence,6a580d7c236e3dffc5d563c1,US,1,,
www.thepearlsource.com,id:6a57dcb172de25aede3a2f49,native_id,6a57dcb172de25aede3a2f49,2,true,1784150225,07/15/2026 21:17:05,Purchase Review,"Good afternoon,

I recently received the pearl earrings I ordered for my daughter. To ensure I had made a good purchase, I took them to a respected family-owned jeweler in Bethesda, Maryland, that has been in business for more than 70 years.

After examining the earrings, they shared that while the pearls were of acceptable quality, they were not exceptional. They also noted that the pearls appeared to be approximately 8mm, even though I specifically requested the larger size within the advertised range (8.5mm).

When I asked about value, they estimated that, without the branding, packaging, marketing, and online presence, the earrings would likely retail in the $350–$400 range. I even considered purchasing a pair from them and returning yours. However, the jeweler candidly advised that the time and effort involved in making the return likely would not be worth the difference. I appreciated their honesty, particularly since it meant they did not make a sale.

Needless to say, I was disappointed to hear this assessment and equally disappointed with the product I received. I find it difficult to believe that no one has raised similar concerns in the past, although I understand I have no way of knowing.

I wanted to share this feedback in the hope that you will review the quality and sizing of the pearls being sold, as the product I received did not meet the expectations created by your descriptions.",John Kocum,663d4bce63436658c02f0160,US,3,,
www.thepearlsource.com,id:6a56bc54969aff0b98cfe645,native_id,6a56bc54969aff0b98cfe645,3,false,1784076404,07/15/2026 00:46:44,Great Customer Service - Bad Quality Control,"I hate to write a negative review after experiencing such excellent customer service. The email exchange and return process were pleasant, fast, and easy — truly 10/10. However, upon opening the beautiful box, I was shocked to find a broken $450 necklace. Either a damaged necklace was knowingly packed and shipped, or the quality was so poor that it fell apart inside a secure, well‑made box. It was a disappointing surprise.  ",Jackie Brown,62fbd5680384400012fde878,US,3,"Thank you for taking the time to share your feedback. We sincerely appreciate your kind words about our customer service, email communication, and return process. We're truly sorry to hear that your necklace arrived damaged. We understand how disappointing that must have been, especially when opening a piece you had been looking forward to receiving. Please contact us at help@thepearlsource.com so our team can review your order and assist you as quickly as possible.

Best regards,
The Pearl Source",2026-07-15T03:19:21.000Z
www.thepearlsource.com,id:6a56b62466135d8a4ad1798e,native_id,6a56b62466135d8a4ad1798e,5,true,1784074820,07/15/2026 00:20:20,I was able to pick out and receive my…,"I was able to pick out and receive my matching Symphony necklace to my earrings, which I dearly love, within a couple of days. I was notified of where my package was all along the way. I love wearing my beautiful golden pearl earrings and necklace. They are very classy and just what I’ve always wanted.",WerRetired,65fdb45359b26800127c6b7e,US,3,Thank you for sharing your experience. We're so pleased to hear you found the perfect matching piece and that your order arrived promptly with updates every step of the way. Knowing you love wearing your pearl jewelry and that it's exactly what you had been looking for truly means a great deal to us.,2026-07-15T03:21:36.000Z
www.thepearlsource.com,id:6a550db4479907d58c1bea1e,native_id,6a550db4479907d58c1bea1e,4,true,1783966164,07/13/2026 18:09:24,"Great Pearls, Poor Shipping Experience",To clarify - My experience with the PearlSource representative was fantastic.  Great company.  My wife even cried when she opened the box because she was so happy. I deducted a star to catch the attention of the company reps so they can approach FedEx about their incredibly poor service and delivery.  My two day shipping turned into 4 days (during the business week!) and I was about to contact the local PD to report a suspected theft by one of FedEx’s employees. When I called FedEx to track the package that “no delivery was attempted” I was blatantly lied to that it would be delivered that day (day 3 of 2-day shipping) and rushed off the phone. So to conclude: PearlSource great customer service and pearl quality; Shipping was horrendous.  ,S. Semple,6a550db3ff3db2d9e8b01f85,US,1,"Thank you for taking the time to share such thoughtful feedback. We're delighted to hear your wife loved her gift and that you had a positive experience with our team. We also appreciate you bringing your FedEx delivery experience to our attention. Your feedback is valuable, and we'll be sure to share it with our team. Thank you for taking the time to bring this to our attention.",2026-07-14T06:33:58.000Z
www.thepearlsource.com,id:6a54e8e4dec53ec3218067c7,native_id,6a54e8e4dec53ec3218067c7,5,true,1783956740,07/13/2026 15:32:20,excellentQuality of item,"Quality of item, price and the quick delivery very please Thank You",Marius Lachance,6a54e8e315b72e5169ff6771,CA,1,"Thank you for your kind feedback. It's great to know you were pleased with the quality, value, and quick delivery. We appreciate you taking the time to share your experience.",2026-07-14T06:35:32.000Z
www.thepearlsource.com,id:6a54e2d8373b1c1d221607fb,native_id,6a54e2d8373b1c1d221607fb,5,true,1783955192,07/13/2026 15:06:32,I received the parcel quickly and safe…,"I received the parcel quickly and safe & my wife was very happy with her pearls.

Many thanks.",George Prefas,5f95726dcaa554001b5cdcc1,GB,5,"We truly appreciate you taking the time to share your experience. We're pleased your order arrived quickly and safely, and that your wife was so happy with her pearls. Thank you for your trust in The Pearl Source.",2026-07-14T06:39:12.000Z
www.thepearlsource.com,id:6a54a36112802751dd24f6c5,native_id,6a54a36112802751dd24f6c5,2,true,1783938945,07/13/2026 10:35:45,Never recived my puchase,Never recive. Donald put,Christopher Miller,6a54a35f15b72e3b26fedaa5,US,1,We are truly sorry to hear that your order was not received. We understand how frustrating this must be. We are actively investigating this issue to prevent future occurrences. Please return our call at 1-866-877-3275 so we can continue with our lost package protocol.,2026-07-13T21:16:10.000Z
www.thepearlsource.com,id:6a5423fc2ed4a401c16c3436,native_id,6a5423fc2ed4a401c16c3436,5,true,1783906332,07/13/2026 01:32:12,Beautiful baroque pearl necklace,"Beautiful baroque pearl necklace!  I like that you can adjust the length for 16 or 18"".  Just what I was looking for!",Cindy Butler,57ac7d5a0000ff000a39e5ad,US,4,"Thank you for sharing your experience. We're glad the adjustable length was just what you were looking for, and we appreciate you taking the time to leave a review.",2026-07-14T06:41:55.000Z
www.thepearlsource.com,id:6a5419efd2e0d1b891123300,native_id,6a5419efd2e0d1b891123300,5,true,1783903759,07/13/2026 00:49:19,What I ordered was really nice and what…,What I ordered was really nice and what I wanted.  Shipping was was fast and communication was very good.,Vincenzo Pascarelli,6a5419efd7872ae896ecb461,US,1,We truly appreciate your feedback. It's wonderful to know you received exactly what you were looking for and that you were pleased with our fast shipping and communication.,2026-07-14T06:44:02.000Z
www.thepearlsource.com,id:6a53dc333c5d5da814641ab7,native_id,6a53dc333c5d5da814641ab7,5,true,1783887955,07/12/2026 20:25:55,Great communication and customer…,"Great communication and customer support. Friendly, prompt responses to emails were much appreciated!!",Matt,6a53dc33d7872a1404ec7dbc,US,1,"Thank you for taking the time to share your experience. Knowing that our communication, customer support, and prompt email responses were so appreciated means a great deal to our team.",2026-07-14T06:46:16.000Z
www.thepearlsource.com,id:6a53d9a2abd01fd168353d5e,native_id,6a53d9a2abd01fd168353d5e,5,true,1783887298,07/12/2026 20:14:58,Great Baroque Pearl,They absolutely beautiful. The luster and shine out of this world. The strand and silver clasp is a great design.,Esteban Moreno,6012f25555083100191fdef3,US,10,"Thank you for taking the time to share your feedback. We're so pleased you loved the beauty, luster, and craftsmanship of your pearls, and that the sterling silver clasp design stood out to you. It's a pleasure to know our craftsmanship made such a positive impression.",2026-07-14T06:50:03.000Z
www.thepearlsource.com,id:6a53ce125994de4f9f78c26a,native_id,6a53ce125994de4f9f78c26a,5,true,1783884338,07/12/2026 19:25:38,Easy Peasy…,"Easy site navigation, ability to use Apple Pay, fast delivery, and truly beautiful Tahitian stud earrings.",Ann W.,6a53ce104024a41e3aa13d99,US,1,"It's wonderful to know that everything from browsing our website to receiving your Tahitian stud earrings was simple and seamless. Thank you for taking the time to share your feedback, and for choosing The Pearl Source.",2026-07-12T20:28:00.000Z
www.thepearlsource.com,id:6a53b909e143139d8c4d7a16,native_id,6a53b909e143139d8c4d7a16,5,true,1783878953,07/12/2026 17:55:53,Fast delivery ,"Fast delivery , nice product. ",TinaUeckert,58bc34180000ff000a7e3cd9,US,5,Thank you for taking the time to share your feedback. It's great to know your order arrived quickly and that you were pleased with the product. We truly appreciate your kind words.,2026-07-12T20:24:19.000Z
www.thepearlsource.com,id:6a536d1396ec0a6de1d60c93,native_id,6a536d1396ec0a6de1d60c93,5,false,1783859507,07/12/2026 12:31:47,I super loved my pink pearl earrings…,"I super loved my pink pearl earrings they were perfect for any event. The customer service was a top-notch, thank you so much for taking the time to ensure you provide quality products each time. From a very satisfied and happy, repeat customer here :)",Maria Fajardo,6a2bf1e6e33cd1c8c39ea421,AU,2,Thank you for your kind feedback. It's wonderful to know that you love your pink pearl earrings and that our customer service has made each experience a positive one. We truly appreciate your continued trust in The Pearl Source.,2026-07-12T20:23:29.000Z
www.thepearlsource.com,id:6a52abccada38f6887416bd0,native_id,6a52abccada38f6887416bd0,5,true,1783810028,07/11/2026 22:47:08,I received beautiful gold pearl…,I received beautiful gold pearl earrings and a necklace.  They are beautiful and just as described!,customer,611657fbccdf3b0012ef03c4,US,4,We truly appreciate your feedback. It's great to know your gold pearl earrings and necklace matched the description. Thank you for placing your trust in The Pearl Source.,2026-07-12T20:16:05.000Z
www.thepearlsource.com,id:6a529a033d1b788f2dab2bbe,native_id,6a529a033d1b788f2dab2bbe,5,true,1783805475,07/11/2026 21:31:15,"Great service,Beautiful piece of jewellary","Service was great
 Jewellary piece is beautiful as displayed",Vasundhara Kain,6a529a0215b72ea7f9fd4ac7,US,1,Thank you for your kind feedback. It's wonderful to hear you had a great experience with our service and that your jewelry was just as beautiful as expected. Thank you for choosing The Pearl Source.,2026-07-12T20:03:38.000Z
www.thepearlsource.com,id:6a518649b5d325a213d626d6,native_id,6a518649b5d325a213d626d6,5,false,1783734889,07/11/2026 01:54:49,Great company ,Great company with high quality products. Bought a pair of pearl earrings with diamonds that met my expectations. Even the display case is stylish. I highly recommend. ,Clara,59a4782f0000ff000ac14081,US,8,Thank you for your thoughtful review. We're delighted to hear your pearl and diamond earrings met your expectations and that the presentation made such a positive impression. Your recommendation means a great deal to us.,2026-07-11T05:32:43.000Z
www.thepearlsource.com,id:6a5148c675606a69b8fddf42,native_id,6a5148c675606a69b8fddf42,5,true,1783719142,07/10/2026 21:32:22,I’ve ordered several items from here…,I’ve ordered several items from here and have been happy with all. The only thing l wish the backs were a little larger. ,Alta Ennen,6a5148c624460e00a92e348c,US,1,Thank you for your continued support. It's wonderful to know you've been happy with every purchase. We also appreciate your suggestion about larger earring backs and will keep it in mind.,2026-07-11T05:40:22.000Z
www.thepearlsource.com,id:6a50e3f3392a7f525c8060eb,native_id,6a50e3f3392a7f525c8060eb,5,true,1783693331,07/10/2026 14:22:11,Easy to order and swift delivery 👍…,Easy to order and swift delivery 👍 beautiful product and value for money 👏,Leslee Durn,671616d74bc993e4e15aa4dc,GB,5,"Thank you for your kind feedback. We're delighted to hear you enjoyed an easy ordering experience, fast delivery, and beautiful quality. Thank you for choosing The Pearl Source.",2026-07-11T05:45:46.000Z
www.thepearlsource.com,id:6a4f5e646e019eea1968178e,native_id,6a4f5e646e019eea1968178e,5,true,1783593604,07/09/2026 10:40:04,I loved the quality of my pearls and…,I loved the quality of my pearls and the great customer service. ,Teri Roth,6a4f5e6224460e35052b55ea,TW,1,It's wonderful to know you were pleased with both the quality of your pearls and the customer service. Thank you for taking the time to leave a review.,2026-07-10T02:23:25.000Z
www.thepearlsource.com,id:6a4f25ebd713fa93c2e4c902,native_id,6a4f25ebd713fa93c2e4c902,1,true,1783579147,07/09/2026 06:39:07,Pearls broke first time putting them…,"Pearls broke first time putting them on.  And to top it all off, I had to pay for the return shipping and insurance at $140 plus.  Not a great experience so far.  Still waiting for our refund.",Richard MULHALL,6935acea31cbb94df0619f03,CA,2,,
www.thepearlsource.com,id:6a4eba3b102f3b768fe1f52b,native_id,6a4eba3b102f3b768fe1f52b,5,true,1783551579,07/08/2026 22:59:39,Quick delivery with tracking…,Quick delivery with tracking communication the entire time,Pleased in Dallas,6a4eba3a24460e76172aca7b,US,1,Thank you for your feedback. We're pleased to hear your order arrived quickly and that the tracking updates kept you informed throughout the delivery process. We appreciate you choosing The Pearl Source.,2026-07-09T05:31:58.000Z
www.thepearlsource.com,id:6a4e63f83200616a08ea7a2f,native_id,6a4e63f83200616a08ea7a2f,5,true,1783529496,07/08/2026 16:51:36,Great service,Great service. Good value.,Sally Ward,6a4e63f7000ce34015a389f2,US,1,We appreciate your feedback. It's great to know you were happy with both our service and the value of your purchase. Thank you for your support.,2026-07-09T05:34:47.000Z
www.thepearlsource.com,id:6a4da0286711ef032f53cbc2,native_id,6a4da0286711ef032f53cbc2,1,true,1783479368,07/08/2026 02:56:08,Package never received,"Package never received, even if Fed Ex said it is been delivered. Package left outside door, no attempt to call to collect.
Package disappeared ",Marco Buono,6a4da0270a188f78199e6130,GB,1,We're very sorry to hear your package wasn't received despite the delivery notification. We understand your frustration and are looking into this immediately. Please return our call so we can complete our lost package protocol and proceed with the next steps for you. Our number is 1-866-877-3275.,2026-07-13T21:17:15.000Z
www.thepearlsource.com,id:6a4d5456b056072e44a780f0,native_id,6a4d5456b056072e44a780f0,5,true,1783459958,07/07/2026 21:32:38,Beautiful bracelet and sizing to match…,Beautiful bracelet and sizing to match a ring I already had was easy. ,Virginia,66e1f8ddb64adbc3446ae793,US,2,Thank you for taking the time to share your feedback. It's wonderful to hear you found the bracelet beautiful and that finding the right size to match your ring was easy. We truly appreciate your support.,2026-07-08T01:33:34.000Z
www.thepearlsource.com,id:6a4d44218be4f5495f0e3f7d,native_id,6a4d44218be4f5495f0e3f7d,3,true,1783455809,07/07/2026 20:23:29,I received my pearl necklace,"I received my pearl necklace, but it is the wrong size. I ordered the 17 inch length. I received the 16 inch length instead. Also it has been three days since I sent you my first message. 
Please respond ",LaDean Johns-Johnson,688d73c004313e730d420e4d,US,2,"We're truly sorry to hear your necklace arrived in the wrong length and that you weren't able to get the assistance you needed. We understand how disappointing that must have been. If this issue has not yet been resolved, please contact us at help@thepearlsource.com with your order number so we can look into it and assist you. Thank you for bringing this to our attention.",2026-07-08T01:50:13.000Z
www.thepearlsource.com,id:6a4d43a5a8f0a42bfe4e233e,native_id,6a4d43a5a8f0a42bfe4e233e,5,true,1783455685,07/07/2026 20:21:25,Great beautiful bracelet,Great beautiful bracelet.  Was a 70th birthday gift and she loved it. Outstanding quality,David Sabo,687afbae285b6c0cff86aa3c,US,2,Thank you for taking the time to share your feedback. It's wonderful to hear the bracelet was loved as a 70th birthday gift and that you were pleased with its outstanding quality. Thank you for choosing The Pearl Source.,2026-07-08T01:55:56.000Z
www.thepearlsource.com,id:6a4bda99fd820b26a3359e0d,native_id,6a4bda99fd820b26a3359e0d,5,true,1783363257,07/06/2026 18:40:57,Easy to transact and the earrings are…,Easy to transact and the earrings are beautiful!,KKS,6a4bda99000ce32587a02eca,US,1,Thank you for your feedback. We're glad you had an easy shopping experience and love your earrings. We appreciate your support.,2026-07-07T02:47:10.000Z
www.thepearlsource.com,id:6a4bab83c1738330b3b12618,native_id,6a4bab83c1738330b3b12618,5,true,1783351203,07/06/2026 15:20:03,Great customer service,"Great customer service. Fast shipping and fast processing of product returns.
I shop with confidence!",Nadia Cruz,6a4bab800a188f36619b9d9e,US,1,"Knowing you shop with confidence means so much to us. Thank you for recognizing our customer service, fast shipping, and return process. We truly appreciate your trust.",2026-07-07T02:49:04.000Z
www.thepearlsource.com,id:6a4ba21b56069229f50253cc,native_id,6a4ba21b56069229f50253cc,5,true,1783348795,07/06/2026 14:39:55,This is the second purchase I've made,"This is the second purchase I've made.  The first was a traditional pearl necklace for my daughter's 18th birthday,. They were lovely.  This year is my 60th, so I thought I  would treat myself to a traditional bracelet and traditional choker. I was not disappointed.  The color, luster, and service...*chef's kiss*",customer,60be3c27932032001b75834d,US,5,Thank you for your kind words. Knowing you've returned to The Pearl Source for another meaningful purchase means so much to us. We truly appreciate your continued trust.,2026-07-07T02:51:30.000Z
www.thepearlsource.com,id:6a4975e77631d6677f4e87c6,native_id,6a4975e77631d6677f4e87c6,5,true,1783206408,07/04/2026 23:06:48,Arrived fast & highest quality,"Arrived so fast, was shocked. Very impressed. Quality exceptional and boxed beautifully. ",Sam Jones,6a4975e69371bf6f3572b9eb,GB,1,Thank you for your review. We're so pleased your order arrived so quickly and that the quality and presentation left such a positive impression. Thank you for choosing The Pearl Source.,2026-07-07T03:01:03.000Z
www.thepearlsource.com,id:6a494dbb6103cb4c305a1437,native_id,6a494dbb6103cb4c305a1437,5,true,1783196123,07/04/2026 20:15:23,I had a great experience with the Pearl Source.…,"I had a great experience with the Pearl Source. I first purchased the necklace for my mom, and delivery was fast and smooth. Next I purchased a ring for myself, had a wrong size ordered and had to return and purchase another size. Everything went smoothly and the customer support was amazing. Highly recommend this online store. The jewels look pretty!",Natalia Vasylieva,6a494dbab90f9de7451b56a9,US,1,"We're pleased to hear both your purchases and your exchange experience went so smoothly. Thank you for recommending The Pearl Source, and we hope you enjoy your new ring.",2026-07-07T03:03:07.000Z
www.thepearlsource.com,id:6a48fbb4bf50a140db36ec38,native_id,6a48fbb4bf50a140db36ec38,4,true,1783175124,07/04/2026 14:25:24,I received the black pearl bracelet,I received the black pearl bracelet.  I really like the look but the clasp is hard to use alone. I require help to get it fastened.,LE ANNE CAMPBELL,590dc7500000ff000a9525f0,US,13,"Thank you for your review. We're glad to hear you like the look of your black pearl bracelet, though we're sorry the clasp has been difficult to fasten on your own. We want you to be completely happy with your purchase, so if there's anything we can do to help, please don't hesitate to contact us at help@thepearlsource.com.",2026-07-07T03:07:00.000Z
www.thepearlsource.com,id:6a485ea239c3ee78d340c7c6,native_id,6a485ea239c3ee78d340c7c6,5,true,1783134914,07/04/2026 03:15:14,Bought my daughter a pearl ring,Bought my daughter a pearl ring. She loved it! I am pleased at the quality and beauty. ,Angela,603ee5cb3ef755001b927acd,US,7,Thank you for your kind review. It's wonderful to hear your daughter loved the pearl ring and that you were pleased with its quality and beauty. Thank you for choosing The Pearl Source.,2026-07-04T03:46:32.000Z
www.thepearlsource.com,id:6a481bd99ae80b3fdabe5d5e,native_id,6a481bd99ae80b3fdabe5d5e,5,true,1783117817,07/03/2026 22:30:17,The pearls are exquisite,The pearls are exquisite! and the ordering process was a breeze. I will definitely order from The Pearl Source again!,Shannon Such,6a481bd99371bf3a3c718b54,US,1,Thank you for your wonderful feedback. It's great to hear you loved the pearls and found the ordering process so easy. We look forward to welcoming you back to The Pearl Source.,2026-07-04T03:50:26.000Z
www.thepearlsource.com,id:6a46bde7052fc82197d496fa,native_id,6a46bde7052fc82197d496fa,5,true,1783028231,07/02/2026 21:37:11,Thirtieth anniversary is apparently…,"Thirtieth anniversary is apparently pearls, great buy, my wife loves her necklace ",Geoff Fleming,65a451051151a6001251a828,US,2,Thank you for your review. We're so pleased to hear your wife loves her necklace. We hope it will be treasured for many years to come.,2026-07-03T03:41:23.000Z
www.thepearlsource.com,id:6a469ad7c69caf767e4d0206,native_id,6a469ad7c69caf767e4d0206,5,true,1783019255,07/02/2026 19:07:35,Great experience shopping,Great experience shopping. Beautiful products : ),Noel Pacheco,6a469ad6b90f9de35a186255,US,1,We're so glad you had a great shopping experience and enjoyed our products. Thank you for your kind words.,2026-07-03T03:44:53.000Z
www.thepearlsource.com,id:6a45de1ab6d4467a3fa52384,native_id,6a45de1ab6d4467a3fa52384,5,true,1782970938,07/02/2026 05:42:18,Beautiful pearls as usual!,"Beautiful pearls as usual!
Am 100% satisfied with all aspects of the pearl source. ",Susan,6a45de1a000ce36223998832,US,1,We're so pleased to hear you're 100% satisfied with every aspect of your experience. Thank you for your continued trust and support.,2026-07-03T03:46:30.000Z
www.thepearlsource.com,id:6a456c8c47f3a4a26818b427,native_id,6a456c8c47f3a4a26818b427,5,true,1782941868,07/01/2026 21:37:48,The pearls are just as advertised,"The pearls are just as advertised. I am very happy roth the purchase, the packaging and the awesome customer experience.",Arnie Kaplan,5ae711b84de5666d348d4c1e,US,2,"Thank you for your feedback. It's wonderful to hear that the pearls were just as advertised and that you were happy with your purchase, the packaging, and your customer experience. Thank you for choosing The Pearl Source.",2026-07-02T04:38:56.000Z
www.thepearlsource.com,id:6a44ecb45e1da5db05ffe504,native_id,6a44ecb45e1da5db05ffe504,5,true,1782909141,07/01/2026 12:32:21,Beautiful pearls,"Beautiful pearls, packaging was first class and arrived on date promised",EDWARD MAHON,676f134549d21007ab29efb0,US,2,"It's great to know that you were pleased with the pearls, the packaging, and that your order arrived on time as promised. We truly appreciate your support.",2026-07-02T04:44:52.000Z
www.thepearlsource.com,id:6a4347c2310af4718352dbbb,native_id,6a4347c2310af4718352dbbb,5,true,1782801378,06/30/2026 06:36:18,Great quality and service,Great products,Pankhuri Gupta,6a4347c1000ce32bc096224f,US,1,Thank you for taking the time to leave a review. We're delighted to know you were pleased with both our products and service. We appreciate you sharing your experience.,2026-07-02T04:51:38.000Z
www.thepearlsource.com,id:6a432155c0c7c79dbfff5725,native_id,6a432155c0c7c79dbfff5725,5,true,1782791541,06/30/2026 03:52:21,I received my pearls well in time,I received my pearls well in time. The discount was pretty good too. ,Warda Adeel,69be22d78ee10178bbb6be14,US,5,Thank you for sharing your experience. It's great to hear your pearls arrived on time and that you were pleased with the discount. We hope you enjoy your pearls.,2026-07-02T04:57:13.000Z
www.thepearlsource.com,id:6a42dd9fcbc7e73e9f8df62d,native_id,6a42dd9fcbc7e73e9f8df62d,5,false,1782774207,06/29/2026 23:03:27,They have great customer service and my…,They have great customer service and my products were beautiful! ,Mercedes Miller,6a42dd9a0a188fd1f391b203,US,1,Thank you for your kind words. It's wonderful to hear you were pleased with both our customer service and your products. We appreciate your review.,2026-07-02T04:59:10.000Z
www.thepearlsource.com,id:6a42940e70e3dbceaff1ee27,native_id,6a42940e70e3dbceaff1ee27,5,true,1782755374,06/29/2026 17:49:34,very good customer service;,very good customer service; ,Hoa Nguyen,6a42940d5334ac23d7075241,US,1,Thank you for your review. We're pleased to hear you had a very good experience with our customer service. We appreciate you taking the time to share your feedback.,2026-07-02T05:01:15.000Z
www.thepearlsource.com,id:6a41aaf3ce1f60e538ca3cfd,native_id,6a41aaf3ce1f60e538ca3cfd,5,true,1782695699,06/29/2026 01:14:59,Safe fast delivery,"Safe fast delivery, beautiful product, first class packaging. Great experience all around ",Terry,645ba89fd2cfce0011cb8ca0,US,4,"Thank you for your kind words. It's wonderful to hear your order arrived safely and that you were pleased with the product, packaging, and your overall experience. We appreciate you taking the time to leave a review.",2026-07-02T05:04:14.000Z
www.thepearlsource.com,id:6a419320a09588ef6bc7f3f6,native_id,6a419320a09588ef6bc7f3f6,5,true,1782689600,06/28/2026 23:33:20,I have been in love with golden pearls…,"I have been in love with golden pearls for years! My husband bought me a ring with a golden pearl and diamonds, now I have the Symphony earrings which I love so much I have ordered the Symphony necklace. I am so pleased with the color, quality of the pearls and quality of the craftsmanship.",A very happy lady,6a41931f0a188f30498ffd31,US,1,"Thank you for sharing your experience. It's wonderful to hear how much you love your Symphony earrings and that you're so pleased with their color, quality, and craftsmanship. We're delighted that you've also chosen the Symphony necklace. Thank you for choosing The Pearl Source.",2026-07-02T05:08:29.000Z
www.thepearlsource.com,id:6a417770241859cdc4615834,native_id,6a417770241859cdc4615834,5,true,1782682512,06/28/2026 21:35:12,Delivery of service and product was…,Delivery of service and product was exceptional. My wife was very pleased with her 40th wedding anniversary gift and that’s all that matters ! ,Lafayette G. Jones,6a41776f5334acf97405f86e,US,1,Thank you for your kind feedback. It's wonderful to hear our product and service helped make your wife's 40th wedding anniversary gift so special. We're delighted your wife was so pleased with her gift. We hope she enjoys wearing it for years to come.,2026-07-02T05:17:17.000Z
www.thepearlsource.com,id:6a4174e88a632b62b498e511,native_id,6a4174e88a632b62b498e511,5,true,1782681864,06/28/2026 21:24:24,This is the site for perfection!,This is the site for perfection!! From ordering to opening the beautiful pearls inside!!! Just awesome.. you won’t be disappointed!!! My new Pearl store!!! Daughters and granddaughters will now get items from the Pearl store!! Makes this momma look awesome!!,Maureen Harris,6a19f8e3dd910c1ba178fd51,US,3,"Thank you for sharing such a wonderful review. It's fantastic to hear you enjoyed every step of your experience, from ordering to opening your beautiful pearls. We're honored to have become your new pearl store and truly appreciate your recommendation.",2026-07-02T05:33:42.000Z
www.thepearlsource.com,id:6a416b2994e5db895de220ca,native_id,6a416b2994e5db895de220ca,5,true,1782679369,06/28/2026 20:42:49,The pearl earrings I bought for my wife…,"The pearl earrings I bought for my wife was beautiful.  Very elegant .
     Im not great with online ordering. I made a mistake and ordered 2 pairs of the same identical earrings.   When I realized this they were already shipped.  I contacted customer service, immediately they answered the phone.  Customer service was very professional understood my mistake and instantly sent me a return label.
   I immediately sent the extra pair of earrings back and within 5 days I received an email stating my money was placed back on my card.      
                 Very happy with the ordering , the quality, customer service and the quick response of the returned item.      Thank You.  Will definitely order again and recommend.",Michael Luncsford,6a416b289371bf38c068f2a7,US,1,"Thank you for sharing your experience. We're delighted to hear you were pleased with the pearl earrings and that our customer service team was able to quickly help resolve the ordering issue. It's wonderful to know you were happy with the return process, refund, and overall experience. We truly appreciate your recommendation and look forward to welcoming you back.",2026-07-02T05:38:05.000Z
www.thepearlsource.com,id:6a416ab2079c25382f7deaba,native_id,6a416ab2079c25382f7deaba,5,false,1782679250,06/28/2026 20:40:50,I bought a triple string of pearls for…,"I bought a triple string of pearls for my wife's birthday. The ordering process was simple and excellent with multiple choices right down to the clasp. The delivery was eye-wateringly fast. From Los Angeles to London (UK) IN LESS THAN A WEEK! The quality of the pearls is truly excellent in both size and appearance. The colour matches my specification perfectly and suits my wife's colouring to perfection. My wife is absolutely delighted...and therefor, so am I. Thank you to The Pearl Source",Rodger Slape,4f48ad18000064000114d2ff,GB,62,"Thank you for sharing such a thoughtful review. It's wonderful to hear the pearls made such a special birthday gift for your wife and that you were pleased with the ordering process, fast delivery, and quality of the pearls. We're especially happy to know your wife was delighted with her gift. Thank you for choosing The Pearl Source.",2026-07-02T05:39:58.000Z
www.thepearlsource.com,id:6a4169f9a6674229ef6efeeb,native_id,6a4169f9a6674229ef6efeeb,4,true,1782679065,06/28/2026 20:37:45,Loved the pearls but the clasp very…,Loved the pearls but the clasp very small and hard to fasten,Jerry kapoor,68bb46d5cc7c948924539d6a,US,2,"Thank you for your feedback. We're glad to hear that you loved the pearls. We're sorry to hear that you found the clasp difficult to fasten. If there's anything we can do to help, please contact us at help@thepearlsource.com. We'd love the opportunity to assist.",2026-07-02T04:37:11.000Z
www.thepearlsource.com,id:6a41666a05722837484478e8,native_id,6a41666a05722837484478e8,5,true,1782678154,06/28/2026 20:22:34,Fabulous product,"Fabulous product.  Third item I’ve purchased, all were great. Needed help with one of them, customer service is prompt, attentive, listened and resolved my question completely.  Extremely satisfied",Debbie Weiss,6a416669b90f9dab6811b82b,US,1,We're delighted to hear you've had such consistently positive experiences with The Pearl Source. It's especially wonderful to know our customer service team was able to quickly resolve your question. We truly appreciate your continued trust and support.,2026-07-02T05:41:43.000Z
www.thepearlsource.com,id:6a4067d5b3338ad1f6789933,native_id,6a4067d5b3338ad1f6789933,5,true,1782612981,06/28/2026 02:16:21,Fast delivery and what appears to be…,Fast delivery and what appears to be Quality fresh water pearls . Of course they are not mine . I bought them for my wife’s birthday. She seem authentically pleased with them . My only concern is fresh water pearls don’t hold any investment value. ,Howard Otton,69a6c1bd2dcf0fcd4f055695,US,2,Thank you for sharing your experience. It's wonderful to hear the pearls arrived quickly and that your wife was pleased with them. We truly appreciate your feedback.,2026-07-02T05:52:51.000Z
www.thepearlsource.com,id:6a4023f34f99c4290ff2584e,native_id,6a4023f34f99c4290ff2584e,5,true,1782595603,06/27/2026 21:26:43,These are for my granddaughter,"These are for my granddaughter. The packaging, presentation and care information is wonderful. She is thrilled!!!! ",TrishBC,5b86ff9b4de5666d3409deb2,US,4,"Thank you for your lovely review. It's wonderful to hear you appreciated the packaging, presentation, and care information. We hope your granddaughter enjoys her gift for years to come.",2026-07-02T05:56:21.000Z
www.thepearlsource.com,id:6a4016ee215309a128056d9b,native_id,6a4016ee215309a128056d9b,5,true,1782592270,06/27/2026 20:31:10,I bought a pearl bracelet for my…,I bought a pearl bracelet for my granddaughter’s high school graduation. The first bracelet was too small. Of course I found this out on last day of 60 day return policy. I was able to return the bracelet for refund. I reordered larger size. My granddaughter loved it!  Thank you!  The bracelet is gorgeous!!,Joanne Haigler,66fc353e773a3f2d7c26f6eb,US,4,It's wonderful to hear your granddaughter loved her high school graduation gift. We hope she enjoys wearing her bracelet for years to come. Thank you for choosing The Pearl Source.,2026-07-02T06:06:48.000Z
www.thepearlsource.com,id:6a4013d0ac16cf46ccc9d98e,native_id,6a4013d0ac16cf46ccc9d98e,5,true,1782591472,06/27/2026 20:17:52,Exactly as described,Exactly as described. Perfect pendant size. Great quality. Prompt delivery. Doesn't get better than that.,Rene Daudelin,6a4013cf000ce35ac6930530,US,1,"Thank you for your review. It's wonderful to hear your pendant was exactly as described and that you were pleased with its quality, size, and prompt delivery. We're grateful you took the time to share your experience.",2026-07-02T06:16:07.000Z
www.thepearlsource.com,id:6a3ed15eaf445f30793220a5,native_id,6a3ed15eaf445f30793220a5,5,true,1782508926,06/26/2026 21:22:06,The pearl necklace,"The pearl necklace, earring set I received is absolutely beautiful. ",Diane,61369f648f3e9700127e2949,US,3,We're delighted to hear you love your pearl necklace and earring set. Thank you for sharing your review.,2026-07-02T06:20:05.000Z
www.thepearlsource.com,id:6a3ec87d8d04e4b85e6527b2,native_id,6a3ec87d8d04e4b85e6527b2,5,true,1782506653,06/26/2026 20:44:13,Great Variety of Earrings,"The site is quite well populated with descriptions and sizes of the pearls.
I purchased the earrings for my granddaughter who recently started earrings earrings. She loved them and they are the perfect size for her 12-yr old earlobes.",Robin,66c76cc0c4ae42a39ca97ef8,US,5,Thank you for your review. It's wonderful to hear you appreciated the detailed product descriptions and pearl sizing information. We're so glad your granddaughter loved the earrings and that they were the right size for her. We hope she enjoys wearing them for years to come.,2026-07-02T06:23:41.000Z
www.thepearlsource.com,id:6a3c6926ae2b2266a022d749,native_id,6a3c6926ae2b2266a022d749,5,true,1782351174,06/25/2026 01:32:54,I got them so quickly,I got them so quickly!  And they are exactly what I wanted. Very happy customer,Karen Costallos,63b3120d1cfeb90012a446e5,US,2,It's wonderful to know that your order arrived so quickly and was exactly what you wanted. Thank you for your support.,2026-06-26T05:08:06.000Z
www.thepearlsource.com,id:6a3c4bcf5c40526c0db35cc7,native_id,6a3c4bcf5c40526c0db35cc7,1,false,1782343663,06/24/2026 23:27:43,Buyer beware!,"Buyer beware!! This company is a joke. I’ve have a pearl bracelet from them that I have not owned even three years and I went to put it on Father’s Day and it just broke. The string where a pearl was between the knots frayed and broken in to. I called to file a complaint report and a new bracelet. I as told I had to pay $37.00 for a restring. Cha-Ching!, that’s where they get more money at. It is blatant manufacturing defect in the string of the bracelet. I have pictures of the bracelet.",Meredith M. Cook-Stevens,6a3c4bae5334ac704a00db55,US,1,We are truly sorry to learn about the issue with your pearl bracelet. We understand your frustration regarding the string breaking and the re-stringing fee. We are reviewing your feedback to improve our product quality and service.,2026-06-25T21:14:57.000Z
www.thepearlsource.com,id:6a3c38d9b83db2bc471beed4,native_id,6a3c38d9b83db2bc471beed4,5,true,1782338809,06/24/2026 22:06:49,My girlfriend loves it.,My girlfriend loves it.,Brady Murray,6a3c38d80a188f33988ab169,FR,1,Thank you for your feedback. It's great to hear that your girlfriend loves it. Thank you for choosing The Pearl Source.,2026-06-25T00:08:14.000Z
www.thepearlsource.com,id:6a3c2c0a88aeb94f909521ac,native_id,6a3c2c0a88aeb94f909521ac,5,false,1782335530,06/24/2026 21:12:10,Great Pearls,"Great pearls, purchased for my wedding day! Love that they offer different length bracelets. ",Karolina Reczek,6a3c2c05000ce3514e8ec56f,US,1,We're so pleased that you chose our pearls for your wedding day. It's wonderful to know that you appreciated the variety of bracelet lengths we offer. Thank you for your support.,2026-06-25T00:22:50.000Z
www.thepearlsource.com,id:6a3c1f6850de1ee644170915,native_id,6a3c1f6850de1ee644170915,5,true,1782332296,06/24/2026 20:18:16,Great quality and quick service,Great quality and quick service,Lynn Parks,60b7f928adeb930019d25319,US,6,It's great to hear that you were pleased with both the quality and the quick service. Thank you for choosing The Pearl Source.,2026-06-25T00:24:03.000Z
www.thepearlsource.com,id:6a3afb56e74783f782a1edfc,native_id,6a3afb56e74783f782a1edfc,5,true,1782257527,06/23/2026 23:32:07,Pearls,Product looks just as I predicted. Giving it to my wife for our anniversary July 5.  Hope she loves it.,Ron Markow,53b978de00006400017d6362,US,3,"Thank you for taking the time to share your feedback. It's nice to know that the product looks just as you expected, and we hope your wife loves your anniversary gift.",2026-06-25T00:26:56.000Z
www.thepearlsource.com,id:6a3aa9fae5236f6aebb10a40,native_id,6a3aa9fae5236f6aebb10a40,5,true,1782236698,06/23/2026 17:44:58,Beautiful pearls,Had a great experience! The quality is amazing the packaging is too cute and delivery Was on time. Will be purchasing more items ,Saima Khalid,6a3aa9f90a188f4f8188a9f4,US,1,"We appreciate you taking the time to share your feedback. It's wonderful to know that you had a great experience, from the quality of your purchase to the packaging and on-time delivery. We look forward to welcoming you back again in the future.",2026-06-25T00:27:54.000Z
www.thepearlsource.com,id:6a3994e49d553c027a98cf6b,native_id,6a3994e49d553c027a98cf6b,5,true,1782165764,06/22/2026 22:02:44,So pleased!,"The pink pearl necklace is beautiful. It had the highest freshwater rating on this site and the pearls are softly luminous and glowing, especially under a bright light.  I cannot see any blemishes either.  A very fair price for such lovely, large pearls.  I will enjoy wearing them!",A.A.,6a3994e3da1197031e9c7009,US,1,"We're delighted that your experience with The Pearl Source left you so pleased. It's wonderful to hear that you appreciated the quality, beauty, and value of the pearls. We hope you enjoy wearing them for many years to come.",2026-06-23T01:10:41.000Z
www.thepearlsource.com,id:6a39876b07589e22e447ded9,native_id,6a39876b07589e22e447ded9,5,true,1782162315,06/22/2026 21:05:15,Thank you so much for a lovely yellow…,Thank you so much for a lovely yellow pearl! ,S. Nilsen,5baae8a74de5666d34f24e10,VI,4,It's wonderful to know that you are enjoying your yellow pearl. Thank you for choosing The Pearl Source.,2026-06-23T01:53:33.000Z
www.thepearlsource.com,id:6a3980476f35e38fe0a4f502,native_id,6a3980476f35e38fe0a4f502,5,true,1782160487,06/22/2026 20:34:47,I bought a single pearl on a delicate…,I bought a single pearl on a delicate gold chain as anniversary gift for my wife.  She loved it. A very elegant little piece of jewelry. I hope it holds up over time. The shipping was amazingly fast. California to Florida in just a few days. I would definitely recommend this product/supplier if you’re in the market for reasonably priced jewelry to make your misses smile. ,Ryan Sherwood,6a3980469192b74cdf86431c,US,1,Thank you for taking the time to share your experience. We're glad to hear that your order arrived quickly and that you were pleased with both the value and overall experience. We appreciate your recommendation.,2026-06-23T01:55:03.000Z
www.thepearlsource.com,id:6a397fd6079adc7512bbd5c2,native_id,6a397fd6079adc7512bbd5c2,5,true,1782160374,06/22/2026 20:32:54,Bought this necklace for my wife for…,Bought this necklace for my wife for our 30th anniversary. She loves it. The website was easy to use and shipment was very quick. Great job. Thank you.,JK,6a397fd53d358bd12e529f95,US,1,We appreciate your feedback. It's great to know that the ordering process was smooth and that your shipment arrived quickly. Thank you for your support.,2026-06-23T01:56:17.000Z
www.thepearlsource.com,id:6a396dc0e833387f0761fd13,native_id,6a396dc0e833387f0761fd13,5,true,1782155744,06/22/2026 19:15:44,My Granddaughter loved it an knew it…,"My Granddaughter loved it an knew it was very special,so very happy i got it for her graduation and i know she'll treasure it forever!!  When i need more i will be coming back to Pearl Source,the price fit my budget better than a jewelry store!  Thank you for making a special moment for her!!",Gail Luckenbaugh,6a396dbf264c5427e07afac2,US,1,Thank you for your review. Knowing that your granddaughter loved her graduation gift means a lot to us. We look forward to welcoming you back again in the future.,2026-06-23T01:59:24.000Z
www.thepearlsource.com,id:6a39129a9d38dde2f18dba53,native_id,6a39129a9d38dde2f18dba53,5,true,1782132410,06/22/2026 12:46:50,My Pearl Source purchase.,"The inventory of the Pearl Source products, ease in the selection process and the prompt delivery of the purchased merchandise were excellent. Lastly, upon delivery, the quality of the merchandise was outstanding. Ordering online can be “hit and miss”, but not so with Pearl Source!",Tony - verified customer,5ea1fe09a9b71c47354b018a,US,3,We're pleased to know that you enjoyed the selection process and prompt delivery of your order. Thank you for sharing your experience and for your kind words about shopping with The Pearl Source.,2026-06-23T02:01:29.000Z
www.thepearlsource.com,id:6a3911d63493e249523aeeea,native_id,6a3911d63493e249523aeeea,5,true,1782132214,06/22/2026 12:43:34,Stunning!,The pearls are simply stunning. ,Diane McGarity,6a3911d6da11972f779b7e2c,US,1,Your feedback is greatly appreciated. It's wonderful to know your purchase left such a positive impression. Thank you for your support.,2026-06-23T02:05:31.000Z
www.thepearlsource.com,id:6a38bff8474a3178dd2981ae,native_id,6a38bff8474a3178dd2981ae,5,true,1782111256,06/22/2026 06:54:16,Bought my daughter a necklace and ring…,"Bought my daughter a necklace and ring for her 18th birthday.  She previously had a necklace like the one I bought for her, but it was lost and she was upset.  
She is thrilled about her new necklace and ring.  I was very impressed because of the care and attention that went into the packaging and inserts, as well as the jewelry.  Its beautiful.  ",customer,6345a77ed10fdd001286a239,US,3,Knowing that your daughter loved her birthday gift means a lot to us. We're glad that the care and attention put into the packaging and presentation left such a positive impression. We look forward to welcoming you back again in the future.,2026-06-23T02:08:34.000Z
www.thepearlsource.com,id:6a38953bc1d847168637c923,native_id,6a38953bc1d847168637c923,5,true,1782100315,06/22/2026 03:51:55,The necklace is beautiful,The necklace is beautiful. Well made. ,Fredna  Manney,65d67131464c3700138e7798,US,2,We're pleased that you were happy with your purchase. Thank you for choosing The Pearl Source.,2026-06-23T02:12:15.000Z
www.thepearlsource.com,id:6a3862b98f131aa0f00e9c5c,native_id,6a3862b98f131aa0f00e9c5c,5,true,1782087385,06/22/2026 00:16:25,Wide selection and ease of ordering,Wide selection and ease of ordering ,Nancy,6441f7bd66615b0013b44681,US,2,It's nice to hear that our wide selection and easy ordering process stood out to you. Thank you for your feedback.,2026-06-23T02:13:56.000Z
www.thepearlsource.com,id:6a3845fd2ae1c4a4e6aa477c,native_id,6a3845fd2ae1c4a4e6aa477c,5,true,1782080029,06/21/2026 22:13:49,The pearl bracelet is beautiful.,The pearl bracelet is beautiful.,BJ Eubanks,5ea8138599486b18c1e66c88,US,2,Thank you for your feedback. We're pleased to know that you were happy with your purchase and appreciate you taking the time to leave a review.,2026-06-23T02:16:09.000Z
www.thepearlsource.com,id:6a383d74bf1f873a13211f43,native_id,6a383d74bf1f873a13211f43,5,true,1782077844,06/21/2026 21:37:24,The pearls are beautiful,The pearls are beautiful! Our god daughter loved them!,Franklin,5aa0544a4de5666d343784a3,US,15,Thank you for your review. Knowing that your goddaughter loved the pearls means a great deal to us. We look forward to welcoming you back again in the future.,2026-06-23T02:17:27.000Z
www.thepearlsource.com,id:6a37cf1a73279fcb5e29c930,native_id,6a37cf1a73279fcb5e29c930,5,true,1782049594,06/21/2026 13:46:34,Beautiful!,"Beautiful! 
",Michelle Morris,6a37cf19da119727339a5dd4,US,1,It's wonderful to hear such positive feedback. Thank you for your review.,2026-06-23T02:19:23.000Z
www.thepearlsource.com,id:6a3707d1283a5bef943e0797,native_id,6a3707d1283a5bef943e0797,5,true,1781998577,06/20/2026 23:36:17,The earrings and necklace are beautiful…,The earrings and necklace are beautiful and look exactly as the picture.  Delivery was on time and status communicated throughout.  ,Carri,6829eb2d5ad6657aa151a875,US,3,We're pleased to hear that your purchase looked exactly as pictured and that your order arrived on time. It's also great to know that you felt well informed throughout the process. Thank you for sharing your experience with us.,2026-06-23T02:22:22.000Z
www.thepearlsource.com,id:6a36f9cfa4c69e029aaabb81,native_id,6a36f9cfa4c69e029aaabb81,3,true,1781994991,06/20/2026 22:36:31,Modern Pearl Pendant,I agree with the first review. I would have liked to have a choice of chain lengths. The pendant design is perfect for my outfits. Most pearl pendants are in dainty settings. This one is unique and has a modern look. The pearl was a perfect size and quality. The shipping was incredibly fast. Your  edge on the online market is optional settings and pearl quality choices. This is my second purchase from this site. . Usually I have to take online purchases to the jewler to have the pearl replaced for better quality. Not this time.      ,Jenna,6a36f9cea71de03ff0943495,US,1,"Thank you for your detailed review. We're pleased to hear that you appreciated the modern design, pearl quality, and fast shipping. We also appreciate your feedback regarding chain length options and are glad that your second experience with us was such a positive one. We look forward to welcoming you back again in the future.",2026-06-23T02:25:17.000Z
www.thepearlsource.com,id:6a36f5c2791e28ced9a7aee8,native_id,6a36f5c2791e28ced9a7aee8,5,true,1781993954,06/20/2026 22:19:14,The pearl earrings were elegant but…,The pearl earrings were elegant but simple enough for daily wear. The quality of the pearls was excellent and the price was very reasonable. ,Lidia  Pousada ,594911580000ff000aa5d784,US,3,We're glad to hear that you were pleased with the quality and value of your purchase. Thank you for sharing your experience with us.,2026-06-23T02:26:18.000Z
www.thepearlsource.com,id:6a36efab86704424a1248812,native_id,6a36efab86704424a1248812,5,true,1781992395,06/20/2026 21:53:15,The Pearls seem to make people happy so…,The Pearls seem to make people happy so why not.,Gregory Yancey,6167a36bcae80900131cd320,US,4,Thank you for your review. We're glad to hear that your experience with The Pearl Source was a positive one. We look forward to welcoming you back again in the future.,2026-06-23T02:28:45.000Z
www.thepearlsource.com,id:6a36e8a88cdfc52f84600446,native_id,6a36e8a88cdfc52f84600446,5,true,1781990600,06/20/2026 21:23:20,Great quality,Great quality ,Yiphua Zhang,6a36e8a719f15e1e727a47c2,US,1,We're pleased to hear that you were happy with the quality of your purchase. Thank you for your feedback.,2026-06-23T02:31:02.000Z
www.thepearlsource.com,id:6a36e537a159d7ba3b8e4ff0,native_id,6a36e537a159d7ba3b8e4ff0,5,true,1781989719,06/20/2026 21:08:39,I splurged a little to buy 7mm Akoya…,"I splurged a little to buy 7mm Akoya AAA studs, and I couldn’t be happier with them: the color, the sheen, the 18 kt backings:  these are earrings I will wear and wear and wear, dressed in jeans or a silk suit.",Lucille Schultz,6a36e5363d358b09235025a4,US,1,"We're delighted to hear that you couldn't be happier with your purchase. Knowing that these are earrings you'll enjoy wearing again and again, whether with jeans or a silk suit, is especially rewarding. We hope you enjoy wearing them for years to come.",2026-06-23T02:39:28.000Z
www.thepearlsource.com,id:6a36dfaa94c022af9d5bf037,native_id,6a36dfaa94c022af9d5bf037,5,true,1781988298,06/20/2026 20:44:58,Prompt service,"Prompt service, good customer service, Love their products and they are reasonably priced!
I have purchased several gifts from them.",Grace Sorg,6a36dfa98c034d1d42c23593,US,1,Thank you for your continued support. We're glad to hear that you've had positive experiences with our customer service and products over multiple purchases. We look forward to welcoming you back again in the future.,2026-06-23T02:41:15.000Z
www.thepearlsource.com,id:6a36db2c233d454dcae941c6,native_id,6a36db2c233d454dcae941c6,5,true,1781987148,06/20/2026 20:25:48,This is my second purchase of the pearl…,This is my second purchase of the pearl necklace. We get so many compliments on it. We got one for our daughter-in-law and our future granddaughter in law. They’re beautiful high-quality and we will be purchasing again.,Cleo Bertisux,6a36db2ca71de0473a9417f4,US,1,Thank you for your review. It's wonderful to hear that the necklaces have received so many compliments and that you've returned to purchase them again for your family. We appreciate you sharing your experience with us.,2026-06-23T02:48:21.000Z
www.thepearlsource.com,id:6a36d9725fc5abf953792e6d,native_id,6a36d9725fc5abf953792e6d,5,true,1781986706,06/20/2026 20:18:26,Beautiful product,"Beautiful product, great price, excellent customer service.  My ""go to"" for pearls!",John GAREY,67587d39eaf8e830b8ff142c,US,4,"Thank you for your review. We're delighted to know that we've become your go-to source for pearls. We're glad you've been pleased with our products, pricing, and customer service. Thank you for your continued support.",2026-06-23T02:50:34.000Z
www.thepearlsource.com,id:6a36d59d0861826d8efff17d,native_id,6a36d59d0861826d8efff17d,5,true,1781985725,06/20/2026 20:02:05,Beautiful necklace,"Beautiful necklace, very high quality. Lovely packaging. and fast delivery. ",alice yao,56d3259f0000ff000a0a2f49,GB,20,Thank you for your review. It's wonderful to hear that you were pleased with the quality of your purchase and that it arrived quickly and beautifully presented. Your feedback is greatly appreciated.,2026-06-23T02:56:41.000Z
www.thepearlsource.com,id:6a36c4725bfc63a826c9c335,native_id,6a36c4725bfc63a826c9c335,5,true,1781981330,06/20/2026 18:48:50,You were very efficient in shipping,You were very efficient in shipping. The packaging was beautiful and the pearls were stunning. Exceeded my expectations!,Robert Hodous,64592a989600510012da7242,US,2,We're pleased to hear that the shipping was efficient and that you were impressed with both the packaging and the pearls. Knowing the purchase exceeded your expectations makes this feedback especially meaningful.,2026-06-23T02:59:24.000Z
www.thepearlsource.com,id:6a36b1d82d66cca82de75b80,native_id,6a36b1d82d66cca82de75b80,5,true,1781976568,06/20/2026 17:29:28,Fast  and soon to be my FAVS!,Fast and my one set of pearls arrived quickly!!  Just ordered 4mm 18” Pearls and Pink Tourmalines in between each Pearl!!  It’s coming in about 10 days!!,Sammye Auman,60c4cdf285a12500195138b0,US,3,It's wonderful to hear that your pearls arrived quickly and that you've already placed another order. We hope you enjoy your new purchase when it arrives.,2026-06-23T03:07:43.000Z
www.thepearlsource.com,id:6a36ae1df39f00cc0fd8a01a,native_id,6a36ae1df39f00cc0fd8a01a,5,true,1781975613,06/20/2026 17:13:33,Ease of working through process,"Ease of working through process.  

Disappointed in size of pearls which is on me but some photos on models might have kept me from making this mistake.   just not what I thought I was ordering.",Paul,5e495adb9ecf740d9b3b2d27,US,3,Thank you for your feedback. We're glad to hear that the ordering process was easy to navigate. We appreciate your comments regarding pearl size and product photos and understand how details like these can make a difference when choosing the right piece. Your perspective is truly appreciated.,2026-06-23T03:15:58.000Z
www.thepearlsource.com,id:6a36a698311de8543c8c4cbc,native_id,6a36a698311de8543c8c4cbc,5,true,1781973689,06/20/2026 16:41:29,Easy to view and order,Easy to view and order,Byrce Vandiver,6a36a697a71de046ef93de19,US,1,We're pleased to hear that browsing our selection and placing your order was quick and easy. Thank you for your feedback and support.,2026-06-23T03:17:31.000Z
www.thepearlsource.com,id:6a369db919d40abfeea1b1d0,native_id,6a369db919d40abfeea1b1d0,5,true,1781971417,06/20/2026 16:03:37,The extraordinary quality of the pearls…,The extraordinary quality of the pearls and clasp along with the expedited delivery.,Patrick ,5eac8e610c79cd42bbc984f0,US,3,"We're delighted to hear that you were pleased with the quality of the pearls and clasp, as well as the expedited delivery. Your feedback is truly appreciated.",2026-06-23T03:18:32.000Z
www.thepearlsource.com,id:6a368538b62c32855980038f,native_id,6a368538b62c32855980038f,5,true,1781965144,06/20/2026 14:19:04,Stunning Luxury Gift,"I bought color pearls for my wife 30yrs anniversary, necklace and bracelet. I opened them to check and they look absolutely amazing and the display packaging is also amazing and beautiful design. The pair  look stunning. I've packaged them up again to give to her in Fuerteventura on our anniversary and where we had our honeymoon. Delivery was prompt, couple of days. Hope they last well and she likes them. Thanks to The Pearl Source, highly recommended 👌 ",John Bergin,51e1113b000064000143a301,GB,36,Thank you for sharing your experience. It's wonderful to hear that the necklace and bracelet looked even more beautiful in person and that the presentation exceeded your expectations. Knowing that they were chosen for such a meaningful gift makes your feedback especially appreciated. We hope your wife loves them.,2026-06-23T03:30:22.000Z
www.thepearlsource.com,id:6a35c2c27f4d7749a2b3144a,native_id,6a35c2c27f4d7749a2b3144a,5,true,1781915362,06/20/2026 00:29:22,Nice packaging and fast shipping.,"Nice packaging and fast shipping.

Great quality pearls at affordable / reasonable price.


",Genuine Pearl Enthusiasts,6a2dabbba71de07f8989d86d,US,3,"We're pleased to know that you were happy with the quality of the pearls, the packaging, and the prompt delivery, and that you found them to be a great value. Thank you for sharing your feedback.",2026-06-20T03:32:05.000Z
www.thepearlsource.com,id:6a35afa4c0f60eebbbc0b732,native_id,6a35afa4c0f60eebbbc0b732,5,true,1781910468,06/19/2026 23:07:48,The Pearl Necklace of My Dreams!,Superior quality of many types of pearls. Highly acclaimed pearl jewelry. I bought the pearl pendant of my dreams from The Pearl Source l.,Carol Peacock,6a35afa38c034d0b66c14750,US,1,It's wonderful to know that you found the pearl pendant of your dreams. Thank you for your kind words about the quality of our pearl jewelry. We hope you enjoy wearing it for many years to come.,2026-06-20T03:35:10.000Z
www.thepearlsource.com,id:6a3593091d690e437a4bcf3d,native_id,6a3593091d690e437a4bcf3d,5,true,1781903145,06/19/2026 21:05:45,Beautiful Ring!,"Easy to order on your website, and the product arrived quickly.",Norma Rodriguez,64dfc450ad2b1c001324b25d,US,2,Thank you for your feedback. It's great to hear that ordering on our website was easy and that your ring arrived quickly. We appreciate you taking the time to share your experience.,2026-06-20T03:41:10.000Z
www.thepearlsource.com,id:6a35896a12986f9cdfff3428,native_id,6a35896a12986f9cdfff3428,5,true,1781900682,06/19/2026 20:24:42,Spectacular pieces!,"Gorgeous pieces (even more beautiful in person).
These special pieces arrived on time and were well packed.
Communication was great… quick response time.
A++++++++ I highly recommend this seller!
Thank you for creating such wonderful wearable art🤩",Sue,6a25c76f8dd5c41b9c998110,US,2,"Thank you for sharing such wonderful feedback. It's great to know that the pieces were even more beautiful in person and that your experience, from communication to delivery, was such a positive one. We truly appreciate your recommendation.",2026-06-20T03:45:32.000Z
www.thepearlsource.com,id:6a35882d5676c3eed826860e,native_id,6a35882d5676c3eed826860e,5,true,1781900365,06/19/2026 20:19:25,Item was stunning,Item was stunning!   Prompt mailing. Packing was beautiful.   ,Diane W,6a35882d6d6d710f4df6f498,US,1,"It's wonderful to hear that the item was stunning, arrived promptly, and was beautifully packaged. Thank you for sharing your feedback.",2026-06-20T03:49:20.000Z
www.thepearlsource.com,id:6a35848eeeb98187a8e0f5ca,native_id,6a35848eeeb98187a8e0f5ca,5,true,1781899438,06/19/2026 20:03:58,Lovely,"Lovely, perfect color and size. High Quality.
Very Fast Delivery!!!",Beth Venuto,6a131411dd910c46ad710c7c,US,1,"Thank you for taking the time to leave a review. We're delighted that you were pleased with the color, size, and quality of your purchase, and that it arrived so quickly. Thank you for choosing The Pearl Source.",2026-06-20T03:57:44.000Z
www.thepearlsource.com,id:6a358468858c604749d54390,native_id,6a358468858c604749d54390,5,true,1781899400,06/19/2026 20:03:20,Amazing quality and exceptional…,Amazing quality and exceptional customer service. Thank you!,Paulami Banerjee,6a358467e33cd1537ca99b8d,US,1,Thank you for your kind words. Knowing that you were happy with both the quality of our pearls and the service you received means a great deal to us.,2026-06-20T04:00:24.000Z
www.thepearlsource.com,id:6a355667b59578ce51556795,native_id,6a355667b59578ce51556795,5,true,1781887623,06/19/2026 16:47:03,I ordered items early Monday and had my…,"I ordered items early Monday and had my pearls on Wednesday. Attractive,secure package",Esther Jankey,5fda2003c839220019eb539a,GB,7,Thank you for your review. We're pleased that your pearls arrived so quickly and that you appreciated the secure packaging. Thank you for choosing The Pearl Source.,2026-06-20T04:04:05.000Z
www.thepearlsource.com,id:6a353f62371a10012cbd984b,native_id,6a353f62371a10012cbd984b,5,true,1781881730,06/19/2026 15:08:50,The level of service and speed of…,"The level of service and speed of delivery, very nice earrings.",David walls,56d9776a0000ff000a0bb353,GB,24,"Thank you for your kind words. We're happy to know that you were pleased with the service, prompt delivery, and your earrings. It means a lot to receive such positive feedback.",2026-06-20T04:09:45.000Z
www.thepearlsource.com,id:6a353e83250eed7ce2933553,native_id,6a353e83250eed7ce2933553,5,true,1781881507,06/19/2026 15:05:07,"AAA...QUALITY; SERVICE, DELIVERY ","Wonderful experience with every aspect! Pearls are beautiful, great luster and quality, service was great, and delivery was prompt.",Donna F,68f079e08fb1d64cb3ff0955,US,2,"It's wonderful to know that the beauty and quality of the pearls, along with our service and prompt delivery, contributed to such a positive experience. Your kind words are truly appreciated.",2026-06-20T04:14:36.000Z
www.thepearlsource.com,id:6a352f92fc7358e8efcf2b9e,native_id,6a352f92fc7358e8efcf2b9e,5,true,1781877682,06/19/2026 14:01:22,Fast delivery,"Fast delivery, easy to order, great price quality product. ",jorge alvarado,671178267a39c6a1fdd42bed,US,1,"We're happy to know that the fast delivery, easy ordering process, and value of your purchase stood out to you. Thank you for your kind review.",2026-06-20T04:17:25.000Z
www.thepearlsource.com,id:6a351a445fb702bb5d49e560,native_id,6a351a445fb702bb5d49e560,4,false,1781872228,06/19/2026 12:30:28,love them,love them! kind and sweet service ,Janice,6a3519afa71de01250923bdc,US,6,We're so pleased to know that you love your purchase and enjoyed the service you received. Thank you for taking the time to leave a review.,2026-06-20T04:21:12.000Z
www.thepearlsource.com,id:6a350c754b773732d6132f13,native_id,6a350c754b773732d6132f13,5,true,1781868693,06/19/2026 11:31:33,Beautiful pearls,Bought these pearls for my mums birthday and I know she will love them!! ,Claire and Rob ,5c096d3b5149eb68ee487103,GB,14,What a thoughtful birthday gift. We hope your mum loves the pearls and enjoys wearing them.,2026-06-20T04:23:30.000Z
www.thepearlsource.com,id:6a35019d8116120a09040007,native_id,6a35019d8116120a09040007,5,true,1781865917,06/19/2026 10:45:17,Arrive in mazing packaging,"Arrive in mazing packaging, pearls looks perfect. Wife exited nearly cry. ",customer,646c879c3ea2510012286a50,GB,4,We're so pleased that the pearls and presentation made such a special impression. Hearing how excited your wife was is especially meaningful. We hope she enjoys them for years to come.,2026-06-20T04:27:04.000Z
www.thepearlsource.com,id:6a346526e376b1b9b04923c3,native_id,6a346526e376b1b9b04923c3,5,true,1781825862,06/18/2026 23:37:42,Great gift for my Granddaughter sweet 16thservice and quality pearl bracelet,"Good service and quality pearl bracelet
Double strang silver lock.",Blanca Morales,6a346526e33cd12ad8a84826,US,1,A sweet 16 is such a special occasion. We're so pleased that the bracelet was chosen for your granddaughter's celebration and that you were happy with both its quality and the service you received.,2026-06-20T04:31:20.000Z
www.thepearlsource.com,id:6a345539cd1ad7d00988d34d,native_id,6a345539cd1ad7d00988d34d,5,true,1781821785,06/18/2026 22:29:45,Elegant Pearl Necklace,"The pearls are just gorgeous. This purchase was bittersweet, to wear at our mother’s funeral today.  Classic, timeless and fast delivery! 🤍💜🪽",Regina Castillo Bates,6a3455385d63d44cd7ba5c8d,US,1,We're pleased that the necklace arrived in time and that its classic beauty was appreciated on such a meaningful day. Your review is truly appreciated.,2026-06-20T04:36:32.000Z
www.thepearlsource.com,id:6a331438e4859d0b3f82b75e,native_id,6a331438e4859d0b3f82b75e,5,true,1781739608,06/17/2026 23:40:08,These pearls are so pretty,These pearls are so pretty. I got the freshwater pearls in the pastel colors. I got a 20 inch necklace and a 7 inch bracelet with a magnet closure so I’m able to put them together to make a longer necklace. You can barely see the Sterling silver closures it matches so great. I just love it. They feel so heavy and substantial. ,Lori Kim,5da63fb7ef6d620e6a601df4,US,2,It's wonderful to know how much you're enjoying your pastel Freshwater pearls. We're pleased that the necklace and bracelet work so beautifully together. Your comments about the sterling silver closures and the substantial feel of the pearls are truly appreciated.,2026-06-20T04:49:25.000Z
www.thepearlsource.com,id:6a32e50c7e30164c8aecd845,native_id,6a32e50c7e30164c8aecd845,5,true,1781727532,06/17/2026 20:18:52,The pearls are beautiful and are…,The pearls are beautiful and are presented in a special way. It will make a truly beautiful present. ,Susan Sparks,58c74de90000ff000a8144e2,US,3,Thank you for your review. We're pleased that you appreciated both the beauty of the pearls and their special presentation. Thank you for choosing The Pearl Source.,2026-06-20T04:55:09.000Z
www.thepearlsource.com,id:6a32b73328d91a954fcd03ad,native_id,6a32b73328d91a954fcd03ad,5,true,1781715795,06/17/2026 17:03:15,Pearls are beautiful and shipping was…,Pearls are beautiful and shipping was quick. Packaging looks pretty,Aruna Balakrishnaraja,6a32b7326d6d71dfaef3640e,US,1,"We're delighted that the pearls, quick shipping, and presentation all stood out to you. We truly appreciate your feedback.",2026-06-20T05:01:13.000Z
www.thepearlsource.com,id:6a321ebd32cd9b03cc27395c,native_id,6a321ebd32cd9b03cc27395c,5,true,1781676765,06/17/2026 06:12:45,I couldn't be happier with my purchase,"I couldn't be happier with my purchase! The pearl bracelet is absolutely beautiful, so well made. The packaging was exquisite and made the whole experience feel very special. Delivery was fast, and everything arrived perfectly. Excellent quality and service — I highly recommend this company!",Kathy,5cde61d934e82919158375f3,AU,4,"Knowing that you couldn't be happier with your purchase means a great deal to us. We're delighted that the bracelet, beautiful presentation, and fast delivery helped make the experience so special. Thank you for your recommendation.",2026-06-20T05:07:26.000Z
www.thepearlsource.com,id:6a31ea1c858df4277b6589d6,native_id,6a31ea1c858df4277b6589d6,5,true,1781663292,06/17/2026 02:28:12,Pleasure doing business with The Pearl Source,"Beautiful pearls, fast shipping, and excellent customer service~ 5-stars all the way! ",JV,68dc93f8412e4c4c0d59d156,US,3,"Thank you for your kind words. We're glad to hear that you were pleased with the quality of our pearls, fast shipping, and customer service. We truly appreciate your support.",2026-06-17T03:07:51.000Z
www.thepearlsource.com,id:6a318d488531356ccdc1b7a8,native_id,6a318d488531356ccdc1b7a8,5,true,1781639528,06/16/2026 19:52:08,Very fast delivery,"Very fast delivery. 
Beautiful product",Linda Rechtsman,6a318d478c034de61cbc2162,CA,1,We appreciate your feedback. It's great to know that your order arrived quickly and that you were pleased with your purchase.,2026-06-17T03:12:46.000Z
www.thepearlsource.com,id:6a3161534db3206fe3fa3c22,native_id,6a3161534db3206fe3fa3c22,5,true,1781628275,06/16/2026 16:44:35,Graduation gift,A beautiful necklace that arrived quickly. I was looking for a more modern version of pearls and the Tincup Molly necklace was perfect.,Cheryl Sheffield,6a3161528c034d4131bbcfb6,US,1,Thank you for your review. We're pleased that the Tincup Molly Necklace was the perfect fit for the modern pearl look you had in mind and that it arrived quickly. Thank you for choosing The Pearl Source for such a special occasion.,2026-06-17T03:16:09.000Z
www.thepearlsource.com,id:6a3137af68b0d8d3f557f03d,native_id,6a3137af68b0d8d3f557f03d,1,true,1781617615,06/16/2026 13:46:55,I have already returned the pearl to…,"I have already returned the pearl to you for more than ten days, why haven't you refunded me yet",fazong ye,6a3137aea71de0a0a98d5cd6,US,1,"We appreciate your feedback. We are happy to confirm your refund was processed on June 16th, as your return was delivered back on June 15th.",2026-06-25T21:14:14.000Z
www.thepearlsource.com,id:6a312aeb6b44a9da7423f8ad,native_id,6a312aeb6b44a9da7423f8ad,5,true,1781614347,06/16/2026 12:52:27,A wonderful anniversary gift,"Following some research I sourced some pearl jewellery from here as a 30th wedding anniversary gift. The ordering process was clear and easy to follow with swift and efficient delivery. My wife is delighted with the quality of the pearls. 
I’d happily recommend this company to friends and family. ",Chris,59391a080000ff000aa144fe,GB,27,"We appreciate your thoughtful review. It's wonderful to know that your wife was delighted with the pearls and that the entire experience, from ordering to delivery, went smoothly. Thank you for your recommendation.",2026-06-17T03:17:58.000Z
www.thepearlsource.com,id:6a3077ec80ed71d42ebb5689,native_id,6a3077ec80ed71d42ebb5689,5,true,1781568524,06/16/2026 00:08:44,I was taking a chance selecting…,"I was taking a chance selecting beautiful pearls for myself for my 80th birthday and I want you to know that it did not disappoint at all. The pearls are lovely. The white that I wanted and the length is perfect. It’s it’s everything that I was hoping for thank you so much, Kathy",Kathy Castaldi Margolis,6519bbed999ec20012f17503,US,2,Thank you for sharing your experience. It's wonderful to know that the pearls were everything you had hoped for and that the color and length were just right. We truly appreciate your kind words.,2026-06-17T03:23:26.000Z
www.thepearlsource.com,id:6a304c8a78c26c9bee5763bf,native_id,6a304c8a78c26c9bee5763bf,5,true,1781557418,06/15/2026 21:03:38,The pearls arrive ahead of schedule and…,The pearls arrive ahead of schedule and they are absolutely beautiful 😍 ,Lisa Spears,6a304c8ae33cd1c7dba30f87,US,1,Thank you for your review. We're pleased that your pearls arrived ahead of schedule and that you found them absolutely beautiful. We appreciate your feedback.,2026-06-17T03:25:17.000Z
www.thepearlsource.com,id:6a3048cd59e7a036bfb13a50,native_id,6a3048cd59e7a036bfb13a50,5,true,1781556461,06/15/2026 20:47:41,Both bracelet and necklace are lovely,"Both bracelet and necklace are lovely. Took me some time to figure out the clasp on the necklace!
Very happy with my purchase..
Thank you!",Virginia Jacobsen,5913d7880000ff000a96d8dd,US,17,Thank you for sharing your experience. We're glad to know that you're enjoying both your bracelet and necklace. It means a lot to hear that you're so happy with your purchase.,2026-06-17T03:27:36.000Z
www.thepearlsource.com,id:6a303ef43ef606a2abf88506,native_id,6a303ef43ef606a2abf88506,5,true,1781553940,06/15/2026 20:05:40,Customer Service,Customer Service is top tier. Easy to speak with someone to get your concerns addressed. Great selection of pearl offerings. This is my second time ordering from The Pearl Source and will order again and again! ,Shawn,6a303ef35d63d455a0b52329,US,1,We appreciate your continued trust in The Pearl Source. It's wonderful to know that our customer service team was able to address your concerns and make your experience a positive one. Your support means a great deal to us.,2026-06-17T03:32:07.000Z
www.thepearlsource.com,id:6a300bb7bda0a6524f1bf712,native_id,6a300bb7bda0a6524f1bf712,4,false,1781540823,06/15/2026 16:27:03,Beautiful genuine cultured pearl jewelry,I had a lovely experiene shopping with The pearl source. The have beautiful genuine cultured pearl jewelry and customer service is also responsive and helpful.,Rosy,6a221175c1f598bb8a1eb5ec,GB,3,We appreciate your feedback. We're pleased to know that you enjoyed our cultured pearl jewelry and had a positive experience with our customer service team. Thank you for taking the time to share your thoughts.,2026-06-17T03:36:17.000Z
www.thepearlsource.com,id:6a2f385b07f14ddb423f69bb,native_id,6a2f385b07f14ddb423f69bb,5,true,1781486715,06/15/2026 01:25:15,I found the quality to be what was…,I found the quality to be what was represented and the delivery time was prompt. The product was packaged nicely and made a great presentation. ,will rhodarmer,6a2f385ae33cd1cc06a1a35c,US,1,"Thank you for your review. We're pleased to know that the quality was exactly as represented, your order arrived promptly, and the presentation was well received. Thank you for choosing The Pearl Source.",2026-06-17T03:43:04.000Z
www.thepearlsource.com,id:6a2f2dc10e2ab64db189ac8d,native_id,6a2f2dc10e2ab64db189ac8d,3,true,1781484001,06/15/2026 00:40:01,Smaller than expected and not graduated,Smaller than expected and not graduated,Ronald Botelho,63a9020390b3dc0013f98fdf,US,8,"Hello Ronald,
Thank you for your feedback. We're sorry to hear that the pearls were smaller than expected and did not meet your expectations regarding graduation. Please contact us at help@thepearlsource.com so we can learn more about your experience and work toward a suitable solution.

Best regards,
The Pearl Source",2026-06-17T03:48:33.000Z
www.thepearlsource.com,id:6a2f0e81f4b75f6adc319bc2,native_id,6a2f0e81f4b75f6adc319bc2,5,true,1781476001,06/14/2026 22:26:41,I recieved the perfect little Akoya…,"I recieved the perfect little Akoya Pearl stud earrings that i ordeeed om time, very well packaged.  The pearls are beautiful, just right for my diamond earring jackets.  Very happy with this purchase and will buy from The Pearl Source again in the future.
",Nanasnotes,6a2f0e806d6d71acd0eedcec,US,1,We're so pleased to hear that your order arrived on time and was beautifully packaged. It's wonderful to know that you were happy with your purchase and plan to shop with The Pearl Source again in the future. Thank you for taking the time to share your experience.,2026-06-14T22:37:14.000Z
www.thepearlsource.com,id:6a2ef9e1b3753633a66c318f,native_id,6a2ef9e1b3753633a66c318f,5,true,1781470721,06/14/2026 20:58:41,Great service and excellent quality,Great service and excellent quality,Sonya Damewood,6a2ef9e0e33cd1153ca1708c,US,1,Thank you for your feedback. It's great to know that both our service and the quality of your purchase made  a positive impression. We appreciate you taking the time to share your experience.,2026-06-14T22:40:34.000Z
www.thepearlsource.com,id:6a2ef78885a42022b2d2504f,native_id,6a2ef78885a42022b2d2504f,5,true,1781470120,06/14/2026 20:48:40,The bracelet is beautiful everything I…,The bracelet is beautiful everything I was hoping for. Thanks,Diane Walton,6a2ef7888c034d4ab9b8e348,US,1,Thank you for your review. We're so pleased to hear that the bracelet was everything you were hoping for. We hope you enjoy wearing it.,2026-06-14T22:44:07.000Z
www.thepearlsource.com,id:6a2ef43655cafcc6a8b4af57,native_id,6a2ef43655cafcc6a8b4af57,5,true,1781469270,06/14/2026 20:34:30,The hardest part of buying the I  was…,The hardest part of buying the I  was deciding what I wanted to buy for my granddaughter’s high school graduation. I bought the double stranded pearls with the gold class. They are absolutely beautiful and I can’t wait to give them to her. I’m sure she’ll enjoy them for many years to come.,Sarah M,62a22eee9a16c900119d249a,US,2,"What a special gift for your granddaughter's graduation. We're so glad the pearls will be part of such an important milestone, and we hope she treasures them for years to come.",2026-06-14T22:49:18.000Z
www.thepearlsource.com,id:6a2ef08c04eb85956ebc06f2,native_id,6a2ef08c04eb85956ebc06f2,5,true,1781468332,06/14/2026 20:18:52,Exactly as promised,Exactly as promised. Communication was accurate.  Pearl is  beautiful. Very happy with purchase,Teresa,6758c4f2eaf8e86a85ff41dc,US,2,It's great to know that your experience was exactly as promised and that our communication was clear and accurate. We're so glad you were happy with your purchase. Thank you for sharing your experience with us.,2026-06-14T22:53:03.000Z
www.thepearlsource.com,id:6a2ed04d0a3530613e048e10,native_id,6a2ed04d0a3530613e048e10,5,true,1781460077,06/14/2026 18:01:17,The pearls arrived spectacularly…,"The pearls arrived spectacularly packaged and they look great on my wife. She has endured some extra stress and I just wanted to make a small gesture to her so that she knows that I have her back. Great product, service, and fast shipping!",Mark Mandurano,66be85598a6e86a002a91737,US,3,"Thank you for your kind words. It's great to know that the pearls arrived beautifully packaged and that you were pleased with the product, service, and fast shipping. We appreciate your feedback.",2026-06-14T22:59:18.000Z
www.thepearlsource.com,id:6a2e1d912f6cf1e398c4aa8e,native_id,6a2e1d912f6cf1e398c4aa8e,5,true,1781414321,06/14/2026 05:18:41,Delivery service is good and the…,Delivery service is good and the quality of the pearl is excellent,Carol Y,6a2e1d906d6d71217dee1c22,US,1,Thank you for your feedback. We're glad you were satisfied with both the delivery service and the quality of the pearls. We appreciate your support.,2026-06-14T23:01:28.000Z
www.thepearlsource.com,id:6a2e0090f86da23f96247911,native_id,6a2e0090f86da23f96247911,5,true,1781406896,06/14/2026 03:14:56,As promised,As promised. Very easy to deal with.,tom heinsch,60ce16cc132b940019cfd3f0,US,2,It's great to know that everything was exactly as promised and easy to deal with. Thank you for your kind feedback.,2026-06-14T23:04:19.000Z
www.thepearlsource.com,id:6a2de0c5d8d6aa1dbbeff1c8,native_id,6a2de0c5d8d6aa1dbbeff1c8,5,true,1781398757,06/14/2026 00:59:17,Great experience and delight with my…,Great experience and delight with my pearls, Mrs Lisa Graves,5e235cdce5a4c77135836b33,US,4,We're so glad you had a great experience and are enjoying your pearls. Thank you for your kind words.,2026-06-14T23:06:41.000Z
www.thepearlsource.com,id:6a2ddef846240bebb0061938,native_id,6a2ddef846240bebb0061938,5,true,1781398296,06/14/2026 00:51:36,Great value and quantity ,My daughter's loved the AAAA 6.5-7mm freshwater pearls. High luster and very round for less than every other company I have found that charge for A - AA quality.,CARL BRAUN,6998ce5b2dcf0f811df66c62,US,2,It's wonderful to know that your daughter loved the pearls. We're glad you were pleased with their quality and value. Thank you for your kind review.,2026-06-14T23:10:56.000Z
www.thepearlsource.com,id:6a2ddecce37afb593de1e4f2,native_id,6a2ddecce37afb593de1e4f2,5,false,1781398252,06/14/2026 00:50:52,The pearl necklace we received was…,The pearl necklace we received was beautiful. the luster was very evident when we opened the box. I would highly recommend this company for quality and service.,Adrian Davis,6a2ddebfa71de0397d8a023b,SE,1,We're so glad the necklace's luster stood out to you when you opened the box. Thank you for recommending The Pearl Source for both quality and service.,2026-06-14T23:13:24.000Z
www.thepearlsource.com,id:6a2dd429ddeaf39f3bd667aa,native_id,6a2dd429ddeaf39f3bd667aa,5,true,1781395529,06/14/2026 00:05:29,Truly the best customer service I have ever received!,"Truly the best customer service I have ever had and the pearls are breathtaking! I purchased my wife her first pearl necklace, bracelet and earrings for her 50th birthday. I selected them separately instead of a set, but didn’t think about them coming in 3 different gift boxes, which would be nice for the Wow effect, but challenging to take on her birthday cruise. I reached out to customer service to see if I could purchase a gift set box so that I could combine everything, and not only did they respond quickly, they also had the gift box in the mail and delivered to me in couple of days, free of charge. And, did I mention that the pearls are BEAUTIFUL! Truly heirloom pieces. Hoping I have “Husband of the Year” in the bag (or should I say “gift box”)… Their dedication to excellence has made The Pearl Source my go-to for every pearl I purchase from here on out. Thank you.",Chris Thompson,6a2dd4285d63d43a39b2c9f1,US,1,"Thank you for your thoughtful review. We're delighted that the pearls, gift box, and customer service all helped make your wife's 50th birthday even more special. Thank you for your generous recommendation and support.",2026-06-14T23:24:31.000Z
www.thepearlsource.com,id:6a2dd1ef43ae12b451b79e64,native_id,6a2dd1ef43ae12b451b79e64,5,true,1781394959,06/13/2026 23:55:59,Knew what I wanted,Knew what I wanted.  Just ordered it no problems.  Received the earrings. Even more BEAUTIFUL than the picture which does not always happen.  Received tons of compliments. ,cj,6a2dd1ee6d6d715673edf9bf,US,1,Thank you for your review. We're glad the ordering process was simple and that the earrings were even more beautiful in person. We hope you continue to enjoy wearing them.,2026-06-14T23:28:54.000Z
www.thepearlsource.com,id:6a2daf284d003cc352160c0b,native_id,6a2daf284d003cc352160c0b,5,true,1781386056,06/13/2026 21:27:36,Delivery was expected and received in 2…,"Delivery was expected and received in 2 days, excellent. The pearls are beautiful and of the best quality. I am so very satisfied with my purchase. All my pearls will be purchased  from The Pearl Source in the future.",Joanne Humbles,6a2daf285d63d461f1b2aa6e,US,1,Thank you for your feedback. We're glad your pearls arrived quickly and that you were pleased with their quality. We truly appreciate your confidence in The Pearl Source and look forward to welcoming you again in the future.,2026-06-14T23:32:02.000Z
www.thepearlsource.com,id:6a2d9f76328099ab920e584a,native_id,6a2d9f76328099ab920e584a,5,true,1781382039,06/13/2026 20:20:39,Gorgeous color and quality!,"Beautiful, quality, well constructed pearl earrings! I ordered the Akoya white pearls and they match my necklace perfectly. Originally ordered the size 6.0-6.5 and they were too small so I replaced with the 8.0-8.5 and they were just right. ",Heather Eaton,6999c4453cdc4941bec98517,US,2,Finding the perfect size can make all the difference. We're glad the 8.0-8.5mm earrings turned out to be just right and that everything worked out perfectly in the end. Thank you for choosing The Pearl Source.,2026-06-14T23:40:23.000Z
www.thepearlsource.com,id:6a2d47eb86785e9d3df8a611,native_id,6a2d47eb86785e9d3df8a611,5,true,1781359627,06/13/2026 14:07:07,My order arrived fast,My order arrived fast.  The neckace is so beautiful.  I also love the packaging.  I bought this as a gift for my friend and I know that she will just love it.,Debra Clawson,66e1a0e77035ba05b13235b5,US,6,We're so glad your order arrived quickly and that you were pleased with the necklace and its presentation. We hope your friend loves her gift as much as you do.,2026-06-14T23:43:29.000Z
www.thepearlsource.com,id:6a2c623992a7decf63ed8253,native_id,6a2c623992a7decf63ed8253,5,true,1781300825,06/12/2026 21:47:05,Pearl Source is now on my go-to list!,"Ordering was easy. The earrings are exactly as described and more beautiful in person, and the presentation is classy. As to the communication and delivery: superb! I will surely be keeping the Pearl Source on my go-to list of businesses.",Julie Davis,6a2c62386d6d71382becc3fa,US,1,Thank you for your wonderful review. We're delighted that the earrings were even more beautiful in person and that you enjoyed a smooth ordering experience. It's especially rewarding to know that The Pearl Source has earned a place on your go-to list. Thank you for choosing The Pearl Source.,2026-06-13T04:55:24.000Z
www.thepearlsource.com,id:6a2c4dd6a1ee026557bf1446,native_id,6a2c4dd6a1ee026557bf1446,5,true,1781295606,06/12/2026 20:20:06,They are the Best,"They are the Best, Customer service is 1st class! I Love my Beautiful Pearls 💕💕",QueenP,689e82b404313e7bd65536e4,US,2,Thank you for your lovely feedback. Knowing that you love your pearls and consider our customer service first class means so much to our team. We appreciate your support.,2026-06-13T04:58:18.000Z
www.thepearlsource.com,id:6a2c4daa444019a35cf0c37b,native_id,6a2c4daa444019a35cf0c37b,5,true,1781295562,06/12/2026 20:19:22,Great information,"Great information, pearl photos exacting, very nice presentation. Look as photographed. Fast delivery. Fair return policy. 
Gift not yet given so can yet give recipient’s remarks.",John M,6a2c4da98c034d5ab4b6c51e,US,1,We're pleased to hear that the pearls arrived exactly as pictured and that you were happy with the presentation. It's also great to know that the delivery process and return policy met your needs. We appreciate you taking the time to leave a review.,2026-06-13T05:02:47.000Z
www.thepearlsource.com,id:6a2bf10b88e9da58c7fa6c56,native_id,6a2bf10b88e9da58c7fa6c56,5,true,1781271851,06/12/2026 13:44:11,Amazing experience,Amazing experience!  I ordered the wrong length for a necklace.  They immediately provided return instructions and quickly sent out the correct item.  Completely my error but they handled it as if it were their own.  Beautiful product and packaging.  5 stars all the way.  Thank you! ,Timothy MacMillan,5d2a2264f944e32f82c51f6c,US,3,"We're so pleased that the necklace exchange process was quick and easy, and that everything worked out smoothly. It's wonderful to hear that you were happy with the product, packaging, and overall experience. We appreciate you taking the time to share your feedback.",2026-06-13T05:13:49.000Z
www.thepearlsource.com,id:6a2bf029c96f6652bbc6d9b1,native_id,6a2bf029c96f6652bbc6d9b1,5,true,1781271625,06/12/2026 13:40:25,Good product,"Good product, speedy delivery.👍",Customer,5bb51f384de5666d34d23f02,GB,8,Thank you for your review. We're glad to hear that you were pleased with the product and the speedy delivery. Thank you for choosing The Pearl Source.,2026-06-13T05:17:16.000Z
www.thepearlsource.com,id:6a2b87d2494de0c7b18dcdb8,native_id,6a2b87d2494de0c7b18dcdb8,5,false,1781244914,06/12/2026 06:15:14,I am absolutely delighted with my purchase ,"I am absolutely delighted with my experience with The Pearl Source.

Their customer service and communication were exceptional from start to finish, making the entire purchasing process easy and enjoyable. My freshwater pearl necklace arrived quickly, was beautifully presented, the quality is stunning, and it looks absolutely amazing when worn.

It is refreshing to deal with a company that takes such pride in both its products and customer care. Thank you for providing such beautiful pieces and for delivering such a fantastic shopping experience. I would happily recommend The Pearl Source to anyone looking for quality pearls and outstanding service.",Lina Sacco,6247c9bfb4f76f0012ae59a5,AU,3,"Thank you for your wonderful feedback. It's incredibly rewarding to know that you enjoyed every part of your experience, from customer service and communication to the quality and presentation of your necklace. We sincerely appreciate your recommendation.",2026-06-13T05:19:01.000Z
www.thepearlsource.com,id:6a2b2f21ac920b8fe457969b,native_id,6a2b2f21ac920b8fe457969b,5,true,1781222209,06/11/2026 23:56:49,The bracelet is perfect and the…,The bracelet is perfect and the customer service is exceptional! Highly recommend!,Oakville ,5d8921882bfdf5533f29db20,CA,3,We're pleased to hear that you found our customer service exceptional and that you love your bracelet. We truly appreciate your recommendation.,2026-06-12T04:16:53.000Z
www.thepearlsource.com,id:6a2affefc470be272c9e1c8e,native_id,6a2affefc470be272c9e1c8e,5,true,1781210127,06/11/2026 20:35:27,Great price,"Great price, fast service and the pearls were a perfect gift",Tim Riemensnider,6a2affee8c034d1285b52057,US,1,We're happy to know the pearls made the perfect gift and that you were pleased with both the value and service. We truly appreciate your support.,2026-06-12T04:21:48.000Z
www.thepearlsource.com,id:6a2aff5fa534897b54a0b014,native_id,6a2aff5fa534897b54a0b014,5,true,1781209983,06/11/2026 20:33:03,Everything I have ordered has been just…,Everything I have ordered has been just as presented.  I am a repeat customer.  A bonus is the beautiful packaging that the jewelry has with it.  ,JUDITH BROWNE,568e75cb0000ff0001fa29a8,US,5,Thank you for your continued support. We're delighted to hear that each purchase has arrived just as presented and that the packaging continues to stand out.,2026-06-12T04:36:19.000Z
www.thepearlsource.com,id:6a2af252d09caa1b6eb7763a,native_id,6a2af252d09caa1b6eb7763a,5,true,1781206642,06/11/2026 19:37:22,The most beautiful pearls,"The most beautiful pearls! Quality, will order another pair soon. Service to us was within 2 days, which is when I needed them for a special event. I am very happy with the purchase!",Pamela Perez,6a2af2515d63d4d72eafba32,US,1,Thank you for your kind words. We're so pleased that the pearls arrived in time for your special event and that you're happy with both the quality and service. We appreciate your support.,2026-06-12T04:38:07.000Z
www.thepearlsource.com,id:6a29da534f35b383bfeceb50,native_id,6a29da534f35b383bfeceb50,5,true,1781134963,06/10/2026 23:42:43,The Pearl Source website was easy to navigate.  There was a beautiful selection of pearls to choose from.,"In looking for a pearl bracelet, the Pearl Source ended up being a great resource in providing quality pearls.  The delivery was fast, the packaging was elegant and the bracelet is absolutely beautiful.",Marian Masters,637bcd2b8e71c80013b33ba5,US,2,"We appreciate your feedback. It's especially nice to hear that you found our website easy to navigate and enjoyed browsing our pearl selection. We're glad your bracelet arrived quickly, was beautifully packaged, and met your expectations in both quality and appearance. Enjoy your new bracelet.",2026-06-11T02:44:43.000Z
www.shein.com,id:6a698c7fa0b61f2c7b0488ee,native_id,6a698c7fa0b61f2c7b0488ee,1,false,1785309343,07/29/2026 07:15:43,Dag 6,"Dag 6

Beginnen ze het te snappen....??

Van 140,34€
Hebben ze een stukje overgemaakt.

ER MOET AAN KLARNA NU NOG 76,85€ BETAALD WORDEN.....

DUS VAN ZODRA DE 76,85€ OP DE REKENING STAATSTOP IK MET NEGATIEVE REVIEUWS!!

DUS NOG 76,85€


PAKKET NUMMER......TRACKING 
323201076000033899275050

IK HEB ALLES SAMEN IN 1 PAKKET GESTOKEN....HOEVEEL KEER NOG???",sandra vrebos,62778e0e8167fa0013dcc815,BE,9,,
www.shein.com,id:6a6977d291662822d28bf03f,native_id,6a6977d291662822d28bf03f,1,false,1785304050,07/29/2026 05:47:30,Shipping is terrible,"Shipping is terrible. Though it says local shipper, it takes a week or so to arrive. Its a click bait. Quality of product is poor and different from what is posted. I understand that it comes from different sellers but it is such a hustle waiting separate packages. Some items were marked deliver but I did not receive the package. Proof of delivery is just a black photo. It is hard to contact customer service also. It is obvious that it is automated by a bot. ",Rubin,5c21f863e550e1344ef4e54c,US,5,,
www.shein.com,id:6a6949b8485a6339d3da6e41,native_id,6a6949b8485a6339d3da6e41,1,false,1785292248,07/29/2026 02:30:48,Shein refund/paypal account scam,"

GSU18C04R00N85G 19.35

Again Please stay away from Shein!! After deliberately sending my refund to my shein wallet when i specifically asked for it to be sent to my original payment method they lied and stated couldn't help fix it. After a quick social media search they are currently doing this to other customers so please pay attention. I publicly blasted them here on trust pilot then all the sudden i get an email from them saying okay ""we have successfully processed your refund to your original payment method"". How embarrassing!! Now they are pretending the refund failed and that they are unable to give me a full refund so they pick a random order to not refund!!! They want me to opened a random PayPal account so they send the refund that's such a scam and so shady what company forces their customer to open an account with an external banking institution as a way to get a refund???!!I have contacted by bank already I'm not playing games with this dirty company. Please stay far away from shein they do not care about their customers and their customer service has significantly gone downhill so you will either never get a refund and when you manage to get your refund it will be the wrong amount they will do anything to scam customers and keep any part of your money. They lack accountability and they are awful!!
",Panini,68ffcae9ec11db09df0ee78d,US,8,,
www.shein.com,id:6a6924982f13c17c6da9797c,native_id,6a6924982f13c17c6da9797c,5,true,1785282744,07/28/2026 23:52:24,I loved everything I got the quality is…,I loved everything I got the quality is great !!,Yojanny Florentino,6a679c16236e3d25cee70dd2,US,2,,
www.shein.com,id:6a691ea5bb9674e611d0fd12,native_id,6a691ea5bb9674e611d0fd12,1,false,1785281221,07/28/2026 23:27:01,Did not receive complete,"Did not receive complete, I was so excited to get this cat  tree as I have just adopted 2 more rescue cats  making 4 fury babies, I spent 6 hours building the cat tree and  was peice missing meaning I could not complete it, I had to use an umbrella is holding it up but I should not have to do that, it is funny but still I am very disappointed, I contacted customer service and I thought they were amazing at first because they seemed helpful, they said ill hear back in around 48 hours by e-mail. That was over 3 weeks ago, I've tried multiple times to contact again but been ignored and told agents are offline even when it says they are open. I'm very disappointed and had many other peices  of furniture I was going to purchase for my growing family but I will be ordering elsewhere. ",Hannah Redford,689514ae65125e67253d9d19,GB,1,"Hello!

We sincerely apologize for any inconvenience caused—your experience is incredibly important to us 💝

According to the information you provided, we've identified your inquiry submitted via the SHEIN app and our dedicated support agent is expediting the resolution.We guarantee a clear response within 24 hours, and you can monitor real-time updates anytime in ""Service Records"".

🔹 Steps to Access:
Open SHEIN APP → Tap ""Me"" at bottom → ""Customer Service"" → ""Service Records""

Your feedback lights our path forward—we look forward to assisting you further.",2026-07-29T02:27:12.000Z
www.shein.com,id:6a691c2717d7ce6112cbe7cc,native_id,6a691c2717d7ce6112cbe7cc,1,false,1785280583,07/28/2026 23:16:23,RIPPED OFF FOR 12 CANS OF PLEDGE SPRAY,I BOUGHT 6 ORDERS OF 3 CANS OF PLEDGE. THEY SENT ME 6 CANS OF PLEDGE. THEY HAD ME JUMP THRU SOME HOOPS. THEY STILL REFUSED TO SEND ME WHAT THEY OWED ME.,Lynn Wright,6a6919757b418c1af49213e0,US,2,"Hello!

We are truly sorry for the unpleasant experience.

In order to better resolve your concerns, we need you to provide specific information, such as your order number. We have sent you an email with the subject ""Request for information about your experience."" Please check your inbox (and spam folder), and reply to that email with the information we need.

Your feedback is our driving force for continuous improvement, and we truly value your opinion. We look forward to providing you with further assistance as soon as we receive your response. :)",2026-07-29T02:30:29.000Z
www.shein.com,id:6a6909db23f447250220ac68,native_id,6a6909db23f447250220ac68,1,false,1785275899,07/28/2026 21:58:19,Achtung! Betrug! Keine Erstattung für Damen-Bademode,"Ich habe 2 Bestellungen getätigt die in einem Paket versendte worden sind. Meine Tochter hat genau 3 Bikinis behalten. SHEIN behauptet das die restlichen 19 (!) Bikinis beschädigt ode getragen zurück geschickt worden sind. SHEIN bezieht es darauf das die Hygieneaufkleber fehlen oder sich teilweise gelöst haben. Tatsache ist aber das die Bikinis zum Teil ohne Hygieneaufkleber zu uns geleifert wurden! Es ist zu 100 % sichtbar das die Bikinis ungetragen unbeschädigt und ungewaschen sind. Ich muss knapp 220 Euro an SHEIN zahlen für deren Betrugsmasche. 
Bitte bestellt hier nicht ! Der Kundenservice hilft nicht. 
Ich überlege rechtliche Schritte einzuleiten weil ich 220 Euro für viel Geld halte.
",V.E,629f5043c5aa4500112d4f47,DE,8,"Hallo!

Es tut uns wirklich leid, dass Sie eine unangenehme Erfahrung gemacht haben.

Um Ihr Anliegen besser bearbeiten zu können, benötigen wir von Ihnen einige spezifische Informationen, wie beispielsweise Ihre Bestellnummer. Wir haben Ihnen eine E-Mail mit dem Betreff „Request for information about your experience“ gesendet. Bitte überprüfen Sie Ihren Posteingang (und auch Ihren Spam-Ordner) und antworten Sie auf diese E-Mail mit den benötigten Informationen.

Ihr Feedback ist unser Antrieb für kontinuierliche Verbesserungen, und wir schätzen Ihre Meinung sehr. Sobald wir Ihre Antwort erhalten haben, werden wir Ihnen gerne weiterhelfen. :)",2026-07-29T02:37:48.000Z
www.shein.com,id:6a690918337436a2de793d71,native_id,6a690918337436a2de793d71,5,true,1785275704,07/28/2026 21:55:04,Mi sono trovato bene,Mi sono trovato bene. Ovviamente nn tutto di quantità però per prezzo che vieni pagato ok,Lilli,5bd80a331208eb10967dac22,IT,12,,
www.shein.com,id:6a68f06858c10b31d8b679dd,native_id,6a68f06858c10b31d8b679dd,1,false,1785269384,07/28/2026 20:09:44,Me parece de traca que al no recibir un…,Me parece de traca que al no recibir un producto (barato) despues de reclamar no hacen quiso. ,javier matute,6a645b627b418c7d1c8cc592,ES,1,"Hola:

Lamentamos mucho la experiencia desagradable.

Para poder resolver mejor sus inquietudes, le solicitamos que nos proporcione información específica, como su número de pedido. Le hemos enviado un correo electrónico con el asunto ""Request for information about your experience."". Por favor, revise su bandeja de entrada (y la carpeta de spam) y responda a ese correo con la información solicitada.

Sus comentarios son nuestro motor para la mejora continua y realmente valoramos su opinión. Esperamos poder ayudarle aún más tan pronto como recibamos su respuesta. :)",2026-07-29T02:00:59.000Z
www.shein.com,id:6a68d15d8f29027da065f3df,native_id,6a68d15d8f29027da065f3df,1,false,1785261437,07/28/2026 17:57:17,Ho effettuato l'ordine N. GSO18A62A000605,"Ho effettuato l'ordine N° GSO18A62A000605 il 19 luglio. A causa di un ritardo logistico e in vista di una partenza fissata per il 5 agosto, ho contattato l'assistenza unicamente per chiedere sollecitazione o informazioni sulla spedizione.
In modo del tutto arbitrario, grave e SENZA ALCUNA MIA AUTORIZZAZIONE, l'operatore del servizio clienti ha proceduto all'annullamento d'ufficio e al rimborso dell'ordine, lasciandomi da un giorno all'altro senza la merce acquistata e senza il tempo materiale per riordinare prima delle vacanze.
Un servizio clienti inaccettabile che invece di risolvere un problema ne crea uno ancora più grande, cancellando i contratti d'acquisto a insaputa del cliente. Pretendo di essere contattato da un responsabile di livello superiore e un indennizzo adeguato per il disservizio subito.",Anastasia Vitale,6a68d0ceff3db2ea11c779bd,IT,1,"Ciao!

Ci scusiamo sinceramente per qualsiasi inconveniente questo possa aver causato: la tua esperienza è molto importante per noi 💝

In base alle informazioni che ci hai fornito, abbiamo identificato la tua richiesta inviata tramite l'app SHEIN. Il nostro agente dedicato sta accelerando il processo di risoluzione e garantiamo una risposta chiara entro 24 ore. Puoi monitorare gli aggiornamenti in tempo reale in qualsiasi momento nella tua ""Cronologia dei servizi"".

🔹 Procedura di accesso:
Apri l'app SHEIN → Tocca ""Io"" in basso → ""Servizio clienti"" → ""Cronologia dei servizi""

Il tuo feedback ci aiuta a migliorare: non vediamo l'ora di aiutarti ulteriormente.",2026-07-29T02:05:16.000Z
www.shein.com,id:6a68c70c44b0646d4ef38d3e,native_id,6a68c70c44b0646d4ef38d3e,3,false,1785258796,07/28/2026 17:13:16,Po napisaniu recenzji na Trust Pilot o…,"Po napisaniu recenzji na Trust Pilot o braku zwrotu środków na pierwotne konto bankowe za oddane towary firma Shein zareagowała i oddała mi środki do Portfela Shein do wykorzystania na kolejne zakupy. Tak więc reakcja była i to natychmiastowa. Wcześniejsze moje doświadczenia z Shein były bardzo dobre zarówno jeśli chodzi o dokonywanie zakupów - szybkość, stosunek ceny do jakości itd. oraz szybkiego zwrotu środków na pierwotny rachunek bankowy. Po raz pierwszy wystąpił opisany przeze mnie problem, który w końcu został usunięty ",Maryla Daniluk,6a36b01519f15e27fc7a0ab3,PL,2,"Witaj!

Bardzo nam przykro z powodu nieprzyjemnych doświadczeń.

Aby lepiej wyjaśnić Twoje wątpliwości, prosimy o podanie konkretnych informacji, takich jak numer zamówienia. Wysłaliśmy Ci wiadomość e-mail z tematem „Request for information about your experience.”. Sprawdź skrzynkę odbiorczą (oraz folder ze spamem) i odpowiedz na tę wiadomość, podając nam potrzebne informacje.

Twoja opinia jest dla nas siłą napędową ciągłego rozwoju i naprawdę ją cenimy. Z niecierpliwością czekamy na dalszą pomoc, gdy tylko otrzymamy Twoją odpowiedź. :)",2026-07-29T02:03:44.000Z
www.shein.com,id:6a68c11394e9a6d3b978e403,native_id,6a68c11394e9a6d3b978e403,5,false,1785257268,07/28/2026 16:47:48,J’ai commandé plusieurs article chez…,"J’ai commandé plusieurs article chez Shein , tous identique et parfait ,Qualité conforme
Il faut aussi regarder les retours des autres avant d’effectuer vos achats pour ne pas être déçu, les livraisons arrivent bien plutôt que prévu
En tout cas merci Shein",Bella Zias,6a68bfae236e3dd09be8749b,FR,2,,
www.shein.com,id:6a68bb571e4a875b69d6a0f4,native_id,6a68bb571e4a875b69d6a0f4,1,false,1785255799,07/28/2026 16:23:19,"Defective Products, Terrible Quality Control & One of the Worst Return Experiences I've Ever Had!!","I have spent over 10 hours, sent more than 50 emails, and travelled to six different return locations trying to return products that should never have been shipped in the first place.

The reason for my return wasn't that I changed my mind.
The clothing arrived with incorrect sizing, poor workmanship, unfinished construction, and obvious quality issues. Some items looked like they had never been properly finished before being packaged. The sizing was nowhere close to what was advertised, making several items completely unwearable. These are quality control failures that fall entirely on SHEIN.
Instead of standing behind the products they sell, SHEIN leaves customers to deal with the consequences.

The customer service has been just as disappointing as the products. After more than 50 emails, I continue receiving the same generic copy-and-paste responses that completely ignore the concerns I've raised. Not once has anyone meaningfully addressed the poor quality of the items, the incorrect sizing, or the countless hours I've spent trying to return them.
The biggest issue has been SHEIN's return process in Toronto.

I previously completed a SHEIN return while I was in Vancouver, where the return was handled through Canada Post. It was simple, professional, and took only a few minutes. That's exactly how a return process should work.My experience in Toronto has been the complete opposite.

SHEIN uses a third-party return network that has been an absolute nightmare. I have been sent from location to location, only to find businesses that were closed, difficult to access, or operating with extremely limited hours. One designated return location had nothing more than a handwritten piece of paper taped to the door listing its business hours. I took photographs because I couldn't believe a company the size of SHEIN expects customers to rely on a return network operating like this.
I work full-time and don't permanently live in Toronto. Spending days travelling across the city trying to return defective clothing is completely unreasonable. I've documented every trip, every location, walking directions, screenshots, emails, and photographs because I simply couldn't believe how difficult this process became.

No customer should have to spend weeks chasing down return locations because a company shipped merchandise that failed basic quality standards.

The most frustrating part is the complete lack of accountability. Instead of acknowledging the problems or offering a practical solution, SHEIN continues sending automated responses while the customer absorbs all of the time, inconvenience, and expense.

A return policy is supposed to protect customers when products arrive defective or not as described. It should not become a second job.

If SHEIN can provide a simple, efficient return process through Canada Post in one Canadian city, there is no reason customers in another city should be forced through such a disorganized and inaccessible third-party network.

This entire experience has shown me that once something goes wrong, customer service and accountability disappear. I expected far better from a global retailer.

I sincerely hope SHEIN reviews both its quality control and its Canadian return process because no customer should have to fight this hard to return products that should never have passed inspection in the first place.
I will not be shopping with SHEIN again, and I cannot recommend them based on this experience.",kristina graziani,613e111d9c54510012e54c3e,CA,7,"Hello!

We are truly sorry for the unpleasant experience.

In order to better resolve your concerns, we need you to provide specific information, such as your order number. We have sent you an email with the subject ""Request for information about your experience."" Please check your inbox (and spam folder), and reply to that email with the information we need.

Your feedback is our driving force for continuous improvement, and we truly value your opinion. We look forward to providing you with further assistance as soon as we receive your response. :)",2026-07-29T07:22:58.000Z
www.shein.com,id:6a68b3202367460b2deeb76a,native_id,6a68b3202367460b2deeb76a,1,false,1785253696,07/28/2026 15:48:16,Complete nonsense and worst customer service,"Complete nonsense, lost one of the items I ordered and kept denying responsibility, customer service manager Elena was no help at all and just kept repeating to send me the same template response and wasted all my time, please train your employees and fire the ones that are incapable of doing their job, literally ordered more than $100CAD of stuff just for you guys to deny a refund of less than $15 CAD, ridiculous and disrespectful, please contact me via email ASAP and fix it
Order number: GSH18F141001GBJ",Nicole,6a68b316b06fbfe52cf9a363,CA,1,"Hello！

According to the information you provided, we noticed our team has sent a solution regarding your order. Please check your email for updates. If no email was received, it may have been filtered to the spam folder. We hope to hear from you. :)",2026-07-29T07:27:38.000Z
www.shein.com,id:6a68abf189cf04b18c524fcd,native_id,6a68abf189cf04b18c524fcd,5,true,1785251857,07/28/2026 15:17:37,Toujours reçu en temps et en heure…,Toujours reçu en temps et en heure aucun problème ,Nathalie ROSELLE,64c6bca2b6a35000128fc839,FR,9,,
www.shein.com,id:6a68a224c13bb0d802766a73,native_id,6a68a224c13bb0d802766a73,5,true,1785249348,07/28/2026 14:35:48,Scalapay,"Scalapay. Le paiement en plusieurs fois est simple, rapide et pratique. Tout s'est bien déroulé, sans difficulté. Je recommande ce service.",Ouartindi,634dbcd8675b5d0012326ea2,FR,4,,
www.shein.com,id:6a689c54efadb033ca13991d,native_id,6a689c54efadb033ca13991d,1,false,1785247860,07/28/2026 14:11:00,Kein Geld für Rücksendung erhalten ,"Habe für Rücksendungen kein Geld bzw. zu wenig erhalten. Sagen sie hätten Anweisung gegeben schicken sich den Beleg nur Geld kam keines. Der Kundendienst steigt einfach aus dem Chat zum dritten Mal aus, weil er nicht helfen will. Unfassbar der Betrug !!!! ",Alexa,67163916193fbbcbcbfd4031,AT,14,"Hallo!

Den von dir bereitgestellten Informationen zufolge hat unser Team bereits eine Lösung zu deiner Bestellung gesendet. Bitte überprüfe deine E-Mails auf Updates. Falls du keine E-Mail erhalten hast, könnte sie im Spam-Ordner gelandet sein. Wir freuen uns auf deine Rückmeldung. :)",2026-07-29T02:06:37.000Z
www.shein.com,id:6a6895a415b2676fac498279,native_id,6a6895a415b2676fac498279,1,false,1785246148,07/28/2026 13:42:28,Mon colis a été perdu par le livreur…,Mon colis a été perdu par le livreur Gofo depuis octobre 2025. Le livreur a envoyé une notification de remboursement à Shein qui a laissé traîner la démarche tout ça pour me dire que je suis hors délai qui ne peuvent pas me rembourser. Depuis je ne commande plus chez eux,Yvelique Dragybuss,69863e1db51c70153998c232,FR,3,"Bonjour !

D’après les informations fournies, nous avons constaté que notre équipe a déjà envoyé une solution concernant votre commande. Veuillez vérifier votre boîte mail pour les mises à jour. Si vous n’avez rien reçu, il se peut que le message soit dans le dossier des spams. Nous espérons avoir de vos nouvelles. :)",2026-07-29T02:10:40.000Z
www.shein.com,id:6a6895529313b4eb51f15488,native_id,6a6895529313b4eb51f15488,1,false,1785246066,07/28/2026 13:41:06,Necesito recuperar mí cuenta!!!,"Hola envié un reclamo porque perdí el correo con el que había realizado la compra y el número de traking solo tengo el gsh, envié comprobando de compra con fecha y monto, los datos de la tarjeta que hizo la comprar y me rechazaron la recuperación! Número de pedido GSH18R53200NVM* necesito me envíen por correo acceso nuevamente a mí cuenta!",Yani Juarez,6a689548ff3db27570c70333,AR,1,"Hola:

Lamentamos mucho la experiencia desagradable.

Para poder resolver mejor sus inquietudes, le solicitamos que nos proporcione información específica, como su número de pedido. Le hemos enviado un correo electrónico con el asunto ""Request for information about your experience."". Por favor, revise su bandeja de entrada (y la carpeta de spam) y responda a ese correo con la información solicitada.

Sus comentarios son nuestro motor para la mejora continua y realmente valoramos su opinión. Esperamos poder ayudarle aún más tan pronto como recibamos su respuesta. :)",2026-07-29T01:56:23.000Z
www.shein.com,id:6a686d4bb3bf3b5962fbaa04,native_id,6a686d4bb3bf3b5962fbaa04,1,false,1785235819,07/28/2026 10:50:19,Me enviaron un producto no completo y…,Me enviaron un producto no completo y entonces me puse en contacto con atención al cliente lo intenté varias veces he hicieron caso omiso no recomendable aquí .número del pedido -GS018857700N0A9- caja de archivos A4 .la caja no la tengo solo tengo el tablero de escritura que me sirve para dibujar pero solo es poca cosa no puede guardar los dibujos como muestra en la foto.,pedro ramón martínez martínez,62127d983af8150012b7b13d,ES,74,"Hola:

Lamentamos mucho la experiencia desagradable.

Para poder resolver mejor sus inquietudes, le solicitamos que nos proporcione información específica, como su número de pedido. Le hemos enviado un correo electrónico con el asunto ""Request for information about your experience."". Por favor, revise su bandeja de entrada (y la carpeta de spam) y responda a ese correo con la información solicitada.

Sus comentarios son nuestro motor para la mejora continua y realmente valoramos su opinión. Esperamos poder ayudarle aún más tan pronto como recibamos su respuesta. :)",2026-07-29T02:32:58.000Z
www.shein.com,id:6a6854f62015b1e562b750a8,native_id,6a6854f62015b1e562b750a8,5,true,1785229590,07/28/2026 09:06:30,Shein fa pubblicità da sola,"Shein fa pubblicità da sola, la conoscono tutti.
Marchio consolidato, compro di tutto e mi trovo benissimo. ",Rosa,683effbc2824b54ade012c41,IT,7,,
www.shein.com,id:6a684a8127ebfd44c165f784,native_id,6a684a8127ebfd44c165f784,1,false,1785226913,07/28/2026 08:21:53,"Missed delivery deadline, then extended it instead of honouring the promised refund","Ordered from SHEIN with a stated delivery window of 23–27 July 2026. The parcel reached the destination airport and then sat there for six days with no tracking movement, and was never released to the local courier.

On 27 July, a customer service representative confirmed in writing, in the app chat, to reach out again the next day and request a full refund then if the order does not. It was not delivered.

I contacted customer service again on 28 July, as instructed. Rather than the promised refund as per the policy of missed ETA deadline, the delivery deadline was moved to 3 August without my agreement.

Customer service was polite throughout (although fully automated bot, not a human being in sight), but every reply repeated the same three points regardless of what I asked: an apology, a request to wait longer, and a note that intercepting the parcel ""may fail.""

There was no way to reach a supervisor or anyone able to approve a refund directly, and the only concrete option offered was to refuse a delivery that no courier had yet attempted.

I've kept screenshots of the original delivery window, the written refund commitment, and the later change of date, in case anyone from SHEIN wants to look into it.

All I received is a link with a tracking code to track the local courier. However, the package has not even been handed to the local courier and the customer support representative still keeps insisting to check with the courier.

What I'd flag for other buyers is what happens after a delivery date is missed: the promised refund process didn't hold up in my case. Be very careful and cautious. I'll update this review if that changes.


IPDATE, 29 July: SHEIN's reply to this review below asks me to check my email for a resolution, suggesting it may have gone to spam. I did receive their email - it does not contain a resolution, it repeats the same request to wait, this time until 3 August. The reply to this review describes an email that doesn't match the one I actually got.",JJ,6a684a2fff3db23f58c687ee,PH,1,"Hello！

According to the information you provided, we noticed our team has sent a solution regarding your order. Please check your email for updates. If no email was received, it may have been filtered to the spam folder. We hope to hear from you. :)",2026-07-29T02:38:58.000Z
www.shein.com,id:6a6848d89dfd64b6a81e2a44,native_id,6a6848d89dfd64b6a81e2a44,4,true,1785226488,07/28/2026 08:14:48,I tempi di attesa sono sempre troppi,I tempi di attesa sono sempre troppi,Alessia,5b5b69bb4de5666d348692ea,IT,14,,
www.shein.com,id:6a6834324cadabb2242529a7,native_id,6a6834324cadabb2242529a7,5,true,1785221202,07/28/2026 06:46:42,Facile e affidabile,Facile e affidabile ,Mary,5ec58a092427952bd34f02d5,IT,7,,
www.shein.com,id:6a682ef6ae23f44bc87ac9c8,native_id,6a682ef6ae23f44bc87ac9c8,1,false,1785219862,07/28/2026 06:24:22,Hi I’m had a very bad experience with…,"Hi I’m had a very bad experience with SHEIN
Not recommending to buy items from SHEIN 
I ordered 11 items, received it, but was bad experience,- all items was a really bad quality, I decided that I want to start returning process, send items myself by post, paid 860 NOK, but all items was returned to my again!!!",Vilma Godvaišienė,6a682ef1ff3db20119c67972,NO,1,"Hello!

We are truly sorry for the unpleasant experience.

In order to better resolve your concerns, we need you to provide specific information, such as your order number. We have sent you an email with the subject ""Request for information about your experience."" Please check your inbox (and spam folder), and reply to that email with the information we need.

Your feedback is our driving force for continuous improvement, and we truly value your opinion. We look forward to providing you with further assistance as soon as we receive your response. :)",2026-07-28T08:16:00.000Z
www.shein.com,id:6a67ea654188592cff4d1bd8,native_id,6a67ea654188592cff4d1bd8,1,false,1785202309,07/28/2026 01:31:49,Shein Original payment/ wallet scam,"Order numbers:
GSU18C04R00N85K and GSU18C04R00N85J

So after weeks of Shein denying my refund for a misdelivered order they waited till I came here on trust pilot to publicly exposed them for being scammers to finally refund me even after blatantly denying my physical letter from the post office. But Here is where the real scam beings! Mind you this is a joint package do you know that shein deliberately only refunded 2 cheap orders to my original payment and then put the rest to the shein wallet??? I specifically asked that the money be put to my original payment method!!! They thought I wouldn't notice I immediatly contacted them to fix the issue and they proceeded to lie to my face and say ""sorry once we issue a refund we can't refund you again"" so in other words after we scam you we will still disrespect you and keep your money on our websites wallet instead of fully refunding you like you requested!!! At this point I will call my bank and report this transaction for fraud as this is what it boils down to now. You tried to scam me twice I'm not doing this again and also they only fix things for customers once they have been exposed on the better business bureau!!!

",Cici Nope,6a4b4de65334ac567b11071a,US,5,"Hello！

According to the information you provided, we noticed our team has sent a solution regarding your order. Please check your email for updates. If no email was received, it may have been filtered to the spam folder. We hope to hear from you. :)",2026-07-28T02:33:18.000Z
www.shein.com,id:6a67e70bd03586d8cf6a1e1a,native_id,6a67e70bd03586d8cf6a1e1a,5,false,1785201451,07/28/2026 01:17:31,Be prepared for parcels to come earlier than originally stated.,"All items that I bought from Shein I was happy with, they came in good condition and is very affordable. Ideal for holiday clothes or special occasions. Easy ordering and easy returns if necessary. ",Jayde Dickinson.,6782595cae5918f7c9f033cb,GB,6,,
www.shein.com,id:6a67bbee2569cc971d628918,native_id,6a67bbee2569cc971d628918,1,false,1785190414,07/27/2026 22:13:34,Missing items and they won't refund,"I ordered 12 items, a rug, two blankets one big one small, two plush toys a kuromi and my melody and 7 wall sticker decors. I was given a small bag with no kuromi blanket or plush toy and they refuse to refund me!! All they say is everything is in the package. I usually don't order from them but now I will not ever again. Horrible customer service",Truly Dvine,5e6a61134c154f21bd2b32de,US,5,"Hello!

We are truly sorry for the unpleasant experience.

In order to better resolve your concerns, we need you to provide specific information, such as your order number. We have sent you an email with the subject ""Request for information about your experience."" Please check your inbox (and spam folder), and reply to that email with the information we need.

Your feedback is our driving force for continuous improvement, and we truly value your opinion. We look forward to providing you with further assistance as soon as we receive your response. :)",2026-07-28T02:20:25.000Z
www.shein.com,id:6a67ad23feaf47c74baa0d61,native_id,6a67ad23feaf47c74baa0d61,1,false,1785186627,07/27/2026 21:10:27,OSZUŚCI,"OSZUŚCI! OPIS NA STRONIE - KOLCZYKI, WYSŁALI KLIPSY. SUKIENKI USZKODZONE, ŚMIERDZĄ, ROZCHODZĄ SIĘ W SZWACH. NIE MA MOŻLIWOŚCI KONTKATU Z OBSŁUGĄ KLIENTA. ROZŁĄCZAJĄ SIĘ. KOŃCZĄ CZAT ZANIM ZDĄŻĘ OPISAĆ PROBLEM. PO CZYM I TAK WYSYŁAJĄ BOTA. NIE MOGĘ ZWRÓCIĆ PRZEDMIOTÓW. NIE MA POMOCY ZE STRONY OBSŁUGI KLIENTA. 1000 ZŁ POSZŁO W PIACH! NIE POLECAM!",DAGMARA GAZDA,6a2aa6c9a71de058e1865804,PL,2,"Witaj!

Bardzo nam przykro z powodu nieprzyjemnych doświadczeń.

Aby lepiej wyjaśnić Twoje wątpliwości, prosimy o podanie konkretnych informacji, takich jak numer zamówienia. Wysłaliśmy Ci wiadomość e-mail z tematem „Request for information about your experience.”. Sprawdź skrzynkę odbiorczą (oraz folder ze spamem) i odpowiedz na tę wiadomość, podając nam potrzebne informacje.

Twoja opinia jest dla nas siłą napędową ciągłego rozwoju i naprawdę ją cenimy. Z niecierpliwością czekamy na dalszą pomoc, gdy tylko otrzymamy Twoją odpowiedź. :)",2026-07-28T02:33:29.000Z
www.shein.com,id:6a677678bacef1591569e06c,native_id,6a677678bacef1591569e06c,1,false,1785172632,07/27/2026 17:17:12,He comprado cuatro bañadores,"He comprado cuatro bañadores. 2 los he devuelto sin probar. Se niegan al reembolso. Dicen que fueron manipulados. Son unos sinvergüenzas. Los he devuelto el mismo día.solo a la vista no me encajaban. Ellis los tienen y me me los reembolsan.
Que me los devuelvan y yo buscaré para reconocerlospero No sin bañadores y sin dinero 💰 
No volveré a comprar en esa plataforma. Es su palabra contra la mía  

",Celia,6a6775c0c2526c1a229d1a6f,ES,1,"Hola:

Lamentamos mucho la experiencia desagradable.

Para poder resolver mejor sus inquietudes, le solicitamos que nos proporcione información específica, como su número de pedido. Le hemos enviado un correo electrónico con el asunto ""Request for information about your experience."". Por favor, revise su bandeja de entrada (y la carpeta de spam) y responda a ese correo con la información solicitada.

Sus comentarios son nuestro motor para la mejora continua y realmente valoramos su opinión. Esperamos poder ayudarle aún más tan pronto como recibamos su respuesta. :)",2026-07-28T02:34:35.000Z
www.shein.com,id:6a676f4d3b93b2f4b5e17a8d,native_id,6a676f4d3b93b2f4b5e17a8d,4,true,1785170797,07/27/2026 16:46:37,Très très efficace et facile.,Très très efficace et facile.,Traore Traore,610295ae483984001295d3c6,FR,5,,
www.shein.com,id:6a674ffcca1a62ef7305275c,native_id,6a674ffcca1a62ef7305275c,5,true,1785162780,07/27/2026 14:33:00,Como siempre son unos profesionales y…,Como siempre son unos profesionales y sus productos muy buenos,Maria Belen Rey Valverde,6a65f556b06fbf3886f656ee,ES,3,,
www.shein.com,id:6a673f8b6b7be673a975f71b,native_id,6a673f8b6b7be673a975f71b,1,false,1785158571,07/27/2026 13:22:51,Scammy,"Scammy - Kundenservice liest die NAchrichten nicht und hilft nicht.

Ich habe ein Paket erhalten, was GEÖFFNET und wieder zugeklebt wurde. Shein Kundenservice ignoriert das etwas aus meinem Paket geklaut wurde und sagt ""Es war vollständig"".

Hilft mir nicht wenn etwas fehlt. Der Zusteller sagt, ich solle mich an den Händler wenden und Shein LEO (Kundenservice) liest die Nachrichten nicht und schriebt das gleiche.",Marie,6a3e4d25000ce310a7911d58,AT,1,"Hallo!

Es tut uns wirklich leid, dass Sie eine unangenehme Erfahrung gemacht haben.

Um Ihr Anliegen besser bearbeiten zu können, benötigen wir von Ihnen einige spezifische Informationen, wie beispielsweise Ihre Bestellnummer. Wir haben Ihnen eine E-Mail mit dem Betreff „Request for information about your experience“ gesendet. Bitte überprüfen Sie Ihren Posteingang (und auch Ihren Spam-Ordner) und antworten Sie auf diese E-Mail mit den benötigten Informationen.

Ihr Feedback ist unser Antrieb für kontinuierliche Verbesserungen, und wir schätzen Ihre Meinung sehr. Sobald wir Ihre Antwort erhalten haben, werden wir Ihnen gerne weiterhelfen. :)",2026-07-28T02:50:25.000Z
www.shein.com,id:6a673982a744fd5117a9d7c7,native_id,6a673982a744fd5117a9d7c7,1,false,1785157026,07/27/2026 12:57:06,MANCANZA DI CORRETTEZZA. NON VOGLIONO DARMI IL RIMBORSO PER UN PRODOTTO RESO IN PERFETTE CONDIZIONI,"Con fatica e molte telefonate sono riuscita a rendere un prodotto e chiesto il rimborso su Satispay da dove avevo pagato. Ma dopo più di 2 mesi il rimborso non è arrivato. Ho fatto parecchie telefonate, sospendendole durante il periodo delle mie ferie e solo oggi con l'ultima telefonata scopro che praticamente non ho più diritto al rimborso, perché non me lo hanno mandato su Satispay (come avevo chiesto), ma me lo hanno dato sotto forma di credito sul portafoglio Shein (?), ma chi glielo ha chiesto, e che comunque è scaduto, perché potevo spenderlo solo fino a una certa data. Ma stiamo scherzando? I miei soldi? Io ho diritto al rimborso, ho diritto di spendervi come, dove e quando dico io, non sul loro sito ne tanto più con una scadenza. E l'operatore mi ha detto che tanto non me li daranno mai indietro. Scorrettezza assoluta, da denuncia. Fate attenzione! Oltre alla pessima qualità della merce, ci si può trovare in queste spiacevoli situazioni. Peccato, leggo solo adesso esperienze negative simili alla mia. Quindi, non sono la sola fregata. Ed anche io sto guardando per una segnalazione all'Autorità AGCM e non solo. Grazie per le recensioni.",Rosy,61dc56eae6889a00139bfe76,IT,8,"Ciao!

Ci scusiamo sinceramente per qualsiasi inconveniente questo possa aver causato: la tua esperienza è molto importante per noi 💝

In base alle informazioni che ci hai fornito, abbiamo identificato la tua richiesta inviata tramite l'app SHEIN. Il nostro agente dedicato sta accelerando il processo di risoluzione e garantiamo una risposta chiara entro 24 ore. Puoi monitorare gli aggiornamenti in tempo reale in qualsiasi momento nella tua ""Cronologia dei servizi"".

🔹 Procedura di accesso:
Apri l'app SHEIN → Tocca ""Io"" in basso → ""Servizio clienti"" → ""Cronologia dei servizi""

Il tuo feedback ci aiuta a migliorare: non vediamo l'ora di aiutarti ulteriormente.",2026-07-28T02:51:07.000Z
www.shein.com,id:6a672ff0a42c9796eedacb41,native_id,6a672ff0a42c9796eedacb41,1,false,1785154576,07/27/2026 12:16:16,I ordered a particular item,"I ordered a particular item, received a different item, returned for refund but only offered a lesser amount because the price had dropped after my purchase.  What an awful company.  I will never buy from them again.",Sandra Greenslade,6a672fe5b06fbf7d41f77f0b,AU,1,"Hello!

We are truly sorry for the unpleasant experience.

In order to better resolve your concerns, we need you to provide specific information, such as your order number. We have sent you an email with the subject ""Request for information about your experience."" Please check your inbox (and spam folder), and reply to that email with the information we need.

Your feedback is our driving force for continuous improvement, and we truly value your opinion. We look forward to providing you with further assistance as soon as we receive your response. :)",2026-07-28T02:07:40.000Z
www.shein.com,id:6a67241258470802b4a0443b,native_id,6a67241258470802b4a0443b,1,false,1785151538,07/27/2026 11:25:38,Me ha decepcionado completamente.,"Me ha decepcionado completamente.
Tiene que saber que los vendedores que tiene (no todos) son unos incompetentes ya que te pones en contacto con los vendedores le cuentas que la empresa de reparto con la que trabajan son un desastre,no entregan la mercancía,hasta el punto que pueden tenerla en el almacén meses o más. La empresa de la que hablo es  CTT. Patética,no trabajen con ellos. 
Hago responsable a shein por todo y me veo obligada a demandarlos porque yo estoy sin mi dinero y mis productos.",Angeles Silva Antelo,6a672115b06fbfb8d9f76100,ES,2,"Hola:

Lamentamos mucho la experiencia desagradable.

Para poder resolver mejor sus inquietudes, le solicitamos que nos proporcione información específica, como su número de pedido. Le hemos enviado un correo electrónico con el asunto ""Request for information about your experience."". Por favor, revise su bandeja de entrada (y la carpeta de spam) y responda a ese correo con la información solicitada.

Sus comentarios son nuestro motor para la mejora continua y realmente valoramos su opinión. Esperamos poder ayudarle aún más tan pronto como recibamos su respuesta. :)",2026-07-28T08:16:37.000Z
www.shein.com,id:6a66fb50ed986cde7dbd2f86,native_id,6a66fb50ed986cde7dbd2f86,5,true,1785141104,07/27/2026 08:31:44,J'adore commander chez eux,J'adore commander chez eux ,Stéphanie Mosca Amiel,6a553b57b06fbf14a6e2da02,FR,3,,
www.shein.com,id:6a66f2b5cf83020c04ed422b,native_id,6a66f2b5cf83020c04ed422b,4,true,1785138901,07/27/2026 07:55:01,Le spedizioni sempre veloci e…,Le spedizioni sempre veloci e imballaggi sempre buoni. Nulla di negativo riscontrato fino ad oggi. Sicuramente da ricomprare.,Marika Martignago,60b60cf71261ee0019fdc934,IT,9,,
www.shein.com,id:6a66e43d8a0727219b9e1971,native_id,6a66e43d8a0727219b9e1971,1,false,1785135197,07/27/2026 06:53:17,Spam indésirables Usurpation d'identité,"Je ne suis pas client chez eux, mais je reçoit sans arrêt des SMS de livraison de commandes.

C'est probablement quelqu'un qui avait mon numéro de téléphone avant.

Sauf que leur système ne permet pas de signaler le problème, et ça fait une semaine que j'échange chaque jour avec leur support qui ne comprends rien.

J'ai du créer un compte chez eux alors que je ne suis pas client, juste pour expliquer au support que quelqu'un utilise mon numéro.

J'ai même reçu l'appel d'un livreur me donnant nom et prénom du client, j'aurais pu avoir l'adresse, et faire changer pour une autre... super le respect de la vie privée !

Et quand au respect des lois sur la demande suppression d'informations privées, n'y comptez même pas.

Ce genre de site ou d'appli devrait être interdit.
",François S.,65a8230202945200120e61a5,FR,9,"Bonjour,

Nous sommes vraiment désolés pour cette expérience désagréable.

Afin de mieux répondre à vos préoccupations, nous vous demandons de bien vouloir nous fournir des informations spécifiques, telles que votre numéro de commande. Nous vous avons envoyé un e-mail avec pour objet ""Request for information about your experience."" Merci de vérifier votre boîte de réception (et le dossier des courriers indésirables) et de répondre à cet e-mail avec les informations demandées.

Vos retours sont notre moteur pour une amélioration continue et nous attachons une grande importance à votre avis. Nous sommes impatients de pouvoir vous aider davantage dès réception de votre réponse. :)",2026-07-27T08:13:13.000Z
www.shein.com,id:6a66e1188cef59f006c63fe4,native_id,6a66e1188cef59f006c63fe4,1,false,1785134392,07/27/2026 06:39:52,Leider habe ich bei einer Retour mein…,"Leider habe ich bei einer Retour mein Geld nicht erstattet bekommen. Vielleicht wäre die Info hilfreich, dass Bademode vom Umtausch ausgeschlossen ist!",Ulli E.,6a66e0f1ff3db2bdc8c4ade4,DE,2,"Hallo!

Es tut uns wirklich leid, dass Sie eine unangenehme Erfahrung gemacht haben.

Um Ihr Anliegen besser bearbeiten zu können, benötigen wir von Ihnen einige spezifische Informationen, wie beispielsweise Ihre Bestellnummer. Wir haben Ihnen eine E-Mail mit dem Betreff „Request for information about your experience“ gesendet. Bitte überprüfen Sie Ihren Posteingang (und auch Ihren Spam-Ordner) und antworten Sie auf diese E-Mail mit den benötigten Informationen.

Ihr Feedback ist unser Antrieb für kontinuierliche Verbesserungen, und wir schätzen Ihre Meinung sehr. Sobald wir Ihre Antwort erhalten haben, werden wir Ihnen gerne weiterhelfen. :)",2026-07-27T08:45:10.000Z
www.shein.com,id:6a668cf63a9cfe72e67e858f,native_id,6a668cf63a9cfe72e67e858f,2,false,1785112854,07/27/2026 00:40:54,Reasons shein may go out of business,"So I've been ordering from shein for quite a while now and I can say I had to throw most the clothes away I bought from them and these are the reasons:
1. Some out-going shirts dont fit or have shrunk on me 
2. Buttons and zippers either break completely off, discolor from washing, or completely fall off from poor stitching. 
3. Embarrassing clothing rips or holes or buttons falling off holding jump suit together during work and having to use safety pins as a back up plan with notice of a button missing.",Aleta jimenez,5f6e65602c222c884481ebf3,US,4,"Hello!

We are truly sorry for the unpleasant experience.

In order to better resolve your concerns, we need you to provide specific information, such as your order number. We have sent you an email with the subject ""Request for information about your experience."" Please check your inbox (and spam folder), and reply to that email with the information we need.

Your feedback is our driving force for continuous improvement, and we truly value your opinion. We look forward to providing you with further assistance as soon as we receive your response. :)",2026-07-27T06:47:41.000Z
www.shein.com,id:6a667e612e3b308d789f1dc8,native_id,6a667e612e3b308d789f1dc8,1,false,1785109121,07/26/2026 23:38:41,Shein is getting expensive ,"I'm finding that when you want to put items in your cart the prices are going up as you go to the check out, doesn't make any logical sense plus the coupons are hard to use they are getting so expensive you might as well shop in your hometown now.
",Amanda Danrell,61cfa2e5149fa50012fbabc7,NZ,3,"Hello!

We are truly sorry for the unpleasant experience.

In order to better resolve your concerns, we need you to provide specific information, such as your order number. We have sent you an email with the subject ""Request for information about your experience."" Please check your inbox (and spam folder), and reply to that email with the information we need.

Your feedback is our driving force for continuous improvement, and we truly value your opinion. We look forward to providing you with further assistance as soon as we receive your response. :)",2026-07-27T09:42:59.000Z
www.shein.com,id:6a667d7bf61d72a08848c1ec,native_id,6a667d7bf61d72a08848c1ec,1,false,1785108891,07/26/2026 23:34:51,Sehr enttäuschende Erfahrung GSO18C223001NUT,"Sehr enttäuschende Erfahrung. Ich habe den Artikel genau so zurückgeschickt, wie ich ihn erhalten habe. Trotzdem habe ich bis heute keine Rückerstattung erhalten und mir wurde gesagt, dass es angeblich nicht dieselbe Ware ist.

Ich habe alle meine Verpflichtungen als Käufer gewissenhaft erfüllt und erwarte, dass der Verkäufer dies ebenfalls tut....

Nichts dort bestellen!!!


",Nana Vinc,6a667d76c2526c489f9beda2,AT,1,"Hallo!

Wir entschuldigen uns aufrichtig für etwaige Unannehmlichkeiten—deine Erfahrung ist uns sehr wichtig 💝

Gemäß den von dir bereitgestellten Informationen haben wir deine Anfrage über die SHEIN-App erkannt und unser engagierter Supportmitarbeiter arbeitet schnell an der Lösung. Wir garantieren innerhalb von 24 Stunden eine klare Antwort, und du kannst jederzeit Echtzeit-Updates unter „Serviceprotokolle“ verfolgen.

🔹 So greifst du darauf zu:
Öffne die SHEIN App → Tippe unten auf „Ich“ → „Kundenservice“ → „Serviceprotokolle“

Dein Feedback weist uns den Weg—wir freuen uns darauf, dir weiterzuhelfen.",2026-07-27T03:03:52.000Z
www.shein.com,id:6a6671341c3b31a292bcae54,native_id,6a6671341c3b31a292bcae54,1,false,1785105748,07/26/2026 22:42:28,Pessimo,"Ho fatto piu ordini, mai arrrivati nei tempi previsti, e addirittura certi non sono proprio mai arrivati. Pessimo! Non ordinerò mai piu! Totalmente inaffidabili",Rajka Erak,6a66712bc2526c3f1a9be2ca,IT,1,"Ciao!

Siamo davvero dispiaciuti per la spiacevole esperienza.

Per poter risolvere meglio le sue preoccupazioni, abbiamo bisogno che ci fornisca informazioni specifiche, come il numero dell’ordine. Le abbiamo inviato un’e-mail con oggetto “Richiesta di informazioni sulla sua esperienza”. La preghiamo di controllare la sua casella di posta (e la cartella dello spam) e di rispondere a quella e-mail fornendo le informazioni richieste.

Il suo feedback è la nostra forza motrice per un miglioramento continuo e apprezziamo davvero la sua opinione. Saremo lieti di fornirle ulteriore assistenza non appena riceveremo la sua risposta. :)",2026-07-27T08:46:25.000Z
www.shein.com,id:6a6655495d1065bb62e36fa9,native_id,6a6655495d1065bb62e36fa9,4,true,1785098601,07/26/2026 20:43:21,SHEIN non sempre conviene,A parte alcuni materiali che a volte sono veramente pessimi io mi ritengo contenta dei prodotti! Attenti solamente ai prezzi perché a volte sono molto più alti rispetto ai grandi magazzini che abbiamo nelle nostre città!,Jle,5e2a9436fe898931a521f7aa,IT,14,,
www.shein.com,id:6a664a32bc767427870a8b79,native_id,6a664a32bc767427870a8b79,1,false,1785095762,07/26/2026 19:56:02,SHEIN falsely advertised a nightgown,"SHEIN falsely advertised a nightgown as Natural Linen with no other fabric materials listed in the product description. When I returned the item because it was actually made of mostly synthetic fabrics, 67% Viscose (Rayon) and 24% Polyamide (Nylon) and only 8% Linen, SHEIN only issued a partial refund even though it was returned due their own misrepresentation of the product. SHEIN refused to address the issue with nonsensical/irrelevant responses to my demands for a full refund. SHEIN should first and foremost stop misrepresenting products and definitely should fully refund customers when they are called out for doing so.",Steve Phillips,695bad5d3d98f0296215e2dd,US,2,"Hello!

We sincerely apologize for any inconvenience caused—your experience is incredibly important to us 💝

According to the information you provided, we've identified your inquiry submitted via the SHEIN app and our dedicated support agent is expediting the resolution.We guarantee a clear response within 24 hours, and you can monitor real-time updates anytime in ""Service Records"".

🔹 Steps to Access:
Open SHEIN APP → Tap ""Me"" at bottom → ""Customer Service"" → ""Service Records""

Your feedback lights our path forward—we look forward to assisting you further.",2026-07-27T08:32:54.000Z
www.shein.com,id:6a66400ffa7104db89529758,native_id,6a66400ffa7104db89529758,1,false,1785093167,07/26/2026 19:12:47,Absolutely not worth the hassle,"Absolutely not worth the hassle. My packages are now over two weeks late. Shein told me to contact the shipping company, but the shipping company said it was still within the delivery timeframe. After I sent them a screenshot proving it had already exceeded the promised timeframe twice, yes folks twice, they changed their story and admitted it was late.  

To make matters worse, the shipping company suddenly claimed my address was ""unshippable""—even though they had already successfully delivered other packages to the exact same address. Then Shein turned around and canceled it, refunded the funds yet I was told by the shipping company it would be delivered the following day.  Which of course was untrue. Now they want 3 more days.  

I'm still waiting for my order with no real answers or resolution. Poor customer service, conflicting information, refusal to get a manager and zero accountability. I won't be ordering again. I highly recommend not going through the hassle especially if you want your items within the timeframe promised.  ",Cassandra Polasky,6955b42c00ecba00fd9ff499,US,2,"Hello！

According to the information you provided, we noticed our team has sent a solution regarding your order. Please check your email for updates. If no email was received, it may have been filtered to the spam folder. We hope to hear from you. :)",2026-07-27T01:54:58.000Z
www.shein.com,id:6a663b1c7dd267ccfe404b80,native_id,6a663b1c7dd267ccfe404b80,5,true,1785091900,07/26/2026 18:51:40,Me encanta todo,"Me encanta todo, y el precio",Monica Garcia,687ab798192bd30da3c83648,ES,5,,
www.shein.com,id:6a66371150dc8b58a15964f5,native_id,6a66371150dc8b58a15964f5,1,false,1785090865,07/26/2026 18:34:25,Discrimination de SHEIN,"Edit reponse: Cela prouve à tout le monde que vous faites du faux service client. 

Arrêtez de me renvoyer vers des e-mails inexistants ou des réponses automatiques qui sont introuvables. La seule et unique solution recevable est le REMBOURSEMENT INTÉGRAL de ma commande mais vu comment vous vous moquez de moi depuis le début et jusqu’à aujourd’hui je sais que ça n’arrivera pas. 

J'ai vérifié l'intégralité de ma boîte mail, y compris les spams, il n'y a  aucun message de votre part concernant une solution.

Vous en avez certainement entendu parler sur les réseaux sociaux et j’en continuerai d’en parler, voici l’aventure discriminatoire que j’ai vécu.

Après un problème de livraison, le service client Shein a validé ma demande de remboursement par écrit. Lors d'un échange suivant, un conseiller m'a même explicitement confirmé que le virement avait déjà été effectué sur mon compte ! Mais coup de théâtre : quelques jours plus tard, un autre conseiller me soutient subitement que le remboursement est refusé !
Ils jouent littéralement avec mes émotions et mes nerfs. 

Passer du soulagement de voir un litige réglé à la frustration de se faire berner par des promesses de faux virements est intolérable. On vous rassure, on vous ment en certifiant que l'argent est parti, pour ensuite faire marche arrière sans la moindre gêne. C'est de la manipulation pure et simple.

À l'origine de ce litige ? Un colis volatilisé. Alors que toutes mes précédentes commandes faisaient l'objet d'un appel ou d'une signature, cette fois-ci, comme par hasard, rien de tout cela. En guise de ""preuve"", le livreur m'a laissé une simple photo du colis posé devant ma boîte aux lettres. C'est absurde ! À ce compte-là, je peux aussi prendre en photo les clés d'une voiture posées sur le capot pour prouver que j'ai bien livré le véhicule à son propriétaire ! Cela ne prouve absolument pas que j'ai reçu le colis.

Ce colis était extrêmement important puisqu'il s'agissait d'articles pour une naissance. En guise de preuve de ma bonne foi et de la non-réception, j'ai dû repasser exactement la même commande à mes frais ! Qui s'amuserait à acheter deux fois strictement les mêmes articles pour bébé si le premier colis avait vraiment été réceptionné ? Personne.
J'ai conservé TOUTES les captures d'écran prouvant leurs confirmations de virement ainsi que la preuve de ma double commande afin d’obtenir justice, j’ai déjà commencé à parler de cette histoire auprès de mon audience sur les réseaux sociaux et je veux aider un maximum de personne pour ne pas connaître ce problème, n’hésitez pas à relayer pour combattre les injustices de cette entreprise",Jet Mané,6a6636b2236e3d1592e551a1,FR,1,"Bonjour !

D’après les informations fournies, nous avons constaté que notre équipe a déjà envoyé une solution concernant votre commande. Veuillez vérifier votre boîte mail pour les mises à jour. Si vous n’avez rien reçu, il se peut que le message soit dans le dossier des spams. Nous espérons avoir de vos nouvelles. :)",2026-07-27T02:55:37.000Z
www.shein.com,id:6a662bbad8260380cbe62a07,native_id,6a662bbad8260380cbe62a07,1,false,1785087962,07/26/2026 17:46:02,SHEIN is the worst company I have ever…,"SHEIN is the worst company I have ever dealt with. I was overcharged and tried to contact customer service, but it was impossible to get help because you only interact with robots. No one was able to resolve my issue.

The quality of the materials is extremely cheap, and the items I received looked nothing like the pictures on the website. It was very disappointing.

I do not recommend buying from this company. My experience was frustrating from start to finish. Worst experience ever!",Semir,6296146a0afa9d001221c9eb,US,2,"Hello！
According to the information you provided, we noticed our team has sent a solution regarding your order. Please check your email for updates. If no email was received, it may have been filtered to the spam folder. We hope to hear from you. :)",2026-07-27T01:51:34.000Z
www.shein.com,id:6a662a651d50639e0eba8f4c,native_id,6a662a651d50639e0eba8f4c,1,false,1785087621,07/26/2026 17:40:21,In meinen Augen sind das Betrüger,"In meinen Augen sind das Betrüger. Es wurde damit geworden, Badeanzüge retourieren zu können- habe also einige bestellt und zurückgeschickt. Dann der Hammer: Habe in allen Fällen mein Geld nicht erstattet bekommen und die Badeanzüge wurden ebenso nicht an mich zurückgeschickt. Beim Kundenservice erreicht man nur Chat bots. Die Badeanzüge waren zu 100% unversehrt zurückgeschickt. Jetzt bleibe ich auf den Kosten sitzen und habe weder Ware noch Geld- hab die App sofort gelöscht! Nie wieder! Ist sowieso mangelhafter Ramsch ",Sky xxx,698f0e24e90c6e7d853b1ffc,DE,6,"Hallo!

Es tut uns wirklich leid, dass Sie eine unangenehme Erfahrung gemacht haben.

Um Ihr Anliegen besser bearbeiten zu können, benötigen wir von Ihnen einige spezifische Informationen, wie beispielsweise Ihre Bestellnummer. Wir haben Ihnen eine E-Mail mit dem Betreff „Request for information about your experience“ gesendet. Bitte überprüfen Sie Ihren Posteingang (und auch Ihren Spam-Ordner) und antworten Sie auf diese E-Mail mit den benötigten Informationen.

Ihr Feedback ist unser Antrieb für kontinuierliche Verbesserungen, und wir schätzen Ihre Meinung sehr. Sobald wir Ihre Antwort erhalten haben, werden wir Ihnen gerne weiterhelfen. :)",2026-07-27T01:55:45.000Z
www.shein.com,id:6a660ee4478e5c51c9175fec,native_id,6a660ee4478e5c51c9175fec,4,false,1785080580,07/26/2026 15:43:00,Shein est l’une des industries digitale…,Shein est l’une des industries digitale les plus impactantes. Tu peux trouver tout ce que tu veux en quelques clics et ça c’est vraiment super. Le problème c’est souvent les arrivages vers les pays africains .,Plg Foundation,6a65fa3fc2526c2fca9b6a42,CI,2,,
www.shein.com,id:6a65f3c164c0833d9c11dc6c,native_id,6a65f3c164c0833d9c11dc6c,1,false,1785073633,07/26/2026 13:47:13,Ich habe meine Ware nicht erhalten,"Ich habe meine Ware nicht erhalten. Laut Status wurde es als „zugestellt“ markiert, aber ich habe nie was bekommen. Ich habe selbst bei der Post angerufen und Sie meinten nur der Verkäufer (SHEIN) muss eine Nachforschung einleiten, aber diese weigert sich, weil es ja für Sie, als zugestellt und somit für SHEIN abgeschlossen gilt. ",patricia hammerl,609057fae31684001c9d2133,AT,25,"Hallo!
Es tut uns wirklich leid, dass Sie eine unangenehme Erfahrung gemacht haben.
Um Ihr Anliegen besser bearbeiten zu können, benötigen wir von Ihnen einige spezifische Informationen, wie beispielsweise Ihre Bestellnummer. Wir haben Ihnen eine E-Mail mit dem Betreff „Request for information about your experience“ gesendet. Bitte überprüfen Sie Ihren Posteingang (und auch Ihren Spam-Ordner) und antworten Sie auf diese E-Mail mit den benötigten Informationen.
Ihr Feedback ist unser Antrieb für kontinuierliche Verbesserungen, und wir schätzen Ihre Meinung sehr. Sobald wir Ihre Antwort erhalten haben, werden wir Ihnen gerne weiterhelfen. :)",2026-07-27T02:03:21.000Z
www.shein.com,id:6a65d4bf5295c7ebd68f46b6,native_id,6a65d4bf5295c7ebd68f46b6,1,false,1785065695,07/26/2026 11:34:55,I had a very disappointing experience…,"I had a very disappointing experience with SHEIN's return process. Their return policy is confusing and not customer-friendly, making it difficult to resolve issues when an item doesn't meet expectations.

What made the experience worse was the customer service. It was extremely difficult to get proper assistance, and I felt that my concerns were not taken seriously. Responses were either delayed or unhelpful, leaving me without a satisfactory solution.

I hope SHEIN improves both its return policy and customer support, because these are essential for building customer trust. Based on my experience, I cannot recommend their after-sales service.",Benj Rocero,6a52081524460e5a0b2ec6bf,AE,4,"Hello!

We are truly sorry for the unpleasant experience.

In order to better resolve your concerns, we need you to provide specific information, such as your order number. We have sent you an email with the subject ""Request for information about your experience."" Please check your inbox (and spam folder), and reply to that email with the information we need.

Your feedback is our driving force for continuous improvement, and we truly value your opinion. We look forward to providing you with further assistance as soon as we receive your response. :)",2026-07-27T01:57:20.000Z
www.shein.com,id:6a65d247ca482ac8a0df5bf6,native_id,6a65d247ca482ac8a0df5bf6,1,false,1785065063,07/26/2026 11:24:23,Shein ya no es lo que era.,"Shein ya no es lo que era.
Cada vez sus prendas tienen peor calidad y la atención al cliente es pésima.
Compré bañadores, de varias tallas porque no sabía cuál era la mía.
Antes de realizar la compra, hablé con un agente de atención al cliente mediante chat para asegurarme que en caso de que una talla me quedará grande, si podía devolverla. Me aseguró que TODO se puede devolver.
Cuando me llegó me quedé con dos y devolví otros dos bañadores porque eran más grandes, uno de ellos ni siquiera lo abrí.
He estado semanas esperando el abono hasta que me cansé y me puse en contacto con ellos. La agente que me contestó, además de ser una borde me dijo que el departamento de calidad aseguró que el protector que ponen en la zona de la braguita, por higiene, estaba arrugado y que no me hacían la devolución.
Tuve que ponerme seria y demostrarle con imágenes que ese protector ya vino arrugado y despegado porque cuando preparan los paquetes muchas veces la ropa la doblan de malas maneras.
Además también le mandé el pantallazo que realicé de mi anterior conversación con un compañero suyo donde me aseguraba que todo se podía devolver.
Me realizaron el abono a regañadientes pero no me parece justo tener que andar detrás de ellos para recuperar tu dinero y encima con malas contestaciones y mensajes automatizados.
Desde entonces, eliminé la cuenta y desaconsejo totalmente comprar en Shein porque no cumplen con lo que prometen
",Laura,64afc1d8c7321b00111abf14,ES,11,"Hola:

Lamentamos mucho la experiencia desagradable.

Para poder resolver mejor sus inquietudes, le solicitamos que nos proporcione información específica, como su número de pedido. Le hemos enviado un correo electrónico con el asunto ""Request for information about your experience."". Por favor, revise su bandeja de entrada (y la carpeta de spam) y responda a ese correo con la información solicitada.

Sus comentarios son nuestro motor para la mejora continua y realmente valoramos su opinión. Esperamos poder ayudarle aún más tan pronto como recibamos su respuesta. :)",2026-07-27T02:50:23.000Z
www.shein.com,id:6a65b5c6545210e63a4d86bd,native_id,6a65b5c6545210e63a4d86bd,1,false,1785057766,07/26/2026 09:22:46,Ich warte seit über zwei Monaten auf…,"Ich warte seit über zwei Monaten auf meine Rückerstattung.

Ich habe meine Rücksendung ordnungsgemäß mit DHL verschickt und alle erforderlichen Nachweise eingereicht, einschließlich der Sendungsverfolgung und der Bestätigung von DHL.

Trotzdem wurde mein Fall von SHEIN geschlossen, ohne dass mein Problem gelöst wurde. Auf meine Nachrichten erhielt ich überwiegend Standardantworten, ohne dass sich jemand ernsthaft mit meinem Fall beschäftigt hat.

Zusätzlich wurde mein PayPal-Fall mit der Begründung abgelehnt, ich hätte keine Sendungsverfolgung eingereicht, obwohl ich diese fristgerecht übermittelt habe.

Ich bin sehr enttäuscht vom Kundenservice. Als Kunde habe ich meine Pflicht erfüllt und die Rücksendung ordnungsgemäß versendet. Was danach mit dem Paket innerhalb des Lagers passiert ist, liegt nicht mehr in meiner Verantwortung.

Sollte auch weiterhin keine Lösung gefunden werden, werde ich den Fall an das Europäische Verbraucherzentrum (ECC-Net) weiterleiten.

Für mich steht fest: Ich werde künftig nicht mehr bei SHEIN bestellen und kann den Kundenservice aufgrund meiner Erfahrungen leider nicht empfehlen.",Patrycja F,6a65b5c0236e3da0bce4d246,DE,1,"Hallo!

Den von dir bereitgestellten Informationen zufolge hat unser Team bereits eine Lösung zu deiner Bestellung gesendet. Bitte überprüfe deine E-Mails auf Updates. Falls du keine E-Mail erhalten hast, könnte sie im Spam-Ordner gelandet sein. Wir freuen uns auf deine Rückmeldung. :)",2026-07-27T06:44:23.000Z
www.shein.com,id:6a65ab370e9aff0859fd9541,native_id,6a65ab370e9aff0859fd9541,1,false,1785055063,07/26/2026 08:37:43,They rejected my verification documents…,"They rejected my verification documents ( I sent 4 different ones). And at 1 week they told me to wait an additional 24-48hrs following which they said nothing. They then cancelled my order without even saying anything and refunded me, which refund has not been received yet as it can take 20days. No communication from the ticket I opened either. Infact, it took them at least 24/hrs to reply to any follow ups I did. It has been an awful and traumatic experience ",Manna Chikomo,6a65ab2cc2526c5f8b9b265d,ZA,1,"Hello!

We are truly sorry for the unpleasant experience.

In order to better resolve your concerns, we need you to provide specific information, such as your order number. We have sent you an email with the subject ""Request for information about your experience."" Please check your inbox (and spam folder), and reply to that email with the information we need.

Your feedback is our driving force for continuous improvement, and we truly value your opinion. We look forward to providing you with further assistance as soon as we receive your response. :)",2026-07-27T02:51:27.000Z
www.shein.com,id:6a658b1854424b6dbe3b4a22,native_id,6a658b1854424b6dbe3b4a22,1,false,1785046840,07/26/2026 06:20:40,"    Received Another Customer’s Order, Then SHEIN Denied It","I ordered $166.27 worth of merchandise from SHEIN and never received the items I actually purchased.

Instead, my package contained another customer’s order, including that customer’s packing slip with a different name and shipping address. The clothing I received did not match my order at all.

I immediately contacted SHEIN and submitted extensive evidence, including:

* Photos of the items I actually received.
* The other customer’s packing slip that was inside my package.
* My original order showing what I purchased.
* Additional documentation proving the merchandise did not match my order.

Despite this, SHEIN repeatedly denied my claim, stating that their warehouse confirmed my package was shipped correctly. They have never explained how another customer’s packing slip ended up inside my package if there was supposedly no fulfillment error.

Rather than acknowledging that I never received the merchandise I paid for, I was simply told to return the package as if this were a standard return.

I have since had to file a dispute with Klarna, a complaint with the Better Business Bureau, and a report with the FTC because I have been unable to get SHEIN to address the evidence or issue a refund.

My biggest frustration is not just the fulfillment mistake—mistakes happen. It’s that even after providing clear documentation, including another customer’s packing slip, SHEIN refused to explain how that could happen while insisting there was no warehouse error.

I expected much better customer service and accountability.",Ni M,63f90f85db5f2f00121e28c2,US,4,"Hello!

We are truly sorry for the unpleasant experience.

In order to better resolve your concerns, we need you to provide specific information, such as your order number. We have sent you an email with the subject ""Request for information about your experience."" Please check your inbox (and spam folder), and reply to that email with the information we need.

Your feedback is our driving force for continuous improvement, and we truly value your opinion. We look forward to providing you with further assistance as soon as we receive your response. :)",2026-07-26T09:47:54.000Z
www.shein.com,id:6a654f19c39d51e55a996791,native_id,6a654f19c39d51e55a996791,1,false,1785031481,07/26/2026 02:04:41,Gjorde beställningpå övet 4000 kr ,"Gjorde beställningpå övet 4000 kr . Ångrar att jag beställde överhuvudtaget . Vid returen tog jag foto på allt  . Nu påstår dom att jag mste ha kvitto en prudukt . Det är sååå HEMSKT RÅFULT företag ., det värsta som finns . Enormt krångliga returer , värdelös kundtjänst som inte har koll . Man ska förklara ge siffror på beställningar flera ggr , det är enormt irriterande system för att man ska ge upp . Man blir bara arg . Den som jobbar på kundtjänst med kunder SKA ha koll på vad kunden betällt o returer . Även om det rör sig om lite pengar så ser dom till att luras BESTÄLL INTE FRÅN DETTA FÖRETAG . Dom har sk returpolicy krånglig för kunderna ska ge upp 
O luras på pengar . Hsr skickat bevis på kvitto vid retur o foton . Men det räcker inte . Dom är FRUKTANSVÄRDA . Och vid återbetalning ändrar dom summorna för varje vara till det mindre än vad det kostadr att beställa . Och då är det till deras fördel . Så fult ",marissa,68872aa704313e19543a1f0a,SE,16,"Hej!

Vi beklagar verkligen den obehagliga upplevelsen.

För att bättre kunna lösa dina problem behöver vi specifik information från dig, till exempel ditt ordernummer. Vi har skickat ett e-postmeddelande med ämnet ""Begäran om information om din upplevelse"". Kontrollera din inkorg (och skräppostmapp) och svara på det e-postmeddelandet med den information vi behöver.

Din feedback är vår drivkraft för kontinuerlig förbättring, och vi värdesätter verkligen din åsikt. Vi ser fram emot att ge dig ytterligare hjälp så snart vi får ditt svar. :)",2026-07-26T09:52:24.000Z
www.shein.com,id:6a654bd1968b75fe508b3d9d,native_id,6a654bd1968b75fe508b3d9d,2,false,1785030641,07/26/2026 01:50:41,Terrible Clothing and Bad Carpets,"I have reviewed Shein about one week ago, but have just now received my latest package.

This has by far been my worst package. I ordered 3 manga-inspired pens, a japanese carpet (small) and a t-shirt (L).

The Three Pens:
I have had no issues with them. They were all great quality and looked stunning. It was a bit expensive for 3 pens though.

The  Carpet:
I hated it. It was horrible. The only good thing about it was the size. The carpet had a Koi carp / Japanese artwork on it. Which looked great on the photo's. But when it arrived, it had white patches that had no color. The carpet was also folded so badly that it can hardly be used as a carpet.

The T-Shirt:
It had a very fun and happy artwork on it. Other than that, awful. The color of the shirt was a disgusting yellow. Not the same as in the picture. Size L feels more like a size M and the fabric used is just terrible. It's extremely hot and looks like a wrinkled gym shirt.

I don't see myself ever buying clothing on Shein again, nor carpets. 2/5 stars.",Artemis R.,697e179be90c6e94e226bf5e,NL,6,"Hello!

We are truly sorry for the unpleasant experience.

In order to better resolve your concerns, we need you to provide specific information, such as your order number. We have sent you an email with the subject ""Request for information about your experience."" Please check your inbox (and spam folder), and reply to that email with the information we need.

Your feedback is our driving force for continuous improvement, and we truly value your opinion. We look forward to providing you with further assistance as soon as we receive your response. :)",2026-07-26T09:16:55.000Z
www.shein.com,id:6a64fa32e0a7907b975d968f,native_id,6a64fa32e0a7907b975d968f,1,false,1785009746,07/25/2026 20:02:26,De mieux en mieux ,Suite à mon avis négatif Shein m'a demandé un complément d'information dont le numéro de commande. Je leur ai envoyé et toujours aucune réponse. Traitement très particulier des réclamations ! Je ne recommande franchement pas ce site.,Brigitte,52205b8500006400014a10b6,FR,23,"Bonjour !

D’après les informations fournies, nous avons constaté que notre équipe a déjà envoyé une solution concernant votre commande. Veuillez vérifier votre boîte mail pour les mises à jour. Si vous n’avez rien reçu, il se peut que le message soit dans le dossier des spams. Nous espérons avoir de vos nouvelles. :)",2026-07-27T08:49:59.000Z
www.shein.com,id:6a64e84727a79ec11623305a,native_id,6a64e84727a79ec11623305a,3,false,1785005159,07/25/2026 18:45:59,Kan niet retour betaal veel voor niets,"Ik had kleding besteld waarvan meerder items niet goed waren. Wilde ze retourneren, maar in ene bleek hiervoor een retourbeleid te zijn dat ze niet retour mochten. Bij bestellen op de site staat daar.niks van bij. Heel raar nu betaal ik veel geld voor kleding die ik niet pas.  Bij een ketting kan ik nog begrijpen dat die niet terug kan, maar kleding??Echt heel slecht. Vermeld dit op de site voordat ik een bestelling doe.zet bij de jurk deze kan niet retour dan weet ik dat ik die niet hoeft te bestellen . Ik vind dit niet fair!!Ik bestel nooit meer!!! Betaal nu veel geld voor iets waar ik niks aan heb. En wat niet retour kan. Balen  dit!!!!",jolanda de bruin,54b3f59a0000ff0001a38bf0,NL,22,"Hallo!
Op basis van de informatie die u heeft verstrekt, heeft ons team een ​​oplossing voor uw bestelling gestuurd. Controleer uw e-mail voor updates. Als u geen e-mail heeft ontvangen, is deze mogelijk in uw spammap terechtgekomen. We hopen snel van u te horen. :)",2026-07-26T02:07:39.000Z
www.shein.com,id:6a648aa4abb15d5807685837,native_id,6a648aa4abb15d5807685837,4,false,1784981188,07/25/2026 12:06:28,Good company ,"
The parcel has now been delivered, thank you for the  a company has responded to me   
SIhIN
Is good The shorts my husband likes them.",Elizabeth Rodgers,5cff7bb16eafc20105d39b5b,GB,17,,
www.shein.com,id:6a64832444d8169ce7a976a9,native_id,6a64832444d8169ce7a976a9,5,true,1784979268,07/25/2026 11:34:28,Niente da dire.,Niente da dire.. Tutto ok.. 💪 ,Ariel A.,68f11a7f51e7937d44128c44,IT,3,,
www.shein.com,id:6a647b9f49dd98dcfa15b7b7,native_id,6a647b9f49dd98dcfa15b7b7,1,false,1784977343,07/25/2026 11:02:23,zeer slechte ervaring over retour en geen hulp te krijgen,"In mei heb ik een bestelling teruggedaan en nu PAS NU komt er naar boven dat deze bestelling nog niet is aangekomen en moet ik deze betalen. Ik heb alle bewijzen doorgestuurd via klantenservice maar ik ben hier niet over te spreken, zij helpen mij niet ( of enkel in hun voordeel). Het gaat over een hoog bedrag ( 500 euro)en ik ga niet voor dingen betalen die ik niet heb. Nu hoop ik via hier dat ze mij wel deftig gaan helpen want mijn geduld begin op te geraken. Ook de koerier via wat dat ik het gestuurd heb zegt dat ik met shein contact moet opnemen en shein zegt dat ik met hen contact moet opnemen want een ping pong gedoe! Ik word hier heel boos van, en nu hoop ik via deze weg dat ik wel deftig word geholpen. Ik heb bewijzen dat dit is teruggestuurd en de retourbonnen en de bestelbevstigingen ( het gaat over meerdere paketten), ik heb nog nooit zo een slechte ervaring gehad met shein! ",Geike,6452705422474100128bcc5c,BE,2,"Hallo!

Onze excuses voor het ongemak. Uw ervaring is erg belangrijk voor ons 💝

Op basis van de informatie die u heeft verstrekt, hebben we uw vraag via de SHEIN-app ontvangen en onze medewerker van de klantenservice werkt hard aan een oplossing. We garanderen een duidelijk antwoord binnen 24 uur en u kunt de status van uw servicegegevens op elk moment live volgen in ""Servicegegevens"".

🔹 Stappen om toegang te krijgen:
Open de SHEIN-app → Tik onderaan op ""Mijn account"" → ""Klantenservice"" → ""Servicegegevens""

Uw feedback is waardevol voor ons. We kijken ernaar uit u verder te helpen.",2026-07-26T03:31:58.000Z
www.shein.com,id:6a64765d116b84291307d697,native_id,6a64765d116b84291307d697,1,false,1784975997,07/25/2026 10:39:57,J'ai un colis qui a été perdu sachant…,J'ai un colis qui a été perdu sachant que je leur ai envoyé un message pour les informer que je ne pouvais pas le récupérer. Le colis est resté au point relais et résultat il on du le perdre et Shein ne veut rien savoir. Bravo quelle politique de commerce il empoche l'argent et ne vous rembourse pas et se cache derrière des réponses sans interlocuteur directe faites très attention ⚠️ ⚠️ ⚠️ De plus j'ai effectué un retour d'articles dont le remboursement c'est fait 1mois et demi après il a fallu que je leur rappelle. ,Ben youssef Hassanet,6a647633c2526c41919a2955,FR,2,"Bonjour !

Nous vous présentons nos sincères excuses pour tout désagrément occasionné—votre expérience compte énormément pour nous 💝

Selon les informations que vous avez fournies, nous avons identifié votre demande soumise via l’application SHEIN. Notre agent dédié accélère la résolution, et nous vous garantissons une réponse claire sous 24 heures. Vous pouvez suivre les mises à jour en temps réel à tout moment dans « Historique du service ».

🔹 Étapes d’accès :
Ouvrez l’application SHEIN → Touchez « Moi » en bas → « Service client » → « Historique du service »

Vos retours éclairent notre chemin—nous avons hâte de pouvoir vous aider davantage.",2026-07-26T03:30:57.000Z
www.shein.com,id:6a6463d919c911623ccae61f,native_id,6a6463d919c911623ccae61f,3,true,1784971257,07/25/2026 09:20:57,Tarda muchísimo los pedidos a Melilla,Tarda muchísimo los pedidos a Melilla,Conchi Alcala MArtinez,5a3baef00000ff000af486f7,ES,7,"¡Hola!

Según la información que nos proporcionaste, notamos que nuestro equipo ya ha enviado una solución relacionada con tu pedido. Por favor, revisa tu correo electrónico para ver las actualizaciones. Si no recibiste ningún correo, puede que haya sido filtrado a la carpeta de spam. Esperamos tu respuesta. :)",2026-07-26T02:13:08.000Z
www.shein.com,id:6a63ca6db615990960614dac,native_id,6a63ca6db615990960614dac,2,false,1784931981,07/24/2026 22:26:21,Shein seems to provide false offerings,"Shein seems to provide false offerings. On the site they have it where they offer free gifts to loyal customers that have purchase histories from a long time ago. I was selected as one of the eligible members to receive five free gifts because I've been a loyal customer of Shein since they first came out. However, it is not so simple to receive these so-called ""free gifts"". While trying to obtain my 5 free gifts I was hit with repetitive messages, I started to think it was spam. You practically have to perform magic tricks just to receive a ""free gift"". They will not just give it to you, even if you have been a loyal customer for years. Nowadays seems like they are an imitation knock off of Temu.",Rene Willy,5eb18408ee8f29397cca1ca8,US,2,"Hello!

We are truly sorry for the unpleasant experience.

In order to better resolve your concerns, we need you to provide specific information, such as your order number. We have sent you an email with the subject ""Request for information about your experience."" Please check your inbox (and spam folder), and reply to that email with the information we need.

Your feedback is our driving force for continuous improvement, and we truly value your opinion. We look forward to providing you with further assistance as soon as we receive your response. :)",2026-07-25T02:09:53.000Z
www.shein.com,id:6a63c664136dd5d066cd0391,native_id,6a63c664136dd5d066cd0391,1,false,1784930949,07/24/2026 22:09:09,Real life calling ,Nothing wrong about shopping online ….just annoying they pretend to give things to people when they don’t !!!!! Is so annoying that dog game and notifications I’ve turn off but they still coming !!!!!! Gosh this is real life not cartoons temu SHEIN is all the same bunch of cartoons animated ,Rui Oliveira,56b1da5b0000ff000a028357,GB,79,"Hello!

We are truly sorry for the unpleasant experience.

In order to better resolve your concerns, we need you to provide specific information, such as your order number. We have sent you an email with the subject ""Request for information about your experience."" Please check your inbox (and spam folder), and reply to that email with the information we need.

Your feedback is our driving force for continuous improvement, and we truly value your opinion. We look forward to providing you with further assistance as soon as we receive your response. :)",2026-07-25T02:00:25.000Z
www.shein.com,id:6a63c27e5301f615d63fe77f,native_id,6a63c27e5301f615d63fe77f,1,false,1784929950,07/24/2026 21:52:30,Non delivery of items and extremely poor customer service,"Order placed and the delivery time was shown as by 22nd July, but 2 days after that the items still hadn’t been delivered. Just get fobbed off by customer services as to what is going on, and getting a refund is completely impossible. Customer service doesn’t exist and they just keep repeating the same answers over and over again on their chat. 
I never intend on using them again and will be deleting my account as soon as possible.
DO NOT PURCHASE ITEMS FROM THEM THEY ARE USELESS ",Adie Lamberth,590b21180000ff000a946048,GB,12,"Hello!

We sincerely apologize for any inconvenience caused—your experience is incredibly important to us 💝

According to the information you provided, we've identified your inquiry submitted via the SHEIN app and our dedicated support agent is expediting the resolution.We guarantee a clear response within 24 hours, and you can monitor real-time updates anytime in ""Service Records"".

🔹 Steps to Access:
Open SHEIN APP → Tap ""Me"" at bottom → ""Customer Service"" → ""Service Records""

Your feedback lights our path forward—we look forward to assisting you further.",2026-07-25T01:56:24.000Z
www.shein.com,id:6a63a86ed7b69ded91d7a3d0,native_id,6a63a86ed7b69ded91d7a3d0,1,false,1784923278,07/24/2026 20:01:18,SHEIN has nice clothes,"SHEIN has nice clothes, but their return process is terrible. I returned all of the items I purchased except for a bathing suit, which I knew was non-returnable. I included a copy of everything I was returning in the package, but I still haven't received my full refund.

I've been waiting for the rest of my money, and trying to contact customer service has been incredibly frustrating. When I call, I'm told that the department can't take my call and that I need to find another way to contact them. That's completely unacceptable.
If the return process were as easy and straightforward as placing an order, this would be a much better shopping experience.",Karline Quillman,69fdfdbd6219144dd06032de,US,2,"Hello!

We are truly sorry for the unpleasant experience.

In order to better resolve your concerns, we need you to provide specific information, such as your order number. We have sent you an email with the subject ""Request for information about your experience."" Please check your inbox (and spam folder), and reply to that email with the information we need.

Your feedback is our driving force for continuous improvement, and we truly value your opinion. We look forward to providing you with further assistance as soon as we receive your response. :)",2026-07-25T02:01:58.000Z
www.shein.com,id:6a63a4e99434f6d473df77f6,native_id,6a63a4e99434f6d473df77f6,5,true,1784922377,07/24/2026 19:46:17,Bonne reception,Le colis est très  bien arrivé  à  desti.ation très  contente,nath dalle,627cd9a53e211b0012d05450,FR,8,,
www.shein.com,id:6a63a0129c8d3709c1132d39,native_id,6a63a0129c8d3709c1132d39,3,false,1784921138,07/24/2026 19:25:38,"Good value, but delivery felt uncertain","Shein offers a very broad range of current styles at accessible prices, and the dress I ordered fit well and felt better than I expected for the cost. The product gave me good value, but the process around it was less polished. Shipping took longer than expected, tracking updates were inconsistent, and the way the dress was packed left deep creases that required steaming before it was wearable. The company's main strength is making trend-led clothing easy to browse and affordable to try. The weaknesses in this order were logistics, communication, and presentation on arrival. I would consider ordering again when I am not in a hurry, but more reliable tracking and better packaging would make the experience feel much more considered.",Austin Lopez,6a4baa800a188f0a419b9b86,DE,2,"Hello!

We are truly sorry for the unpleasant experience.

In order to better resolve your concerns, we need you to provide specific information, such as your order number. We have sent you an email with the subject ""Request for information about your experience."" Please check your inbox (and spam folder), and reply to that email with the information we need.

Your feedback is our driving force for continuous improvement, and we truly value your opinion. We look forward to providing you with further assistance as soon as we receive your response. :)",2026-07-25T01:57:02.000Z
www.shein.com,id:6a639e87583d7bfd3f6d60a1,native_id,6a639e87583d7bfd3f6d60a1,1,false,1784920743,07/24/2026 19:19:03,I ordered and paid-refund not provided correctly,"I ordered and paid, then found the items elsewhere at a faster delivery. I cancelled the order requested the refund on my original payment. The company actually put the payment in an account wallet and when I contacted them they told me I requested that for the refund. They are refusing to credit my CC so now I am stuck purchasing for them. Pretty shady business practices, that's all I have to say about that.

Follow to their reply-the refund only worked after I made a purchase. ",Star,694ee2a46148ea60c719fb02,CA,4,"Hello！
According to the information you provided, we noticed our team has sent a solution regarding your order. Please check your email for updates. If no email was received, it may have been filtered to the spam folder. We hope to hear from you. :)",2026-07-25T02:13:31.000Z
www.shein.com,id:6a639083f9234fe245aa31c2,native_id,6a639083f9234fe245aa31c2,1,false,1784917155,07/24/2026 18:19:15,Didn’t receive my order AVOID!!!,Didn’t receive my order. Have communication from the delivery company confirming loss. SHEIN have delayed my refund for 4 weeks now. Avoid like the plague. Taking this to small claims court now as this is a joke ,Courtney ,5dfa624ebc44dbb5941479d1,GB,7,"Hello!

We sincerely apologize for any inconvenience caused—your experience is incredibly important to us 💝

According to the information you provided, we've identified your inquiry submitted via the SHEIN app and our dedicated support agent is expediting the resolution.We guarantee a clear response within 24 hours, and you can monitor real-time updates anytime in ""Service Records"".

🔹 Steps to Access:
Open SHEIN APP → Tap ""Me"" at bottom → ""Customer Service"" → ""Service Records""

Your feedback lights our path forward—we look forward to assisting you further.",2026-07-25T02:01:37.000Z
www.shein.com,id:6a638412a950852a1819ae28,native_id,6a638412a950852a1819ae28,3,false,1784913970,07/24/2026 17:26:10,"Good value, but delivery felt uncertain","Shein offers a very broad range of current styles at accessible prices, and the dress I ordered fit well and felt better than I expected for the cost. The product gave me good value, but the process around it was less polished. Shipping took longer than expected, tracking updates were inconsistent, and the way the dress was packed left deep creases that required steaming before it was wearable. The company's main strength is making trend-led clothing easy to browse and affordable to try. The weaknesses in this order were logistics, communication, and presentation on arrival. I would consider ordering again when I am not in a hurry, but more reliable tracking and better packaging would make the experience feel much more considered.",Zachary Gray,6a2c2478a71de02e6888622a,UA,2,"Hello!

We are truly sorry for the unpleasant experience.

In order to better resolve your concerns, we need you to provide specific information, such as your order number. We have sent you an email with the subject ""Request for information about your experience."" Please check your inbox (and spam folder), and reply to that email with the information we need.

Your feedback is our driving force for continuous improvement, and we truly value your opinion. We look forward to providing you with further assistance as soon as we receive your response. :)",2026-07-25T01:57:18.000Z
www.shein.com,id:6a6376b24368ab9ff0a624c7,native_id,6a6376b24368ab9ff0a624c7,1,false,1784910546,07/24/2026 16:29:06,Nefasta experiencia,"Nefasta experiencia. He realizado varios pedidos con ellos y, en el último, me han descontado 20,12 € del reembolso que me correspondía por la devolución de dos vestidos.
Al ponerme en contacto con Atención al Cliente para pedir explicaciones, me envían una fotografía de cada vestido en la que aparece una mancha. Puedo asegurar que es imposible que esas manchas las haya provocado yo: simplemente me probé los vestidos, los volví a guardar en su bolsa y procedí a devolverlos.
Desconozco si la bolsa pudo romperse o sufrir algún desperfecto durante el transporte y las prendas se mancharon durante el proceso, pero lo que sí tengo claro son dos cosas: en más de 20 años comprando por Internet jamás me había ocurrido algo parecido y, desde luego, no volveré a comprar en esta plataforma.

Me parece totalmente injusto que se me haga responsable de unos daños que no he causado y que, además, se me descuente por ello parte del dinero que me corresponde.
Una experiencia muy decepcionante que me ha hecho perder por completo la confianza en esta plataforma. Al final, lo barato sale caro.",Anabel,5de95964153b7e2a6c921370,ES,4,"¡Hola!

Lamentamos sinceramente cualquier inconveniente causado—tu experiencia es increíblemente importante para nosotros 💝

Según la información que proporcionaste, hemos identificado tu consulta enviada a través de la app de SHEIN, y nuestro agente de soporte dedicado está acelerando la resolución. Te garantizamos una respuesta clara en un plazo de 24 horas, y puedes monitorear las actualizaciones en tiempo real en ""Registros de servicio"".

🔹 Pasos para acceder:
Abre la aplicación SHEIN → Pulsa ""Yo"" en la parte inferior → ""Atención al cliente"" → ""Registros de servicio""

Tus comentarios iluminan nuestro camino—esperamos poder ayudarte aún más.",2026-07-25T02:15:57.000Z
www.shein.com,id:6a637039850d1f0d9bee0c8d,native_id,6a637039850d1f0d9bee0c8d,1,false,1784908889,07/24/2026 16:01:29,Shein me doit plus de 700 euro,"Shein me doit plus de 700 euro, acheter 2 robes de mariée d une qualité médiocre, je demande à les renvoyer ont me donne au moins 6 à 8 mauvais étiquettes qui ne passe pas, shein me demande de renvoyer à mes frais et sois disant me rembourse, donc je l envoi mes l adresse n était pas bonne, du les articles le sont revenu,. Mes toujours pas de remboursement bien sûr. Service client me redemande de renvoyer encore à mes frais à une autre adresse que je n ai pas fait. Les articles sont encore chez moi. 1er commande chez eux c est fini ",Marie Savant,67b714bb30e5fe0ff0950f95,FR,3,"Bonjour,

Nous sommes vraiment désolés pour cette expérience désagréable.

Afin de mieux répondre à vos préoccupations, nous vous demandons de bien vouloir nous fournir des informations spécifiques, telles que votre numéro de commande. Nous vous avons envoyé un e-mail avec pour objet ""Request for information about your experience."" Merci de vérifier votre boîte de réception (et le dossier des courriers indésirables) et de répondre à cet e-mail avec les informations demandées.

Vos retours sont notre moteur pour une amélioration continue et nous attachons une grande importance à votre avis. Nous sommes impatients de pouvoir vous aider davantage dès réception de votre réponse. :)",2026-07-25T01:58:55.000Z
www.shein.com,id:6a6336350e6720f8ba6c551f,native_id,6a6336350e6720f8ba6c551f,1,false,1784894037,07/24/2026 11:53:57,Puppy Keep,"This is my conclusion.

The game is rigged,
Regardless of best efforts the game cannot cannot be completed unless one drops between £80 - £100 for what, £8 credit??

 It's not worth playing...

Did anyone have a different experience?
I am curious to know",ZITA ZAMBO,5d77c982c0e6ff019ceab5a0,GB,11,"Hello！

According to the information you provided, we noticed our team has sent a solution regarding your order. Please check your email for updates. If no email was received, it may have been filtered to the spam folder. We hope to hear from you. :)",2026-07-25T01:59:15.000Z
www.shein.com,id:6a632ea116fd507b3f29ff6b,native_id,6a632ea116fd507b3f29ff6b,1,false,1784892097,07/24/2026 11:21:37,SHEIN ZACZYNA BYĆ NAJWIEKSZYM SZAJSTWEM…,"SHEIN ZACZYNA BYĆ NAJWIEKSZYM SZAJSTWEM NA RYNKU.
BRAK MOŻLIWOŚCI ZMIANY ADRESU WYSYŁKI, BRAK KONTAKTU Z INFOLINIĄ, BRAK MOŻLIWOŚCI NAPISANIA MAILA, BRAK ZWROTU ŚRODKÓW.
",Agnieszka Skonieczna,642531d2a69d190013be3ac5,PL,5,"Witaj!

Zgodnie z podanymi przez Ciebie informacjami, zauważyliśmy, że nasz zespół przesłał rozwiązanie dotyczące Twojego zamówienia. Sprawdź swoją skrzynkę e-mail, aby być na bieżąco. Jeśli nie otrzymaliśmy wiadomości, mogła ona trafić do folderu ze spamem. Liczymy na kontakt z Twojej strony. :)",2026-07-25T02:17:40.000Z
www.shein.com,id:6a632b95bfe8203338472fb7,native_id,6a632b95bfe8203338472fb7,1,true,1784891317,07/24/2026 11:08:37,Bonjour les frais de douanes sont plus…,Bonjour les frais de douanes sont plus onereusesque mes achats !!! ,clienteisabelle,65eeb8cade46690012450d47,FR,4,,
www.shein.com,id:6a63286c8979b974fbb4a983,native_id,6a63286c8979b974fbb4a983,1,false,1784890508,07/24/2026 10:55:08,Terrible experience with SHEIN after…,"Terrible experience with SHEIN after Evri delivered my package to the wrong address, they just were not interested in resolving my issue. 
They asked for proof of wrong delivery but how do you prove it! Have messages from Evri regarding in response to my complaint which SHEIN disregarded. ",Amanda Keall,5a3fcbd20000ff000af5cc50,GB,39,"Hello！

According to the information you provided, we noticed our team has sent a solution regarding your order. Please check your email for updates. If no email was received, it may have been filtered to the spam folder. We hope to hear from you. :)",2026-07-25T01:59:43.000Z
www.shein.com,id:6a631df08cdb42a537b702b0,native_id,6a631df08cdb42a537b702b0,5,true,1784887824,07/24/2026 10:10:24,Muy buen serbicio,Muy buen serbicio,Mariángeles Fresco Guirao,691aff40ef3d6ce624c8e54e,ES,3,,
www.shein.com,id:6a630d28fbeb1704c9922ea7,native_id,6a630d28fbeb1704c9922ea7,1,false,1784883528,07/24/2026 08:58:48,Don’t Supply Paid For Items,"Never had any issues with SHEIN in the past, but given my current order was missing several items this time totalling over £50 I tried to escalate with customer service for either a refund or have the items sent out, though was met by the response our computers show they were sent so no further action will be taken! Yes I was billed and told they were sent and they show in the package but nothing physically arrived! 
Appalling AI based customer service needs investigating by trading standards as they are taking your money and not supplying purchased items! Won’t be ordering from them again!!!!!",Mr Barnard,5775985c0000ff000a2ddaf7,GB,3,"Hello!

We sincerely apologize for any inconvenience caused—your experience is incredibly important to us 💝

According to the information you provided, we've identified your inquiry submitted via the SHEIN app and our dedicated support agent is expediting the resolution.We guarantee a clear response within 24 hours, and you can monitor real-time updates anytime in ""Service Records"".

🔹 Steps to Access:
Open SHEIN APP → Tap ""Me"" at bottom → ""Customer Service"" → ""Service Records"" 

Your feedback lights our path forward—we look forward to assisting you further.",2026-07-25T02:18:23.000Z
www.shein.com,id:6a629008de498b91ae96e6f3,native_id,6a629008de498b91ae96e6f3,4,false,1784851496,07/24/2026 00:04:56,"Clothinh is fine, returns are tedious","Clothing is hit or miss, though I think the nicer items are priced more and do perform well.
What do I hate?  The return process.  I signed in at about 2pm but it took me until almost 6pm to finish.  The site kept saying it couldn't process my return and try again later.  Problem, it doesn't save the return entries.  I had to re-enter all the information again, and it was during the 2nd time, I noticed 2 items were dropped from the list.  And don't return to the previous page because again, you will lose all the return information and have to re-enter it again.  Which is what I did.  I had 29 then 27 items to return.
Also I had a couple of items that didn't even show up for return or not.  A pair of pants and jeans, both too big weren't even on the list, so I couldn't process a return for them.  The loss from the system error and the missing items for return (pants and jeans were purchased at the same time as other pants and jeans processed for return)  was a loss of approximately $100.  I spent about $1300 in 3 separate orders.  I am not happy about that at all.
I don't hate the site and usually keep most of my orders.  I found the return process rather tedious.",Kelly,5cd07e23b2a742b932980feb,US,15,,
www.shein.com,id:6a628219e9f890a52e3d562e,native_id,6a628219e9f890a52e3d562e,1,false,1784847929,07/23/2026 23:05:29,Scamming & Ruining Birthday Plans😒,"Order numbers:
GSU18C04R00N85K and GSU18C04R00N85J

Shein has been lying about their fake verification process for the past week and a half now everytime I provide them with the letter I was sent from usps regarding my misdelivered package that clearly states:
[This letter is provided to inform you about an issue regarding a parcel associated with order number [tracking # here]. We regret to inform you that this package was not delivered to the correct address.]
They deny my actual proof and  tell me wait for 3-5 business days for their fake nonexistent investigation. I even sent a picture of my mailbox as proof!!! I'm here to tell you that there is no investigation they only do this to waste your time so you get tired enough to stop asking for your money back! Please contact your bank and report shein for fraud immediately!! Even with actual proof they will deliberately deny you your money even after posting here on trust pilot they will come here with their fake customer service tactic acting like they care and they're ""working on it"" or will send you ""an email"" because now you have publicly exposed their brand for the fraud and scam they are. My birthday photoshoot is ruined because I have no clothes to wear and these rats are deliberately committing fraud! Again there is no investigation or verification it's all a lie!!!
",Ollie Molly,69ecdc9598a79222a431eea8,US,2,"Hello！

According to the information you provided, we noticed our team has sent a solution regarding your order. Please check your email for updates. If no email was received, it may have been filtered to the spam folder. We hope to hear from you. :)",2026-07-24T03:03:38.000Z
www.shein.com,id:6a6265a427a876d0b92880dc,native_id,6a6265a427a876d0b92880dc,1,false,1784840644,07/23/2026 21:04:04,Ordered a few bikinis and returned a…,"Ordered a few bikinis and returned a few. Now I have to pay for all of them! SHEIN said they were broken or missing it sanitary seal which is not true at all. One bikini I didn’t even try on because the larger size was already too small. Make sure to make pictures when returning. Now I have to pay for nothing, never ordering again.",Anne,61fafc6d3666a200127f8107,NL,2,"Hello！

According to the information you provided, we noticed our team has sent a solution regarding your order. Please check your email for updates. If no email was received, it may have been filtered to the spam folder. We hope to hear from you. :)",2026-07-24T03:10:45.000Z
www.shein.com,id:6a6248ae15e88b75023169b1,native_id,6a6248ae15e88b75023169b1,1,false,1784833230,07/23/2026 19:00:30,My account was suspended/frozen due to…,"My account was suspended/frozen due to “unusual activity” — a friend placed an order using my email without my knowledge. I’ve contacted live chat support multiple times over several days (spoken to at least 4 different agents) but keep getting the same generic response: that it’s “under investigation” with no timeline, and to just keep checking or use a different account.

No agent has been able to give me a clear reason, a resolution, or any real update. This is extremely frustrating and unhelpful. I need someone to actually look into my account and give me a proper answer.
Update: I don’t have an order number because this issue is not about a specific order — my entire account is frozen. Due to a mistake, a friend of mine used my email address to place an order without my knowledge or permission. Because of this, my account got flagged and has been frozen ever since. Please look into my account directly using my email and help resolve this.",DARYA MAHMOOD,6a50e1af4024a434ed9e5159,GB,2,"Hello!

We are truly sorry for the unpleasant experience.

In order to better resolve your concerns, we need you to provide specific information, such as your order number. We have sent you an email with the subject ""Request for information about your experience."" Please check your inbox (and spam folder), and reply to that email with the information we need.

Your feedback is our driving force for continuous improvement, and we truly value your opinion. We look forward to providing you with further assistance as soon as we receive your response. :)",2026-07-24T03:11:23.000Z
www.shein.com,id:6a623e9792c5d5e12855303e,native_id,6a623e9792c5d5e12855303e,2,false,1784830647,07/23/2026 18:17:27,Dårlig retur ordning,"Produktene er helt ok. Ganske rask levering. Retur derimot er ikke noe å skryte av. Man må stå for all retur kostnad selv, noe som er dyrere enn selve produktene.

Bortkastet penger. Ferdig med å handle her.",Thea-Louise,68702fb32f2478952541c30b,NO,2,"Hallo!

Vi beklager den ubehagelige opplevelsen.

For å kunne løse problemet ditt bedre, trenger vi spesifikk informasjon fra deg, som for eksempel ordrenummeret ditt. Vi har sendt deg en e-post med emnet «Forespørsel om informasjon om opplevelsen din». Vennligst sjekk innboksen din (og spam-mappen), og svar på e-posten med informasjonen vi trenger.

Tilbakemeldingen din er vår drivkraft for kontinuerlig forbedring, og vi setter stor pris på meningen din. Vi ser frem til å gi deg ytterligere hjelp så snart vi mottar svaret ditt. :)",2026-07-24T09:37:53.000Z
www.shein.com,id:6a623a997bb251ff720d40cd,native_id,6a623a997bb251ff720d40cd,1,false,1784829625,07/23/2026 18:00:25,Je ne commanderai plus,Je ne commanderai plus. Pas d'échange alors que le problème vient de leur part. Ils ne se remettent pas en question ,Aurélie vallier,653b678b4ed5050011905ca9,FR,3,"Bonjour,

Nous sommes vraiment désolés pour cette expérience désagréable.

Afin de mieux répondre à vos préoccupations, nous vous demandons de bien vouloir nous fournir des informations spécifiques, telles que votre numéro de commande. Nous vous avons envoyé un e-mail avec pour objet ""Request for information about your experience."" Merci de vérifier votre boîte de réception (et le dossier des courriers indésirables) et de répondre à cet e-mail avec les informations demandées.

Vos retours sont notre moteur pour une amélioration continue et nous attachons une grande importance à votre avis. Nous sommes impatients de pouvoir vous aider davantage dès réception de votre réponse. :)",2026-07-24T09:38:43.000Z
www.shein.com,id:6a623878fe156fd48bc01646,native_id,6a623878fe156fd48bc01646,1,false,1784829080,07/23/2026 17:51:20,0 pointé. A fuir ,"0 pointé.
Je suis cliente fidèle chez Shein depuis 6 ans, avec des commandes régulières atteignant souvent 200 € à 400 €. Je sais très bien à quoi m'attendre niveau qualité : ce n'est pas de la haute couture, mais c'était suffisant pour le prix. En revanche, le service client et le respect de la loi sont devenus tout simplement inacceptables.
Ma dernière commande est arrivée dans un état lamentable : colis complètement déchiré et ouvert. Résultat :
2 combinaisons manquantes sur l'ensemble de la première partie de ma commande.
1 combinaison défectueuse (une bretelle n'a même pas été cousue).
Pour le vêtement mal confectionné, j'ai obtenu la modique somme de 8,08 €. Mais pour les 2 articles manquants ? Refus total de remboursement !
La réponse du support client est d'une mauvaise foi absolue : selon eux, le colis était intact et complet au départ de leurs locaux, donc c'est à moi de me débrouiller avec le transporteur (Gofo, dont le service client laisse tout aussi à désirer).
C'est une honte ! Je leur ai pourtant rappelé la loi : le vendeur est légalement responsable de la bonne livraison de la commande jusqu'à sa réception par le client. Ce n'est absolument pas à l'acheteur de gérer les litiges avec le transporteur, mais bien au commerçant de rembourser son client et de se retourner ensuite contre son prestataire.
Un tel manque de considération pour une cliente fidèle qui dépense autant chez vous est inadmissible. J'ai peur pour les 5 autres colis qui doivent arriver.Vous préférez perdre des clients réguliers pour ne pas assumer vos responsabilités légales. À fuir !",Kelly Lopes,5fcadd8b0f30bd00198cb08d,FR,2,"Bonjour,

Nous sommes vraiment désolés pour cette expérience désagréable.

Afin de mieux répondre à vos préoccupations, nous vous demandons de bien vouloir nous fournir des informations spécifiques, telles que votre numéro de commande. Nous vous avons envoyé un e-mail avec pour objet ""Request for information about your experience."" Merci de vérifier votre boîte de réception (et le dossier des courriers indésirables) et de répondre à cet e-mail avec les informations demandées.

Vos retours sont notre moteur pour une amélioration continue et nous attachons une grande importance à votre avis. Nous sommes impatients de pouvoir vous aider davantage dès réception de votre réponse. :)",2026-07-24T09:40:00.000Z
www.shein.com,id:6a6235231e8ee2bd696d1810,native_id,6a6235231e8ee2bd696d1810,4,true,1784828227,07/23/2026 17:37:07,Correcto,Todo correcto,Marta,6a6234ccff3db2adc4c01e12,ES,2,,
www.shein.com,id:6a622692429ff37a68754a8b,native_id,6a622692429ff37a68754a8b,1,false,1784824498,07/23/2026 16:34:58,SONO TRUFFATORI ESPERTI ,"SONO TRUFFATORI ESPERTI 
non rimborsano i resi e ti impediscono di contattare il servizio clienti .
La merce è scadente e offrono false promozioni 

DIFFIDATE ! ",Liby Piperno,6252aed7b1ec1700125db054,IT,9,"Ciao!

Siamo davvero dispiaciuti per la spiacevole esperienza.

Per poter risolvere meglio le sue preoccupazioni, abbiamo bisogno che ci fornisca informazioni specifiche, come il numero dell’ordine. Le abbiamo inviato un’e-mail con oggetto “Richiesta di informazioni sulla sua esperienza”. La preghiamo di controllare la sua casella di posta (e la cartella dello spam) e di rispondere a quella e-mail fornendo le informazioni richieste.

Il suo feedback è la nostra forza motrice per un miglioramento continuo e apprezziamo davvero la sua opinione. Saremo lieti di fornirle ulteriore assistenza non appena riceveremo la sua risposta. :)",2026-07-24T02:15:15.000Z
www.shein.com,id:6a620b699967686bde8e3fee,native_id,6a620b699967686bde8e3fee,1,false,1784817545,07/23/2026 14:39:05,Due mesi di agonia,"Due mesi di agonia, ticket speciali ignorati e risposte ingannevoli! Vergogna! 
Aggiornamento del 23/07/2026. La totale mancanza di rispetto per il consumatore da parte di SHEIN ha raggiunto il limite. Dopo due mesi di estenuante ""ping-pong"" per riavere i miei 1500 punti (sottratti ingiustamente dal sistema dopo aver ricevuto merce difettosa, nonostante l'assistenza ufficiale in chat mi avesse formalmente garantito per iscritto che non li avrei persi), l'azienda ha ignorato anche l'ultima promessa.A seguito delle mie proteste, ieri l'operatrice Vera ha aperto un ticket investigativo speciale all'interno dell'applicazione (codice ticket: GEUTK33X7YV1NCJ), promettendomi formalmente una risposta e una risoluzione definitiva entro 24 ore. Anche questo termine è ampiamente scaduto nel silenzio più totale e il mio account è tuttora senza risposta.In passato avevano tentato di ""risolvere"" inviando una mail finita in spam con una scadenza trabocchetto di soli 3 giorni, senza inviare alcuna notifica nell'applicazione, facendomi scadere i punti di nuovo. Questa condotta omissiva, aggressiva e contraria alla buona fede è intollerabile. Avendo registrato tutte le prove e gli screenshot delle promesse violate, dichiaro chiusa ogni trattativa amichevole. Sto provvedendo in questo momento a inoltrare il ricorso formale sulla piattaforma ODR della Commissione Europea e a segnalare la condotta scorretta all'AGCM (Antitrust) in Italia per pratica commerciale ingannevole. Fate attenzione!",Bea,5b3b6a404de5666d34dfc2bc,IT,3,"Ciao!

Ci scusiamo sinceramente per qualsiasi inconveniente questo possa aver causato: la tua esperienza è molto importante per noi 💝

In base alle informazioni che ci hai fornito, abbiamo identificato la tua richiesta inviata tramite l'app SHEIN. Il nostro agente dedicato sta accelerando il processo di risoluzione e garantiamo una risposta chiara entro 24 ore. Puoi monitorare gli aggiornamenti in tempo reale in qualsiasi momento nella tua ""Cronologia dei servizi"".

🔹 Procedura di accesso:
Apri l'app SHEIN → Tocca ""Io"" in basso → ""Servizio clienti"" → ""Cronologia dei servizi""

Il tuo feedback ci aiuta a migliorare: non vediamo l'ora di aiutarti ulteriormente.",2026-07-24T02:27:34.000Z
www.shein.com,id:6a61fef7a0017d96feac4763,native_id,6a61fef7a0017d96feac4763,5,false,1784814359,07/23/2026 13:45:59,Shein & Infinite Styles Services Co. Limited,"Acquisto da Shein e Infinite Styles Services Co. Limited (magazzino europeo) da 7 anni ormai e non ho ancora smesso 🤗 Premetto che non sono una cliente semplice, non mi accontento e non mi faccio problemi a fare reclami o denunce se necessario. Non ho mai ricevuto materiale in ritardo e se così è stato mi hanno prontamente rimborsato. I prodotti  da me acquistati vanno dell'abbigliamento ai prodotti per il make up e la palestra, sconsiglio oggetti elettrici/elettronici, come maschere agli infrarossi, ecc (non funzionano). Per calzature ed abbigliamento mai avuto problemi, la durata è infinita e supera di gran lunga quella di molti brand di marca. I prezzi come sappiamo sono molto competitivi, d'altro canto non ho mai acquistato prodotti firmati su Shein, per quelli, magari preferisco un negozio fisico, per poterli vedere e toccare da vivo. Qualche anno fa ho avuto solo da ridire con le consegne quando venivano affidate apposta italiane, ma ora le cose sono leggermente cambiate e non ho più avuto problemi per il momento.",VF,680b70d85ad665ea1731fd03,IT,11,,
www.shein.com,id:6a61fcb4d2ee09bce55e57d7,native_id,6a61fcb4d2ee09bce55e57d7,1,false,1784813780,07/23/2026 13:36:20,Remboursement non effectué ,"J'attends un remboursement depuis octobre 2025.
On me répond que ce
remboursement a eu lieu. Mais ma banque n'a aucune trace de ce remboursement depuis octobre à aujourd'hui.
Ces gens sont de mauvaise foi.",Nathalie,6359c8cbd6118e00130249b0,FR,14,"Bonjour,

Nous sommes vraiment désolés pour cette expérience désagréable.

Afin de mieux répondre à vos préoccupations, nous vous demandons de bien vouloir nous fournir des informations spécifiques, telles que votre numéro de commande. Nous vous avons envoyé un e-mail avec pour objet ""Request for information about your experience."" Merci de vérifier votre boîte de réception (et le dossier des courriers indésirables) et de répondre à cet e-mail avec les informations demandées.

Vos retours sont notre moteur pour une amélioration continue et nous attachons une grande importance à votre avis. Nous sommes impatients de pouvoir vous aider davantage dès réception de votre réponse. :)",2026-07-24T02:15:43.000Z
www.shein.com,id:6a61ec4b6ccc3dce1d9135b1,native_id,6a61ec4b6ccc3dce1d9135b1,1,false,1784809579,07/23/2026 12:26:19,Missing dress,"I ordered four items in two packages. Today, I received one package containing four bags. Three of the bags contained items, but the fourth bag was empty.

When I contacted customer service, they told me that their system shows that the package was shipped correctly and asked me to check once again whether I had really looked properly, as if the missing dress had somehow hidden itself inside the package. I explained that I had checked everything and that the dress was not there, but they continued repeating that their system shows that everything had been packed.

I asked them to provide proof that the item had actually been shipped, but they refused to send me any evidence. They even blamed the delivery company.

I will never buy any products from SHEIN again. I have been a loyal customer for many years and have spent a lot of money on SHEIN products. That is why, in my opinion, Temu is definitely better — the quality is the same, but their willingness to help and their attitude towards customers are at a much higher level.

SHEIN is a huge disappointment for me.",Snežana Bunić,66f7d9e3a0c1b97eb01a0d73,AT,8,"Hello!

We are truly sorry for the unpleasant experience.

In order to better resolve your concerns, we need you to provide specific information, such as your order number. We have sent you an email with the subject ""Request for information about your experience."" Please check your inbox (and spam folder), and reply to that email with the information we need.

Your feedback is our driving force for continuous improvement, and we truly value your opinion. We look forward to providing you with further assistance as soon as we receive your response. :)",2026-07-24T03:13:35.000Z
www.shein.com,id:6a61d701c069724f0e1ab3ce,native_id,6a61d701c069724f0e1ab3ce,3,false,1784804129,07/23/2026 10:55:29,paiement  trop rapide sans demande de confirmation,"j'ai souhaité commandé sur le site et c'est bizarre avec les coupons qui viennent en déduction avant paiement et lorq du paiement ils n'existent plus on paie plein pot !!
Et j'ai malencontreusement cliquer sur payé , alors que je ne voulais pas payer  j'avais d'autres choses à regarder, le paiement est passé hyper vite alors j'ai annulé dans les 2 minutes et là c'est trois ou 4 jours pour $etre remboursé !!",ROZNOWSKI Jean Marie,52278fe800006400014ad3f6,FR,12,"Bonjour,

Nous sommes vraiment désolés pour cette expérience désagréable.

Afin de mieux répondre à vos préoccupations, nous vous demandons de bien vouloir nous fournir des informations spécifiques, telles que votre numéro de commande. Nous vous avons envoyé un e-mail avec pour objet ""Request for information about your experience."" Merci de vérifier votre boîte de réception (et le dossier des courriers indésirables) et de répondre à cet e-mail avec les informations demandées.

Vos retours sont notre moteur pour une amélioration continue et nous attachons une grande importance à votre avis. Nous sommes impatients de pouvoir vous aider davantage dès réception de votre réponse. :)",2026-07-24T03:02:39.000Z
www.shein.com,id:6a61d6beb6a0083677186672,native_id,6a61d6beb6a0083677186672,2,false,1784804062,07/23/2026 10:54:22,Dålig kvalité till relativt låga…,Dålig kvalité till relativt låga priser. Urusel Kundtjänst. ,CLAES HELLROTH,630c94d74e4c630013647cc0,SE,29,"Hej!

Vi beklagar verkligen den obehagliga upplevelsen.

För att bättre kunna lösa dina problem behöver vi specifik information från dig, till exempel ditt ordernummer. Vi har skickat ett e-postmeddelande med ämnet ""Request for information about your experience."". Kontrollera din inkorg (och skräppostmapp) och svara på det e-postmeddelandet med den information vi behöver.

Din feedback är vår drivkraft för kontinuerlig förbättring, och vi värdesätter verkligen din åsikt. Vi ser fram emot att ge dig ytterligare hjälp så snart vi får ditt svar. :)",2026-07-24T03:03:57.000Z
www.shein.com,id:6a61d23a33d03489da717bb5,native_id,6a61d23a33d03489da717bb5,3,false,1784802906,07/23/2026 10:35:06,I have boght many things from shein…,"I have boght many things from shein however, there service is very unreliable. I just ordered two dresses for a holiday with a delivery date of 3 days (this was pre payment). One I had paid it changed to ""up to 28 days""! If this misses my holiday date, it will be the last time I order from them! Honesty is a virtue!!
",WENDY CURTIS,6931db3d00ecba7619789b50,GB,18,"Hello!

We are truly sorry for the unpleasant experience.

In order to better resolve your concerns, we need you to provide specific information, such as your order number. We have sent you an email with the subject ""Request for information about your experience."" Please check your inbox (and spam folder), and reply to that email with the information we need.

Your feedback is our driving force for continuous improvement, and we truly value your opinion. We look forward to providing you with further assistance as soon as we receive your response. :)",2026-07-24T03:04:23.000Z
www.shein.com,id:6a61d10ac796dda3b5b7161d,native_id,6a61d10ac796dda3b5b7161d,5,true,1784802602,07/23/2026 10:30:02,Tutto perfetto,Tutto perfetto ,Valentina,62fb3c88da31580013e43b69,IT,6,,
www.shein.com,id:6a61cf4999942dcd0b2d304d,native_id,6a61cf4999942dcd0b2d304d,5,false,1784802153,07/23/2026 10:22:33,"Moi perso j'aime beaucoup,il y avait…","Moi perso j'aime beaucoup,il y avait tout le prix il y tout le style
Retour facile et remboursement rapide livraison aussi ",Tuti pudji,5f2db5ba83e7cc388a2d722d,FR,19,,
www.shein.com,id:6a61ad2fb733d9793760677f,native_id,6a61ad2fb733d9793760677f,5,true,1784793423,07/23/2026 07:57:03,A sido una experiencia genial,A sido una experiencia genial ,Yoly,672d3834fa9b3850d907afb8,ES,5,,
www.shein.com,id:6a61663d901ac69003d8506f,native_id,6a61663d901ac69003d8506f,1,false,1784775261,07/23/2026 02:54:21,Extremely Disappointed,"Extremely Disappointed – Feels Like a Scam

I received an item that arrived broken, and to make matters worse, it was marked as non-refundable. I contacted customer service, expecting them to stand behind the products sold on their platform.

First, they told me they could only offer 50% of the price as compensation. After a long back-and-forth conversation, they finally asked me to send photos of the damaged item so they could “review” the case.

Honestly, this experience feels like a scam. Isn’t it the responsibility of a marketplace like SHEIN to make sure the sellers on their platform are providing safe, undamaged products? Customers should not have to fight this hard after receiving a broken item.

I would strongly advise everyone to be very careful when shopping on this website, especially if an item is labeled non-refundable. If something arrives damaged, don’t expect an easy or fair resolution.",pouyan sanjari pirayvatlou,6a6166367b418c8305893be4,US,1,"Hello！

According to the information you provided, we noticed our team has sent a solution regarding your order. Please check your email for updates. If no email was received, it may have been filtered to the spam folder. We hope to hear from you. :)",2026-07-23T09:48:23.000Z
www.shein.com,id:6a6156aafe85d13ba58fd3c7,native_id,6a6156aafe85d13ba58fd3c7,1,false,1784771274,07/23/2026 01:47:54,This is a scam company,This is a scam company. I ordered GE water filter XWFE but a month later I received XWF which is an older version of filter and cannot be convertible. I suspect they sent it on purpose because the older one is much cheaper. I tried to claim them but they erase my order number completely from my account and no way to complain to them. They are SCAM ,H NJ,6a61569e7b418c0292893221,US,1,"Hello！

According to the information you provided, we noticed our team has sent a solution regarding your order. Please check your email for updates. If no email was received, it may have been filtered to the spam folder. We hope to hear from you. :)",2026-07-23T09:30:25.000Z
www.shein.com,id:6a61485920d14bdce065a07e,native_id,6a61485920d14bdce065a07e,1,false,1784767609,07/23/2026 00:46:49,"Finger weg von SHEIN – Retoure nachweislich zugestellt, 875,96 € seit knapp 2 Monaten offen","Ich laufe mittlerweile seit über zwei Monaten meiner Rückerstattung in Höhe von 875,96 € hinterher. Und nein – hier geht es nicht um ein paar Euro, sondern um eine sehr hohe Summe, auf die man als normaler Mensch angewiesen ist.

Es handelte sich um eine kombinierte Rücksendung, weil SHEIN selbst empfiehlt, mehrere Rücksendungen zusammenzufassen, um Versandkosten zu sparen. Genau das habe ich getan.

Ich habe meine Rücksendung ordnungsgemäß bei DHL abgegeben. Ich besitze den offiziellen Einlieferungsbeleg und die Sendungsverfolgung, aus der eindeutig hervorgeht, dass das Paket im Lager angekommen ist – inklusive Datum, Uhrzeit und Zustellung.

Trotzdem behauptet SHEIN seit Wochen immer wieder, die Retoure sei angeblich nicht im Lager eingetroffen. Egal welche Nachweise ich einreiche – ich bekomme jedes Mal dieselben Standardantworten. Niemand geht auf meinen konkreten Fall ein.

Nachdem ich angekündigt habe, rechtliche Schritte einzuleiten, verlangt SHEIN plötzlich Dinge wie Videomaterial vom Verpacken oder Einliefern der Retoure. Welcher normale Mensch filmt sich bitte dabei, wie er ein Paket verpackt oder zur DHL bringt? Außerdem soll ich einen Nachweis über das Paketgewicht liefern. Wie soll ich als Kunde an interne Gewichtsangaben kommen? Ich habe darauf überhaupt keinen Zugriff. Ich habe sogar mehrfach bei DHL angerufen. Selbst dort konnte man nicht nachvollziehen, warum trotz aller Nachweise immer weitere Forderungen gestellt werden.

Seit über zwei Monaten verbringe ich einen Großteil meiner Freizeit damit, E-Mails zu schreiben, zu telefonieren und immer wieder dieselben Unterlagen einzureichen. Es kostet unheimlich viel Zeit, Kraft und Nerven. Ich habe wirklich noch nie in meinem Leben einen derart frustrierenden Kundenservice erlebt.

Am Telefon fühlt sich niemand zuständig und per E-Mail erhält man immer wieder dieselben Standardtexte. Man hat das Gefühl, mit einer Wand zu sprechen.

Meine Verantwortung war es, das Paket ordnungsgemäß bei DHL abzugeben. Das habe ich getan. Ich kann nachweisen, dass es an der auf dem Retourenschein angegebenen Adresse zugestellt wurde. Was danach innerhalb des Unternehmens passiert, liegt nicht mehr in meiner Verantwortung.

Da ich auf normalem Weg nicht weiterkomme, habe ich inzwischen die Verbraucherzentrale informiert und einen Anwalt beauftragt, meine Ansprüche durchzusetzen. Ich werde den Fall notfalls gerichtlich klären lassen.

Diese Erfahrung hat mich psychisch enorm belastet. Niemand sollte wochenlang einer berechtigten Rückerstattung hinterherlaufen müssen, obwohl alle erforderlichen Nachweise vorliegen.

Für mich steht fest: Nie wieder SHEIN. Ich werde dort nie wieder bestellen und auch meiner Familie, meinen Freunden und meinem Bekanntenkreis davon abraten. Diese Erfahrung hat inzwischen jeder in meinem Umfeld mitbekommen und viele haben dadurch selbst Angst, dort zu bestellen. So sollte kein Unternehmen mit seinen Kunden umgehen.

Ich hoffe, dass meine Erfahrung andere Menschen davor bewahrt, dieselbe Situation erleben zu müssen.",Alev Ou,670f9687869e36745a8bdc8a,DE,2,"Hallo!

Wir entschuldigen uns aufrichtig für etwaige Unannehmlichkeiten—deine Erfahrung ist uns sehr wichtig 💝

Gemäß den von dir bereitgestellten Informationen haben wir deine Anfrage über die SHEIN-App erkannt und unser engagierter Supportmitarbeiter arbeitet schnell an der Lösung. Wir garantieren innerhalb von 24 Stunden eine klare Antwort, und du kannst jederzeit Echtzeit-Updates unter „Serviceprotokolle“ verfolgen.

🔹 So greifst du darauf zu:
Öffne die SHEIN App → Tippe unten auf „Ich“ → „Kundenservice“ → „Serviceprotokolle“

Dein Feedback weist uns den Weg—wir freuen uns darauf, dir weiterzuhelfen.",2026-07-23T01:59:21.000Z
www.shein.com,id:6a6147f5a52dbda6ed8f164f,native_id,6a6147f5a52dbda6ed8f164f,1,false,1784767509,07/23/2026 00:45:09,Ik wacht al weken lang op mijn…,Ik wacht al weken lang op mijn verschillende bestellingen. Er staat telken dat het bij de douane ligt en voor de rest niks. De spullen die ik later heb besteld zijn er wel maar 4 pakketjes die willen maar niet komen. Belachelijk dit! ,Yasemin Dinc,6a6147f0ff3db22574bef928,NL,1,"Hallo!

Onze excuses voor het ongemak. Uw ervaring is erg belangrijk voor ons 💝

Op basis van de informatie die u heeft verstrekt, hebben we uw vraag via de SHEIN-app ontvangen en onze medewerker van de klantenservice werkt hard aan een oplossing. We garanderen een duidelijk antwoord binnen 24 uur en u kunt de status van uw servicegegevens op elk moment live volgen in ""Servicegegevens"".

🔹 Stappen om toegang te krijgen:
Open de SHEIN-app → Tik onderaan op ""Mijn account"" → ""Klantenservice"" → ""Servicegegevens""

Uw feedback is waardevol voor ons. We kijken ernaar uit u verder te helpen.",2026-07-23T02:00:55.000Z
www.shein.com,id:6a611f8cbf59e4923903353b,native_id,6a611f8cbf59e4923903353b,1,false,1784757164,07/22/2026 21:52:44,Bestelling kwijt door Postnl en geen oplossing,"Ik had 2 badmatten besteld en volgens Postnl zou deze op de postlocatie Intratuin klaar liggen. Niets bezorgd. Pakket kwijt. Inmiddels is de termijn van ontvangst verstreken, heb diverse keren contact opgenomen met Shein en ik word van het kastje naar de muur gestuurd. Er wordt niets uitgezocht en opgelost. Slechte zaak! Kost me veel tijd en energie. ",Heidi,507be82b0000640001242479,NL,38,"Hallo!

Onze excuses voor het ongemak. Uw ervaring is erg belangrijk voor ons 💝

Op basis van de informatie die u heeft verstrekt, hebben we uw vraag via de SHEIN-app ontvangen en onze medewerker van de klantenservice werkt hard aan een oplossing. We garanderen een duidelijk antwoord binnen 24 uur en u kunt de status van uw servicegegevens op elk moment live volgen in ""Servicegegevens"".

🔹 Stappen om toegang te krijgen:
Open de SHEIN-app → Tik onderaan op ""Mijn account"" → ""Klantenservice"" → ""Servicegegevens""

Uw feedback is waardevol voor ons. We kijken ernaar uit u verder te helpen.",2026-07-23T02:00:01.000Z
www.shein.com,id:6a610ad60e0c0a54ecc66bca,native_id,6a610ad60e0c0a54ecc66bca,1,false,1784751862,07/22/2026 20:24:22,SHEIN the SCAM .,"This is a scam company that don’t pay you full amount when returning the garbage they sent. They are stealing shipping money the public. Low quality material and goods. Other companies no matter what, how or where they refunded in full, what you paid for and not a penny less but this scammer took away your shipping costs. DO NOT ORDER FROM SHEIN !!! Period !!! ",Tracy -,68596dd618a3fc0ddaeaf4ee,US,3,"Hello!

We are truly sorry for the unpleasant experience.

In order to better resolve your concerns, we need you to provide specific information, such as your order number. We have sent you an email with the subject ""Request for information about your experience."" Please check your inbox (and spam folder), and reply to that email with the information we need.

Your feedback is our driving force for continuous improvement, and we truly value your opinion. We look forward to providing you with further assistance as soon as we receive your response. :)",2026-07-23T05:41:14.000Z
www.shein.com,id:6a60fdcc5518d23928387433,native_id,6a60fdcc5518d23928387433,1,false,1784748524,07/22/2026 19:28:44,"Prix annoncé sous l'article "" dés…","Prix annoncé sous l'article "" dés 2euros 77"", à la commande , le prix double !!!!!!!!!",Fabienne,5f69f20996d0a3f3c560ffb3,FR,8,"Bonjour,

Nous sommes vraiment désolés pour cette expérience désagréable.

Afin de mieux répondre à vos préoccupations, nous vous demandons de bien vouloir nous fournir des informations spécifiques, telles que votre numéro de commande. Nous vous avons envoyé un e-mail avec pour objet ""Request for information about your experience."" Merci de vérifier votre boîte de réception (et le dossier des courriers indésirables) et de répondre à cet e-mail avec les informations demandées.

Vos retours sont notre moteur pour une amélioration continue et nous attachons une grande importance à votre avis. Nous sommes impatients de pouvoir vous aider davantage dès réception de votre réponse. :)",2026-07-23T05:37:22.000Z
www.shein.com,id:6a60ed4eef56eedd339ffb2c,native_id,6a60ed4eef56eedd339ffb2c,5,false,1784744303,07/22/2026 18:18:23,J'adore ce site,"J'adore ce site, je commande depuis deux ans maintenant, avant j'achetais chez Aliexpress très bon site aussi jamais déçu !!

Chez Shein : Toutes mes commandes sont super, la livraison en 1 semaine en Envoi en Chronopost pour 2,99€ en bas de chez moi , les prix chez shein sont très raisonnable, la qualité des vêtements et des chaussures au top, pas un fil qui dépasse, couture nickel, taille super bien, pas besoin de faire des retouches ! 

Franchement les couturières chez shein sont vraiment professionnelle , on voit l'expérience du savoir faire !!! 

Tout est de qualité!!!

Et ce qui est super c'est qu'on trouve des tailles curvy , et les vêtements sont super top et jolie 😍 et même en taille 2xl , on peut s'habiller sexy  grâce à Shein... !!! 😍😉

Je vous conseille ce site jamais déçu pour ma part ! 

Shein reste mon site préféré et je n'en changerai pour rien au monde et même si l'état français nous mets une taxe de plus pour les commandes ! 

Je continuerai à commander ! 



",Laurence CATOURZE,6947af3d3d98f00dc20325c2,FR,5,,
www.shein.com,id:6a60ebedced76726342150b0,native_id,6a60ebedced76726342150b0,5,true,1784743949,07/22/2026 18:12:29,È diventata eccellente in tutto,È diventata eccellente in tutto. Grande azienda ,Valentina Gentile,6a60ebaab06fbf060cf0d5e0,IT,3,,
www.shein.com,id:6a60cb646018891c9d31d608,native_id,6a60cb646018891c9d31d608,1,false,1784735620,07/22/2026 15:53:40,Sizing is horrible and ai didn't get…,"Sizing is horrible and I didn't get the size I ordered
Iitems were 3 to 3 sizes up
I WILL NEVER ORDER AGAIN
PLUS CAN NOT FIND RETURN INSTRUCTIONS. All I can do is donate the items.Momey lost
",Mary Sumrall Turner,59a5d81e0000ff000ac1bc35,US,3,"Hello!

We are truly sorry for the unpleasant experience.

In order to better resolve your concerns, we need you to provide specific information, such as your order number. We have sent you an email with the subject ""Request for information about your experience."" Please check your inbox (and spam folder), and reply to that email with the information we need.

Your feedback is our driving force for continuous improvement, and we truly value your opinion. We look forward to providing you with further assistance as soon as we receive your response. :)",2026-07-23T01:33:54.000Z
www.shein.com,id:6a60be0b8da4fa137484f0bc,native_id,6a60be0b8da4fa137484f0bc,5,true,1784732203,07/22/2026 14:56:43,Ottima applicazione,"Ottima applicazione, prezzi onesti. ",Federica Lovero,67d956d75c7a61041f064887,IT,6,,
www.shein.com,id:6a60b61f51ab7f552b9f8f76,native_id,6a60b61f51ab7f552b9f8f76,1,false,1784730175,07/22/2026 14:22:55,I do not recommend wating your time on…,I do not recommend wating your time on The Puppy Keep game. Shein cheated me out of my winnings and my extra points for winning the game. Shein didn’t try to make it right when I contacted them. I won’t waste time out of my life playing their sammish game again. Life is too short to be rioed off even if its precious time.,Theresa Hodge,664b5ba1c8027d15687f61c1,US,3,"Hello!

We are truly sorry for the unpleasant experience.

In order to better resolve your concerns, we need you to provide specific information, such as your order number. We have sent you an email with the subject ""Request for information about your experience."" Please check your inbox (and spam folder), and reply to that email with the information we need.

Your feedback is our driving force for continuous improvement, and we truly value your opinion. We look forward to providing you with further assistance as soon as we receive your response. :)",2026-07-23T09:48:43.000Z
www.shein.com,id:6a60a7c269c7d02a231bf50b,native_id,6a60a7c269c7d02a231bf50b,1,false,1784726499,07/22/2026 13:21:39,PESSIMO SERVIZIO TUTELA CONSUMATORI,"Ho fatto un ordine di 3 articoli, ma nel pacco era presente solo 1 aticolo.
Il venditore non mi ha accettato il rimborso perchè a lui risulta consegnato e Shein NON MI TUTELA. NON MI RIMBORSA.
Mi si chiede la prova del mancato prodotto.
Faccio una foto al vuoto?
PESSIMI NON ORDINERÒ MAI PIÙ DA QUESTA PIATTAFORMA.
",ELISABETTA ARGIOLAS,6a60a7bbc2526c7ba8955887,IT,2,"Salve!

Secondo le informazioni fornite, abbiamo notato che il nostro team ha già inviato una soluzione riguardante il tuo ordine. Ti preghiamo di controllare la tua email per gli aggiornamenti. Se non hai ricevuto alcuna email, potrebbe essere finita nella cartella spam. Speriamo di ricevere tue notizie. :)",2026-07-23T09:49:08.000Z
www.shein.com,id:6a608eb661442744ff159aba,native_id,6a608eb661442744ff159aba,5,true,1784720086,07/22/2026 11:34:46,Aucun soucis avec Shein,"Aucun soucis avec Shein, j'ai toujours tout bien reçu en temps et en heure et toujours bien emballé. ",Mlle LELIEVRE CATHY,54fd5c3e0000ff0001affc5a,FR,4,,
www.shein.com,id:6a6080c4e5182a8ca2041f25,native_id,6a6080c4e5182a8ca2041f25,5,true,1784716516,07/22/2026 10:35:16,Prezzi imbattibili ,"Prezzi imbattibili 
Trovi qualsiasi cosa 
Catalogo immenso",Vero Veve,5fcb2ae133b62e00193f0e72,IT,9,,
www.shein.com,id:6a606371dcfac7a7c5f16351,native_id,6a606371dcfac7a7c5f16351,4,true,1784709009,07/22/2026 08:30:09,Mi sono sempre trovata bene con loro,"Mi sono sempre trovata bene con loro. A causa della mia taglia, spesso nei negozzi fisici non riesco a trovare niente. 
Sono molto trasparenti anche con la politca dei resi. Molto molto competenti.  Con grande varietà  di prodotti ",Gessica Serra,6825dab7b83f2c2c5e7ef85f,IT,4,,
www.shein.com,id:6a60613b2f735291c8b1449b,native_id,6a60613b2f735291c8b1449b,1,false,1784708443,07/22/2026 08:20:43,"A partes de que,el pedido se perdió","A partes de que,el pedido se perdió, llevo una semana avisando que la empresa de mensajería CTT,no recogió el paquete.no me ayudaron en nada encima un Agente en chat me insulto, a pesar de que quede todo escrito y que lo reporte,no obtuve alguna respuesta.
Groseror maleducados,se burlan y te cierran el.chat en la cara como el teléfono.
Denuncie todo al organismo correspondiente de mí ciudad BARCELONA 
pésima atención al cliente.
Esto seguirá por los canales legales.",ALESSIA FERRARI,64af8e51c7321b00111a9a31,ES,2,"Hola, lamentamos las molestias ocasionadas.
Para proteger su privacidad, le recomendamos que se ponga en contacto con nuestro servicio de atención al cliente en el siguiente enlace: https://es.shein.com/robot?page=navigationBar
Escriba su pregunta directamente en el buzón de mensajes para obtener una respuesta o solución.
O puedes comunicarte con Servicio al Cliente a través de la aplicación.
Haga clic en Yo-->Soporte-->Servicio al cliente y escriba su pregunta directamente en el buzón de mensajes para obtener una respuesta.
Si las respuestas no coinciden, por favor continúe describiendo el problema en detalle y envíe un ticket para el servicio humano.
Le proporcionaremos una solución adecuada lo antes posible.
¡Gracias y que tenga un buen día! ❤️",2026-07-23T01:47:14.000Z
www.shein.com,id:6a6045cdd1d46c9e37f88b9b,native_id,6a6045cdd1d46c9e37f88b9b,1,false,1784701421,07/22/2026 06:23:41,Today SHEIN didn’t help us get into our…,"Today SHEIN didn’t help us get into our account, we made a purchase and our account got deleted. We wanted to update our email and instead they sent a link to delete our account. Not to mention we also just bought an order and now we cannot access our account and our order is lost. There has been no refund either. Do not trust Shein",Devoney Thompson,6a60451b7b418ca75d878cb2,NZ,1,"Hello!

We are truly sorry for the unpleasant experience.

In order to better resolve your concerns, we need you to provide specific information, such as your order number. We have sent you an email with the subject ""Request for information about your experience."" Please check your inbox (and spam folder), and reply to that email with the information we need.

Your feedback is our driving force for continuous improvement, and we truly value your opinion. We look forward to providing you with further assistance as soon as we receive your response. :)",2026-07-22T08:28:35.000Z
www.shein.com,id:6a6044b3caf0b29695243232,native_id,6a6044b3caf0b29695243232,1,false,1784701139,07/22/2026 06:18:59,This year SHEIN HAS BEEN HORRIBLE ,"Received my dress with broken buckle, immediately started the return process with pictures taken within 30mins of receipt and sent them back but they refused to refund or replace the dress.  They refunded 10% of 72 bucks. I would have been better off donating the dress. I'm done! Horrible customer service! You can't even speak with any human. Everything is done through chat.",Prissy,6925307329e25956b3d9a5d4,US,2,"Hello!

We are truly sorry for the unpleasant experience.

In order to better resolve your concerns, we need you to provide specific information, such as your order number. We have sent you an email with the subject ""Request for information about your experience."" Please check your inbox (and spam folder), and reply to that email with the information we need.

Your feedback is our driving force for continuous improvement, and we truly value your opinion. We look forward to providing you with further assistance as soon as we receive your response. :)",2026-07-22T09:52:23.000Z
www.shein.com,id:6a601efeed5096a0f8d6a7e5,native_id,6a601efeed5096a0f8d6a7e5,1,false,1784691486,07/22/2026 03:38:06,Terrible service,SHEIN has deleted my account after I had made a purchase of $127.60 yesterday. They are refusing to accept my proof screenshots and will not send my order I bought. After being a loyal customer for over a decade they have disappointed me today. 1 star review!!!,Nike Lee Paul,6a601ef57b418c7271877b07,NZ,2,"Hello!

We are truly sorry for the unpleasant experience.

In order to better resolve your concerns, we need you to provide specific information, such as your order number. We have sent you an email with the subject ""Request for information about your experience."" Please check your inbox (and spam folder), and reply to that email with the information we need.

Your feedback is our driving force for continuous improvement, and we truly value your opinion. We look forward to providing you with further assistance as soon as we receive your response. :)",2026-07-22T08:30:23.000Z
www.shein.com,id:6a5fef8204128e08f59a5809,native_id,6a5fef8204128e08f59a5809,1,false,1784679330,07/22/2026 00:15:30,Dreist,"Ich habe nun seit mai den konatkt zu shein gesucht und immer wieder gesagt das die komplett Bestellung nicht bei mir angekommen ist. Ich hatte nie ein Problem mit shein und habe immer gerne bestellt, aber nun habe ich ein Problem und dann wird so mit mir umgegangen? Ich habe erwähnt das die komplette Bestellung nicht angekommen ist auch das letzte Paket nicht und ebenso den Beweis von Hermes hinzugefügt mehrmals immer wieder alle 3 Tage seit Anfang juni! Und mehrmals mit ihren Kundendienst geschrieben nur damit mir mehrere von ihren mitarbeiten sagen das die Rückerstattung von den 162€ erfolgreich veranlasst wurde aber nie etwas bei mir ankommt! Sie verarschen mich nach Strich und Faden. Nachdem dann nach über einen Monat immer noch nichts weiter in Sicht war meldete ich mich immer und immer wieder bei ihnen und auf einmal heißt es wir können nichts mehr für sie tun da die Zeit für so etwas überschritten ist!!! Wie frech ist das bitte ? Ich melde mich seit Wochen und Monaten jeden Tag habe für alles Beweise und dann werde ich nun nur noch abgeblockt ? Ich möchte meine Rückerstattung für das Paket was ich nicht erhalten habe !",Vanessa Fortwengel,6a5fef7cc2526c135794a1ce,DE,1,"Hallo!

Es tut uns wirklich leid, dass Sie eine unangenehme Erfahrung gemacht haben.

Um Ihr Anliegen besser bearbeiten zu können, benötigen wir von Ihnen einige spezifische Informationen, wie beispielsweise Ihre Bestellnummer. Wir haben Ihnen eine E-Mail mit dem Betreff „Request for information about your experience“ gesendet. Bitte überprüfen Sie Ihren Posteingang (und auch Ihren Spam-Ordner) und antworten Sie auf diese E-Mail mit den benötigten Informationen.

Ihr Feedback ist unser Antrieb für kontinuierliche Verbesserungen, und wir schätzen Ihre Meinung sehr. Sobald wir Ihre Antwort erhalten haben, werden wir Ihnen gerne weiterhelfen. :)",2026-07-22T02:09:55.000Z
www.shein.com,id:6a5fd264a1056ca93613d6fc,native_id,6a5fd264a1056ca93613d6fc,4,true,1784671876,07/21/2026 22:11:16,Adoro shein,"Adoro shein. L'unica pecca è che mandano tanti pacchi divisi e non più tutto unito.
Avrei dato 5 stelle se solo modificassero questa cosa, per il resto nulla da dire ",Valentina Melis,6a02324e791905772427e2d7,IT,3,,
www.shein.com,id:6a5fcc8bf827adf148edcdd4,native_id,6a5fcc8bf827adf148edcdd4,1,false,1784670379,07/21/2026 21:46:19,First time trying to buy £98 of fashion…,First time trying to buy £98 of fashion my bank steps in and asked are you sure this company not a scam so l stopd payment going through trying to get customer services impossible need to chat to a human being l ordered the clothes gavey bank details then it stopd on the 3 pin bank number so l could not pay ,Elizabeth Walters,6a5fcbb7b06fbfb0e4ef65a6,GB,1,"Hello!

We are truly sorry for the unpleasant experience.

In order to better resolve your concerns, we need you to provide specific information, such as your order number. We have sent you an email with the subject ""Request for information about your experience."" Please check your inbox (and spam folder), and reply to that email with the information we need.

Your feedback is our driving force for continuous improvement, and we truly value your opinion. We look forward to providing you with further assistance as soon as we receive your response. :)",2026-07-22T02:05:22.000Z
www.shein.com,id:6a5fc7948e3427214795a208,native_id,6a5fc7948e3427214795a208,1,true,1784669108,07/21/2026 21:25:08,Estoy un poco decepcionada llevo tres…,Estoy un poco decepcionada llevo tres meses esperando que me devuelvan el dinero de unos artículos que devolvi,Cristina Herrero Velado,65ace0bbec1a9e0012029ac3,ES,8,"¡Hola!

Según la información que nos proporcionaste, notamos que nuestro equipo ya ha enviado una solución relacionada con tu pedido. Por favor, revisa tu correo electrónico para ver las actualizaciones. Si no recibiste ningún correo, puede que haya sido filtrado a la carpeta de spam. Esperamos tu respuesta. :)",2026-07-22T09:45:54.000Z
www.shein.com,id:6a5f986eca42073f434f9599,native_id,6a5f986eca42073f434f9599,2,false,1784657038,07/21/2026 18:03:58,SHEIN offers a huge variety of trendy…,"SHEIN offers a huge variety of trendy clothing at affordable prices, and it's easy to find something that fits your style. However, the quality is inconsistent-some items are great, while others don't match the photos or size guide.",Albert,6a5f984eb06fbf7198ef11b8,DK,2,"Hello
Thank you for sharing your feedback with us!
We greatly appreciate hearing from our customers and value your suggestion .
We've shared your suggestion with our team for evaluation, as it directly helps us enhance services and improve the experience for all customers.
Thank you once again for your support!",2026-07-22T09:54:24.000Z
www.shein.com,id:6a5f84a4afd78e62ee052c3f,native_id,6a5f84a4afd78e62ee052c3f,3,false,1784651972,07/21/2026 16:39:32,Stress Free Returns ,"I would give SHIEN a 3 1/2 if I could. Their clothing is a hit or miss when it comes to quality and size. However, I do appreciate the fact they have a stress free return policy. Even though the return process can be cumbersome, ,I had an issue returning an item using their return label. I contacted customer service via their live chat and provided them with proof . They then were able to provide me with a full refund and did not require me to return the item.  I did not like the fit or quality they made things right with me. I’ll shop SHIEN before I do fashion Nova which has a horrible return policy and inconsistent sizing .Thanks SHIEN for at least trying to do right. ",Liddy Boo,5f0604213a4857b589f4751c,US,3,"Hello!

Thank you for giving us the opportunity to assist you.

I hope my service has contributed to improving your shopping experience at SHEIN.

If you are satisfied with our service, could you please take a moment to rate us and share your experience on Trustpilot?
https://businessapp.b2b.trustpilot.com/reviews/6a5f84a4afd78e62ee052c3f 

Your feedback means a lot to us! We greatly value the opinion of each user and count on your participation!

Thank you! ❤️🌹",2026-07-22T02:20:46.000Z
www.shein.com,id:6a5f8463743642f2354fca69,native_id,6a5f8463743642f2354fca69,5,true,1784651907,07/21/2026 16:38:27,Experiencia muy buena,"Experiencia muy buena, volvería a comprar. ",Julia.,65a6e3e552fa940012700438,ES,4,,
www.shein.com,id:6a5f7111d77c846e60ae9a15,native_id,6a5f7111d77c846e60ae9a15,1,false,1784646961,07/21/2026 15:16:01,Don’t order with them,Don’t order with them! They use Speedx which is a highly UNRELIABLE delivery service in which SHEIN will not be able to communicate to if they STEAL YOUR PACKAGES! No one is held accountable!,Latanya Childress,69837dcde90c6e5db42d37ae,US,3,"Hello!

We are truly sorry for the unpleasant experience.

In order to better resolve your concerns, we need you to provide specific information, such as your order number. We have sent you an email with the subject ""Request for information about your experience."" Please check your inbox (and spam folder), and reply to that email with the information we need.

Your feedback is our driving force for continuous improvement, and we truly value your opinion. We look forward to providing you with further assistance as soon as we receive your response. :)",2026-07-22T02:05:12.000Z
www.shein.com,id:6a5f5e3e18672d26779ac50a,native_id,6a5f5e3e18672d26779ac50a,5,false,1784642142,07/21/2026 13:55:42,Thanks shein!,"Update*** shein made things right! Thanks! 
I like shein's prices and clothing, but unfortunately I will not be ordering from them again. Shein's delivery service sucks, you might get your stuff and you might not. There delivery service delivered my stuff to the wrong address and when I sent them proof with pictures of the wrong address they claimed insufficient proof and refused to refund my money. I can't buy from a company where there delivery service is unaccountable, I don't have money to give away.",Annie,5743b9a20000ff000a22c9c4,US,3,"Hello！

According to the information you provided, we noticed our team has sent a solution regarding your order. Please check your email for updates. If no email was received, it may have been filtered to the spam folder. We hope to hear from you. :)",2026-07-22T02:10:25.000Z
www.shein.com,id:6a5f5c20eda766996218ec20,native_id,6a5f5c20eda766996218ec20,5,true,1784641601,07/21/2026 13:46:41,Siempre es un acierto comprar en shein,"Siempre es un acierto comprar en shein, en la ropa me equivoco basado en el tallaje no consigo acertar pero en otras cosas me funciona ",customer,6a5f5b98c2526cd5b893a0e2,ES,2,,
www.shein.com,id:6a5f536e4d634111fbf72aac,native_id,6a5f536e4d634111fbf72aac,1,false,1784639374,07/21/2026 13:09:34,SHEIN DONT CARE,Brpught from Shein and never had a problem... HOWEVER received my order with 5 items missing. I believe my package had been tampered with as there was sellotape wrapped around the top of the packaging. I informed SHEIN of this and the 5 items that were missing. They had no interest at all and didnt want to know.  Not even an offer of replacing maybe half the missing items ... So disappointed that I will no longer shop from there. ,Jennifer Campbell,5667de910000ff0001f1a84e,GB,62,"Hello!

We sincerely apologize for any inconvenience caused—your experience is incredibly important to us 💝

According to the information you provided, we've identified your inquiry submitted via the SHEIN app and our dedicated support agent is expediting the resolution.We guarantee a clear response within 24 hours, and you can monitor real-time updates anytime in ""Service Records"".

🔹 Steps to Access:
Open SHEIN APP → Tap ""Me"" at bottom → ""Customer Service"" → ""Service Records""

Your feedback lights our path forward—we look forward to assisting you further.",2026-07-22T02:12:25.000Z
www.shein.com,id:6a5f4cc8814315059372e962,native_id,6a5f4cc8814315059372e962,5,true,1784637672,07/21/2026 12:41:12,Molto bene servizio,"Molto bene servizio
Bello
",Kikka,6a5f409ac2526cf5ad936b91,IT,2,,
www.shein.com,id:6a5f48a48c53ca00f9b7d094,native_id,6a5f48a48c53ca00f9b7d094,5,true,1784636612,07/21/2026 12:23:32,Perfetto sheib,Perfetto sheib,CLAUDIA,6a2312bbdd910c8232834300,IT,3,,
www.shein.com,id:6a5f3765ec90004f989623b0,native_id,6a5f3765ec90004f989623b0,1,false,1784632197,07/21/2026 11:09:57,Pacco mai ricevuto nonostante risulti…,"Pacco mai ricevuto nonostante risulti consegnato. Per ricercare il pacco bisogna buttare una mattinata in inutili ricerche, mentre dovrebbe la Shein stessa responsabile della mancata consegna. Con me ha chiuso. Non fidatevi!",sandro valdinoci,66b5fc9a7db96778f629ad53,IT,3,"Salve!

Secondo le informazioni fornite, abbiamo notato che il nostro team ha già inviato una soluzione riguardante il tuo ordine. Ti preghiamo di controllare la tua email per gli aggiornamenti. Se non hai ricevuto alcuna email, potrebbe essere finita nella cartella spam. Speriamo di ricevere tue notizie. :)",2026-07-22T06:43:33.000Z
www.shein.com,id:6a5f372e91f64ff84e78873f,native_id,6a5f372e91f64ff84e78873f,5,true,1784632142,07/21/2026 11:09:02,tutto a posto,tutto a posto,sonia,66506c79de9353d5dbfd5693,IT,5,,
www.shein.com,id:6a5f35263ae633784116ec7a,native_id,6a5f35263ae633784116ec7a,5,true,1784631622,07/21/2026 11:00:22,Très bon produit article correspond…,Très bon produit article correspond comme décrit ,flo mauguin,5dca9faf4c20eb5d8267885b,FR,9,,
www.shein.com,id:6a5f2bdba2f028e55a576dfb,native_id,6a5f2bdba2f028e55a576dfb,1,false,1784629243,07/21/2026 10:20:43,J’ai déjà mis un mauvais commentaire et…,"J’ai déjà mis un mauvais commentaire et vous m’avez envoyé un email pour plus d’infos pour que vous traitiez ma demande. Et depuis y a pas de retour 
Donc je vais mettre des mauvais commentaires chaque jours jusqu’à ce que vous traitez ma demande ",SIWAR,649c5e062906af0012f152ac,FR,5,"Bonjour !

D’après les informations fournies, nous avons constaté que notre équipe a déjà envoyé une solution concernant votre commande. Veuillez vérifier votre boîte mail pour les mises à jour. Si vous n’avez rien reçu, il se peut que le message soit dans le dossier des spams. Nous espérons avoir de vos nouvelles. :)",2026-07-22T06:43:49.000Z
www.shein.com,id:6a5f2bcca3c5402a24c9b204,native_id,6a5f2bcca3c5402a24c9b204,1,false,1784629228,07/21/2026 10:20:28,Another scam site exactly like Temu,Another scam site exactly like Temu. I was told I would receive my three free gifts once the order I paid for after it's shipped. And there absolutely no way to gain those gifts I ordered. Another bait and switch site that caused me to do a one star review on Temu and never used them again. I spent a lot of money on Temu and like this site it's getting paid and giving you nothing. Shop at your own risk ,Bryan Collins,639d15aa9ba6370012fae08b,US,7,"Hello!

We are truly sorry for the unpleasant experience.

In order to better resolve your concerns, we need you to provide specific information, such as your order number. We have sent you an email with the subject ""Request for information about your experience."" Please check your inbox (and spam folder), and reply to that email with the information we need.

Your feedback is our driving force for continuous improvement, and we truly value your opinion. We look forward to providing you with further assistance as soon as we receive your response. :)",2026-07-22T06:38:25.000Z
www.shein.com,id:6a5f254320c989032cb6104b,native_id,6a5f254320c989032cb6104b,1,false,1784627555,07/21/2026 09:52:35,I returned the item(s) according to…,"Business Commitment: Delivery of ordered items, including the right to return items and receive a full refund in accordance with the merchant’s official return policy.

Nature of Dispute and Description of the Issue:

On 24/05/2026, I submitted an official return request within the timeframe permitted by SHEIN's policy. The merchant issued a return request and a pickup label via their designated courier company, HFD 

The package was prepared for pickup on time; however, the courier service acting on behalf of the merchant failed to arrive and never collected the package. As a result, the items remain in my possession.

Attempts to Resolve with the Merchant:

I repeatedly contacted SHEIN's customer support to request a rescheduled pickup or an alternative return label. The merchant refused to provide a solution, disclaimed responsibility for the courier’s failure, and insisted that a refund can only be issued once the items arrive at their warehouse—a condition made impossible solely due to their own courier’s failure. Subsequently, customer support ceased responding, stalled without offering any resolution, and ultimately blocked me from accessing their support channels entirely.

Summary:

I have exhausted all attempts to resolve this directly with the merchant. This constitutes a clear non-delivery/failure of service (loss of return rights guaranteed by contract). I request a chargeback / full refund for this transaction.",שובל דגמי,6a5f25397b418c378c85f2ef,IL,1,"Hello!

We sincerely apologize for any inconvenience caused—your experience is incredibly important to us 💝

According to the information you provided, we've identified your inquiry submitted via the SHEIN app and our dedicated support agent is expediting the resolution.We guarantee a clear response within 24 hours, and you can monitor real-time updates anytime in ""Service Records"".

🔹 Steps to Access:
Open SHEIN APP → Tap ""Me"" at bottom → ""Customer Service"" → ""Service Records"" 

Your feedback lights our path forward—we look forward to assisting you further.",2026-07-22T06:39:13.000Z
www.shein.com,id:6a5ec7253cf3621b3359d49b,native_id,6a5ec7253cf3621b3359d49b,1,false,1784603461,07/21/2026 03:11:01,Very disappointed with my experience,Very disappointed with my experience. This is the third time my SHEIN package has gone missing after placing an order. It is frustrating to keep waiting for items I paid for and then have to deal with missing deliveries. ,Taboka,68d4da05412e4c9b94528857,US,1,"Hello！
According to the information you provided, we noticed our team has sent a solution regarding your order. Please check your email for updates. If no email was received, it may have been filtered to the spam folder. We hope to hear from you. :)",2026-07-21T08:21:33.000Z
www.shein.com,id:6a5ea1d3509546f4baa22f16,native_id,6a5ea1d3509546f4baa22f16,2,false,1784593907,07/21/2026 00:31:47,Habe einiges bestellt ,"Habe einiges bestellt , immer fehlte etwas.
Die letze Bestellung war eine große .. 4 Sachen fehlten , shein Service reagierte nicht,
Paypal hört einem nicht richtig zu.. und bringt selbst mit köuferschutz nichts.. man bleibt auf den Kosten leider sitzen.
3 Pakete 4 Sachen fehlten , shein behauptet es wurde verpackt.. aber trotz pp köuferschutz, die sind auf der Seite von shein.. habe den Inhalt fotografiert .. 
einmal ging ich gegen vor .. keine Chance
Shein Service reagiert garnicht, außer bei pp reagieren die sofort.

Mehrere Bestellungen immer fehlte etwas.
Aber das man aufeinmal Probleme hat auf Rückerstattung is Crazy.. 

Mach ich nicht mehr . Schnauze voll 

Das was angekommen ist , ist ganz okey.
Zu viel erwarten braucht man natürlich nicht bei den Preisen.
",jule messing,6a5ea1aeb06fbf5413edd0aa,DE,3,"Hallo!

Den von dir bereitgestellten Informationen zufolge hat unser Team bereits eine Lösung zu deiner Bestellung gesendet. Bitte überprüfe deine E-Mails auf Updates. Falls du keine E-Mail erhalten hast, könnte sie im Spam-Ordner gelandet sein. Wir freuen uns auf deine Rückmeldung. :)",2026-07-21T01:58:42.000Z
www.shein.com,id:6a5e99bd3b6421fb10991cdf,native_id,6a5e99bd3b6421fb10991cdf,1,false,1784591837,07/20/2026 23:57:17,J'ai reçu un colis non fermé,"J'ai reçu un colis non fermé, Resultat il manque 2 articles. Cela fait plusieurs jours que je contacte le service client qui est incompétent. Ils ne comprennent rien, on me dit qu'il y avait bien tout les articles lors de l'emballage alors que je leur ai bien expliqué avec photos à l' appui que le colis n'était pas fermé du tout ! Inadmissible 😡",Misa,629c4d5984677800135041eb,FR,9,"Bonjour !

Nous vous présentons nos sincères excuses pour tout désagrément occasionné—votre expérience compte énormément pour nous 💝

Selon les informations que vous avez fournies, nous avons identifié votre demande soumise via l’application SHEIN. Notre agent dédié accélère la résolution, et nous vous garantissons une réponse claire sous 24 heures. Vous pouvez suivre les mises à jour en temps réel à tout moment dans « Historique du service ».

🔹 Étapes d’accès :
Ouvrez l’application SHEIN → Touchez « Moi » en bas → « Service client » → « Historique du service »

Vos retours éclairent notre chemin—nous avons hâte de pouvoir vous aider davantage.",2026-07-21T01:54:22.000Z
www.shein.com,id:6a5e94e362b58b1fbb808dec,native_id,6a5e94e362b58b1fbb808dec,1,false,1784590595,07/20/2026 23:36:35,They claimed they're gonna give you…,They claimed they're gonna give you five dollars credit if the package doesn't arrive in time but what they do is change the original delivery time and give themselves more time. This has happened to me at least four times.,Desiree Nickle,64d8348bbb4e710012cd9b02,US,4,"Hello!

We are truly sorry for the unpleasant experience.

In order to better resolve your concerns, we need you to provide specific information, such as your order number. We have sent you an email with the subject ""Request for information about your experience."" Please check your inbox (and spam folder), and reply to that email with the information we need.

Your feedback is our driving force for continuous improvement, and we truly value your opinion. We look forward to providing you with further assistance as soon as we receive your response. :)",2026-07-21T01:44:24.000Z
www.shein.com,id:6a5e92a0149ca20b62c3d071,native_id,6a5e92a0149ca20b62c3d071,5,true,1784590016,07/20/2026 23:26:56,Affidabile e consegna  più rapida ,"L, esperienza. con Shein é sempre positiva nel senso che riesco a trovare ciò che mi serve e alla moda a prezzi accessibili. Se qualcosa non va risolve sempre la situazione andando incontro alle esigenze dell'utente. Sto apprezzando molto anche la rapidità delle spedizioni. ",Mariateresa Cinanni,6210ebbf4ae4fc001290dc11,IT,17,,
www.shein.com,id:6a5e796d24b88377a3dbaa57,native_id,6a5e796d24b88377a3dbaa57,1,false,1784583565,07/20/2026 21:39:25,Eksem efter användning av bikini,"Köpte en vacker bikini förra året, började använda den först nu i år. Efter 2 strandbesök och simning fick kontakt eksem på brösten och på magen under bikinin. Bikinin verkar vara fullpackad med kemikalier som släpper vid användning. Slängdes och inga mer Shein köp för mig.",Nikita,69160ae234d80c2649741eab,SE,2,"SHEIN takes product safety extremely seriously and is committed to offering safe and compliant products to our customers.
All vendors on our platform are required to comply with SHEIN’s code of conduct, safety standards, and all applicable laws. We partner with internationally recognised testing and quality-assurance agencies—including Bureau Veritas, Intertek, QIMA, SGS and TÜV SÜD—to help ensure that non-compliant products do not appear on our site. Where issues are identified, we take immediate action, which can include removing products or off-boarding vendors.
we suggest you contact our customer service through this link: https://se.shein.com/robot?page=navigationBar",2026-07-24T01:07:44.000Z
www.shein.com,id:6a5e6f4000dffd03f0d91450,native_id,6a5e6f4000dffd03f0d91450,1,false,1784580960,07/20/2026 20:56:00,Ho fatto un reso di 75€ roba che la mia…,"Ho fatto un reso di 75€ roba che la mia bimba ha fatto per errore di taglia l ho portato in un centro inpost il mio pacco è sparito senza Ricevere una mail di reso .
Ho comunicato il tutto a shein ma mi continuano a dire che vogliono la mail di reso...ladri e vergognosi hanno perso un cliente...mai più un acquisto!!!addios
",cliente,622909f7ebe80c0012a8666c,IT,2,"Salve!

Secondo le informazioni fornite, abbiamo notato che il nostro team ha già inviato una soluzione riguardante il tuo ordine. Ti preghiamo di controllare la tua email per gli aggiornamenti. Se non hai ricevuto alcuna email, potrebbe essere finita nella cartella spam. Speriamo di ricevere tue notizie. :)",2026-07-21T02:19:13.000Z
www.shein.com,id:6a5e6de9a6752704fe73c4d7,native_id,6a5e6de9a6752704fe73c4d7,1,false,1784580617,07/20/2026 20:50:17,Scammers,"Scammers! 
Item never received. 
SHEIN and FedEx agreed that SHEIN made my label incorrect. SHEIN promised a refund but refuse to process it. It has an “error” or is “declined” last minute. Repeated contact of customer service gives me run around and more apologies and promises of refund that never comes. I have tried 4 times to submit a claim and they deny it last minute after admitting fault. This is a scam site. ",CJ Townsend,63bdd3b64a176f00128c7d5a,US,4,"Hello!

We are truly sorry for the unpleasant experience.

In order to better resolve your concerns, we need you to provide specific information, such as your order number. We have sent you an email with the subject ""Request for information about your experience."" Please check your inbox (and spam folder), and reply to that email with the information we need.

Your feedback is our driving force for continuous improvement, and we truly value your opinion. We look forward to providing you with further assistance as soon as we receive your response. :)",2026-07-21T01:51:41.000Z
www.shein.com,id:6a5e6245ef25056be81ab953,native_id,6a5e6245ef25056be81ab953,1,false,1784577637,07/20/2026 20:00:37,The customer service is appalling,"The customer service is appalling. Impossible to communicate with a human. Plus, they use a terrible delivery company. I have still not received my order.

Re their reply to this review: they sent their email to me from a no-reply account so my reply automatically bounced back. Typically hopeless service. ",Tim Pain,5f6e1f7d4a9120063a949233,GB,8,"Hello!

We are truly sorry for the unpleasant experience.

In order to better resolve your concerns, we need you to provide specific information, such as your order number. We have sent you an email with the subject ""Request for information about your experience."" Please check your inbox (and spam folder), and reply to that email with the information we need.

Your feedback is our driving force for continuous improvement, and we truly value your opinion. We look forward to providing you with further assistance as soon as we receive your response. :)",2026-07-21T01:52:25.000Z
www.shein.com,id:6a5e57d2209d48743751cd97,native_id,6a5e57d2209d48743751cd97,5,true,1784574962,07/20/2026 19:16:02,J’adore!,"J’adore!
Les articles, le site, tout est top! La livraison est un peu longue mais ça vaut le coup d’attendre ☺️",caro,51ef5cde000064000145063f,FR,11,,
www.shein.com,id:6a5e4c9d8e3e0de4c7603f05,native_id,6a5e4c9d8e3e0de4c7603f05,3,true,1784572093,07/20/2026 18:28:13,Subieron los precios como en las…,"Subieron los precios como en las tienda, antes compensaba comprar, ahora ya no tanto.",Sra Retamosa Rivera,5c552260b6450560f7053422,ES,3,,
www.shein.com,id:6a5e4905b58292e0d6506d70,native_id,6a5e4905b58292e0d6506d70,2,false,1784571173,07/20/2026 18:12:53,Disappointed with the delivery,"The clothes took way longer to arrive than I expected. Quality wasn't great either, sadly.",Marita Derksen,6a3c00fd000ce3741f8e81c7,US,3,"Hello!

We are truly sorry for the unpleasant experience.

In order to better resolve your concerns, we need you to provide specific information, such as your order number. We have sent you an email with the subject ""Request for information about your experience."" Please check your inbox (and spam folder), and reply to that email with the information we need.

Your feedback is our driving force for continuous improvement, and we truly value your opinion. We look forward to providing you with further assistance as soon as we receive your response. :)",2026-07-21T02:19:41.000Z
www.shein.com,id:6a5e3fd39c9cb07fbba3045c,native_id,6a5e3fd39c9cb07fbba3045c,1,false,1784568819,07/20/2026 17:33:39,Article manquant dans mon colis,"Article manquant dans mon colis. Shane me certifie que le colis était complet. Il n'y a aucun recours juste un chat sur mon écran qui m'explique qu'il est désolé pour moi mais qui ne peut rien faire. Service après-vente déplorable et pas sérieux pour une entreprise commeSHEIN, ce service est vraiment a revoir!!!",Vanessa Henin,5eea1be7bac47d21dbaafb0d,FR,7,"Bonjour !

D’après les informations fournies, nous avons constaté que notre équipe a déjà envoyé une solution concernant votre commande. Veuillez vérifier votre boîte mail pour les mises à jour. Si vous n’avez rien reçu, il se peut que le message soit dans le dossier des spams. Nous espérons avoir de vos nouvelles. :)",2026-07-21T08:49:19.000Z
www.shein.com,id:6a5e3409763b5dec7b2f8e33,native_id,6a5e3409763b5dec7b2f8e33,5,true,1784565801,07/20/2026 16:43:21,Je ne suis jamais déçue,"Je ne suis jamais déçue, peut-être un peu pour la livraison qui est un peu longue parfois. ",Cathy Boury,6a5de38a7b418c373a844cb7,FR,2,,
www.shein.com,id:6a5e31fdd62944149d77c2e0,native_id,6a5e31fdd62944149d77c2e0,5,true,1784565277,07/20/2026 16:34:37,Tutto ok,"Perfetto 






Tutto ok ",Gentile Cliente Michela,60c22a97384d84001a426ced,IT,23,,
www.shein.com,id:6a5e1838861915a8fb540f68,native_id,6a5e1838861915a8fb540f68,1,false,1784558681,07/20/2026 14:44:41,Pure junk. Just polluting the planet. ,"I thought as every time I order from Temu they sell my credit card details to criminal's plus nothing has ever worked. 
I ordered 2 neck fans & they both broke within seconds. Literally once I pressed the button the button fell off & the cheap junk just fell apart. I will never use this site ever again. 🤬🤮",Jeremy Howard,5d233c6631033989f15c58ed,GB,11,,
www.shein.com,id:6a5e1817dccaa15ef2788c81,native_id,6a5e1817dccaa15ef2788c81,1,false,1784558647,07/20/2026 14:44:07,Zeer slechte aftersales,"Zeer slechte aftersales. Ik heb voor bijna € 600,00 besteld waarvan 1 artikel (zwarte hakschoenen/pumps) niet in de bestelling erbij zaten. Voor de rest is wel alles geleverd. Shein blijft volhouden dat het wel geleverd is maar ze kunnen (of willen) me hiervan geen bewijs leveren. Ik bestel nooit meer bij Shein! Ik zal zelf vervolgstappen moeten ondernemen om mijn artikel toch nog geleverd te krijgen. ",Ingrid Looijmans-Van Bree,60919e41cf2203001d62b5a9,NL,5,"Hallo!
Onze excuses voor het ongemak. Uw ervaring is erg belangrijk voor ons 💝
Op basis van de informatie die u heeft verstrekt, hebben we uw vraag via de SHEIN-app ontvangen en onze medewerker van de klantenservice werkt hard aan een oplossing. We garanderen een duidelijk antwoord binnen 24 uur en u kunt de status van uw servicegegevens op elk moment live volgen in ""Servicegegevens"".
🔹 Stappen om toegang te krijgen:
Open de SHEIN-app → Tik onderaan op ""Mijn account"" → ""Klantenservice"" → ""Servicegegevens""
Uw feedback is waardevol voor ons. We kijken ernaar uit u verder te helpen.",2026-07-21T01:52:50.000Z
www.shein.com,id:6a5dff5005787bcb0a46270e,native_id,6a5dff5005787bcb0a46270e,1,false,1784552304,07/20/2026 12:58:24,Bad customer services,"Once again I have tried to get an answer regarding my withdrawal that shien have NOT returned.  I have contacted my bank & they definitely have not received the refund.  Shein are not helping sort this matter out. Customer services are an absolute joke giving me the same reply everytime.  Be careful when shopping at shein! I have purchased some lovely items but when you have a problem you can't get help!!  Shein keep replying asking for more information but don't state where I can give more information! I have emailed, Messaged via the app  but it is still NOT sorted!!",Sally Gill,6012d1ad819660001b3f5941,GB,3,"Hello!

We are truly sorry for the unpleasant experience.

In order to better resolve your concerns, we need you to provide specific information, such as your order number. We have sent you an email with the subject ""Request for information about your experience."" Please check your inbox (and spam folder), and reply to that email with the information we need.

Your feedback is our driving force for continuous improvement, and we truly value your opinion. We look forward to providing you with further assistance as soon as we receive your response. :)",2026-07-21T01:57:10.000Z
www.shein.com,id:6a5dfe9f372ff74d7ceffcf7,native_id,6a5dfe9f372ff74d7ceffcf7,1,false,1784552127,07/20/2026 12:55:27,This site lies and is annoying with…,This site lies and is annoying with their false advertising for winnings. They claim if you spend an x amount of money you win free items but they never honor it. This is false advertisement and is illegal ,Amy Sanders,6a5dfe96b06fbfe60eecb962,US,1,"Hello！

According to the information you provided, we noticed our team has sent a solution regarding your order. Please check your email for updates. If no email was received, it may have been filtered to the spam folder. We hope to hear from you. :)",2026-07-21T02:09:11.000Z
www.shein.com,id:6a5df0b4587d21412d7cb90b,native_id,6a5df0b4587d21412d7cb90b,1,false,1784548564,07/20/2026 11:56:04,"Schlechtester Kundenservice, den ich je erlebt habe","Ich habe einen defekten Artikel reklamiert. Als Lösung wurde mir ein Gutscheincode zugesandt. Das Problem ist: Dieser Gutscheincode funktioniert nicht.

Seit mittlerweile 13 Tagen versuche ich zu klären, warum der Code nicht funktioniert, für welche Artikel er überhaupt gilt und welchen Wert er hat. Bis heute konnte mir diese einfachen Fragen niemand beantworten. Stattdessen erhalte ich immer wieder Standardantworten, widersprüchliche Aussagen und leere Versprechen. Mal heißt es, mein Anliegen werde innerhalb von 24 Stunden gelöst, dann wieder, das Ergebnis bleibe unverändert. Eine konkrete Lösung gibt es bis heute nicht.

Ich habe mehrfach Screenshots geschickt, verschiedene Warenkörbe ausprobiert und alle gewünschten Informationen bereitgestellt. Trotzdem wurde mein eigentliches Anliegen nie beantwortet. Ich habe inzwischen das Gefühl, dass meine Nachrichten gar nicht richtig gelesen werden.

Mittlerweile geht es mir nicht mehr um den ursprünglichen Artikel, sondern um die Art, wie mit Kunden umgegangen wird. Ich finde es unverständlich, einem Kunden einen Gutscheincode zu schicken, der nicht funktioniert, und dann innerhalb von 13 Tagen weder erklären zu können, warum das so ist, noch einen funktionierenden Ersatz anzubieten.

Ich fühle mich als Kunde nicht ernst genommen und komme mir inzwischen ehrlich gesagt verarscht vor. Einen Kundenservice stelle ich mir völlig anders vor. Aus meiner persönlichen Erfahrung kann ich eine Bestellung bei SHEIN daher leider nicht empfehlen, wenn man im Problemfall auf Hilfe angewiesen ist.",Susi,6884ce8e96006950dae652dc,DE,2,"Hallo!

Es tut uns wirklich leid, dass Sie eine unangenehme Erfahrung gemacht haben.

Um Ihr Anliegen besser bearbeiten zu können, benötigen wir von Ihnen einige spezifische Informationen, wie beispielsweise Ihre Bestellnummer. Wir haben Ihnen eine E-Mail mit dem Betreff „Request for information about your experience“ gesendet. Bitte überprüfen Sie Ihren Posteingang (und auch Ihren Spam-Ordner) und antworten Sie auf diese E-Mail mit den benötigten Informationen.

Ihr Feedback ist unser Antrieb für kontinuierliche Verbesserungen, und wir schätzen Ihre Meinung sehr. Sobald wir Ihre Antwort erhalten haben, werden wir Ihnen gerne weiterhelfen. :)",2026-07-21T12:49:56.000Z
www.shein.com,id:6a5deb39eb3b94a3befa2d08,native_id,6a5deb39eb3b94a3befa2d08,3,true,1784547161,07/20/2026 11:32:41,Un po' delusa ," Ho sempre acquistato su shein , soprattutto abiti di cotone o migliorie per la casa ecc .. ma ultimamente non mi sto trovando molto bene ,tra che i prezzi sono aumentati la qualità la trovo peggiorata... ",Valentina Travascio,69b9747f157f7bfe6b477c76,IT,4,"Salve!

Secondo le informazioni fornite, abbiamo notato che il nostro team ha già inviato una soluzione riguardante il tuo ordine. Ti preghiamo di controllare la tua email per gli aggiornamenti. Se non hai ricevuto alcuna email, potrebbe essere finita nella cartella spam. Speriamo di ricevere tue notizie. :)",2026-07-21T02:11:25.000Z
www.shein.com,id:6a5dcef325d3722678e9095b,native_id,6a5dcef325d3722678e9095b,1,false,1784539923,07/20/2026 09:32:03,Very bad service 8 July se every 24 hrs…,"Very bad service 8 July se every 24 hrs ke baad refund hojaiga bolte hai shein ke workers lekin unka 24 hrs hota hi nhi .
Itni ghatiya service hai sab chor hai shein me. 
Jhoothe log .
Shein ke chor bande .
Parcel bhi delivery boy leke gaya aur shein ko yeh bhi nhi pta delivery boy kon hai parcel kaha diya .
Chor company faltu company ",Rehana Ashraf,6a5b87e3b06fbf71a4eaa29b,IN,2,"Hello！

According to the information you provided, we noticed our team has sent a solution regarding your order. Please check your email for updates. If no email was received, it may have been filtered to the spam folder. We hope to hear from you. :)",2026-07-21T02:04:29.000Z
www.shein.com,id:6a5db50b87aa3dcc47d6dc7a,native_id,6a5db50b87aa3dcc47d6dc7a,1,false,1784533291,07/20/2026 07:41:31,I do not recommend purchasing from Shein,"I do not recommend purchasing from this site ""Shein"" based on my experience. When I tried to return a product, I had to raise the return request multiple times, but no one came to pick it up. Customer support was also unhelpful—they kept citing ""logistics issues"" without providing a resolution.

This has been one of the most disappointing online shopping experiences I've had. The repeated delays, lack of support, and unresolved return process have been extremely frustrating. Based on my experience, I'd rather shop from physical stores where returns and customer service are more reliable.",Swe Sahu,6a5db503c2526c7289915245,IN,1,"Hello!

We are truly sorry for the unpleasant experience.

In order to better resolve your concerns, we need you to provide specific information, such as your order number. We have sent you an email with the subject ""Request for information about your experience."" Please check your inbox (and spam folder), and reply to that email with the information we need.

Your feedback is our driving force for continuous improvement, and we truly value your opinion. We look forward to providing you with further assistance as soon as we receive your response. :)",2026-07-20T08:44:31.000Z
www.shein.com,id:6a5d6a66bff50c2d926ec813,native_id,6a5d6a66bff50c2d926ec813,1,false,1784514182,07/20/2026 02:23:02,If I could give zero stars I would,If I could give zero stars I would. Customer service is a joke. My order was delivered on a pathway not at an area at covered porch but in full view of passerby on a main road. Of course it was stolen.i have a box at the front door with a delivery sign. I contacted them and the photo from courier shows where he threw it.i have not had one email or any messages from customer service . Never will I use SHEIN again. Disgusted.,Liz VanDyken,60b8f67badeb930019d2fdeb,AU,4,"Hello!

We are truly sorry for the unpleasant experience.

In order to better resolve your concerns, we need you to provide specific information, such as your order number. We have sent you an email with the subject ""Request for information about your experience."" Please check your inbox (and spam folder), and reply to that email with the information we need.

Your feedback is our driving force for continuous improvement, and we truly value your opinion. We look forward to providing you with further assistance as soon as we receive your response. :)",2026-07-20T08:59:05.000Z
www.shein.com,id:6a5d41a4121e3067301c9f21,native_id,6a5d41a4121e3067301c9f21,2,false,1784503748,07/19/2026 23:29:08,Non capisco perché il mio pacco mi dice…,"Non capisco perché il mio pacco mi dice da due giorni che ancora non ha superato la dogana!!! Per favore è da una settimana che ho ordinato, ho bisogno di questo pacco al più presto possibile!!!!! 
numero pacco: GFIT26196158200432",nessuno,5fde10b31ca4d70019c15f71,IT,10,"Salve!

Secondo le informazioni fornite, abbiamo notato che il nostro team ha già inviato una soluzione riguardante il tuo ordine. Ti preghiamo di controllare la tua email per gli aggiornamenti. Se non hai ricevuto alcuna email, potrebbe essere finita nella cartella spam. Speriamo di ricevere tue notizie. :)",2026-07-20T02:58:52.000Z
www.shein.com,id:6a5d4135dd6ea91d8582d019,native_id,6a5d4135dd6ea91d8582d019,5,true,1784503637,07/19/2026 23:27:17,Très bonne expérience avec ce site,Très bonne expérience avec ce site,Elfy Vlp,6a5d40df236e3df14ddac542,FR,2,,
www.shein.com,id:6a5d2956a30bcf4bae154474,native_id,6a5d2956a30bcf4bae154474,5,true,1784497526,07/19/2026 21:45:26,Me encanta Shein,Me encanta Shein,cliente,5e7b3e86baa5185af71cdc90,ES,5,,
www.shein.com,id:6a5d1869846f790c24081132,native_id,6a5d1869846f790c24081132,1,false,1784493193,07/19/2026 20:33:13,Useless customer service ,Why oh why can’t SHEIN sort my problem out for me.  Customer service is absolutely useless. They have closed my account now for two months and can’t explain why . Ihave done nothing wrong and only wish to purchase items from them as I have in the past. I have tried and tried to get a resolution from customer service but to no avail.,Eileen Murray,6a5938fdc2526ce5838d3dd1,GB,2,"Hello!

We are truly sorry for the unpleasant experience.

In order to better resolve your concerns, we need you to provide specific information, such as your order number. We have sent you an email with the subject ""Request for information about your experience."" Please check your inbox (and spam folder), and reply to that email with the information we need.

Your feedback is our driving force for continuous improvement, and we truly value your opinion. We look forward to providing you with further assistance as soon as we receive your response. :)",2026-07-20T01:53:47.000Z
www.shein.com,id:6a5cab8d85e642126e019333,native_id,6a5cab8d85e642126e019333,2,false,1784465325,07/19/2026 12:48:45,Shein isn't what it used to be,"Shein isn't what it used to be, frustrating experience. 

​I’ve been a loyal customer for a long time, but Shein is honestly not what it used to be. Lately, the service has gone downhill completely.
​Inaccurate Stock: I keep finding that products are listed incorrectly regarding their actual availability.
​Shipping & Lost Packages: Delivery times are now painfully long, and to make matters worse, packages frequently get lost in transit.
​Terrible Customer Support: Trying to get help is a nightmare. There is virtually no real customer support anymore.
​No Refunds: If your package goes missing, it is now incredibly difficult to actually get a refund. They make you jump through endless hoops.
​While I still find many items that interest me, the constant headaches mean I will think twice before ordering from them again. Proceed with caution.",kat_kat,5fafb74fb97938001a1684e5,GR,4,"Hello!

We sincerely apologize for any inconvenience caused—your experience is incredibly important to us 💝

According to the information you provided, we've identified your inquiry submitted via the SHEIN app and our dedicated support agent is expediting the resolution.We guarantee a clear response within 24 hours, and you can monitor real-time updates anytime in ""Service Records"".

🔹 Steps to Access:
Open SHEIN APP → Tap ""Me"" at bottom → ""Customer Service"" → ""Service Records""

Your feedback lights our path forward—we look forward to assisting you further.",2026-07-20T01:48:24.000Z
www.shein.com,id:6a5c9b144a426743e76ce246,native_id,6a5c9b144a426743e76ce246,1,false,1784461108,07/19/2026 11:38:28,SAV sans valeur ni éthique ,"J’ai commandé quatre maillots de bain chez SHEIN. Les 4 ne m'allant pas j'ai demandé le retour. Les articles ont donc  jamais été portés et j’ai effectué le renvoi avec l’étiquette de retour fournie par SHEIN, les 4 maillots ensemble.

Quelques jours plus tard, j'ai eu un remboursement partiel pour un seul article (1,51€ pour 10€...) car soit disant pas le bon retour (peut-être que j'ai inversé les sachets d'emballage) mais aucune nouvelle des autres maillots alors qu'ils étaient tous ensemble.
Le service client n'entend rien à ma possible erreur et ne me répond pas à savoir ce que deviennent les 3 autres maillots de bain, réponses essentiellement par des messages automatisés, sans répondre réellement aux preuves apportées. Et le numéro du service client fourni sur le site ne fonctionne pas.
Plus de 30€ qu'ils ne m'ont pas remboursé.

Alors fuyez, ne commandez jamais sur ce site car renvoyer 4 articles dans un même emballage et s'en faire rembourser qu'un seul, et encore partiellement, sans argument, avec une seule photo d'un maillot plié dans un emballage dont on ne voit même pas à quoi il ressemble, sans nouvelles des autres articles qui ont dû aussi être reçus par logique, n'a aucun sens.

Je vais contacter mon assurance juridique pour m'aider dans cette requête car je ne compte pas me laisser faire.



Sur la réponse de shein, ils indiquent m'avoir contacté par email ce qui est vrai mais pas de solution trouvée, soit disant ils disent que PayPal n'a pas clôturé le dossier ce qui est faux.....",Lexa,5fea30cf9ef789001a82cb44,FR,3,"Bonjour !

D’après les informations fournies, nous avons constaté que notre équipe a déjà envoyé une solution concernant votre commande. Veuillez vérifier votre boîte mail pour les mises à jour. Si vous n’avez rien reçu, il se peut que le message soit dans le dossier des spams. Nous espérons avoir de vos nouvelles. :)",2026-07-20T03:01:11.000Z
www.shein.com,id:6a5c8cf57bbbde405ee5935b,native_id,6a5c8cf57bbbde405ee5935b,1,false,1784457493,07/19/2026 10:38:13,Desatención al cliente ,"Tienen un servicio de atención al cliente nefasto, lo que diferencia a las empresas que valoran al cliente de las que no es precisamente este departamento. Desde el 6/07 no se actualiza la información de mi pedido, está a la espera de ser entregado al agente de aduanas, se traduce esa falta de seguimiento que no saben dónde está el pedido ya que no se ha escaneado la etiqueta…intento hablar con atención al cliente y es un bot el que te contesta y si consigues hablar con una persona, son ineficaces e ineficientes, solo te dan largas para que esperes más tiempo…señores de Shein investiguen dónde está mi pedido, hagan llamadas, solventen el problema, no quiero puntos extra, quiero mi dinero o el pedido…tbn me he intentado poner en contacto con quickrabbit y con el mismo éxito, no saben, no contestan…cuando no hay problemas las reseñas son maravillosas y también deberían serlo cuando hay incidencias, porque ustedes entienden y atienden al cliente, cosa que NO hacen. Devuélvanme  mi dinero!!!!
Actualización respuesta Shein 20/07. Me parece de vergüenza que me digan que ya me han contestado. Mandar una mail diciendo que el 22 de julio les vuelva a contactar para ver qué hacen con mi pedido?!!!?? En vez de preocuparse por ver que es lo que ha ocurrido? No voy a esperar al 22 de julio. Quiero mi dinero ya! Un pedido que no se actualiza desde el 6 de julio no saben dónde está. Van a ser denunciados y jamás volveré a comprar. Hay mucha competencia.",carmen requerey izquierdo,6a5c8ad87b418c6469832294,ES,1,"¡Hola!

Según la información que nos proporcionaste, notamos que nuestro equipo ya ha enviado una solución relacionada con tu pedido. Por favor, revisa tu correo electrónico para ver las actualizaciones. Si no recibiste ningún correo, puede que haya sido filtrado a la carpeta de spam. Esperamos tu respuesta. :)",2026-07-20T09:31:07.000Z
www.shein.com,id:6a5c542a7653275b3e2ec634,native_id,6a5c542a7653275b3e2ec634,1,false,1784442954,07/19/2026 06:35:54,Very poor experience with SHEIN’s…,"Very poor experience with SHEIN’s refund process.

I placed an order in December 2025, but the package never arrived. After reporting the issue, I had to go through a refund process that took almost a month, with several emails, incomplete responses, and repeated requests for information.

From the beginning, I asked for the refund to be issued as SHEIN Wallet credit, because I had already experienced problems with bank refunds before. Later, their support team asked me for an alternative account to process the refund, so I provided my PayPal account.

However, only a small portion of the refund, around USD 15, was sent to PayPal. The rest was sent in several split amounts to my bank account, which was exactly the method I had asked them to avoid.

The biggest issue is that I originally paid for the order in one single transaction, not in separate payments. Therefore, if SHEIN decided to refund the original card, they should have refunded the exact amount corresponding to the original card transaction, not several fragmented amounts. Because of this, my bank is not properly recognizing or releasing part of the refund, since the amounts do not match the original purchase transaction.

This makes the situation even more frustrating. Why ask me where I wanted the refund to be sent if, in the end, they were going to process it however they wanted, without following the refund method I provided?

As a result, after almost a month of emails, claims, and additional paperwork with my bank, I still cannot access a significant part of my money.

This has been a very frustrating and poorly managed refund process. SHEIN should have respected the refund method I requested, or at least processed the refund correctly according to the original transaction.

Unfortunately, based on this experience, I cannot recommend SHEIN’s customer service or refund process.

The report number is: 57232576.",Carlos Matute,6a16d2f46142adf1f62b1398,VE,4,"Hello!
We are truly sorry for the unpleasant experience.
In order to better resolve your concerns, we need you to provide specific information, such as your order number. We have sent you an email with the subject ""Request for information about your experience."" Please check your inbox (and spam folder), and reply to that email with the information we need.
Your feedback is our driving force for continuous improvement, and we truly value your opinion. We look forward to providing you with further assistance as soon as we receive your response. :)",2026-07-19T13:05:00.000Z
www.shein.com,id:6a5bf571d238166b7a52dbf8,native_id,6a5bf571d238166b7a52dbf8,5,true,1784418705,07/18/2026 23:51:45,Perfecto  todo lo que he pedido ha…,Perfecto  todo lo que he pedido ha llegado el perfectas condiciones ,Lolita,5ed38e0aa2d947181aabd08f,ES,4,,
www.shein.com,id:6a5bf3ead6591756106bc0a1,native_id,6a5bf3ead6591756106bc0a1,1,false,1784418314,07/18/2026 23:45:14,EXTREMELY DISAPPOINTED: Month long delays and poor customer service,"I placed an order on July 4, 2026, which had an original delivery window of July 12–19. The order will not arrive by my birthday on July 25, 2026, and is now not expected until as late as August 1—nearly a month after the original date.
I spent over $100 on this order. When I reached out to customer support regarding the significant, unmanaged shipping delays and the missed delivery guarantees, they refused to escalate the issue to a supervisor and only offered me a standard 15% off coupon (requiring a $29+ spend), which is an insulting resolution for such a service failure.
It is unacceptable to treat customers this way when a time-sensitive order is delayed for this long. I will not be shopping with this company again.",Alyssa Hansen,6a5bf3cfff3db222beb8b2d0,US,1,"Hello!

We are truly sorry for the unpleasant experience.

In order to better resolve your concerns, we need you to provide specific information, such as your order number. We have sent you an email with the subject ""Request for information about your experience."" Please check your inbox (and spam folder), and reply to that email with the information we need.

Your feedback is our driving force for continuous improvement, and we truly value your opinion. We look forward to providing you with further assistance as soon as we receive your response. :)",2026-07-19T02:30:57.000Z
www.shein.com,id:6a5bf05ec5b78d69f38175db,native_id,6a5bf05ec5b78d69f38175db,1,false,1784417406,07/18/2026 23:30:06,I had a poor experience with them after…,"I had a poor experience with them after sending photos and measurements of socks that were misleading in description. The socks advertised said size 39 to 42, which is my size but it could not even go on my foot. They also falsely described them as mid calf but they were instead ankle socks. I will no longer be purchasing from them in future as they refused to take them back and refund me, despite the fact that I was mislead about sizing of the socks.",Stephanie S,6a5bf041c2526c38a6901bd0,ZA,1,"Hello！

According to the information you provided, we noticed our team has sent a solution regarding your order. Please check your email for updates. If no email was received, it may have been filtered to the spam folder. We hope to hear from you. :)",2026-07-19T02:34:54.000Z
www.shein.com,id:6a5beffa42a77a9273150c12,native_id,6a5beffa42a77a9273150c12,3,false,1784417306,07/18/2026 23:28:26,Grand for basics.,Grand for basics. ,Hollie,60043c23001c43001961f667,IE,13,"Hello,

We are very happy to receive your evaluation, if you are satisfied with us, please feel free to adjust the star rating you think is suitable for our service, thank you! 💖️",2026-07-19T02:31:46.000Z
www.shein.com,id:6a5bdea27c34abb97d16c700,native_id,6a5bdea27c34abb97d16c700,1,false,1784412866,07/18/2026 22:14:26,Locked account for over 2 months,"I wrote a review the other day and shein replied that it had been resolved. However, that is not the case .  I want to update my experience but sent the reply too soon,  I was wondering whether SHEIN could contact me again so I can explain more.",Eileen Murray,6a5bde9eff3db23d54b8a073,GB,1,"Hello！

According to the information you provided, we noticed our team has sent a solution regarding your order. Please check your email for updates. If no email was received, it may have been filtered to the spam folder. We hope to hear from you. :)",2026-07-19T02:32:31.000Z
www.shein.com,id:6a5bb6835984cbf6ef74f5ed,native_id,6a5bb6835984cbf6ef74f5ed,3,true,1784402595,07/18/2026 19:23:15,Shein ,Ya no es lo que era antes. Todo ha subido de precio como era de esperar por la aplicación de impuestos y te fraccionan los pedidos en demasiadas partes. ,sa fresne,6a5915bc7b418c339c7fc4c3,ES,3,"¡Hola!

Según la información que nos proporcionaste, notamos que nuestro equipo ya ha enviado una solución relacionada con tu pedido. Por favor, revisa tu correo electrónico para ver las actualizaciones. Si no recibiste ningún correo, puede que haya sido filtrado a la carpeta de spam. Esperamos tu respuesta. :)",2026-07-19T02:39:18.000Z
www.shein.com,id:6a5ba57949d4cb7a709cce63,native_id,6a5ba57949d4cb7a709cce63,1,false,1784398233,07/18/2026 18:10:33,Un parcours client désastreux : merci à PayPal d’avoir dû réparer la situation,"J’ai commandé un maillot de bain chez SHEIN. Dès la réception, la protection hygiénique du bas du maillot était déjà décollée. L’article n’a jamais été porté ni essayé et j’ai effectué le retour le jour même, avec l’étiquette de retour fournie par SHEIN.

Malgré cela, SHEIN a refusé mon remboursement en affirmant que l’article avait été retourné sans protection hygiénique. J’ai pourtant fourni une photo montrant la protection en place avant l’envoi du retour, ainsi que tous les éléments prouvant ma bonne foi.

S’en sont suivis de nombreux échanges avec un service client qui répondait essentiellement par des messages automatisés, sans répondre réellement aux preuves apportées. Les arguments ont changé au fil du temps, mais aucune solution concrète n’a été proposée.

Le plus aberrant : alors que SHEIN avait bien reçu et conservé l’article retourné, il m’a ensuite été demandé de renvoyer le produit à une autre adresse. Une situation totalement incohérente pour un client qui avait pourtant suivi la procédure indiquée par le vendeur.

Au final, c’est PayPal qui a tranché en ma faveur et m’a remboursée. Je remercie PayPal pour son intervention, mais je trouve regrettable que cette situation ait dû aller jusque-là et que SHEIN n’ait pas assumé directement ses responsabilités.

Après cette expérience, je ne commanderai plus chez SHEIN. Une politique de retour n’a de valeur que si elle est appliquée de manière transparente et équitable.",IMD,616f3757fbdb800013b324f0,FR,21,"Bonjour !

Nous vous présentons nos sincères excuses pour tout désagrément occasionné—votre expérience compte énormément pour nous 💝

Selon les informations que vous avez fournies, nous avons identifié votre demande soumise via l’application SHEIN. Notre agent dédié accélère la résolution, et nous vous garantissons une réponse claire sous 24 heures. Vous pouvez suivre les mises à jour en temps réel à tout moment dans « Historique du service ».

🔹 Étapes d’accès :
Ouvrez l’application SHEIN → Touchez « Moi » en bas → « Service client » → « Historique du service »

Vos retours éclairent notre chemin—nous avons hâte de pouvoir vous aider davantage.",2026-07-19T02:41:51.000Z
www.shein.com,id:6a5b9e6c65ea5626f468c077,native_id,6a5b9e6c65ea5626f468c077,1,false,1784396428,07/18/2026 17:40:28,Ik had badpakken besteld en netjes…,"Ik had badpakken besteld en netjes terug gestuurd met hygiene stickers, na een week kreeg ik bericht dat ik een gedeeltelijke terugbetaling kreeg omdat de stickers zogenaamd misten. Ik plaats van een gedeeltelijke terugbetaling kreeg ik helemaal niks terug! Waardeloze service!",Dalia Lamzira,61b3080caefb8f00131f1f19,ES,7,"Hallo!

Het spijt ons oprecht dat u een onaangename ervaring heeft gehad.

Om uw probleem beter te kunnen oplossen, hebben we specifieke informatie van u nodig, zoals uw bestelnummer. U heeft een e-mail ontvangen met als onderwerp ""Request for information about your experience."". Controleer uw inbox (en spammap) en beantwoord deze e-mail met de benodigde informatie.

Uw feedback is onze drijfveer voor continue verbetering en we stellen uw mening zeer op prijs. We kijken ernaar uit u zo snel mogelijk verder te helpen zodra we uw reactie hebben ontvangen. :)",2026-07-19T09:07:26.000Z
www.shein.com,id:6a5b9cb4141a4917a3e06ba4,native_id,6a5b9cb4141a4917a3e06ba4,1,false,1784395988,07/18/2026 17:33:08,I bought 14 articles and only 4 came,"I bought 14 articles (clothes) and only 4 came. 10 are missing. I contacted support but they keep telling me everything is in order, it's not. I only have 1 tracking code. It's my first time using Shein so I'm not sure if the package has been delivered like this or if it has been tampered with.",Julia Capanegra,6a5b9bfbc2526c94798fc6a5,AR,2,"Hello!

We sincerely apologize for any inconvenience caused—your experience is incredibly important to us 💝

According to the information you provided, we've identified your inquiry submitted via the SHEIN app and our dedicated support agent is expediting the resolution.We guarantee a clear response within 24 hours, and you can monitor real-time updates anytime in ""Service Records"".

🔹 Steps to Access:
Open SHEIN APP → Tap ""Me"" at bottom → ""Customer Service"" → ""Service Records"" 

Your feedback lights our path forward—we look forward to assisting you further.",2026-07-19T09:10:25.000Z
www.shein.com,id:6a5b963618cb4ab83fef7e10,native_id,6a5b963618cb4ab83fef7e10,3,true,1784394326,07/18/2026 17:05:26,Shein ,"J'aime beaucoup acheter chez SHEIN, mais souvent des articles défectueux et des livraisons très longues..,",Bibichedudesert,5a6b499e0000ff000b06ae4b,FR,16,"Bonjour !

Nous vous présentons nos sincères excuses pour tout désagrément occasionné—votre expérience compte énormément pour nous 💝

Selon les informations que vous avez fournies, nous avons identifié votre demande soumise via l’application SHEIN. Notre agent dédié accélère la résolution, et nous vous garantissons une réponse claire sous 24 heures. Vous pouvez suivre les mises à jour en temps réel à tout moment dans « Historique du service ».

🔹 Étapes d’accès :
Ouvrez l’application SHEIN → Touchez « Moi » en bas → « Service client » → « Historique du service »

Vos retours éclairent notre chemin—nous avons hâte de pouvoir vous aider davantage.",2026-07-19T09:10:03.000Z
www.shein.com,id:6a5b94f2c2b8497973543950,native_id,6a5b94f2c2b8497973543950,1,false,1784394003,07/18/2026 17:00:03,They only care about our wallets not…,"They only care about our wallets not about us. I wish I could give 0 stars. I have reached out so many times through email, what’s app and chat options.I am having such extreme issues getting my package delivered. I have reached out to SHEIN to no avail as well as reached out to their partnering courier SpeedX and cannot get a real response from a real person. A failed delivery and delivery address update has caused so much anxiety and mental health distress. I’ve been trying to get my issues resolved since May. I will never do business with SHEIN or SpeedX again because they only value their consumers wallets not their quality and loyalty. I will be advocating for my friends, loved ones and social following to not do business with them. It should not be this hard to get my merchandise delivered to me or a refund issued. I would like media coverage about my experiences and have reached out to several entities and garnered response. This is not a singularly issue a lot of people are experiencing issues and we are stronger together.
",Rem Cee,6a2754c74a5f81876188f3c7,US,10,"Hello!

We are truly sorry for the unpleasant experience.

In order to better resolve your concerns, we need you to provide specific information, such as your order number. We have sent you an email with the subject ""Request for information about your experience."" Please check your inbox (and spam folder), and reply to that email with the information we need.

Your feedback is our driving force for continuous improvement, and we truly value your opinion. We look forward to providing you with further assistance as soon as we receive your response. :)",2026-07-19T09:08:27.000Z
www.shein.com,id:6a5b91da3e2a32658e6e3bc3,native_id,6a5b91da3e2a32658e6e3bc3,1,false,1784393210,07/18/2026 16:46:50,I placed my 1st order from Shein…,I placed my 1st order from Shein recently & received it yesterday. Excitedly when I opened it 4 items( necklaces) were smaller than what was pictured on the models neck. Of course there were no measurements listed either. They barely fit our 8 year old. I was extremely disappointed.Also 1 item was missing from the order so I checked to see if it was coming separately though the website said everything was delivered. It was to be a small gift for a co-worker. Again very disappointed.There was no packing slip to compare what I bought so I’m out of luck. Learned my lesson. Won’t be ordering from Shein again & will tell friends & business associates not to also. Granted my not ordering from them along with 10-12 others isn’t going to make a dent in their business though I also don’t like being scammed. I paid through PayPal and will reach out to them about the missing item. The necklaces are my fault for trusting an AI photo and buying something without a size listed.I’ll continue to stick to purchasing through Temu.   I’ve never had a problem with them. ,Russell,6877bbbb192bd38a29c473d4,US,3,"Hello!

We sincerely apologize for any inconvenience caused—your experience is incredibly important to us 💝

According to the information you provided, we've identified your inquiry submitted via the SHEIN app and our dedicated support agent is expediting the resolution.We guarantee a clear response within 24 hours, and you can monitor real-time updates anytime in ""Service Records"".

🔹 Steps to Access:
Open SHEIN APP → Tap ""Me"" at bottom → ""Customer Service"" → ""Service Records"" 

Your feedback lights our path forward—we look forward to assisting you further.",2026-07-19T02:55:16.000Z
www.shein.com,id:6a5b83786bc7563d5f410897,native_id,6a5b83786bc7563d5f410897,3,false,1784389528,07/18/2026 15:45:28,Déçu de ma dernière commande ,"Déçu de ma dernière commande , shein travail avec des transporteur qui ne respecte pas les délais de livraison,  Shein ne se bouge pas de leur côté pour faire accélérer les choses , a par recevoir 200 points de leur part.
Si j ai passé commande c est que je voulais les articles,  voilà plus de 10ans que je commande mais je pense que je vais m arrêter là,  vu qu ils ne font rien pour que je puisse être livré !!!!
Que des mauvais avis sur le transporteur GOFO mais ils continuent à bosser avec eux , chercher l erreur !!!
Un mensonge de GOFO , le vendredi 17juillet , pas trouvé l adresse , ils ont tout , coordonnées téléphonique , personne ne m a contacté !!!",Crystal,5b4c8da44de5666d34db5a57,FR,26,"Bonjour,

Nous sommes vraiment désolés pour cette expérience désagréable.

Afin de mieux répondre à vos préoccupations, nous vous demandons de bien vouloir nous fournir des informations spécifiques, telles que votre numéro de commande. Nous vous avons envoyé un e-mail avec pour objet ""Request for information about your experience."" Merci de vérifier votre boîte de réception (et le dossier des courriers indésirables) et de répondre à cet e-mail avec les informations demandées.

Vos retours sont notre moteur pour une amélioration continue et nous attachons une grande importance à votre avis. Nous sommes impatients de pouvoir vous aider davantage dès réception de votre réponse. :)",2026-07-19T02:50:24.000Z
www.shein.com,id:6a5b7fb46719bb274ce36754,native_id,6a5b7fb46719bb274ce36754,1,false,1784388564,07/18/2026 15:29:24,I recently placed an order for 35…,I recently placed an order for 35 items. I received 33 - missing 2 coats and a pair of jeans. I contacted the online call centre and was told to recheck. I I contacted them and confirmed they aren’t in the box all they can say is they were shipped. They are unable to provide proof or and escalation process. The only people you can deal with is the call centre who can’t actually do anything.,Chantel Harrison,6a5b7fadb06fbf3fd6ea98e4,ZA,1,"Hello!

We are truly sorry for the unpleasant experience.

In order to better resolve your concerns, we need you to provide specific information, such as your order number. We have sent you an email with the subject ""Request for information about your experience."" Please check your inbox (and spam folder), and reply to that email with the information we need.

Your feedback is our driving force for continuous improvement, and we truly value your opinion. We look forward to providing you with further assistance as soon as we receive your response. :)",2026-07-19T02:46:30.000Z
www.shein.com,id:6a5b58ceeaa7e439f8b7c545,native_id,6a5b58ceeaa7e439f8b7c545,1,false,1784378606,07/18/2026 12:43:26,"Lost parcel, endless excuses and terrible customer service","After wasting countless hours contacting both SHEIN and BoxNow, BoxNow finally confirmed that the parcel had already been returned to SHEIN. Only then did SHEIN acknowledge the issue.

What is most disappointing is that I had warned them from the beginning that something was wrong, but they repeatedly dismissed my concerns and kept blaming the carrier instead of investigating.

These items were meant for my son's birthday, and because of their lack of action I was left without them on time. This caused unnecessary stress and frustration that could have been avoided if they had simply listened to their customer.

A company should not be judged by how it performs when everything goes smoothly, but by how it handles problems. In my case, SHEIN failed completely. Instead of taking responsibility, they wasted my time with generic replies and passed the blame to someone else.

I have completely lost confidence in SHEIN's customer service and will seriously reconsider placing any future orders.

Update: SHEIN replied with a generic message stating that a solution had been sent by email. However, this does not address the real issue: my concerns were repeatedly dismissed until BoxNow confirmed that the parcel had already been returned to SHEIN. The refund was never the main issue—the way my case was handled was.",Chris,62bfe6175eb62f001218a872,GR,7,"Hello！

According to the information you provided, we noticed our team has sent a solution regarding your order. Please check your email for updates. If no email was received, it may have been filtered to the spam folder. We hope to hear from you. :)",2026-07-19T09:13:59.000Z
www.shein.com,id:6a5b462e1e47c198c4d427df,native_id,6a5b462e1e47c198c4d427df,4,true,1784373838,07/18/2026 11:23:58,Délais raisonnable de livraison,Délais raisonnable de livraison,Judy b,6a5b45cbff3db25828b7f68d,FR,2,,
www.shein.com,id:6a5b3f7d78a284eea6b2c122,native_id,6a5b3f7d78a284eea6b2c122,1,false,1784372125,07/18/2026 10:55:25,Arnaque j'ai acheté une robe longue.,"Arnaque j'ai acheté une robe longue.
Sur la photo elle arrive a la cheville du mannequin et bien faux elle arrive en haut du mollet.
Et de plus un vrai chiffon impossible de la mettre. 
Super c'était pour un mariage.",jeandeau alicia,6456a4f64cca0b001375ec93,FR,5,"Bonjour !

Nous vous présentons nos sincères excuses pour tout désagrément occasionné—votre expérience compte énormément pour nous 💝

Selon les informations que vous avez fournies, nous avons identifié votre demande soumise via l’application SHEIN. Notre agent dédié accélère la résolution, et nous vous garantissons une réponse claire sous 24 heures. Vous pouvez suivre les mises à jour en temps réel à tout moment dans « Historique du service ».

🔹 Étapes d’accès :
Ouvrez l’application SHEIN → Touchez « Moi » en bas → « Service client » → « Historique du service »

Vos retours éclairent notre chemin—nous avons hâte de pouvoir vous aider davantage.",2026-07-19T02:54:27.000Z
www.shein.com,id:6a5b3aa4b3105ad44823774f,native_id,6a5b3aa4b3105ad44823774f,5,true,1784370884,07/18/2026 10:34:44,Muy bien siempre con esta aplicación,Muy bien siempre con esta aplicación,flor becerril,5f73c6113849dd209da69b95,ES,5,,
www.shein.com,id:6a5b1e78a7446f97ad99cd40,native_id,6a5b1e78a7446f97ad99cd40,1,false,1784363672,07/18/2026 08:34:32,Shein si rifiuta di rimborsare un…,"Shein si rifiuta di rimborsare un ordine  ricevuto vuoto e consegnato aĺtrove da mesi mesiii

V6A",Daniela ,5f5de7d6ec01bb26100d5425,IT,105,"Ciao!

Ci scusiamo sinceramente per qualsiasi inconveniente questo possa aver causato: la tua esperienza è molto importante per noi 💝

In base alle informazioni che ci hai fornito, abbiamo identificato la tua richiesta inviata tramite l'app SHEIN. Il nostro agente dedicato sta accelerando il processo di risoluzione e garantiamo una risposta chiara entro 24 ore. Puoi monitorare gli aggiornamenti in tempo reale in qualsiasi momento nella tua ""Cronologia dei servizi"".

🔹 Procedura di accesso:
Apri l'app SHEIN → Tocca ""Io"" in basso → ""Servizio clienti"" → ""Cronologia dei servizi""

Il tuo feedback ci aiuta a migliorare: non vediamo l'ora di aiutarti ulteriormente.",2026-07-19T02:47:27.000Z
www.shein.com,id:6a5b1d52e159945332abaa1e,native_id,6a5b1d52e159945332abaa1e,1,false,1784363378,07/18/2026 08:29:38,Sono ladri,"Sono dei ladri e bugiardi! Da giorni non mi funziona il gioco Casa dei cuccioli e l'assistenza mi scrive le risposte stupide. Oggi parto con la denuncia. Non è la prima volta che ho problema con loro assistenti. Mirko e Giulio sono stati addirittura scostumati. Mai più comprare su Shein. 

Visto che non posso rispondere alla risposta di Shein scrivo sempre qui. Io da più di una settimana gli scrivo e sempre mi rispondono nel modo astratto e fanno finta che non capiscono il problema. Perciò siete anche ipocriti!!! Lunedì gli faccio una bella segnalazione. ",Nadiia Basaraba,60817fd1be11220013e1e775,IT,5,"Ciao!

Siamo davvero dispiaciuti per la spiacevole esperienza.

Per poter risolvere meglio le sue preoccupazioni, abbiamo bisogno che ci fornisca informazioni specifiche, come il numero dell’ordine. Le abbiamo inviato un’e-mail con oggetto “Richiesta di informazioni sulla sua esperienza”. La preghiamo di controllare la sua casella di posta (e la cartella dello spam) e di rispondere a quella e-mail fornendo le informazioni richieste.

Il suo feedback è la nostra forza motrice per un miglioramento continuo e apprezziamo davvero la sua opinione. Saremo lieti di fornirle ulteriore assistenza non appena riceveremo la sua risposta. :)",2026-07-19T02:48:45.000Z
www.shein.com,id:6a5b16cd55b1863edba2fdc1,native_id,6a5b16cd55b1863edba2fdc1,1,false,1784361721,07/18/2026 08:02:01,Good day everyone I am a first time…,Good day everyone I am a first time user on SheIn app as I was introduced by friend. I made an order worth about  26 dollars on the SheIn app(36000  naira) only to discover after placing the order that size I picked for an (item) was wrong I took a size M instead of a size XL I tried modifying the order as it had not been shipped I couldn't . I had to contact their customer agent who cancel the item and  the money was refunded to my shein wallet asked me to reorder as the claim the don't modify their orders.  Only to discover that I could no no longer order the item as a ridiculous shipping fee of 35000  naira had been added to an item of 4242 naira. I tried  pleading them to waive off the shipping fee as all the items were supposed to come together the refused and I had already paid the first amount the refused. The can't be trusted as their prices are not consistent with what is written in the app 🥺 I can't ever trust shein again . One Agent went as far cancelling all my orders with me asking him to do so,Della Obiosio,6a5b16c0c2526c9d468f3d90,NG,1,"Hello!

We sincerely apologize for any inconvenience caused—your experience is incredibly important to us 💝

According to the information you provided, we've identified your inquiry submitted via the SHEIN app and our dedicated support agent is expediting the resolution.We guarantee a clear response within 24 hours, and you can monitor real-time updates anytime in ""Service Records"".

🔹 Steps to Access:
Open SHEIN APP → Tap ""Me"" at bottom → ""Customer Service"" → ""Service Records""

Your feedback lights our path forward—we look forward to assisting you further.",2026-07-19T02:49:06.000Z
www.shein.com,id:6a5aea75cd762c01d79a175e,native_id,6a5aea75cd762c01d79a175e,1,false,1784350357,07/18/2026 04:52:37,Don’t recommend,"I ordered a crunchy peanut squishy and instead I got a mini square mochi and then I ordered an coconut oil squishy, but it was a big square mochi I also ordered a cheese Vaseline squishy, but it turned out to be blue paper, not even close to a cheese squishy😤😤😤😤
I do not recommend. I want my money back😭😭😭",Shakara Anderson,6a5aea347b418c303f81eb89,US,1,"Hello!

We are truly sorry for the unpleasant experience.

In order to better resolve your concerns, we need you to provide specific information, such as your order number. We have sent you an email with the subject ""Request for information about your experience."" Please check your inbox (and spam folder), and reply to that email with the information we need.

Your feedback is our driving force for continuous improvement, and we truly value your opinion. We look forward to providing you with further assistance as soon as we receive your response. :)",2026-07-18T08:49:57.000Z
www.shein.com,id:6a5ae1686c898e31ae34970c,native_id,6a5ae1686c898e31ae34970c,1,false,1784348040,07/18/2026 04:14:00,Malísimo,"Malísimo! Compré, me tuvieron más de un mes esperando. Jamás me llegó el paquete y todavía no me reintegraron la plata. Son una mentira! ",Joaquin Bajerle,6a5ae15aff3db28352b7bd47,AR,1,"Hola:

Lamentamos mucho la experiencia desagradable.

Para poder resolver mejor sus inquietudes, le solicitamos que nos proporcione información específica, como su número de pedido. Le hemos enviado un correo electrónico con el asunto ""Request for information about your experience."". Por favor, revise su bandeja de entrada (y la carpeta de spam) y responda a ese correo con la información solicitada.

Sus comentarios son nuestro motor para la mejora continua y realmente valoramos su opinión. Esperamos poder ayudarle aún más tan pronto como recibamos su respuesta. :)",2026-07-18T08:19:54.000Z
www.shein.com,id:6a5ab60f4c156a72d5049565,native_id,6a5ab60f4c156a72d5049565,5,true,1784336943,07/18/2026 01:09:03,Siempre bien,"Siempre bien,  llega antes de tiempo,  sin problemad",estimado cliente,609a6c55187c58001a844347,ES,8,,
www.shein.com,id:6a5a8aaa04f6affba941cc58,native_id,6a5a8aaa04f6affba941cc58,2,false,1784325834,07/17/2026 22:03:54,This was one of my more frustrating…Would not order again,"This was one of my more frustrating online shopping experiences recently. The product did not match the description or photos on the website. Sizing was off compared to the chart listed on the product page. The item arrived with visible damage, which was disappointing given the price. Overall the experience felt disorganised from checkout through to delivery. It took several emails before I got a useful response from support. I expected better and came away disappointed.",Mao Clarkson,6a350818a71de06737921eb6,US,3,"Hello!

We are truly sorry for the unpleasant experience.

In order to better resolve your concerns, we need you to provide specific information, such as your order number. We have sent you an email with the subject ""Request for information about your experience."" Please check your inbox (and spam folder), and reply to that email with the information we need.

Your feedback is our driving force for continuous improvement, and we truly value your opinion. We look forward to providing you with further assistance as soon as we receive your response. :)",2026-07-18T03:00:54.000Z
www.shein.com,id:6a5a765c49e37ca2a23c8125,native_id,6a5a765c49e37ca2a23c8125,1,false,1784320636,07/17/2026 20:37:16,Esperienza negativa ,Ho fatto un reso il giorno 20 giugno e ancora non ho ricevuto mio rimborso ho contattato la assistenza e mi danno le solite risposte robotiche non sono in grado di aiutarmi e non so cosa fare assistenza veramente pessima oggi 24 luglio ho contattato ancora un’altra volta la assistenza e mi hanno detto di attendere ma è possibile reso fato il 20 giugno passato un mese e ancora non ho né rimborso e neanche una assistenza professionale..,Malu santos,5e0d09a431bb5a49489393b9,IT,25,"Salve!

Secondo le informazioni fornite, abbiamo notato che il nostro team ha già inviato una soluzione riguardante il tuo ordine. Ti preghiamo di controllare la tua email per gli aggiornamenti. Se non hai ricevuto alcuna email, potrebbe essere finita nella cartella spam. Speriamo di ricevere tue notizie. :)",2026-07-18T01:33:04.000Z
temu.com,id:6a6991353b1af3416d698056,native_id,6a6991353b1af3416d698056,1,false,1785310549,07/29/2026 07:35:49,Damaged Item,"Subpar, Damaged Product & Unhelpful Support

I received a 34-inch suitcase that is both poor quality and damaged. Returning it is unavoidable, yet the company only provides Redbox as a return option. For nearly 20 hours now, I've been asking for alternative return shipping. Customer service stubbornly refuses to allow other carriers or offer any alternative solutions, such as a full refund. Completely disappointing experience.",L. H.,629f948e6932cb0013fce49a,DE,2,,
temu.com,id:6a697777c39da19569791f1e,native_id,6a697777c39da19569791f1e,5,false,1785303959,07/29/2026 05:45:59,I love temu I've made Alot of purchases…,I love temu I've made Alot of purchases from here the clothes r cheap but I got some bras and underwear that r great from there kids clothes are not bad either I just won't buy clothes for myself there bought my daughter a 3 peice vanity very nice quality ......,Nc,6a697771236e3d0d25e94871,US,1,,
temu.com,id:6a693c9a3221878b98f09ae7,native_id,6a693c9a3221878b98f09ae7,1,false,1785288890,07/29/2026 01:34:50,I am writing to express my…,"I am writing to express my disappointment with the customer service I received. Unfortunately, the service was unprofessional, unhelpful, and did not meet the standard I expected.

My concerns were not handled properly, and I felt that my questions were not taken seriously. The lack of communication and willingness to assist made the experience frustrating and unsatisfactory.

I hope you will investigate this matter and take appropriate steps to improve the quality of your customer service so that other customers do not have the same experience.

I would appreciate a response explaining how this issue will be addressed. Thank you for your attention to this matter.",Griseld Selenica,67d0b7b043ebc80b14d9ea1b,GB,3,"Hello, thank you for taking the time to share your feedback. To help us review the matter further, we kindly ask that you complete the Information Request Form we have sent and provide the requested details, such as your order number(typically starting with PO-xxx)  or the email address associated with your Temu account. Once we receive the information, we will review your case and coordinate with the relevant team for further follow-up. If you have any additional questions or need further assistance, please feel free to contact us through the Temu website or the Temu app live chat via this link: https://share.temu.com/NWGRVrrOSMA. Thank you for your time, patience, and cooperation. Best wishes, Temu Team",2026-07-29T07:25:55.000Z
temu.com,id:6a693a288c94aac8bb58c599,native_id,6a693a288c94aac8bb58c599,1,false,1785288264,07/29/2026 01:24:24,An add kept popping up saying you have…,"An add kept popping up saying you have 8 free items pick them now so I pick 8 and then it says I have to buy 10 dollars worth of items, I think that's a good deal, so I order, set down my phone and then another notice pops up saying that if I want the rest of the 8 items I have to spend 10 more bucks, what a joke. If they say you won for free 8 items because of your order history then they should be free. You would end up spending almost 100 bucks for 8 items that cost anywhere from 3 bucks and up. What a sneaky way to trick someone into over spending. They also add shipping on every item instead of one shipping cost for the 8 items to be shipped. I've always liked temu but this is just criminal ",Anna Plese,6a693a13ff3db24adcc80b33,US,1,"Hello, thank you for participating in our promotional activities and we are sorry that you are experiencing difficulties with your rewards. Customer satisfaction is of the utmost importance and we are constantly working to improve our service quality. In addition, please rest assured that NO extra fees will be charged on you, and we have always been transparent about any fees charged. If you need further assistance, please message us through Temu.com or Temu app live chat. We appreciate you giving us another chance to serve you. Best wishes, Temu team",2026-07-29T07:45:08.000Z
temu.com,id:6a691749ab160f4e67b7ea1c,native_id,6a691749ab160f4e67b7ea1c,1,false,1785279337,07/28/2026 22:55:37,BUYER BEWARE OF TEMU'S SCAMS;,"BUYER BEWARE OF TEMU'S SCAMS;
Temu regularly has screens filled with stars informing you that you have won 7 free items.
I have always been sceptical of this kind of marketing.
However, one day I had time to follow the prompts to access the 7 free items.  The articles of clothing very clearly came up on the screen with 'FREE' written above them.
I placed my order for the few minor things I wanted and clicked on 7 free garment's.  Then before logging off Temu App on my phone I got a second message 'You have won 7 more free items.' So I ordered another few items as instructed to get the 7 free marked articles of clothing.
WHEN I GOT MY VISA CARD BILL I WAS CHARGED FOR THE 14 'FREE' ITEMS.
I HAVE BEEN TRYING TO GET A REFUND FOR 2 MONTHS NOW WITH NO LUCK.
ALL I GET AMOST EVERY 2ND DAY IS EMAILS REFERRING ME TO ANOTHER MEMBER OF THE TEAM WHO WILL  INVESTIGATE WHAT HAPPENED.
PLUS WITH AN INSULT OFFER OF A $30 VOUCHER FOR $500 WORTH OF ""FREE"" ARTICLES OF CLOTHING THEY SCAMMED OUT OF ME.",DOROTHY,5d509aa402e57f6478765b21,AU,5,"Hello, thank you for participating in our promotional activities and we are sorry that you are experiencing difficulties with your rewards. Customer satisfaction is of the utmost importance and we are constantly working to improve our service quality. If you need further assistance, please message us through Temu.com or Temu app live chat by this link: https://share.temu.com/NWGRVrrOSMA. We appreciate you giving us another chance to serve you. Best wishes, Temu Team",2026-07-29T07:51:06.000Z
temu.com,id:6a6911e68538f1842631b177,native_id,6a6911e68538f1842631b177,1,false,1785277958,07/28/2026 22:32:38,The worst experience. I advise you to download another app for shopping; it's better than Timo. Timo is the worst app. ,"This has been the worst shopping experience I have ever had with Temu.
For more than 35 days, I have been suffering because of this order. I paid for my purchase and waited patiently, but I never received any SMS or phone call from the delivery company informing me that my package had arrived at the pickup point, even though this notification was provided for my previous orders.
When I discovered the problem, I repeatedly contacted Temu Customer Service. I opened an official support ticket, explained my issue in detail, and provided all the required information. However, all I received were generic, repetitive responses and promises that my case would be reviewed, without any real solution.
Every time I was told to wait, I ended up receiving the same repeated response again. I lost my time, my peace of mind, and my money, yet I received no compensation for the inconvenience or for a problem that was not caused by me.
I believe Temu did not handle my complaint seriously and failed to take responsibility for investigating the delivery issue or resolving my case fairly. This experience has completely destroyed my trust in the platform.
If my case is not resolved fairly, I will share my full experience on social media and consumer review platforms so that others can make informed decisions before purchasing from Temu. I will also pursue every available option to recover my money through my payment provider and any other appropriate channels.
I am not asking for special treatment. I am simply asking for the rights of a customer who paid for an order, waited more than a month, and was met with delays, repetitive responses, and empty promises instead of real solutions.",Layan Beauty,6a6911c0236e3d9403e8fdf6,DZ,1,"Hello, thank you for shopping with us and we are sorry you are experiencing difficulties with your recent orders. Most packages to Algeria arrive between 30-60 days. You can track your shipping status and see your expected delivery date directly in the Temu app or on Temu.com. If the tracking status is not updated for 15 days, you can request a full refund and keep your items when they arrive. If your order arrives later than the estimated delivery date, you will receive Temu credits as a sign of appreciation for your patience. Finally, if your items do not arrive, arrive damaged, or do not match the description or photos, you will be offered a full refund under Temu's Purchase Protection program (https://www.temu.com/temu-purchase-protection.html). Customer satisfaction is of the utmost importance and we are constantly working to improve our service quality. If you need further assistance, please message us through Temu.com or Temu app live chat by this link: https://share.temu.com/NWGRVrrOSMA. We appreciate you giving us another chance to serve you. Best wishes, Temu Team",2026-07-29T07:35:34.000Z
temu.com,id:6a690b938c1b6a9b1337fe30,native_id,6a690b938c1b6a9b1337fe30,1,false,1785276340,07/28/2026 22:05:40,Ordered items that was shipped through…,"Ordered items that was shipped through a very unreliable courier EVRI.

Despite my repeated complaints to Temu that the postal service was unreliable and that they had delivered my order to the wrong address or left it in an unsafe location, they still gave my order, which was over £30, back to EVRI and delivered it to the wrong address! Even though the photo at my flat door and the place where it was delivered is different, indicating that it was EVRI's mistake, they still won't resend me my order or refund my money.",Freshteh,4ff0758400006400011c4c06,NO,16,"Hello, thank you for shopping with us and we are sorry you are experiencing difficulties with your recent orders. We greatly appreciate your feedback and will take it into consideration to improve our logistics experience. We will follow up on this matter. If you need further assistance, please message us through Temu.com or Temu app live chat. Best wishes, Temu Team",2026-07-29T07:40:14.000Z
temu.com,id:6a68ff93ed1420ebf02e5cb0,native_id,6a68ff93ed1420ebf02e5cb0,1,false,1785273267,07/28/2026 21:14:27,Commande jamais reçue ,"Bonjour, j'ai effectué une commande d'un montant de 64,45 chez temu,le 12 juillet 2026, commande perdue, je les ai contacté ils prétendent me rembourser mais rien n'arrive.
Heureusement j'ai payé avec PayPal, j'exige un remboursement total et immédiat.
Ils font traîner, c'est une véritable perte d'énergie, les commandes temu, c'est terminé pour moi.
Je tiens à préciser que j'irais jusqu'au bout pour obtenir mon remboursement.
Faites très attention à ce site. ",Stella Barré,60782fd4208d1b0019442c39,FR,11,"Bonjour, merci d'avoir pris contact avec nous, et nous sommes désolés pour tout désagrément que cela a pu causer. La satisfaction du client est de la plus haute importance, et nous travaillons constamment à améliorer la qualité de notre service. Nous allons faire un suivi de cette affaire et vous répondre dès que possible. Nous vous remercions de nous donner une autre chance de vous servir. Meilleurs vœux, l'équipe Temu",2026-07-29T07:28:33.000Z
temu.com,id:6a68fef20e558ffc84548574,native_id,6a68fef20e558ffc84548574,1,false,1785273106,07/28/2026 21:11:46,Refund/DHL  Shipping No (60120252224040) ,"I placed an order on the platform for a furniture item. Since last week Monday, the order updates have been consistently inter changing between ""item at depot, awaiting delivery"" and ""delivery attempted"". The item has not been delivered by the courier DHL. I've been waiting for it as I moved house recently.
Sometime last week, customer service on Temu platform notified me that they are following up to enquire about the delay. I have still not received the item and is demanding a refund. However, they are reluctant to issue the refund. How long does it take to deliver an order to a customer from a local depot? Please refund my payment - thank you. ",Guest,60539e372baa58001a4d8299,GB,15,"Hello, thank you for reaching out to us. We are sorry for any inconvenience caused. Customer satisfaction is very important to us, and we are continuously working to improve our service. Thank you for sharing the relevant information, and we have already escalated your issue with the relevant team for further follow-up. If you need any additional assistance, please feel free to message us through Temu.com or the Temu app live chat via this link: https://share.temu.com/NWGRVrrOSMA. We appreciate your patience and understanding. Best wishes, Temu Team",2026-07-29T07:36:30.000Z
temu.com,id:6a68fe01d2ecb24073684ded,native_id,6a68fe01d2ecb24073684ded,1,false,1785272865,07/28/2026 21:07:45,Buyer beware,"Buyer beware: Temu's ""rewards"" are a bait-and-switch
Temu lures you in with promises of cash, credits, or vouchers — but the payout is always just out of reach. Every time you get close to redeeming a reward, the app asks for another purchase, another referral, another step. It's an endless loop designed to keep you spending, not to actually reward you.
This isn't just my own experience — several state attorneys general (Arizona, Arkansas, Oklahoma, Nebraska, Texas) have filed lawsuits alleging Temu uses exactly this kind of bait-and-switch scheme to lure users in with prizes that never arrive. The FTC has also taken enforcement action over Temu's gamified shopping tactics. Save yourself the frustration — don't count on ever cashing out.",Junjun Baby,6a68fdefc2526c64869f3314,CA,1,"Hello, thank you for participating in our promotional activities and we are sorry that you are experiencing difficulties with your rewards. Customer satisfaction is of the utmost importance and we are constantly working to improve our service quality. We will follow up on this matter. For help with your referral link or questions about your rewards status, please contact us again through Temu.com or Temu app live chat so we can help you investigate right away. Have a great day! Best wishes, Temu team",2026-07-29T07:47:25.000Z
temu.com,id:6a68fb7eb87d53d111a2d76b,native_id,6a68fb7eb87d53d111a2d76b,1,false,1785272222,07/28/2026 20:57:02,Una ciofeca totale prodotti scarsissimi,Una ciofeca totale prodotti scarsissimi ,Mirco Masetti,6a68fb197b418c4c8c91e9ee,IT,2,"Ciao, grazie per aver acquistato su Temu! Il tuo feedback è estremamente prezioso per noi e ci dispiace che tu non sia soddisfatto/a di alcuni dei tuoi articoli. Applichiamo politiche rigorose e misure di controllo per garantire la qualità del prodotto e descrizioni accurate. Se non sei soddisfatto/a di alcuni articoli che hai ricevuto, puoi richiedere un rimborso entro 90 giorni dall'acquisto. Il programma di Protezione degli Acquisti di Temu offre rimborsi completi nel caso in cui gli articoli non arrivino, arrivino danneggiati o non corrispondano alla descrizione o alle foto (https://www.temu.com/temu-purchase-protection.html). Per richiedere un rimborso, effettua il login sull'app Temu o su Temu.com con l'account utilizzato per il tuo ordine, apri la pagina ""I tuoi ordini"" e clicca su ""Reso/Rimborso"". Per istruzioni dettagliate sui resi, visita https://www.temu.com/return-and-refund-policy.html. Il primo reso per ogni ordine è gratuito, e puoi scegliere di ricevere il rimborso sul tuo metodo di pagamento originale o come crediti Temu. I crediti Temu compariranno nel tuo saldo crediti Temu entro 3 minuti e possono essere utilizzati immediatamente. Se scegli di ricevere il rimborso sul tuo metodo di pagamento originale, sono necessari 5-14 giorni lavorativi e in alcuni casi si potrebbero richiedere fino a 30 giorni, a seconda delle tempistiche delle diverse banche. Se hai bisogno di ulteriore assistenza, non esitare a inviarci un messaggio tramite Temu.com o la live chat dell'app Temu. A presto, Il Team Temu.",2026-07-29T07:33:44.000Z
temu.com,id:6a68f85e378f1e1428944288,native_id,6a68f85e378f1e1428944288,2,false,1785271422,07/28/2026 20:43:42,Temu.com has a big problem,"Temu.com has a big problem: clothing. They send the wrong size most of the time; it seems they do not care what size you ordered (and was available!); they send what they have. Not once, not twice, many, many times! It is not a mistake; it is a rule. So be careful when buying clothing items. Another problem is the quality - poor, poor, and does not conform to the description or the beautiful pictures. I often throw away what I paid for! Customer service: no one to talk to; everything is automated, but they refund. So many and frequent mistakes; I was already ashamed to ask for a refund. It seemed that I was the one not trustworthy.",Shai Axelrud,5f69a61ae7086dec83b70581,IL,22,"Hello, thank you for reaching out to us. We are sorry that you are not satisfied with some of your items. We implement strict policies and control measures to ensure product quality and accurate product descriptions. Temu's Purchase Protection program offers full refunds if your items do not arrive, arrive damaged, or do not match the description or photos (https://www.temu.com/temu-purchase-protection.html). Customer satisfaction is of the utmost importance and we are constantly working to improve our service quality. If you need further assistance, please message us through Temu.com or Temu app live chat via this link: https://share.temu.com/NWGRVrrOSMA. Best wishes, Temu team",2026-07-29T07:38:11.000Z
temu.com,id:6a68ef374584373bfce85c30,native_id,6a68ef374584373bfce85c30,1,false,1785269079,07/28/2026 20:04:39,Ware im Wert von 200 € nicht erstattet.,Ware zurückgeschickt und angeblich war nicht alles in dem Paket drin. Ware im Wert von ca 200 € nicht zurückerstattet. Kundenservice wollte sich angeblich kümmern leider eine Absage. Einfach nur unverschämt. Werde nie mehr bei Temu bestellen.,Tatjana Färber,6a68ef2f7b418ce09791d72b,DE,1,"Hallo, vielen Dank, dass Sie sich an uns gewandt haben. Wir entschuldigen uns für die entstandenen Unannehmlichkeiten. Die Zufriedenheit unserer Kunden ist uns sehr wichtig und wir arbeiten ständig daran, unsere Servicequalität zu verbessern. Wenn Sie weitere Fragen oder Bedenken haben, schreiben Sie uns bitte eine Nachricht im Live-Chat auf Temu.com oder in der Temu-App. Sie können auch www.temu.com/support-center.html besuchen, um weitere Ansprechpartner für den Kundendienst zu finden. Wir danken Ihnen, dass Sie uns eine weitere Chance geben, Ihnen zu helfen. Viele Grüße, Temu Team",2026-07-29T07:42:56.000Z
temu.com,id:6a68edec127d727c4e54d768,native_id,6a68edec127d727c4e54d768,1,false,1785268748,07/28/2026 19:59:08,Temu ist kein normaler Onlineshop ,"Ich hatte hier mal eine Bewertung veröffentlicht, die durch Temu frech gelöscht wurde, natürlich wieder mit dem Klassiker:""Diffamierung"".
Deswegen jetzt neu:
Temu ist kein normaler und schön billiger Onlineshop und es kriegt dort auch niemand irgendwas kostenlos.
Über Temu werden massenhaft persönliche Daten der Nutzer gesammelt und die Herstellung der ach so schön billigen Produkte erfolgt durch Arbeitskräfte,die rücksichtslos ausgebeutet werden.
",Jana Schröder,69d13fc18ee1013917cbd453,DE,6,"Hallo, vielen Dank für Ihr Feedback. Wir halten uns strikt an die Regeln und Richtlinien der verschiedenen Bewertungsportale. Sollten Sie auf relevante Probleme stoßen, empfehlen wir Ihnen, die Bewertungsrichtlinien des Portals als Referenz heranzuziehen. Temu ist ein E-Commerce-Unternehmen, das Kunden mit einem Netzwerk von Handelspartnern, Herstellern und Marken verbindet, um Verbrauchern die Möglichkeit zu geben, ihr Leben besser zu leben. Mit unseren strengen Datenschutzrichtlinien und unserem firmeneigenen Datenschutzsystem können Sie Temu vertrauen, dass Ihre Daten sicher sind. Wenn Sie weitere Hilfe benötigen, senden Sie uns bitte eine Nachricht über Temu.com oder den Temu-App-Live-Chat. Wir wissen es zu schätzen, dass Sie uns eine weitere Chance geben, Ihnen zu helfen. Viele Grüße, Temu Team",2026-07-29T07:26:58.000Z
temu.com,id:6a68e514c6a03191aabcdbbb,native_id,6a68e514c6a03191aabcdbbb,1,false,1785266484,07/28/2026 19:21:24,The problem has been solved Thanks temu,The problem has been solved Thanks temu,Walid Totti,6a1571536142ad6670295cdd,DZ,4,"Hello, thank you for your feedback! Temu is an e-commerce company that connects consumers with a network of merchandise partners, manufacturers and brands with the mission to empower consumers to live their best lives. Customer satisfaction is of the utmost importance and we are constantly working to improve our service quality. If you need further assistance, please message us through Temu.com or Temu app live chat. Best wishes, Temu team",2026-07-29T03:49:58.000Z
temu.com,id:6a68e0cfef0c1ccf79608ebc,native_id,6a68e0cfef0c1ccf79608ebc,2,false,1785265391,07/28/2026 19:03:11,Its so hard to upload the damaged item…,"Its so hard to upload the damaged item that I'd like to return and its not accepting. I purchased lots of rings which are different from the pictures presentation. It is frustrating
but they want you to review the items in five star wether you like it or not.",Iluminada Blevins,600df3a699147600191c7695,US,7,"Hello, thank you for reaching out to us. We are sorry for any inconvenience caused. Customer satisfaction is of the utmost importance and we are constantly working to improve our service quality. If you need further assistance, please message us through Temu.com or Temu app live chat. We appreciate you giving us another chance to serve you. Best wishes, Temu team",2026-07-29T03:50:12.000Z
temu.com,id:6a68d70341f3892a5897f018,native_id,6a68d70341f3892a5897f018,1,false,1785262883,07/28/2026 18:21:23,It is bery bad,"It is bery bad, very bad quality and a lot of scamm ads!",LayerCraft,69818c070eb45c5772837cb5,RO,4,"Hello, thank you for shopping on Temu! Your feedback is extremely valuable to us and we are sorry that you are not satisfied with some of your items. We implement strict policies and control measures to ensure product quality and accurate product descriptions. Temu's Purchase Protection program offers full refunds if your items do not arrive, arrive damaged, or do not match the description or photos (https://www.temu.com/temu-purchase-protection.html). To apply for a refund, login to the Temu app or Temu.com with the account used for your order, open the ""Your orders"" page, and click ""Return/Refund."" For detailed return instructions, please visit https://www.temu.com/return-and-refund-policy.html. You can choose to receive your refund back to your original payment method or as Temu credits. If you need further assistance, please message us through Temu.com or Temu app live chat. Best wishes, Temu team",2026-07-29T03:50:23.000Z
temu.com,id:6a68d68d423e11fb9ab07dab,native_id,6a68d68d423e11fb9ab07dab,1,false,1785262765,07/28/2026 18:19:25,Ganz mies der Bezahlvorgang,"Ganz mies ist der Bezahlvorgang: Es wird zuerst der Warenkorb mit der Gesamtsumme angezeigt und dann der Button ""Zur Kasse gehen"". Dann wird sofort und ohne Kontroll- oder Korrekturmöglichkeit der Betrag, der plötzlich sehr viel höher ist, bei mPayPal abgebucht. Eine Eingriffsmöglichkeit gibt es nicht mehr! Nach deutschem Recht muss vorher ein Button mit ""Kostenpflichtig bestellen"" angeklickt werden, um den Kauf rechtlich abzuschließen! Das fehlt hier! Im Endbetrag, der abgebucht wird, werden dann plötzlich Versandkosten addiert, obwohl der Gesamtbetrag über der Grenze von 29 € liegt, zudem noch die Einfuhrgebühren, die vorher nicht auftauchen. Zu guter Letzt enthält der Warenkorb auch noch vorgemerkte oder im Warenkorb abgelegte Teile, die man nicht bestellen wollte! Im ganzen gesehen eine miese Masche!",Fritz Multrus,6772b77849d210db8d2c5143,DE,4,"Hallo, vielen Dank, dass Sie sich an uns gewandt haben. Die Zufriedenheit unserer Kunden ist für uns von größter Bedeutung, und wir sind ständig bestrebt, uns zu verbessern. Bitte senden Sie uns eine Nachricht über Temu.com oder den Temu-App-Live-Chat, damit unser Kundenservice Team Ihnen helfen kann, dies sofort zu überprüfen. Viele Grüße, Temu Team",2026-07-29T03:51:19.000Z
temu.com,id:6a68d3a71f903df1173e4b87,native_id,6a68d3a71f903df1173e4b87,1,false,1785262023,07/28/2026 18:07:03,purchased several men's swim suits as…,"purchased several men's swim suits as extra large. all came extra small and super thin, unusable. the quality is very poor and refound is a minimal fraction of purchase price. stick to US market!",Amir Manoutchehri,55f05f430000ff0001da829e,US,10,"Hello, thank you for reaching out to us. We are sorry for any inconvenience caused. Customer satisfaction is of the utmost importance and we are constantly working to improve our service quality. If you need further assistance, please message us through Temu.com or Temu app live chat. We appreciate you giving us another chance to serve you. Best wishes, Temu team",2026-07-29T03:51:29.000Z
temu.com,id:6a68cf440b96b993b61933e8,native_id,6a68cf440b96b993b61933e8,1,false,1785260900,07/28/2026 17:48:20,Kaputte Schuhe bekommen mit Bild…,"Kaputte Schuhe bekommen mit Bild reklamiert, falsch beschriebener vorhang verkauft, aufblasbare zuckerstangen defekt. Alles angegeben und keinerlei nachlass, musste 80 Euro zahlen. Weil ich sie wegen flugkosten wie ich sagte nicht zurücksenden. Habe temu sofort gelöscht. Es ist abzocke von jahre langen Kunden.  Ich bin sowas von wütend!!!",Hexe,6a68cf2d7b418c1c81919f25,DE,1,"Hallo, vielen Dank, dass Sie sich an uns gewandt haben. Die Zufriedenheit unserer Kunden ist für uns von größter Bedeutung, und wir sind ständig bestrebt, uns zu verbessern. Bitte senden Sie uns eine Nachricht über Temu.com oder den Temu-App-Live-Chat, damit unser Kundenservice Team Ihnen helfen kann, dies sofort zu überprüfen. Viele Grüße, Temu Team",2026-07-29T03:51:36.000Z
temu.com,id:6a68cbc063370768823ff0da,native_id,6a68cbc063370768823ff0da,0,false,1785260000,07/28/2026 17:33:20,Praesent nec erat convallis,"Lorem ipsum dolor sit amet, consectetur adipiscing elit.",Matthew,6a68cb99236e3d7537e88cba,MK,1,"Hello, thank you for reaching out to us. We are sorry for any inconvenience caused. Customer satisfaction is of the utmost importance and we are constantly working to improve our service quality. If you need further assistance, please message us through Temu.com or Temu app live chat. We appreciate you giving us another chance to serve you. Best wishes, Temu team",2026-07-29T03:51:45.000Z
temu.com,id:6a68c49f1d5df31af3cd08ee,native_id,6a68c49f1d5df31af3cd08ee,3,false,1785258175,07/28/2026 17:02:55,J’ai commandé 2 robes et un ensemble…," J’ai commandé 2 robes et un ensemble jeans ,les robes ça va mais l’ensemble n’était pas du tout à ma taille et ne correspondait pas à ce que j’avais demandé
  ",Bella Zias,6a68bfae236e3dd09be8749b,FR,2,"Bonjour, merci d'avoir fait vos achats sur Temu ! Vos commentaires sont extrêmement précieux pour nous, et nous sommes désolés que vous ne soyez pas satisfait(e) de certains de vos articles. Nous mettons en place des politiques strictes et des mesures de contrôle pour garantir la qualité des produits et des descriptions précises des produits. Le programme de Protection des Achats de Temu offre un remboursement intégral si vos articles n'arrivent pas, arrivent endommagés ou ne correspondent pas à la description ou aux photos (https://www.temu.com/temu-purchase-protection.html). Pour demander un remboursement, connectez-vous à l'application Temu ou à Temu.com avec le compte utilisé pour votre commande, ouvrez la page ""Vos commandes"" et cliquez sur ""Retour/Remboursement"". Pour des instructions de retour détaillées, veuillez consulter https://www.temu.com/return-and-refund-policy.html. Et vous pouvez choisir de recevoir votre remboursement sur votre mode de paiement d'origine ou sous forme de crédits Temu. Si vous avez besoin d'une assistance supplémentaire, veuillez nous contacter via Temu.com ou le chat en direct de l'application Temu. Meilleurs vœux, l'équipe Temu",2026-07-29T03:51:53.000Z
temu.com,id:6a68bfbe27ae35a38fcc80e4,native_id,6a68bfbe27ae35a38fcc80e4,4,false,1785256927,07/28/2026 16:42:07,Awesome experience except the delay of…,Awesome experience except the delay of shipping if they can update shipping with options or decrease the shipping time like ship from Europe or faster I would very appreciate that in my next shopping ,Med Lemark,69c765188ee1017a39c11825,DZ,6,"Hello, thank you for shopping with us and sharing your 4-star experience! We are so glad you've been enjoying your experience so far. Customer satisfaction is of the utmost importance and we are constantly working to improve our service quality. If you need any assistance, please message us through Temu.com or Temu app live chat. Best wishes, Temu team",2026-07-29T03:55:15.000Z
temu.com,id:6a68b4e6a45ad6988ec3886d,native_id,6a68b4e6a45ad6988ec3886d,1,false,1785254150,07/28/2026 15:55:50,Ils trompent les client en disant…,"Ils trompent les clients en disant qu'ils vont leur expédier 90 euros alors qu'en réalité ils n'envoient rien mais par contre ils incitent à acheter, acheter, acheter. Ça oui. 
Et le pire c'est qu'ils effacent leur tromperie quand on leur fait la remarque, comme si de rien était, comme si c'était normal, même pas un mot d'excuse. Leur  comportement est écœurant et irrespectueux envers les clients.",YM,5ee4bda2207f322f5373dce6,FR,23,"Bonjour, merci d'avoir pris contact avec nous, et nous sommes désolés pour tout désagrément que cela a pu causer. La satisfaction du client est de la plus haute importance, et nous travaillons constamment à améliorer la qualité de notre service. Pourriez-vous s'il vous plaît nous contacter à nouveau via Temu.com ou le chat en direct de l'application Temu afin que nous puissions aider et enquêter immédiatement? Vous pouvez également visiter www.temu.com/support-center.html pour trouver plus de contacts du service client. Nous vous remercions de nous donner une autre chance de vous servir. Meilleurs vœux, l'équipe Temu",2026-07-29T03:52:37.000Z
temu.com,id:6a68b2c64836ea6868cf3812,native_id,6a68b2c64836ea6868cf3812,1,false,1785253606,07/28/2026 15:46:46,Crap service temu crap will not buy…,Crap service temu crap will not buy from them again i have bought from onbye since my problem and before good prices not pushy like temu please do not use temu at all ,Maurice Jones,5ed49c300b18820661a190aa,GB,13,"Hello, thank you for reaching out to us. We are sorry for any inconvenience caused. Customer satisfaction is of the utmost importance and we are constantly working to improve our service quality. If you need further assistance, please message us through Temu.com or Temu app live chat. We appreciate you giving us another chance to serve you. Best wishes, Temu team",2026-07-29T03:52:46.000Z
temu.com,id:6a68b046edb77efce25699d1,native_id,6a68b046edb77efce25699d1,1,false,1785252966,07/28/2026 15:36:06,Se prima era da 5 stelle ..ora fo 1…,"Se prima era da 5 stelle ..ora do 1 stella.....per i dazi da pagare.....non vale più la pena acquistare.......dovevo comprare prodotti per una spesa totale di 23 euro  ma se clicco su acquista ne devo 45 con i dazi.........quindi per me non vale la pena più acquistare....
Poi avete fatto tanta pubblicità di Temu Italia e quindi perché devo pagare sti dazi se la roba può essere spedita dall' Italia ",Cleri Raniero,62b44edd751d8d00126d61ce,IT,16,"Ciao, grazie per averci contattato. A Temu diamo molta importanza nel fornire la massima  trasparenza sui costi. Oltre al prezzo dell'articolo, potrebbero essere applicati costi aggiuntivi in conformità con le normative o con i requisiti di legge locali, come tasse, dazi o altre commissioni obbligatorie. Tutti gli importi previsti sono chiaramente indicati prima di effettuare l’acquisto e possono essere riveduti nell'email di conferma dell'ordine o sulla ricevuta. Per qualsiasi domanda sull'importo dell'ordine, non esitare a contattarci tramite temu.com o via chat nell'app Temu, specificando i dettagli del tuo ordine. Il nostro team effettuerà le dovute verifiche e sarà felice di fornirti tutto il supporto necessario. A presto, Il Team di Temu.",2026-07-29T03:52:54.000Z
temu.com,id:6a68a9d9847dad6a4798c0de,native_id,6a68a9d9847dad6a4798c0de,1,false,1785251321,07/28/2026 15:08:41,Smaller sized from what i ordered.,Smaller sized from what i ordered.,Steve,6a68a829c2526c59519e95b8,US,2,"Hello, thank you for shopping on Temu! Your feedback is extremely valuable to us and we are sorry that you are not satisfied with some of your items. We implement strict policies and control measures to ensure product quality and accurate product descriptions. Temu's Purchase Protection program offers full refunds if your items do not arrive, arrive damaged, or do not match the description or photos (https://www.temu.com/temu-purchase-protection.html). To apply for a refund, login to the Temu app or Temu.com with the account used for your order, open the ""Your orders"" page, and click ""Return/Refund."" For detailed return instructions, please visit https://www.temu.com/return-and-refund-policy.html. You can choose to receive your refund back to your original payment method or as Temu credits. Temu credits will appear in your Temu credit balance within 3 minutes and can be used immediately. If you choose to receive your refund back to your original payment method, please allow 5-14 business days for it to appear since timing depends on your financial institution. If you need further assistance, please message us through Temu.com or Temu app live chat. Best wishes, Temu team",2026-07-29T03:46:23.000Z
temu.com,id:6a68a924da3e2fdd916e036e,native_id,6a68a924da3e2fdd916e036e,1,false,1785251140,07/28/2026 15:05:40,Temu ist meiner Meinung ein fragwürdiger Verein ,"Temu ist meiner Meinung ein fragwürdiger Verein. Ich wollte ein Brotmesser kaufen. Sie wollten einen Altersnachweis. Jetzt sollte ich eine Kopie meines Personalausweises senden. Das ist aber gegen den Datenschutz. Jeder jugendliche kann im Supermarkt ein Brotmesser kaufen. Da ich mit Name, Adresse und Alter bei Temu registriert bin, ist der Altersnachweiss völlig unsinnig. Obwohl Temu weiß dass das anfordern einer Kopie des Personalausweises Illegal ist, besehen Sie darauf. Auf keinen Fall werde ich einer Chinesischen Plattform eine Kopie meines Personalausweises zusenden. 
Jetzt wurde ich von TEMU aufgefordert einen Nachweis meiner Bestellung zu senden. Völliger Schwachsinn. Wie soll ich eine Bestellnummer angeben wenn es gar nicht zu einer Bestellung gekommen ist. Ich habe ja keine Kopie meines Personalausweises gesendet. Außerdem wissen die doch genau dass sie so einen Nachweis verlangen. Das alles wegen einem Brotmesser. Völliger Schwachsinn. ",Holger,551d1cf00000ff0001b5ac14,DE,7,"Hallo, vielen Dank, dass Sie sich an uns gewandt haben. Die Zufriedenheit unserer Kunden ist für uns von größter Bedeutung, und wir sind ständig bestrebt, uns zu verbessern. Bitte senden Sie uns eine Nachricht über Temu.com oder den Temu-App-Live-Chat, damit unser Kundenservice Team Ihnen helfen kann, dies sofort zu überprüfen. Viele Grüße, Temu Team",2026-07-29T03:46:53.000Z
temu.com,id:6a68a603cc973948d9faec47,native_id,6a68a603cc973948d9faec47,1,false,1785250339,07/28/2026 14:52:19,Paid for set of various  assorted …,"Paid for set of various  assorted  screws sent a small pack instead  was given 3 free gifts which never arrived  I will not be using TEMU ever again 
They offer you one thing then send crap out I shall post this review on all social media sites I can",Philip Andrew,6a68a5f8c2526cfd399e9176,GB,1,"Hello, thank you for participating in our promotional activities and we are sorry that you are experiencing difficulties with your rewards. We implement strict policies and control measures to ensure product quality and accurate product descriptions. Temu's Purchase Protection program offers full refunds if your items do not arrive, arrive damaged, or do not match the description or photos (https://www.temu.com/temu-purchase-protection.html). To apply for a refund, login to the Temu app or Temu.com with the account used for your order, open the ""Your orders"" page, and click ""Return/Refund."" For detailed return instructions, please visit https://www.temu.com/return-and-refund-policy.html. You can choose to receive your refund back to your original payment method or as Temu credits. Temu credits will appear in your Temu credit balance within 3 minutes and can be used immediately. If you choose to receive your refund back to your original payment method, please allow 5-14 business days for it to appear since timing depends on your financial institution. If you need further assistance, please message us through Temu.com or Temu app live chat. Best wishes, Temu team",2026-07-29T03:47:03.000Z
temu.com,id:6a68a2a456b71490f26c2a50,native_id,6a68a2a456b71490f26c2a50,1,false,1785249476,07/28/2026 14:37:56,TEMU has reached a point of no return. ,"Temu was once an accessible shopping experience. It has deteriorated drastically in the last few months and recently it has no after sales support or customer service. One is confronted with automatic replies that make no sense. Quality has reached an all time low and prices have increased almost double compared to other Chinese sites. One cannot order without having at least 20€ in your basket, they have other options from their local warehouse but the shipping is not free and the products are useless. I have been a long time customer but the condions they offer now are miserable and to make it worse ordering from Europe one has to pay import charges making the prices rocket sky high. Not worth it anymore until Temu makes changes to their policy. ",Victor Fernandes,5a5634fa0000ff000afe9ed6,PT,30,"Hello, thank you for contacting us. At Temu, we have always been transparent about any fees charged. In addition to the item price, certain charges may apply in accordance with local regulations or policy requirements, such as taxes or other mandatory fees. All applicable charges are clearly displayed before payment and can be reviewed in your order confirmation email or receipt. If you have any questions about the order amount, please feel free to contact us via Temu.com or the Temu app live chat and provide your order details. We will assist with verification and be happy to provide further support. Best wishes, Temu team",2026-07-29T03:48:22.000Z
temu.com,id:6a689f6552822d5d2838065a,native_id,6a689f6552822d5d2838065a,4,false,1785248645,07/28/2026 14:24:05,when I first started ordering on temu I…,when I first started ordering on temu I found it tedious but since then I've tried it again and again I find the customer service far better than most sites . some of the stuff they sell is useful and some just rubbish but it's not expensive and they really do have some decent buys on much cheaper than Amazon or eBay. keep it up temu at the moment I think your the best. I've taken a star off because my last order was not as good as the previous one and I ended up getting rid of it. ,angela khan,52cf6ea700006400015db9f1,GB,110,"Hello, thank you for shopping with us and sharing your 4-star experience! We are glad you found some items you love. Temu's Purchase Protection program offers full refunds if your items do not arrive, arrive damaged, or do not match the description or photos (https://www.temu.com/temu-purchase-protection.html). To apply for a refund, login to the Temu app or Temu.com with the account used for your order, open the ""Your orders"" page, and click ""Return/Refund."" You can choose to receive your refund back to your original payment method or as Temu credits. Temu credits will appear in your Temu credit balance within 3 minutes and can be used immediately. If you choose to receive your refund back to your original payment method, please allow 5-14 business days for it to appear since timing depends on your financial institution. If you need further assistance, please message us through Temu.com or Temu app live chat. Best wishes, Temu team",2026-07-29T03:55:39.000Z
temu.com,id:6a689e768cb383ba3e23840c,native_id,6a689e768cb383ba3e23840c,1,false,1785248406,07/28/2026 14:20:06,i am in dispute with Temu for $55.00…,i am in dispute with Temu for $55.00 since they used my debit card instead of card that was authorized as this was this error and still am not to be reimbursed even though they know they were at fault. the prices are reasonable but not worth the aggravation when there is a dispute. ,deb p,61707115e0b9e200125bfad9,US,1,"Hello, thank you for reaching out to us. We are sorry for any inconvenience caused. Customer satisfaction is of the utmost importance and we are constantly working to improve our service quality. We will follow up on this matter. If you need further assistance, please message us through Temu.com or Temu app live chat. We appreciate you giving us another chance to serve you. Best wishes, Temu team",2026-07-29T03:49:01.000Z
temu.com,id:6a68967900dd5b7490e2c9fb,native_id,6a68967900dd5b7490e2c9fb,3,false,1785246361,07/28/2026 13:46:01,Les frais d’importation sont beaucoup…,"Les frais d’importation sont beaucoup trop élevés. Ma commande était de 49,61 € et les frais d’importation étaient de 25,20 €. Même après la remise de 20 % que vous m’avez accordée, j’ai trouvé le montant encore trop cher. J’ai donc malheureusement dû annuler ma commande. C’est vraiment dommage, car j’aurais aimé la conserver.",Ibrize Ibrize,6a689675b06fbf4737f969a5,FR,1,,
temu.com,id:6a688feb6854a74e39e6325c,native_id,6a688feb6854a74e39e6325c,1,false,1785244683,07/28/2026 13:18:03,Temu-kvalitet,"Har under ett par års tid köpt från Temu och det har varit lite si och så med produkterna. En del är bra men många av deras produkter stämmer inte med bilderna. 
Det ser ut som de gjort kopior på kläderna men skyltar med originalen. I många fall kommer det andra stilar/ annat material med i leveransen. En produktkategori som man måste undvika är deras naturmedel/ört-preparat av alla de slag. Som utbildad farmakolog och nutritionist, med mer än 20 års erfarenhet, och med kunskap om hur ett stort antal örter ser ut och smakar, i både torrt och färskt tillstånd, kan jag påstå att det Temu säljer är bluff-produkter. Deras kunder köper kapslar som inte är transparanta, och sväljer dessa i god tro. Men om man öppnar kapslarna ser man att det är samma gråbruna cellulosa pulver i flertalet av dem, som dessutom smakar svartmögel. Andra kapslar kan innehålla verkningslös krita. Varudeklarationen är falsk, och även ursprungsbeteckningen. De svar man får från säljarna vid en retur-begäran är att produkten är gjord och kontrollerad i USA ( naturligtvis en stor lögn ), och begäran avslås såklart. Står man på sig så utmynnar det bara ut i nonsens-svar ( AI-genererad rappakalja ) från dessa kriminella bedragare.
Mitt råd är: UNDVIK UNDVIK UNDVIK UNDVIK !!!!!!!!!!
",finn levinson,5d13ab883165a24c219c8e8e,SE,12,,
temu.com,id:6a68833ffca9cab365c89c2d,native_id,6a68833ffca9cab365c89c2d,1,false,1785241439,07/28/2026 12:23:59,"J'ai une autorisation de 158,19 €…","J'ai une autorisation de 158,19 € bloquée pour PayPal, mais la transaction a buggé et n'existe pas sur mon compte PayPal. Pouvez-vous forcer l'annulation de cette réserve ?""quel activité de paiement inhabituel vous pouvez me le dire",Siwezak Cyril,6207772303095e0012ec5c07,BE,29,,
temu.com,id:6a687f25290ea200a9338995,native_id,6a687f25290ea200a9338995,1,false,1785240389,07/28/2026 12:06:29,La peor aplicación,"La peor aplicación. Que hay lis teleoperadores teabajan coaccionados ta que les pides que te pongan con un supervisor y no te ponen nunca siempre dicen que no estan lis tienen bien enseñados .no cumplen la ley 1/2007 del real decreto de la defensa del usuario y consumidor donde dice que si re cambian el punto de entrega tienen que rembolsarte o renviarte el pedido difaman a la gente y a los transportista.dicen que lis transportistas dicen que se entrego el paquete en tu punto de entrega o domicilio y tu tienes los comprobantes de entrega donde pone donde realmente lo entregan en las facturas igual aparece una dirrecion la que tu eliges no donde realmente se entrega yo vpy demandar con el propietario del punto de entrega ya que ninguno de lis pedidos que reclamo fueron entregados en su establecimiento y con los comprobantes de entrega y conversaciones del transportista donde me comunica que me cambio el punto de entrega  pedidos que no tengo en mi poder y no me quieren rembolsar les va caer una demanda buena por difamación estafa incumplimiento contractual ,violacion de mi privacidad de datos ect son muchas cosas ñas que incumplen estos eatafadores y están en  y ñas leyes están para respetarlas tuve mucha paciencia de hoy no pasa ",Brujita feliz GP,69a61387dcbdac6d8fd01480,ES,11,,
temu.com,id:6a687aaa74c8fa3d7b7d894a,native_id,6a687aaa74c8fa3d7b7d894a,5,false,1785239242,07/28/2026 11:47:22,Listen to the agents because they have the information that anyone could understandl.,"Well I've meant to text you and tell all of you, that I messed up.
(You probably don't get this kind of information.)
I was angry mostly because I was talking to a machine....but the machine was (mostly) telling me that I was as going to get the pruners. Plus when I got a look at my order it showed the pruners plus the items I received. I don't remember the name the lady that I texted last. She told me exactly what happened and how to get the right answer. I did exactly what she said and it showed me that I was wrong. If I hadn't been in the hospital, I would have written this a couple of weeks ago. However you've given me a chance to do it now. I apologize to any agent that I spoke with. I was just wrong in a dozen ways. I'm glad you sent this because It just opened the door for me to apologize. So thanks to all for your professionalism. That too is is a dying part of so many good companies. So thank you very much.",Lee Bright,6a49a98e0a188f2f1899bfd3,US,2,"Hello, thank you for shopping with us and sharing your 5-star experience! We are so glad you've been enjoying your experience so far. Customer satisfaction is of the utmost importance and we are constantly working to improve our service quality. If you need any assistance, please message us through Temu.com or Temu app live chat. Best wishes, Temu team",2026-07-28T12:47:22.000Z
temu.com,id:6a6877ebdcc982b1e5da54e9,native_id,6a6877ebdcc982b1e5da54e9,3,false,1785238539,07/28/2026 11:35:39,Un peu déçu ma commande atteint 20euros…,Un peu déçu ma commande atteint 20euros et on me rajoute 8euros au moment de payer,Viviane Charles,6a6877d4ff3db20c7ac6cc79,FR,1,,
temu.com,id:6a6873fb657edbfcc92a2925,native_id,6a6873fb657edbfcc92a2925,1,false,1785237531,07/28/2026 11:18:51,I used to like Temu,"I used to like Temu. The prices were reasonable and I understood why they needed to put a 20€ or 25€ minimum. But the most recent purchase that I made, I found out that we had to pay important charges, not shipping fees but import charges on non EU goods and as we know, majority of Temu products don't come from suppliers based in the EU. So in the end, the ""promotions"" to cut prices that usually were put on my purchases to make it overall cheaper ended up amounting to even more than the original price without the discount due to those stupid costs. And I know that the EU is doing that as retaliation for the US tarifs and all but it is frustrating and becoming increasingly costly to buy from Temu. Temu has a specific brand, we are here to get products at a cheap price with no shipping fast, occasionally they have value for our money. But now I am thinking of shifting to another platform because on a 45€ purchase, why do i end up paying 65€.It's a difference that I would prefer to put into shipping costs. Also had issues with the size being way smaller than expected so wouldn't recommend the app. Capitalism ruined everything yet again.",Lea Desveaux,6a6873f67b418c2c0390ecdc,MT,1,"Hello, thank you for contacting us. At Temu, we have always been transparent about any fees charged. In addition to the item price, certain charges may apply in accordance with local regulations or policy requirements, such as taxes or other mandatory fees. All applicable charges are clearly displayed before payment and can be reviewed in your order confirmation email or receipt. If you have any questions about the order amount, please feel free to contact us via Temu.com or the Temu app live chat and provide your order details. We will assist with verification and be happy to provide further support. And we are sorry that you are not satisfied with some of your items.  We implement strict policies and control measures to ensure product quality and accurate product descriptions. Temu's Purchase Protection program offers full refunds if your items do not arrive, arrive damaged, or do not match the description or photos (https://www.temu.com/temu-purchase-protection.html). If you need further assistance, please message us through Temu.com or Temu app live chat. Best wishes, Temu team",2026-07-28T12:49:03.000Z
temu.com,id:6a68684b3ad8bf94c600536b,native_id,6a68684b3ad8bf94c600536b,3,false,1785234539,07/28/2026 10:28:59,Recenzja temu,"Lepiej niż z winebestgift.pl ale itak same podróby.

Można kupowac na temu bo to jest ok ale pamiętajcie że nic orginalnego nie mają.

Ale ja kończę z temu bo koszt importu drogi😪

Pozdrawiam 
YNG KUBSTER",Sklep Kubstera,6a6865f1ff3db25f10c6ad13,PL,2,"Witaj, dziękujemy za zakupy w Temu! Twoja opinia jest dla nas niezwykle cenna i przykro nam, że nie jesteś zadowolony z niektórych produktów. Wdrażamy surowe zasady i środki kontroli w celu zapewnienia jakości produktów i dokładnych opisów produktów. Jeśli nie jesteś zadowolony z otrzymanych produktów, możesz ubiegać się o zwrot pieniędzy w ciągu 90 dni od zakupu. Program Bezpieczne zakupy na Temu oferuje pełny zwrot pieniędzy, jeśli produkty nie zostaną dostarczone, zostaną uszkodzone lub nie będą zgodne z opisem lub zdjęciami (https://www.temu.com/temu-purchase-protection.html). W Temu dbamy o pełną przejrzystość w kwestii wszelkich opłat. Oprócz ceny produktu, zgodnie z przepisami lub wymogami prawnymi obowiązującymi w Polsce, do zamówienia mogą zostać doliczone dodatkowe należności, takie jak podatki lub inne obowiązkowe opłaty. Wszystkie kwoty są jasno wyświetlane przed dokonaniem płatności i można je sprawdzić w wiadomości e-mail z potwierdzeniem zamówienia lub na paragonie. Jeśli potrzebujesz dalszej pomocy w związku z Twoimi doświadczeniami z Temu, napisz do nas na Temu.com lub na czacie na żywo w aplikacji Temu. Pozdrawiamy, zespół Temu",2026-07-28T12:50:15.000Z
temu.com,id:6a6867bb46279ba45cb8b922,native_id,6a6867bb46279ba45cb8b922,1,false,1785234395,07/28/2026 10:26:35,Fake investigation to avoid refunding!,"Support ticket ID: 1784804668211847
Total paid:$47

Its been a week and Temu has been fighting me over $47 I asked then not to use speed x and that I wanted usps they still allowed speed x to deliver now that my package has been stolen these rats are telling me to wait 3-5 business days for verification even after giving them an email sent to me by speed x admitting that the fact that the package was stolen in the third image on the delivery you will see that the package is no longer on the door step because either th driver took it back aka stole it or the driver left the package out in the open and a walking individual literally passed by and took it!! Which is even worse. They are now fighting me over the cheap money how embarrassing. I am here to tell you all that if you ordered something from this scam site known as temu and anything happens to your package please immediately call your bank and file a chargeback don't even try to speak with them because they will lie and tell you to wait 3-5 business days for a ""verification""/ investigation that does not exist even after you show proof because they want you to get tired of asking for your money back. Shameless company fighting a customer over $47??





",Cici Nope,6a4b4de65334ac567b11071a,US,5,"Hello, thank you for reaching out to us. We are sorry for any inconvenience caused. Customer satisfaction is very important to us, and we are continuously working to improve our service. Thank you for sharing the relevant information, and we have already escalated your issue with the relevant team for further follow-up. If you need any additional assistance, please feel free to message us through Temu.com or the Temu app live chat via this link: https://share.temu.com/NWGRVrrOSMA. We appreciate your patience and understanding. Best wishes, Temu Team",2026-07-28T12:44:05.000Z
temu.com,id:6a68657c68319d440ce5219b,native_id,6a68657c68319d440ce5219b,1,false,1785233820,07/28/2026 10:17:00,What a joke,What a joke! Now I have over $1000 free temu credit but somehow anytime I order the expensive item it is refunded with a $5 credit (No longer available) but I spend $30+ on minimum spend to get it…?,Damien Mcleod,6a68656ec2526cef469e19ca,AU,1,"Hello, thank you for taking the time to share your feedback. To help us review the matter further, we kindly ask that you complete the Information Request Form we have sent and provide the requested details, such as your order number(typically starting with PO-xxx) or the email address associated with your Temu account. Once we receive the information, we will review your case and coordinate with the relevant team for further follow-up. If you have any additional questions or need further assistance, please feel free to contact us through the Temu website or the Temu app live chat via this link: https://share.temu.com/NWGRVrrOSMA. Thank you for your time, patience, and cooperation. Best wishes, Temu Team",2026-07-28T12:51:38.000Z
temu.com,id:6a6863ab835b607ebccb8523,native_id,6a6863ab835b607ebccb8523,1,false,1785233355,07/28/2026 10:09:15,Still trying to obtain a refund…,Still trying to obtain a refund Merchant that sold through Temu not responding and Temu not resolving issue. Keep asking for photos have sent them over 5 times and still not getting anywhere. I am now having to try and get this resolved via my bank. Do not use Temu I won’t be using ever again they don’t care about customers. This has been going on over a week now!,Anna Stelforth,6585f57763d842001349025a,GB,4,"Hello, thank you for reaching out to us. We are sorry for any inconvenience caused. Customer satisfaction is of the utmost importance and we are constantly working to improve our service quality. If you need further assistance, please message us through Temu.com or Temu app live chat. We appreciate you giving us another chance to serve you. Best wishes, Temu team",2026-07-28T12:08:48.000Z
temu.com,id:6a685fb1bfdfad17f0ea56c6,native_id,6a685fb1bfdfad17f0ea56c6,1,false,1785232337,07/28/2026 09:52:17,Keep on getting spam and say u get free…,Keep on getting spam and say u get free gift and end up need to make payment then it's not free go back to school and learn the word free.... I picked like that say fill details and send to people end up spamming my contacts and got nothing to show.... And the product send to me was rong and broken never got te free gifts... ,mitch petrie,69ffa77f621914685b61c12e,ZA,1,"Hello, thank you for reaching out and we are sorry that you are experiencing difficulties with our referral rewards program. Customer satisfaction is of the utmost importance and we are constantly working to improve our service quality. For help with your referral link or questions about your rewards status, please contact us again through Temu.com or Temu app live chat so we can help you investigate right away. Have a great day! Best wishes, Temu team",2026-07-28T12:08:56.000Z
temu.com,id:6a685c46a5dcb57c44035584,native_id,6a685c46a5dcb57c44035584,1,false,1785231462,07/28/2026 09:37:42,J Ai fait une commande le 7juillet ,"J Ai fait une commande le 7juillet 
Le livreur colis privé n'est même pas venu,n.'a pas sonné, ni avis de passage 
Donc ce livreur le mets au point relais sauf que le lundi c'est fermé.
Conclusion ils ont renvoyé le colis a temu 😡😡😡
De plus impossible de me faire rembourser 
C'était la dernière commande 
Temu sont des voleurs ils ne remboursent pas 😡😡😡😡😡",patricia meckes,6a194c206142ad9e882e020a,FR,2,"Bonjour, merci d'avoir pris contact avec nous, et nous sommes désolés pour tout désagrément que cela a pu causer. La satisfaction du client est de la plus haute importance, et nous travaillons constamment à améliorer la qualité de notre service. Pourriez-vous s'il vous plaît nous contacter à nouveau via Temu.com ou le chat en direct de l'application Temu afin que nous puissions aider et enquêter immédiatement? Vous pouvez également visiter www.temu.com/support-center.html pour trouver plus de contacts du service client. Nous vous remercions de nous donner une autre chance de vous servir. Meilleurs vœux, l'équipe Temu",2026-07-28T12:09:04.000Z
temu.com,id:6a6842e30aae9820cb2f944a,native_id,6a6842e30aae9820cb2f944a,1,false,1785224963,07/28/2026 07:49:23,Dont sell or buy on here,"I m not hear to talk about products people buy on temu, cause everyone already knows it's waste of money. I m here as a USA brand selling on temu, I am USA registred and my business is 100% legal, I sell in different platforms with no problem. But temu after selling for few months they decided to suspend my account and seize my funds, 11 months of negotiation but they refuse to release my funds for no clear reason. I am taking legal action to get my funds back. Dont sell or buy on this platform.",Lake blue,6192c25d63d25e00138340d0,US,4,"Hello, thank you for reaching out to us. We are sorry for any inconvenience caused. Customer satisfaction is of the utmost importance and we are constantly working to improve our service quality. If you need further assistance, please message us through Temu.com or Temu app live chat. We appreciate you giving us another chance to serve you. Best wishes, Temu team",2026-07-28T12:09:12.000Z
temu.com,id:6a6840248d763bf3f427860a,native_id,6a6840248d763bf3f427860a,1,false,1785224260,07/28/2026 07:37:40,Die bestellte Ware kam nicht an,"Die bestellte Ware, bzw das Paket ist gar nicht angekommen. Temu hat zuerst angeboten, das Geld zu erstatten oder eine Ersatzlieferung zu veranlassen. Ich habe eine Ersatzlieferung veranlasst. Nachdem aber nichts mehr von Temu zu hören war, habe ich dann nachgefragt und habe dann erfahren, dass keine Reklamation möglich sei, da das Paket ja zugestellt wurde. Aber wie bereits gesagt, ist das Paket nicht bei mir angekommen. Das war meine letzteBestellung bei Temu.",Franz-Josef Dißelkamp,667e6857ec26fe7793ef8c95,DE,5,"Hallo, vielen Dank, dass Sie sich an uns gewandt haben. Die Zufriedenheit unserer Kunden ist für uns von größter Bedeutung, und wir sind ständig bestrebt, uns zu verbessern. Bitte senden Sie uns eine Nachricht über Temu.com oder den Temu-App-Live-Chat, damit unser Kundenservice Team Ihnen helfen kann, dies sofort zu überprüfen. Viele Grüße, Temu Team",2026-07-28T12:09:20.000Z
temu.com,id:6a6821803774d4970b1aba62,native_id,6a6821803774d4970b1aba62,1,false,1785216416,07/28/2026 05:26:56,Temu wird von Monat zu Monat…,"Temu wird von Monat zu Monat schlechter. Es wird mit Versandkostenfreiheit geworben, eine glatte Lüge. Ich habe mir die Mühe gemacht und meine Quittungen durchgesehen und festgestellt, dass ich im Laufe der vergangenen 1 ½ Jahre über 250 € Versandkosten bezahlt habe. Ich habe z. B. Blumensamen bestellt und für jedes Päckchen Blumensamen 2,99 € Porto bezahlt habe. Bei 12 Päckchen 35,88 €. Wenn vom selben Lieferanten nicht 25,00 € Bestellwert erreicht werden, kostet jedes Teil 2,99 € Versandkosten. Andere Artikel, welche einzeln nicht 25 € kosten werden Gar nicht geliefert. 
Orginalzitat:  „ Bestellungen unter 25€ können nicht aufgegeben werden“. 
Diese Bestellungen wurden im Rahmen einer größeren Bestellung mitbestellt.
Dabei listet Temu die Angebote so auf, dass man z. B. diese Blumensamen gar nicht nachvollziehen  kann, von welchem Lieferanten die Samen kommen, um eine Gesamtbestellung daraus zu machen. 
Ich habe bei Temu im Support nachgefragt und den Vorschlag gemacht die Artikel nach Lieferanten zusammen zu stellen damit man als Kunde den Überblick hat und sich schon bei der Zusammenstellung der zu kaufenden Artikel darauf achten kann, möglichst Versandkosten zu sparen. Als Antwort bekam ich die Antwort, dass der Zoll daran schuld sei, sowie die altbekannten Floskeln mit Bild,
 „Um welche Sendung handelt es sich“?
Ich frage mich, sind bei Temu am Support lauter Analphabeten oder lesen diese Menschen nicht, was man schreibt, oder es interessiert keinen, was die Kunden wissen wollen. 
Ich jedenfalls habe meine Bestellung bei Temu eingestellt und diese bleiben eingestellt, bis ich auf meine Fragen Antwort bekomme. Es ist eine Schande, dass man immer nur diesen Support benutzen kann um sich stundenlang hinhalten zu lassen und dann ohne befriedigende Antwort abgespeist wird. Warum kann man auf E-Mails nicht direkt antworten. Ich denke, Kunden,  insbesondere gute Kunden, sind für Temu nur Kaufvieh, aber keine Geschäftspartner auf Augenhöhe. 
",Toni Hilger,624be816b4f76f0012b07696,DE,17,"Hallo, vielen Dank, dass Sie sich an uns gewandt haben. Die Zufriedenheit unserer Kunden ist für uns von größter Bedeutung, und wir sind ständig bestrebt, uns zu verbessern. Bitte senden Sie uns eine Nachricht über Temu.com oder den Temu-App-Live-Chat, damit unser Kundenservice Team Ihnen helfen kann, dies sofort zu überprüfen. Viele Grüße, Temu Team",2026-07-28T11:53:58.000Z
temu.com,id:6a68111446c44eaa59579e86,native_id,6a68111446c44eaa59579e86,1,false,1785212212,07/28/2026 04:16:52,A terrible experience—they are thieves…,"A terrible experience—they are thieves and scammers. You should only buy from them using PayPal; with any other payment method, you risk losing your money. These people are pathological liars who will deceive you. If you contact customer support, the representatives don't speak English at all; they just use copy-paste responses. After you pay for an item, they don't ship it. Don't be fooled into thinking they have a local warehouse—none of that exists; everything is shipped from China, even though they don't show you the actual transit process. I believe they should be banned from the United States, just as happened in Europe; they sell a lot of dangerous products and even spy on you. Under no circumstances should you install their app on your phone—just be very careful with them.Their representatives just apologize and claim to understand your problem—but they don't understand a damn thing. They don't grasp what you're writing at all; they just run your text through a translator and send you canned responses. Still, they do a great job of apologizing and insisting that they understand everything.Just look at how much junk is left behind when you leave their site—up to 500 MB; you definitely need to clean it out after using it.What they show is one thing, but what arrives is something else entirely: the photo depicts several items, yet they sell only one—it’s a complete scam, and there’s no description either. And it’s impossible to talk to the support staff—they don’t know English at all; I’ve already mentioned this.Don't trust the reviews left on their site; they're full of bots. Even the negative ones are posted by bots—just to make it look like there are negative reviews too.",Booster Jet,5e58950f1a91693f4da47be7,US,2,"Hello, thank you for reaching out to us. We are sorry for any inconvenience caused. Customer satisfaction is of the utmost importance and we are constantly working to improve our service quality. We will follow up on this matter. If you need further assistance, please message us through Temu.com or Temu app live chat. We appreciate you giving us another chance to serve you. Best wishes, Temu team",2026-07-28T11:54:39.000Z
temu.com,id:6a680e6453f2025a90e385d1,native_id,6a680e6453f2025a90e385d1,1,false,1785211524,07/28/2026 04:05:24,Temu is like Shein they are putting…,"Temu is like Shein they are putting their prices up in the cart, the red price you thought you were paying has gone and increased ",Louise Gill,6a680e53b06fbf802ff8cfd0,AU,1,"Hello, thank you for reaching out to us. We are sorry for any inconvenience caused. Customer satisfaction is of the utmost importance and we are constantly working to improve our service quality. We will follow up on this matter. If you need further assistance, please message us through Temu.com or Temu app live chat. We appreciate you giving us another chance to serve you. Best wishes, Temu team",2026-07-28T11:55:26.000Z
temu.com,id:6a6806efcb322899c70ff49f,native_id,6a6806efcb322899c70ff49f,1,false,1785209615,07/28/2026 03:33:35,Trying to tell me that I can’t review a…,Trying to tell me that I can’t review a refund because the item has already been shipped when I only ordered it 30 seconds ago seems like some people are very mentally challenged,Flicky FN,6a6806ea7b418ca70f908eeb,GB,1,"Hello, thank you for reaching out to us. We are sorry for any inconvenience caused. Customer satisfaction is of the utmost importance and we are constantly working to improve our service quality. We will follow up on this matter. If you need further assistance, please message us through Temu.com or Temu app live chat. We appreciate you giving us another chance to serve you. Best wishes, Temu team",2026-07-28T11:55:35.000Z
temu.com,id:6a67fedeee3068031e64c8be,native_id,6a67fedeee3068031e64c8be,3,false,1785207550,07/28/2026 02:59:10,I order some products from Temu,"I order some products from Temu, and there was to much delay in delivery",Mike Henson,687939b420554d022e401604,US,3,"Hello, thank you for shopping with us and we are sorry you are experiencing difficulties with your recent orders. Temu is an e-commerce company that connects consumers with a network of merchandise partners, manufacturers and brands with the mission to empower consumers to live their best lives. We work with reliable logistics partners to ensure that your order is delivered reliably and efficiently. You can track your shipping status and see your expected delivery date directly in the Temu app or on Temu.com. If your order arrives later than the estimated delivery date, you will receive Temu credits as a sign of appreciation for your patience. Finally, if your items do not arrive, arrive damaged, or do not match the description or photos, you will be offered a full refund under Temu's Purchase Protection program (https://www.temu.com/temu-purchase-protection.html). Customer satisfaction is of the utmost importance and we are constantly working to improve our service quality. If you need further assistance, please message us through Temu.com or Temu app live chat. We appreciate you giving us another chance to serve you. Best wishes, Temu team",2026-07-28T11:56:37.000Z
temu.com,id:6a67e9221c93cfee6ea1ef3e,native_id,6a67e9221c93cfee6ea1ef3e,1,false,1785201986,07/28/2026 01:26:26,Support-Mitarbeiter sind Schlimm…,"Die support Mitarbeiter sind schlimmer als Bots. Geben immer die gleichen Kopier-Antworten... ignoren Nachrichten komplett. Schlimmster und dümmster service . ich hoffe Temu wird gebannt und die Verbraucherzentrale sorgt dafür, dass sowas nicht mehr existiert.
Kundensupport ist nicht existent. Support Mitarbeiter dümmer als Bots. ",Emjey_J,64ce7e8eaa15ce001248a939,DE,11,"Hallo, vielen Dank, dass Sie sich an uns gewandt haben. Die Zufriedenheit unserer Kunden ist für uns von größter Bedeutung, und wir sind ständig bestrebt, uns zu verbessern. Wenn Sie Hilfe benötigen, zögern Sie bitte nicht, uns zu kontaktieren: https://share.temu.com/NWGRVrrOSMA. Wir wissen es zu schätzen, dass Sie uns eine weitere Chance geben, Ihnen zu helfen. Viele Grüße, Temu Team",2026-07-28T07:29:37.000Z
temu.com,id:6a67e5b5f910df01321db836,native_id,6a67e5b5f910df01321db836,1,false,1785201109,07/28/2026 01:11:49,Temu tries to trick customers.Advertize…,"Temu tries to trick customers.Advertize a price and adds other things when you place order.
I will write another review with picture; as I am unable to add pictures here
",MP,62ad199c3dc85d0012e4d68a,US,6,"Hello, thank you for contacting us. At Temu, we have always been transparent about any fees charged. In addition to the item price, certain charges may apply in accordance with local regulations or policy requirements, such as taxes or other mandatory fees. All applicable charges are clearly displayed before payment and can be reviewed in your order confirmation email or receipt. If you have any questions about the order amount, please feel free to contact us via Temu.com or the Temu app live chat and provide your order details. We will assist with verification and be happy to provide further support. Best wishes, Temu team",2026-07-28T07:40:10.000Z
temu.com,id:6a67d11f084d405388ead51f,native_id,6a67d11f084d405388ead51f,1,false,1785195839,07/27/2026 23:43:59,I got a bed and mattress from the palce…,I got a bed and mattress from the place bunch of cowboys and they was not cheap and they send cheap nasty items instead nothing like on photos speak to customer service no help what so ever got offered 12 gbp back off a 300 gbp items for the seller to send knock off items think this place is wish.com knock off ,Mike,624c627f1cd3bb001282d225,GB,9,"Hello, thank you for shopping on Temu! Your feedback is extremely valuable to us and we are sorry that you are not satisfied with some of your items. We implement strict policies and control measures to ensure product quality and accurate product descriptions. Temu's Purchase Protection program offers full refunds if your items do not arrive, arrive damaged, or do not match the description or photos (https://www.temu.com/temu-purchase-protection.html). To apply for a refund, login to the Temu app or Temu.com with the account used for your order, open the ""Your orders"" page, and click ""Return/Refund."" For detailed return instructions, please visit https://www.temu.com/return-and-refund-policy.html. You can choose to receive your refund back to your original payment method or as Temu credits. Temu credits will appear in your Temu credit balance within 3 minutes and can be used immediately. If you choose to receive your refund back to your original payment method, please allow 5-14 business days for it to appear since timing depends on your financial institution. If you need further assistance, please message us through Temu.com or Temu app live chat. Best wishes, Temu team",2026-07-28T07:33:25.000Z
temu.com,id:6a67c978aa74b40b64e12fea,native_id,6a67c978aa74b40b64e12fea,1,false,1785193880,07/27/2026 23:11:20,Second order never got my items,Second order never got my items.    Here’s a tip you are better off using Amazon at least they Reship the item and give you compensation too.   Got an email from the courier and it’s not a local warehouse as stated.   The email sent was in Chinese.   Buyer beware of fraud ,Tammy,5ad0cee74de5666d3467ec1c,US,214,"Hello, thank you for shopping with us and we are sorry you are experiencing difficulties with your recent orders. Temu work with reliable logistics partners to ensure that your order is delivered reliably and efficiently. Most packages arrive between 7-15 business days. You can track your shipping status and see your expected delivery date directly in the Temu app or on Temu.com. If the tracking status is not updated for 15 days, you can request a full refund and keep your items when they arrive. If your order arrives later than the estimated delivery date, you will receive Temu credits as a sign of appreciation for your patience. Finally, if your items do not arrive, arrive damaged, or do not match the description or photos, you will be offered a full refund under Temu's Purchase Protection program (https://www.temu.com/temu-purchase-protection.html). Customer satisfaction is of the utmost importance and we are constantly working to improve our service quality.",2026-07-28T07:39:12.000Z
temu.com,id:6a67c91f28f76b8dd84054cb,native_id,6a67c91f28f76b8dd84054cb,1,false,1785193791,07/27/2026 23:09:51,"Temu Fraud & One month later, complaint not resolved.","I filed a complaint and ticket with Temu over a month ago after fraud was committed by Temu themselves.  After more than a month, the issue is still not resolved.  What legitimate company does not deal with a complaint after a full month. Instead they just send and respond to emails saying someone will deal with it soon.  It is clear they have no intention of doing so.

Temu gets 0 Stars, but unfortunately that is not an option available. They committed fraud & bait & switch.

Two major issues. First, Temu processed an order I did NOT make. I had put some items in my cart, but I didn't process the order.  When later I saw an email saying payment had been taken and an order had been initiated, I contacted them to inform them I did NOT make the order and to cancel the order.  They refused, despite the fact that alleged 'order' had just been made and obviously it hadn't been processed and it certainly hadn't been shipped.  Surprise, Surprise.  Obviously they didn't want to refund the order, because the order had been fraudulently taken in the first place.  It was within the 14 days on an online 'purchase' (so I had a right to cancel), I didn't make the order in the first place (so they should have refunded a payment they were not allowed to take) and it hadn't been processed or shipped (so they should have refunded my money immediately). Instead they sent an order I didn't want.  

Second, they promised me SIX FREE GIFTS, but then didn't give the gifts and later said I didn't get the gifts because I need to spend a certain amount of money to get the gifts.  It didn't say that when the gifts were being offered and I spent about 1.5 hours choosing my gifts. This is called ""Bait and Switch"" which is highly illegal.  However, later the gifts were not offered to me or sent to me. I have been in several conversations with customer service since and they refuse to help me.  They just keep going round and round in circles.  

To start with, they sent the items I didn't order.  Then they refuse to refund the order and also refuse to send the 6 free gifts.  I made a formal complaint and they promised a manager would contact me in a few hours.  Instead it has been more than a month and they keep delaying further days. They have wasted so much of my time and caused so much stress. 

I reminded them of the Consumer Protection from Unfair Trading Regulations 2008 (CPRs). ​This law contains a ""Blacklist"" of 31 commercial practices that are banned in all circumstances, regardless of what the fine print says.

​Banned Practice #20: It is completely illegal to describe a product as ""gratis"", ""free"", ""without charge"", or similar if the consumer has to pay anything other than the unavoidable cost of responding to the advertisement or collecting/paying for delivery of the item.

​Banned Practice #6 (""Bait-and-Switch""): It is illegal to promote a specific product at a specific price (or for free) if the business actually intends to substitute it with a different requirement or force you into a different commercial transaction (like buying other goods to ""unlock"" it).  

Despite this reminder they remained unphased.

I am warning you, never give Temu your payment details or name or contact details.  They are a dodgy company and do not have an issue with committing fraud.  Who knows what else they are doing with your details. Never fall for their free gifts trick.  It is a scam.

Steer far clear from Temu!!!",Brian Vander Waal,5c05c47b59b6240fd90d662c,GB,49,"Hello! Thank you for contacting us. We truly appreciate your effort in bringing this matter to our attention. Based on the information you provided, our support team is currently reviewing and investigating the issue. There is currently an open ticket regarding your situation, so we kindly ask that you continue monitoring the updates through the Temu app. You are also welcome to reply directly to the ticket if needed. If you require any further assistance, please feel free to contact us via the live chat on Temu.com or through the Temu app. We appreciate you giving us another chance to serve you. Best regards, Temu Team",2026-07-28T07:16:47.000Z
temu.com,id:6a67c627cc7b07203a4bdec5,native_id,6a67c627cc7b07203a4bdec5,1,false,1785193031,07/27/2026 22:57:11,TEMU son unos  ladrones,"TEMU son unos  ladrones. He devuelto 10 articulos en un paquete muy bien embalado y precintado y me han devuelto el importe de un solo articulo. Dicen que no estaban el resto de articulos y es inposible que si ha llegado un articulo no haya llegado el resto porque estaban en el mismo paquete. Son unos ladrones. Ahora no tengo ni los articulos ni mi dinero. No os fieis porque os engañan son unos ladrones. ademas de ladrones sois unos impresentables, me dais respuestas para que me ponga en contacto con vosotros pero ya me he puesto en contacto con vosotros por las vias que me dais y no me habeis dado ninguna solucion. ademas de robarme tambien me estais haciendo perder el tiempo mareandome. ",Elena Cavas,6a67c623c2526c9ae49da000,ES,1,"Hola, gracias por ponerte en contacto con nosotros. Lamentamos cualquier inconveniente que hayas experimentado. La satisfacción del cliente es nuestra prioridad y trabajamos continuamente para mejorar nuestros servicios. Estaremos dando seguimiento a este asunto. Si necesitas más ayuda, por favor, envíanos un mensaje a través de Temu.com o utiliza el chat en vivo de la aplicación en este enlace: https://share.temu.com/NWGRVrrOSMA. Agradecemos que nos brindes otra oportunidad para servirte. Saludos, Equipo Temu",2026-07-28T07:35:27.000Z
temu.com,id:6a67bdc8b346173b1bd1a95a,native_id,6a67bdc8b346173b1bd1a95a,1,false,1785190888,07/27/2026 22:21:28,You will loose a lot of money being scammed,"Not a trustworthy place to shop on line do not buy from this company  they tried to place my order with pay pall , and said they will be refunding me , this is not the first time there’s been this sort of move on from them, l have now unsubscribed and removed my debit card 
And another one , l will not get any solution or support from them , you are talking with robots 
Repetitive nonsense from them that are not understanding ",Sydney,5cf134bf0d0a0c9377b97e35,GB,33,"Hello, thank you for reaching out to us. We are sorry for any inconvenience caused. Your case is out of the norm. Customer satisfaction is of the utmost importance and we are constantly working to improve our service quality. If you need further assistance, please message us through Temu.com or Temu app live chat via this link: https://share.temu.com/NWGRVrrOSMA. We appreciate you giving us another chance to serve you. Best wishes, Temu Team",2026-07-28T07:19:11.000Z
temu.com,id:6a67bd894d382f6ee348b5e0,native_id,6a67bd894d382f6ee348b5e0,1,false,1785190825,07/27/2026 22:20:25,Terrible experience,"Terrible experience! Incompetent and dishonest customer service.

It has been more than 15 days since I encountered a blocking issue (unable to pay or complete my order with zero solution provided from their side). The customer support team only repeats automated messages, promises fake ""investigations"" that they never actually conduct, and completely refuses to find a solution or offer any compensation.

No follow-up, zero respect for customers, and total indifference. Stay away from this company if you don't want to waste your time and money.
",Amir Barca,6a67bd65c2526c2f979d947d,FR,1,"Hello, thank you for taking the time to share your feedback. To help us review the matter further, we kindly ask that you complete the Information Request Form we have sent and provide the requested details, such as your email address associated with your Temu account. Once we receive the information, we will review your case and coordinate with the relevant team for further follow-up. If you have any additional questions or need further assistance, please feel free to contact us through the Temu website or the Temu app live chat via this link: https://share.temu.com/NWGRVrrOSMA. Thank you for your time, patience, and cooperation. Best wishes, Temu Team",2026-07-28T07:17:39.000Z
temu.com,id:6a67bd07d2abc179ed75aad0,native_id,6a67bd07d2abc179ed75aad0,3,false,1785190695,07/27/2026 22:18:15,Les objets vendus servent juste à…,"Les objets vendus servent juste à dépanner, ils ne tiennent pas le coup ",Mathilde Priez,6a67bcb4b06fbf6ef6f889ac,FR,2,"Bonjour, merci d'avoir fait vos achats sur Temu ! Vos commentaires sont extrêmement précieux pour nous, et nous sommes désolés que vous ne soyez pas satisfait(e) de certains de vos articles. Nous mettons en place des politiques strictes et des mesures de contrôle pour garantir la qualité des produits et des descriptions précises des produits. Si vous n'êtes pas satisfait(e) de tout article que vous recevez, vous pouvez demander un remboursement dans les 90 jours suivant l'achat. Le programme de Protection des Achats de Temu offre un remboursement intégral si vos articles n'arrivent pas, arrivent endommagés ou ne correspondent pas à la description ou aux photos (https://www.temu.com/temu-purchase-protection.html). Pour demander un remboursement, connectez-vous à l'application Temu ou à Temu.com avec le compte utilisé pour votre commande, ouvrez la page ""Vos commandes"" et cliquez sur ""Retour/Remboursement"". Pour des instructions de retour détaillées, veuillez consulter https://www.temu.com/return-and-refund-policy.html. Et vous pouvez choisir de recevoir votre remboursement sur votre mode de paiement d'origine ou sous forme de crédits Temu. Les crédits Temu apparaîtront dans votre solde de crédits Temu dans les 3 minutes et peuvent être utilisés immédiatement. Si vous choisissez de recevoir votre remboursement sur votre mode de paiement d'origine, veuillez prévoir de 5 à 14 jours ouvrés pour qu'il apparaisse, car le délai dépend de votre institution financière. Si vous avez besoin d'une assistance supplémentaire, veuillez nous contacter via Temu.com ou le chat en direct de l'application Temu. Meilleurs vœux, l'équipe Temu",2026-07-28T07:37:44.000Z
temu.com,id:6a67acbfaab3f392a89da1e1,native_id,6a67acbfaab3f392a89da1e1,1,false,1785186528,07/27/2026 21:08:48,Ich habe drei Retoure gehabt und mit…,"Ich habe drei Retoure gehabt und mit über 15 Artikeln und es wurden nur 4 anerkannt. Angeblich sind die anderen 11 Produkte nicht angekommen. Ich muss jetzt die komplette Rechnung bezahlen, obwohl ich die Produkte zurückgeschickt habe. Man wird von Kundenservice nur abgewiesen und es kommt mit auch keiner entgegen, trotz Sendeverfolgungsnummer. ",Jessica,6a67acb17b418c19059034b3,DE,1,"Hallo, vielen Dank, dass Sie sich an uns gewandt haben. Die Zufriedenheit unserer Kunden ist für uns von größter Bedeutung, und wir sind ständig bestrebt, uns zu verbessern. Bitte senden Sie uns eine Nachricht über Temu.com oder den Temu-App-Live-Chat, damit unser Kundenservice Team Ihnen helfen kann, dies sofort zu überprüfen. Viele Grüße, Temu Team",2026-07-28T03:21:09.000Z
temu.com,id:6a67a0da81bc2c5aefe2d74c,native_id,6a67a0da81bc2c5aefe2d74c,1,false,1785183482,07/27/2026 20:18:02,Mini electric fan ,"Mini electric fan , geen stekker erbij om te laten draaien of op te laden , gewoon slecht
Kledingrekken van kunststof die je zo in de container kan storten .
Allemaal troep , is het niet waard.
Dan nog een tafel gekocht, geen poten en is een computer tafel die niet bruikbaar is ",Tonnis Nieboer,602355b3fe424b001a6c2a3f,NL,5,"Hoi, bedankt dat je shopt op Temu! Onze excuses dat niet alle artikelen aan je verwachtingen voldoen, we waarderen je feedback. We hanteren strikte beleids- en controlemaatregelen om de productkwaliteit en accurate productbeschrijvingen te garanderen. Temu-aankoopbescherming biedt volledige terugbetaling als je artikelen niet aankomen, beschadigd zijn of niet overeenkomen met de beschrijving of foto's (https://www.temu.com/temu-purchase-protection.html). Om een terugbetaling aan te vragen, log je in op de Temu-app of Temu.com met het account dat je hebt gebruikt voor je bestelling, open je de pagina ""Mijn bestellingen"" en klik je op ""Retourneren / terugbetalen"". Ga voor uitgebreide instructies naar https://www.temu.com/return-and-refund-policy.html. Als je hulp nodig hebt, stuur ons dan een bericht via de livechat op Temu.com of de Temu-app. Vriendelijke groeten, Team Temu",2026-07-28T03:21:18.000Z
temu.com,id:6a679f2a65ee2f427fffc548,native_id,6a679f2a65ee2f427fffc548,5,false,1785183050,07/27/2026 20:10:50,Die ganzen negativen Bewertungen,"Die ganzen negativen Bewertungen, das Heruntermachen in den Medien, ist ein völliger Unsinn, wird sicher auch oft bewusst gemacht, um Leute davon abzuhalten, Produkte zu unglaublich niedrigen Preisen aus China zu bestellen. Nicht nur in Zeiten wie diesen, mit Inflation und Teuerungen, ist temu mit die beste onlineshop Plattform.
Bestelle schon einige Jahre dort, ob nun Schuhe, Klamotten wie T-Shirts, Hemden etc, auch u.a ein Schuhregal und einen Bluetooth Lautsprecher. Alles top Qualität.ZB  Schuhe seit 2 Jahren fast täglich getragen, Qualität noch wie am ersten Tag!
Rücksendungen, wenn zb Mal Größe nicht stimmt,überhaupt kein Problem, Rückerstattung folgt prompt!
Und wenn Mal etwas leicht beschädigt ist(mini Loch im, oder schiefer Aufdruck am T- Shirt, kann man Artikel trotz prompter Rückerstattung behalten, selbst Hemden, die etwas zu klein sind. Geht natürlich nicht bei allen Artikeln.
Lieferzeit ist natürlich etwas länger, da aus China, aber 8-10 Tage ist da gar kein Problem. Bei weiterer Lieferverzögerung bekommt man eine 5.- Gutschrift. Mittlerweile gibt es auch im Gegensatz zu früher einen Mindestbestellwert, der aber nur 25.- beträgt.
Weiters kann man, wenn ein bereits bestellter Artikel in der Zwischenzeit billiger angeboten wird, sich diese Differenz gutschreiben, gar auszahlen lassen!!
Habe bis jetzt keine einzige Beanstandung eines in den letzten 3 Jahren bestellten Produktes.
Mein Fazit. Super Qualität zu super Preisen+super Kundenservice.
Daher selber Mal probieren, nicht auf negative (tw sicher fake) Bewertungen, Medienberichte verlassen, einfach Mal bestellen. Man hat genau nichts zu verlieren, im Gegenteil viel eher zu gewinnen!",Sergio Gonzales,63a5d8b2f18d3f00127ef68a,AT,2,"Hallo, vielen Dank, dass Sie bei uns eingekauft und Ihre 5-Sterne-Erfahrung geteilt haben! Es ist uns eine Freude, Ihnen zu helfen, und wir hoffen, dass wir unseren Kunden weiterhin das beste Einkaufserlebnis auf Temu bieten können. Wenn Sie Hilfe benötigen, senden Sie uns bitte eine Nachricht auf Temu.com oder über den Temu-App Live-Chat. Viele Grüße, Temu-Team",2026-07-28T08:18:30.000Z
temu.com,id:6a679318cbd512236eee399b,native_id,6a679318cbd512236eee399b,1,false,1785179960,07/27/2026 19:19:20,have been trying for weeks to speak…,"have been trying for weeks to speak with a person to update and verify my shipping details because they do NOT follow delivery instructions. This results in my packages being stolen. I have specifically asked them to NOT leave packages by the mailboxes at my apartment complex but to instead leave them outside of the apartment door, this will reduce the likelihood of them being stolen. There are signs all around that request this as well. It is never followed. I have been trying aimlessly to speak with someone regarding this matter but I’m only met with information stating that my Temu package is not with the Last Mile delivery company and that they aren’t able to help me. This is incredibly frustrating and will almost certainly backfire on my end and will cause me to lose money and time. How hard is it to speak with a real person? I just need to know what my options are. I just need to either confirm that they can follow the delivery notes and leave the package outside of my apartment door which they failed to do on the last two times and resulted in me losing merchandise or simply update my delivery address and have it sent to a new secure location. I did try and change the address very early on before it was shipped and the system would not let me make any changes. Again, incredibly frustrating. ",Rem Cee,6a2754c74a5f81876188f3c7,US,10,"Hello, thank you for reaching out to us. We are sorry for any inconvenience caused. Customer satisfaction is of the utmost importance and we are constantly working to improve our service quality. If you need further assistance, please message us through Temu.com or Temu app live chat. We appreciate you giving us another chance to serve you. Best wishes, Temu team",2026-07-28T03:21:29.000Z
temu.com,id:6a678fedef6835ad7dea4e67,native_id,6a678fedef6835ad7dea4e67,2,false,1785179149,07/27/2026 19:05:49,RESPUESTA A TEMU:Hola Temu!!,"RESPUESTA A TEMU:Hola Temu!!
Gracias por responder. Les proporciono más detalles sobre mi experiencia con Temu, concretamente sobre el sistema de vales de descuento, que considero engañoso y una práctica de venta desleal.
Cuando entro a la aplicación o página web, Temu muestra vales de descuento (por ejemplo, ""10% de descuento"", ""cupón de X€"") que parecen aplicables a cualquier compra. Sin embargo, en el momento de pagar, el sistema no permite usarlos directamente: obliga a seguir añadiendo productos al carrito, subiendo el importe mínimo requerido, o completando ""misiones"" (como jugar a ruletas, invitar a amigos, ver anuncios, etc.) para poder desbloquear el descuento prometido. Esto genera confusión deliberada durante el proceso de pago, ya que el cliente cree que va a pagar un precio y, al final, se encuentra con condiciones ocultas o cambiantes que le empujan a gastar más de lo que pretendía inicialmente.
En mi caso concreto, 25 de Julio del 2026, , intenté usar un vale de 9 euros y un descuento de 12’90 en mi pedido recogido en el carrito, por un total de 35 euros y con descuentos se quedaba en 5 euros o algo asi, lo cual me obligaba a comprar mas artículos hasta llegar a los 20 euros. Al llegar a la pantalla de pago, el descuento desapareció o se me indicó que debía añadir más artículos para poder aplicarlo, algo que no se explicaba con claridad en el momento en que se ofreció el vale.
Hice una captura de pantalla parcial que tomé en el momento, aunque no cuenta con la mejor calidad ni recoge el proceso completo, ya que en su momento no pensé en documentar cada paso. Aun así, se mira borrosa y por eso no la puedo enviar.
Considero que esta práctica:
1.	Induce a error al consumidor, mostrando descuentos que no son realmente aplicables sin condiciones adicionales no informadas de forma clara y previa.
2.	Presiona a comprar más de lo necesario, mediante técnicas de ""dark pattern"" (patrones oscuros de diseño) diseñadas para confundir en el momento crítico del pago.
3.	Puede vulnerar la normativa de protección al consumidor, en concreto la normativa sobre prácticas comerciales engañosas y transparencia en las condiciones de descuentos y ofertas.
Solicito que Temu explique con claridad, y de forma pública, en qué condiciones reales se pueden aplicar estos vales de descuento, y que corrija esta práctica que considero engañosa para los consumidores.
POSDATA: ESTOY VIENDO LAS RESPUESTAS QUE DÁ TEMU, CUANDO LOS CLIENTES EMITEN SU QUEJA, Y PARECE SER QUE LA RESPUESTA QUE EMITE A LOS CLIENTES ES LA MISMA PARA TODOS.... MUY POCO RESPETO A LOS CLIENTES, DEJA MUCHO QUE DESEAR ESTA EMPRESA
!!!!!",Maria Meruvia,667af7a763b5ea69edad044b,ES,8,"Hola, gracias por participar en nuestras actividades promocionales. Lamentamos las dificultades que has experimentado con tus recompensas. La satisfacción del cliente es de suma importancia y estamos trabajando constantemente para mejorar la calidad de nuestro servicio. Si necesitas más ayuda, no dudes en enviarnos un mensaje a través del chat en Temu.com o en la app de Temu. Estaremos encantados de investigar tu caso y ofrecerte una solución. ¡Que",2026-07-28T03:21:40.000Z
temu.com,id:6a677bb230d45ac33c93fa8a,native_id,6a677bb230d45ac33c93fa8a,1,false,1785173970,07/27/2026 17:39:30,Volevo fare un ordine ma ormai non conviene più ,Volevo fare un ordine. Costo merci 83 euro prezzo di pagamento oltre 123 per i costi aggiunti di importazione. Non vale più la pena acquistarea su temu.Cancellerò account,Giuseppe azzariti,5c3a66c395a51d16c9b65a2f,IT,10,"Ciao, grazie per averci contattato. A Temu diamo molta importanza nel fornire la massima  trasparenza sui costi. Oltre al prezzo dell'articolo, potrebbero essere applicati costi aggiuntivi in conformità con le normative o con i requisiti di legge locali, come tasse, dazi o altre commissioni obbligatorie. Tutti gli importi previsti sono chiaramente indicati prima di effettuare l’acquisto e possono essere riveduti nell'email di conferma dell'ordine o sulla ricevuta. Per qualsiasi domanda sull'importo dell'ordine, non esitare a contattarci tramite temu.com o via chat nell'app Temu, specificando i dettagli del tuo ordine. Il nostro team effettuerà le dovute verifiche e sarà felice di fornirti tutto il supporto necessario. A presto, Il Team di Temu.",2026-07-28T03:21:54.000Z
temu.com,id:6a676a8e5471ea757e135db1,native_id,6a676a8e5471ea757e135db1,1,false,1785169582,07/27/2026 16:26:22,"Compras, pagas por adelantado y no recibes",Me indican que el paquete ha sido entregado. Como no lo he recibido contacto con Temu y no hacen ni caso. No envían el paquete ni devuelven el dinero ni se ponen en contacto contigo. La primera y última experiencia con ellos. No hay profesionalidad. Es una tomadura de pelo,Javier Brasero Rubí,6a676a62b06fbf2eaaf7f7c5,ES,1,"Hola, gracias por ponerte en contacto con nosotros. Lamentamos cualquier inconveniente que hayas experimentado. La satisfacción del cliente es nuestra prioridad y trabajamos continuamente para mejorar nuestros servicios. Si necesitas más ayuda, por favor, envíanos un mensaje a través de Temu.com o utiliza el chat en vivo de la aplicación en este enlace: https://share.temu.com/NWGRVrrOSMA. Agradecemos que nos brindes otra oportunidad para servirte. Saludos, Equipo Temu",2026-07-28T03:22:07.000Z
temu.com,id:6a676253a70d1f7ee9da2196,native_id,6a676253a70d1f7ee9da2196,5,false,1785167475,07/27/2026 15:51:15,excellent,exellent shopping platform. Products are various. we find good and less good products. So choice should be well done. But the customer's service is helpful and fast. So happy with my different experiences with Temu. Never disappointed by the customer's serivce. They never gave me trouble. Perfect,khalil,68a6fc2b9600694a0f0bfe8d,FR,20,"Hello, thank you for shopping with us and sharing your 5-star experience! We are so glad you've been enjoying your experience so far. Customer satisfaction is of the utmost importance and we are constantly working to improve our service quality. If you need any assistance, please message us through Temu.com or Temu app live chat. Best wishes, Temu team",2026-07-28T08:18:56.000Z
temu.com,id:6a67622a87b36086a8db7703,native_id,6a67622a87b36086a8db7703,1,false,1785167434,07/27/2026 15:50:34,wrong payment typed,"team, you actually used my debit card instead of the card that was on my file my debit card had been removed and still has been charged and I’m not able to get reimbursed. This is a terrible company to do business with.",Debra Palumbo,6a676225ff3db221ddc581a4,US,1,"Hello, thank you for reaching out to us. We are sorry for any inconvenience caused. Customer satisfaction is of the utmost importance and we are constantly working to improve our service quality. If you need further assistance, please message us through Temu.com or Temu app live chat. We appreciate you giving us another chance to serve you. Best wishes, Temu team",2026-07-28T03:22:17.000Z
temu.com,id:6a6754c526b052055bd92fc0,native_id,6a6754c526b052055bd92fc0,3,false,1785164005,07/27/2026 14:53:25,Sito fantastico fino Al 30 giugno ,"Sito fantastico fino Al 30 giugno , adesso penso che sia tutto finito , ormai con gli oneri che ci sono adesso perderà molto , di certo non vado io a pagare le spese doganali , ma per chi ci avete preso , sembra una truffa ,peccato !!!",Danil Ibrahimi,6a6754bfb06fbf5682f7c915,IT,1,"Ciao, grazie per averci contattato. A Temu diamo molta importanza nel fornire la massima  trasparenza sui costi. Oltre al prezzo dell'articolo, potrebbero essere applicati costi aggiuntivi in conformità con le normative o con i requisiti di legge locali, come tasse, dazi o altre commissioni obbligatorie. Tutti gli importi previsti sono chiaramente indicati prima di effettuare l’acquisto e possono essere riveduti nell'email di conferma dell'ordine o sulla ricevuta. Per qualsiasi domanda sull'importo dell'ordine, non esitare a contattarci tramite temu.com o via chat nell'app Temu, specificando i dettagli del tuo ordine. Il nostro team effettuerà le dovute verifiche e sarà felice di fornirti tutto il supporto necessario. A presto, Il Team di Temu.",2026-07-28T03:22:27.000Z
temu.com,id:6a6753762fcc17cb78dcb4ed,native_id,6a6753762fcc17cb78dcb4ed,5,false,1785163670,07/27/2026 14:47:50,My favorite shop,My favorite shop! Dear Temu - please return back to Revolut Points program! I earned so much miles with you and it motivated me to purchase more and more through Temu!,Petr Plenkov,5c915cd756e11170a6ccfad3,NL,8,"Hello, thank you for shopping with us and sharing your 5-star experience! We are so glad you've been enjoying your experience so far. Customer satisfaction is of the utmost importance and we are constantly working to improve our service quality. If you need any assistance, please message us through Temu.com or Temu app live chat. Best wishes, Temu team",2026-07-28T08:19:03.000Z
temu.com,id:6a6751bc45348cfec27f773c,native_id,6a6751bc45348cfec27f773c,2,false,1785163228,07/27/2026 14:40:28,Mi dispiace dover cambiare opinione…,"Mi dispiace dover cambiare opinione dato che mi dino sempre trovata bene ma.da quando vengono applicati i dazi di 3 euro a pezzo hanno aumentato ancora la cifra parlando di iva cosa che non corrisponde al vero
Quindi i clienti oltre ai dazi si trovano le creste di Temu
Così non va proprio ",mc volpara,58c4f3330000ff000a80a3c0,IT,37,"Ciao, grazie per averci contattato. A Temu diamo molta importanza nel fornire la massima  trasparenza sui costi. Oltre al prezzo dell'articolo, potrebbero essere applicati costi aggiuntivi in conformità con le normative o con i requisiti di legge locali, come tasse, dazi o altre commissioni obbligatorie. Tutti gli importi previsti sono chiaramente indicati prima di effettuare l’acquisto e possono essere riveduti nell'email di conferma dell'ordine o sulla ricevuta. Per qualsiasi domanda sull'importo dell'ordine, non esitare a contattarci tramite temu.com o via chat nell'app Temu, specificando i dettagli del tuo ordine. Il nostro team effettuerà le dovute verifiche e sarà felice di fornirti tutto il supporto necessario. A presto, Il Team di Temu.",2026-07-28T03:23:35.000Z
temu.com,id:6a674f50015852382fc6a7b1,native_id,6a674f50015852382fc6a7b1,5,false,1785162608,07/27/2026 14:30:08,Ich bestelle schon lange und …,"Ich bestelle schon lange und  oft.....hatte wirklich noch NIE Probleme,  habe ich hier auch schon oft geschrieben....
Natürlich sind die Zollgebühren nicht schön, hat aber Temu nicht "" erfunden  "" .....ich kam bisher auch mit jeder Reklamation zurecht und habe mein Geld  immer zurück bekommen, es ist noch kein Paket verschwunden, oder es wurde mir ein falscher Betrag abgebucht ! Und der Endbetrag steht VOR dem bezahlen, also brauche ich nicht überrascht sein, mal darüber nachdenken !
Bei manchen Bewertungen finde ich auch : der Ton macht die Musik, unterste Schublade ! 


",Adelheid Wenk,5abcc6ad4de5666d3401889a,DE,12,"Hallo, vielen Dank, dass Sie bei uns eingekauft und Ihre 5-Sterne-Erfahrung geteilt haben! Es ist uns eine Freude, Ihnen zu helfen, und wir hoffen, dass wir unseren Kunden weiterhin das beste Einkaufserlebnis auf Temu bieten können. Wenn Sie Hilfe benötigen, senden Sie uns bitte eine Nachricht auf Temu.com oder über den Temu-App Live-Chat. Viele Grüße, Temu-Team",2026-07-28T08:19:24.000Z
temu.com,id:6a674f17a5f89591b05b9410,native_id,6a674f17a5f89591b05b9410,1,false,1785162551,07/27/2026 14:29:11,LADRI!,"LADRI!! fatte attenzione
ho fatto reso per l'ordine PO-098-07096557175672212
 il reso consegnato al locker inpost, ma non si aggiorna nei loro sistemi!!! INVENTANO SCUSE COME RICEVITA E FOTO CONSEGNA !! non vogliono rimborsare!!!",vc,6a674d5dc2526c822a9cc4b2,IT,1,"Ciao, grazie per averci contattato. Ci scusiamo per gli eventuali disagi. La soddisfazione del cliente è di massima importanza per noi e lavoriamo costantemente per migliorare la qualità del nostro servizio. Faremo un follow-up su questa questione. Se hai bisogno di ulteriore assistenza, non esitare a mandarci un messaggio su Temu.com o utilizzare la live chat dell'app Temu tramite questo link: https://share.temu.com/NWGRVrrOSMA . Siamo grati per la continua fiducia riposta nei nostri servizi. A presto, Il Team Temu.",2026-07-28T03:29:40.000Z
temu.com,id:6a674e6cc7dcaa6e1adcab0b,native_id,6a674e6cc7dcaa6e1adcab0b,1,false,1785162380,07/27/2026 14:26:20,Je ne commande plus chez vous car des…,Je ne commande plus chez vous car des frais en plus alors que je commandais au moins une fois par semaine je suis très déçue ,Gillette Garde,6a674e66c2526c4ec29cc6d3,FR,1,"Bonjour et merci de nous avoir contactés. Chez Temu, nous tenons à toujours être transparents concernant les frais applicables. En plus du prix de l'article, certains frais peuvent s'appliquer conformément aux réglementations locales ou aux exigences en vigueur, tels que des taxes ou d'autres frais obligatoires. Tous les frais applicables sont clairement affichés avant le paiement et peuvent être consultés dans votre e-mail de confirmation de commande ainsi que sur votre reçu. Si vous avez des questions concernant le montant de votre commande, n'hésitez pas à nous contacter via Temu.com ou depuis le chat en direct sur l'application Temu en vous munissant des détails de votre commande. Nous vous aiderons à vérifier ces informations et serons ravis de vous apporter toute assistance complémentaire. Cordialement, l'équipe Temu",2026-07-28T03:29:51.000Z
temu.com,id:6a674e04eba20f263b0be459,native_id,6a674e04eba20f263b0be459,1,false,1785162276,07/27/2026 14:24:36,Très déçus des frais de douane il a…,Très déçus des frais de douane il a rien d autre à dire . Cela ne vaux plus la peine de commander. Adieux ,johann granata,66ed4a467705c3d5c7e8432d,FR,3,"Bonjour et merci de nous avoir contactés. Chez Temu, nous tenons à toujours être transparents concernant les frais applicables. En plus du prix de l'article, certains frais peuvent s'appliquer conformément aux réglementations locales ou aux exigences en vigueur, tels que des taxes ou d'autres frais obligatoires. Tous les frais applicables sont clairement affichés avant le paiement et peuvent être consultés dans votre e-mail de confirmation de commande ainsi que sur votre reçu. Si vous avez des questions concernant le montant de votre commande, n'hésitez pas à nous contacter via Temu.com ou depuis le chat en direct sur l'application Temu en vous munissant des détails de votre commande. Nous vous aiderons à vérifier ces informations et serons ravis de vous apporter toute assistance complémentaire. Cordialement, l'équipe Temu",2026-07-28T03:30:43.000Z
temu.com,id:6a673efe647d107413f501cd,native_id,6a673efe647d107413f501cd,1,false,1785158431,07/27/2026 13:20:31,TEMU ES UNA ESTAFA... ME HAN ROBADO 132 EUROS,"Después de seguir todas las instrucciones de Temu para devolver un producto, me han denegado el reembolso alegando que el paquete llegó incompleto. Yo entregué el paquete con todos los artículos solicitados y, en lugar de investigar qué ocurrió durante el transporte o en su logística, han preferido responsabilizar al cliente (A MI) sin aportar ninguna prueba.
Mi experiencia ha sido muy decepcionante. Si surge un problema con una devolución, parece que el cliente asume todas las consecuencias. Recomiendo NUNCA COMPRAR EN TEMU!!! TE VAN A ESTAFAR
",Felipe Tomasi,613f15d8a51ec7001242921f,ES,3,"Hola, gracias por ponerte en contacto con nosotros. Lamentamos cualquier inconveniente que hayas experimentado. La satisfacción del cliente es nuestra prioridad y trabajamos continuamente para mejorar nuestros servicios. Estaremos dando seguimiento a este asunto. Si necesitas más ayuda, por favor, envíanos un mensaje a través de Temu.com o utiliza el chat en vivo de la aplicación en este enlace: https://share.temu.com/NWGRVrrOSMA. Agradecemos que nos brindes otra oportunidad para servirte. Saludos, Equipo Temu",2026-07-28T03:30:52.000Z
temu.com,id:6a673d1d96d26344c38e6017,native_id,6a673d1d96d26344c38e6017,1,false,1785157949,07/27/2026 13:12:29,Ma soeur a acheté un parevent pour…,"Ma soeur a acheté un parevent pour barbecue. Il etait tellement tranchant que je me suis coupé le doigt et attéri aux urgences pour passer au bloc opératoire. Il y a des produits chez tému à eviter, pourtant je leur faisait confiance car je suis aussi client. Maintenant je ferai attention à ne pas acheter tout et n’importe quoi chez temu.",abas bendjebbour,6762dabdf56c0f8586226c8b,FR,4,"Bonjour, merci d'avoir pris le temps de nous faire part de vos commentaires. Nous vous présentons nos sincères excuses pour tout désagrément que cela aurait pu causer. Pour vous aider plus efficacement, veuillez remplir le formulaire de demande d'informations en indiquant, par exemple, votre numéro de commande (qui commence généralement par PO-xxx) ou l'adresse e-mail associée à votre compte Temu, afin que nous puissions faire suite à votre demande et vous apporter une assistance supplémentaire. Nous vous remercions pour votre compréhension et votre soutien. Si vous avez d'autres questions ou préoccupations, n'hésitez pas à nous contacter via Temu.com ou le chat en ligne de l'application Temu. Nous vous remercions de nous avoir accordé une nouvelle chance de vous servir. Nos meilleurs vœux, l'équipe Temu",2026-07-28T03:31:43.000Z
temu.com,id:6a6737fb434798e909e2b2d5,native_id,6a6737fb434798e909e2b2d5,1,false,1785156635,07/27/2026 12:50:35,Waited from 31st may for my parcel  the…,Waited from 31st may for my parcel  the parcel  came in July I have sent the parcel  back  over a wk ago now still waiting  for my refund  115.90 disgusting  service  won't be buying  anything  every again  everytime  you track or get intouch  with customer  service  its just a waste  of time avoid  buying  from temu i have messaged  them about 30 times and still got now where they have a nerve to offer  20% off my next order  😅 why wud I order when its took nearly  3 months  for this order and still not got a refund ,Louise Burrows,5e6667c21c7f4fc3584b229c,GB,12,"Hello, thank you for reaching out to us. We are sorry for any inconvenience caused. Customer satisfaction is of the utmost importance and we are constantly working to improve our service quality. We will follow up on this matter. If you need further assistance, please message us through Temu.com or Temu app live chat. We appreciate you giving us another chance to serve you. Best wishes, Temu team",2026-07-28T03:31:56.000Z
temu.com,id:6a67368ac56861535f9d5d6a,native_id,6a67368ac56861535f9d5d6a,1,false,1785156266,07/27/2026 12:44:26,Temu = thieves.,"Temu = thieves.
Fail to deliver some packages, they dont even take a second to really providence proof of delivery with signature. All they do is to steal your money. Dont order. Poor customer service, they mention a name but pretty sure its all based on AI.",Théo Hakm,596c7a840000ff000ab01e53,FR,3,"Hello, thank you for reaching out to us. We are sorry for any inconvenience caused. Customer satisfaction is of the utmost importance and we are constantly working to improve our service quality. We will follow up on this matter. If you need further assistance, please message us through Temu.com or Temu app live chat. We appreciate you giving us another chance to serve you. Best wishes, Temu team",2026-07-28T03:32:11.000Z
temu.com,id:6a67312d29d779b66a49ec0d,native_id,6a67312d29d779b66a49ec0d,1,false,1785154893,07/27/2026 12:21:33,De la grosse Daube !,De la grosse Daube ! ,Samy A,633869fc345fab0014c4f726,FR,1,"Bonjour, nous apprécions grandement vos commentaires et sommes heureux de répondre à vos questions ou préoccupations. Temu est une entreprise d’e-commerce qui met en relation les consommateurs avec un réseau de partenaires commerciaux, de fabricants et de marques, avec pour mission de leur donner les moyens de vivre leur vie au mieux. La satisfaction du client est de la plus haute importance et nous travaillons constamment à l'amélioration de la qualité de notre service. Si vous avez d'autres questions ou préoccupations, veuillez nous envoyer un message sur notre chat en direct Temu.com ou Temu app. Meilleurs vœux, l'équipe Temu",2026-07-28T03:32:22.000Z
temu.com,id:6a6725cf66f6022f1d223575,native_id,6a6725cf66f6022f1d223575,1,false,1785151983,07/27/2026 11:33:03,As I said in my previous review a 1 is…,"As I said in my previous review a 1 is generous. 
I week later and their chat line is a joke. Keep repeating themselves with the same answer but don’t tell  you what the anomalies are. 
No phone line you can call, so really customer service is not a priority with this company.  I received a message from them which told me absolutely nothing so I am still no further forward or wiser to what the issue is. ",Norma,5396e2c00000640001787545,GB,127,"Hello, thank you for reaching out to us. We are sorry for any inconvenience caused. Customer satisfaction is of the utmost importance and we are constantly working to improve our service quality. We will follow up on this matter. If you need further assistance, please message us through Temu.com or Temu app live chat. We appreciate you giving us another chance to serve you. Best wishes, Temu team",2026-07-28T03:32:32.000Z
temu.com,id:6a67202d1bcf6e51b46fa875,native_id,6a67202d1bcf6e51b46fa875,1,false,1785150541,07/27/2026 11:09:01,AVIS AU CLIENTS TRUSTPILOT NE POSER…,"AVIS AU CLIENTS TRUSTPILOT NE POSER PLUS D AVIS SUR TEMU MEME SI VOUS VOUS ETE FAIS ARNAQUER ¨PIGEONNER VOLER CA SERT A RIEN CAR TRUSPILOT VA RECEVOIR UNE RECLAMATION DE TEMU INTERATIONAL POUR LEUR DIRE QUE CES EUX LES VICTIME DE VOS COMMENTAIRE ET QUE VOUS LEUR PORTER """"PREJUDICE """" DONC DE VICTIME VOUS DEVENER COUPABLE !! SI VOUS DEVAIS PARLER DE TEMU CES EN BIEN EXEMPLE SI VOUS ETE FAIS VOLER  ESCROQUER SUR TRUSPILOT FAUT EVIRE A PROPOS DE TEU """"CES DES ERREUR PAS LEUR FAUTE CA ARRIVE CES DES GENS BIEN """" VOILA CE QUE CES DANS UN MONDE ULTRACAPITALISTE MEME QUAND ON VOUS DONNE L ILLUSSION D ETRE DEFENDU CA A QUAND MEME UNE LIMITE AU DROIT NON REVER PAS PAS VOS DROIT A C+VOUS MAIS A CEUX DES MULTINATIONAL POINT ",lo,656f170238ecf40012b29021,FR,47,"Bonjour, nous vous remercions pour vos commentaires. Nous respectons rigoureusement les réglementations et les politiques des différentes plateformes d'évaluation. Si vous rencontrez des problèmes pertinents, veuillez consulter les directives d'évaluation de la plateforme à titre de référence. Si vous avez besoin d'une assistance supplémentaire concernant votre expérience avec Temu, veuillez nous envoyer un message via Temu.com ou le chat en direct de l'application Temu. Meilleurs vœux, l'équipe de Temu",2026-07-27T12:48:30.000Z
temu.com,id:6a671fabfd3d6e60516b3572,native_id,6a671fabfd3d6e60516b3572,1,false,1785150411,07/27/2026 11:06:51,Nicht zu empfehlen,"Nicht zu empfehlen, Finger weg.
Paket nicht erhalten, unnötige Verzögerung und hinhalten ohne Klärung des Sachverhaltes. Paketdienstleister behauptet geliefert zu haben. Ich bekomme weder Nachweis diesbezüglich noch irgend eine weitere Hilfe. Rückzahlung wird verweigert.

Lasst die Finger weg von solchen Unseriösen billig Anbieter.",Levent Kilic,5a97d5294de5666d3475ca81,DE,7,"Hallo, vielen Dank, dass Sie sich an uns gewandt haben. Die Zufriedenheit unserer Kunden ist für uns von größter Bedeutung, und wir sind ständig bestrebt, uns zu verbessern. Bitte senden Sie uns eine Nachricht über Temu.com oder den Temu-App-Live-Chat, damit unser Kundenservice Team Ihnen helfen kann, dies sofort zu überprüfen. Viele Grüße, Temu Team",2026-07-27T12:49:24.000Z
temu.com,id:6a671c71cb88319a735ffd75,native_id,6a671c71cb88319a735ffd75,1,false,1785149585,07/27/2026 10:53:05,Urgent Demand for Immediate Refund!,"Urgent Demand for Immediate Refund!

This level of irresponsibility and gross violation of consumer rights goes beyond all limits! This is by far the worst and most severe experience I have ever had on this platform.

The situation is as follows:

Deceptive Delivery Times: I placed the order on July 6. The website clearly stated that delivery in Georgia would take 2 working days, but in reality, the items were only delivered on July 12.

Damaged and Defective Goods: The items arrived completely damaged and stained.

Ignorance and Delays: Ever since July 12, I have continuously requested a refund, but instead of a resolution, I am met with confusion and stalling. Neither has a courier come to pick up the items, nor has my money been refunded.

I Demand:

An immediate, unconditional refund for both orders.

That you stop harassing me with courier calls and empty promises.

If this matter is not resolved in the shortest possible time, I will be forced to publicize this case on international consumer platforms and formally appeal to consumer protection organizations!",Ekaterinaisiani Isiani,6a671c5e7b418c99048f1db4,GE,1,"Hello, thank you for reaching out to us. We are sorry for any inconvenience caused. Customer satisfaction is very important to us, and we are continuously working to improve our service. Thank you for sharing the relevant information, and we have already escalated your issue with the relevant team for further follow-up. If you need any additional assistance, please feel free to message us through Temu.com or the Temu app live chat via this link: https://share.temu.com/NWGRVrrOSMA. We appreciate your patience and understanding. Best wishes, Temu Team",2026-07-27T12:52:38.000Z
temu.com,id:6a6718a38ec36b30aa080981,native_id,6a6718a38ec36b30aa080981,1,false,1785148611,07/27/2026 10:36:51,Return but don't receive refund ,I want to share my experience with temu I have returned my three combined returns in one parcel then I don't receive my refund because temu don't want to refund me when I ask them why they refuse to admit their any responsibility although I have provide them all the evidence related to my return like the courier chat the return receipt I receive from courier but they say they don't refund me so I come here to aware other temu is just a scam they take your money and then doesn't reply on for issues and refuse to admit their mistake they lost my parcels now they're making lame excuse to avoid refund I also attached there chat screenshot you can see ,Blue Pearls,6a671879b06fbf6417f7505d,PK,1,"Hello, thank you for reaching out to us. We are sorry for any inconvenience caused. Customer satisfaction is of the utmost importance and we are constantly working to improve our service quality. We will follow up on this matter. If you need further assistance, please message us through Temu.com or Temu app live chat. We appreciate you giving us another chance to serve you. Best wishes, Temu team",2026-07-27T12:46:05.000Z
temu.com,id:6a670402cd7638680ad445ab,native_id,6a670402cd7638680ad445ab,1,false,1785143330,07/27/2026 09:08:50," PO-014-15805518213750926 Deception, no guarantee of quality, misappropriation of goods from a warehouse, denial of evidence from the warehouse!","It's impossible to contact you via chat. Only robots respond. Open tickets are closed by agents who don't even understand what's going on! I'm specifically talking about a phone holder for a telescope. I'm tired of showing photos from the warehouse where the camera shows two items, but they refund only one. But in the ticket, the agent writes that after checking, I was only refunded for the item that arrived at the warehouse! What kind of verification? Why did you install a camera if, with camera data, you still claim the item is missing, even though the camera shows two items!!! I won't waste my energy anymore. I'll simply take this matter to court!
 PO-014-15805518213750926  I am writing this review out of utter frustration with this company's non-existent warranty and terrible customer support.
I ordered two phone holders for a telescope (one for myself and one as a gift). Since the quality was disappointing, I followed their instructions and returned the items — in the exact same condition I received them. However, the warehouse only refunded me for ONE item instead of two!
What makes this even worse is that the warehouse’s own photos and video proof clearly show BOTH items present in my returned package. Despite this obvious evidence, support has been dragging their feet for over two weeks, sending me automated template responses claiming they are ""waiting for a reply from the warehouse.""
It is no surprise that countries everywhere are fining your company and people are boycotting you due to an endless flood of complaints. You advertise warranties and protection, but in reality, you violate customer rights and withhold money that isn't yours. Take real measures to fix your business operations or just close your shop down entirely!
I demand an immediate refund for my second item. I refuse to ever order from this platform again. Stop sending useless templates and give me my money back!",Mata Mamedova,6a65e5bfff3db24adbc3e14f,AZ,1,"Hello, thank you for reaching out to us. We are sorry for any inconvenience caused. Customer satisfaction is very important to us, and we are continuously working to improve our service. Thank you for sharing the relevant information, and we have already escalated your issue with the relevant team for further follow-up. If you need any additional assistance, please feel free to message us through Temu.com or the Temu app live chat via this link: https://share.temu.com/NWGRVrrOSMA. We appreciate your patience and understanding. Best wishes, Temu Team",2026-07-27T12:50:20.000Z
temu.com,id:6a66fa9108228bfc5279f7d3,native_id,6a66fa9108228bfc5279f7d3,0,false,1785140913,07/27/2026 08:28:33,Praesent nec erat convallis,"Lorem ipsum dolor sit amet, consectetur adipiscing elit.",Jean-Luc,5062ceda000064000122860a,FR,8,"Bonjour, nous apprécions grandement vos commentaires et sommes heureux de répondre à vos questions ou préoccupations. La satisfaction du client est de la plus haute importance et nous travaillons constamment à l'amélioration de la qualité de notre service. Si vous avez d'autres questions ou préoccupations, veuillez nous envoyer un message sur notre chat en direct Temu.com ou Temu app. Meilleurs vœux, l'équipe Temu",2026-07-27T12:53:34.000Z
temu.com,id:6a66f435f84d1445d9887b71,native_id,6a66f435f84d1445d9887b71,1,false,1785139285,07/27/2026 08:01:25,The temu app ,"The temu app with all of their ""promotions"" is a scam. I played along to find out if they would follow through with their offers just to be constantly baited to keep purchasing. As far as I'm concerned I'll be taking my business elsewhere. The only regret i have is I wish I could give Temu less than 1 star. ",David Staats,6a66f2e3c2526cd2cb9c2734,US,1,"Hello, thank you for participating in our promotional activities and we are sorry that you are experiencing difficulties. Customer satisfaction is of the utmost importance and we are constantly working to improve our service quality. Please contact us again through Temu.com or Temu app live chat so we can help you investigate right away. Best wishes, Temu team",2026-07-27T12:00:08.000Z
temu.com,id:6a66e9aaf08950a62ed11c52,native_id,6a66e9aaf08950a62ed11c52,1,false,1785136586,07/27/2026 07:16:26,I bought a flip phone online,I bought a flip phone online. And it's supposed to be a real phone I have all the screenshots and conversations. It has 4 sim card slots and is plastic they promised me a full refund I have the screenshots and now they don't no anything we're reviewing it. The phone is plastic doesn't work in America I was scammed and still don't have my money,Tator Tignor,6a66e99e236e3d4e78e5cc59,US,1,"Hello, thank you for reaching out to us. We are sorry for any inconvenience caused. Customer satisfaction is of the utmost importance and we are constantly working to improve our service quality. We will follow up on this matter. If you need further assistance, please message us through Temu.com or Temu app live chat. We appreciate you giving us another chance to serve you. Best wishes, Temu team",2026-07-27T12:01:19.000Z
temu.com,id:6a66e09f5b8027b185ca2b3a,native_id,6a66e09f5b8027b185ca2b3a,1,false,1785134271,07/27/2026 06:37:51,Scammers,"

Every time you open the Temu app, it displays flashy graphics claiming you’ve received money back that you can use to buy whatever you want within minutes. In my experience, those offers are misleading. As soon as you click on an item to check the offer and see the final price, the app charges your PayPal account for the full amount instead of applying the advertised credit. This has happened to me multiple times, forcing me to waste time canceling orders and contacting PayPal for refunds. I found the experience very deceptive and frustrating.
Look at their response in the bottom. They just threw few words like nothing happened. The reality they must have done this with thousands may be millions times. There are some old people who don’t have the patience to get their money back and they found their credit cards charged for a product they did not ment to buy. You guys should be band here in the USA.",Al Gabsi,6a66e0967b418cbd028ed829,US,1,"Hello, thank you for reaching out to us. We are sorry for any inconvenience caused. Customer satisfaction is of the utmost importance and we are constantly working to improve our service quality. We will follow up on this matter. If you need further assistance, please message us through Temu.com or Temu app live chat. We appreciate you giving us another chance to serve you. Best wishes, Temu team",2026-07-27T12:02:57.000Z
temu.com,id:6a66d8cc5985929332d541c0,native_id,6a66d8cc5985929332d541c0,1,false,1785132268,07/27/2026 06:04:28,MEH!,"Overall, frustrating!!! Mostly click bait and lies to suck you in. Some stuff is OK mostly cheap crap. The longer your a customer the more your taken advantage of. Like it but I hate it ",Brad Beard,6a66d8bf236e3dad8ae5c54a,AU,1,"Hello, thank you for shopping on Temu! Your feedback is extremely valuable to us and we are sorry that you are not satisfied with some of your items. We implement strict policies and control measures to ensure product quality and accurate product descriptions. Temu's Purchase Protection program offers full refunds if your items do not arrive, arrive damaged, or do not match the description or photos (https://www.temu.com/temu-purchase-protection.html). To apply for a refund, login to the Temu app or Temu.com with the account used for your order, open the ""Your orders"" page, and click ""Return/Refund."" For detailed return instructions, please visit https://www.temu.com/return-and-refund-policy.html. You can choose to receive your refund back to your original payment method or as Temu credits. Temu credits will appear in your Temu credit balance within 3 minutes and can be used immediately. If you choose to receive your refund back to your original payment method, please allow 5-14 business days for it to appear since timing depends on your financial institution. If you need further assistance, please message us through Temu.com or Temu app live chat. Best wishes, Temu team",2026-07-27T12:04:06.000Z
temu.com,id:6a66c9dabe52c2a1fa71baf1,native_id,6a66c9dabe52c2a1fa71baf1,5,false,1785128442,07/27/2026 05:00:42,irgendetwas machen die Leute falsch,"wenn ich hier lese ,daß es nur Probleme mit Temu gibt , kann ich nur fragen .....was machen die falsch . Seit langer Zeit ist bekannt das ab Juli Mehrkosten anfallen ( aus China ) . Es gibt doch auch lokale Lager auf der Seite .  Zumal die günstiger und sehr schnell sind . Ich bestelle schon seit 3 Jahren ohne Probleme ",Regina,5ff3bcca1c85c300199a7132,DE,50,"Hallo, vielen Dank, dass Sie bei uns eingekauft und Ihre 5-Sterne-Erfahrung geteilt haben! Es ist uns eine Freude, Ihnen zu helfen, und wir hoffen, dass wir unseren Kunden weiterhin das beste Einkaufserlebnis auf Temu bieten können. Wenn Sie Hilfe benötigen, senden Sie uns bitte eine Nachricht auf Temu.com oder über den Temu-App Live-Chat. Viele Grüße, Temu-Team",2026-07-27T07:12:18.000Z
temu.com,id:6a66c87903921d09ca2b0dd5,native_id,6a66c87903921d09ca2b0dd5,1,false,1785128089,07/27/2026 04:54:49,Temu estafadores,"Al final después de muchas reclamaciones solo saben decir revisamos pedido y fue empaquetado y recibido no corresponde rembolso
El pedido llegó pero faltaron 6 de los 8 artículos no se si quedo en aduana o se perdió por el camino lo que se es que yo no recibí lo que pedí y perdí mi dinero son unos estafadores",Javier Gallardo Gonzalo,6a5385fb15b72e624dfde44e,ES,2,"Hola, gracias por ponerte en contacto con nosotros. Lamentamos cualquier inconveniente que hayas experimentado. La satisfacción del cliente es nuestra prioridad y trabajamos continuamente para mejorar nuestros servicios. Estaremos dando seguimiento a este asunto. Si necesitas más ayuda, por favor, envíanos un mensaje a través de Temu.com o utiliza el chat en vivo de la aplicación en este enlace: https://share.temu.com/NWGRVrrOSMA. Agradecemos que nos brindes otra oportunidad para servirte. Saludos, Equipo Temu",2026-07-27T12:04:17.000Z
temu.com,id:6a6698bdcbdb6fe7a2d8736e,native_id,6a6698bdcbdb6fe7a2d8736e,2,false,1785115869,07/27/2026 01:31:09,Their AI chatbot lies and tries to tell you it is a real person,"Their AI chatbot lies and tries to convince you that it is a real person by telling you that it is ""a consumer"" itself. Under UK consumer law it is illegal to mislead consumers and there are several similar laws in other countries that temu is blatantly and purposefully breaking by programming its chatbot to try to trick people into thinking it is a person. Someone who doesn't know as much about AI could easily fall for it which, again, is illegal.",Silas Rhodes,685923768a537535f677a8d2,GB,9,"Hello, thank you for reaching out to us. We are sorry for any inconvenience caused. Customer satisfaction is of the utmost importance and we are constantly working to improve our service quality. If you need further assistance, please message us through Temu.com or Temu app live chat by this link: https://share.temu.com/NWGRVrrOSMA. We appreciate you giving us another chance to serve you. Best wishes, Temu team",2026-07-27T08:58:35.000Z
temu.com,id:6a668090a979b3f1f2ee47bf,native_id,6a668090a979b3f1f2ee47bf,1,false,1785109680,07/26/2026 23:48:00,Abbuchung vom Konto obwohl keine Bestellung gemacht wurde!,"Vorsicht! Temu betrügt!

Mir wurden 101 Euro von Temu abgebucht und so wie es aussieht kriege ich die nicht wieder. Ich hatte nichts bestellt und bei Temu sagt man nur ich soll mich an PayPal wenden. Kundenservice ist inakzeptabel. 
",Marcel Döhrmann,669b5b3bb9128a679e31728c,DE,7,"Hallo, vielen Dank, dass Sie uns kontaktieren, und wir bedauern Ihre Erfahrungen. Möglicherweise sind Sie Opfer eines Betrugs oder eines unbefugten Zugriffs auf Ihr Konto geworden. Wir empfehlen Ihnen dringend, Sie sich sofort mit dem Unternehmen oder der Bank in Verbindung zu setzen und sofort die örtliche Polizeibehörde zu informieren, das/die die Kredit- oder Debitkarte ausgestellt hat. Sie müssen sich darüber informieren, dass Sie betrügerische Abbuchungen haben und sie bitten, die Transaktionen für Sie rückgängig zu machen. Wir werden unser Bestes tun, um Sie zu unterstützen und mit der Bank zu kooperieren. Bitte habe Verständnis dafür, dass wir auch ein Opfer sind, nicht der Täter. Wenn Sie weitere Hilfe zu Ihren Erfahrungen mit Temu benötigen, senden Sie uns bitte eine Nachricht über Temu.com oder den Live-Chat der Temu-App. Mit freundlichen Grüßen, Ihr Temu-Team",2026-07-27T08:48:33.000Z
temu.com,id:6a667c00e7eae45c88ba78ce,native_id,6a667c00e7eae45c88ba78ce,1,false,1785108512,07/26/2026 23:28:32,Extremely disappointed they claim to…,Extremely disappointed they claim to deliver the products in 4 days or 2days and when you receive the products it will take 14 days. Absolute rubbish a bunch of thieves and liars this people cant really be trusted to shop again. ,Francesko,6a4fdec515b72e8d4ffa2188,GB,3,"Hello, thank you for shopping with us and we are sorry you are experiencing difficulties with your recent orders. We work with reliable logistics partners to ensure that your order is delivered reliably and efficiently. Most packages arrive between 7-13 business days. You can track your shipping status and see your expected delivery date directly in the Temu app or on Temu.com. If the tracking status is not updated for 15 days, you can request a full refund and keep your items when they arrive. If your order arrives later than the estimated delivery date, you will receive Temu credits as a sign of appreciation for your patience. Finally, if your items do not arrive, arrive damaged, or do not match the description or photos, you will be offered a full refund under Temu's Purchase Protection program (https://www.temu.com/temu-purchase-protection.html). Customer satisfaction is of the utmost importance and we are constantly working to improve our service quality.",2026-07-27T08:51:46.000Z
temu.com,id:6a6676d2b9a28665fa90b5bb,native_id,6a6676d2b9a28665fa90b5bb,1,false,1785107186,07/26/2026 23:06:26,REBATE SCAM ,REBATE or reimbursement offer.  Beware of emails that offer rebates or reimbursement after a purchase.  Their system will automatically charge items that you add to your cart if you enter through the rebate email or site. CAUTION. ALERT. They bill and ship when added to the cart without any other approval.  Just don't shop at TEMU,joann KLING,6a6676c8b06fbf4a88f6dbf0,US,1,"Hello, thank you for reaching out to us. We are sorry for any inconvenience caused. Your case is out of the norm. Customer satisfaction is of the utmost importance and we are constantly working to improve our service quality. If you need further assistance, please message us through Temu.com or Temu app live chat. We appreciate you giving us another chance to serve you. Best wishes, Temu Team",2026-07-27T09:28:36.000Z
temu.com,id:6a6674bddfcd97b6e53f4e76,native_id,6a6674bddfcd97b6e53f4e76,1,false,1785106653,07/26/2026 22:57:33,Ich bestelle seit über zwei Jahren bei…,Ich bestelle seit über zwei Jahren bei temu regelmäßig aber was die jetzt machen das sie noch Gebühren auf die Bestellung umlegen eine absolute Frechheit meine Bestellung hat eigentlich 60€ mit den   ich beim Bezahlvorgang plötzlich bei einer Summe von 88€  versteckte Importgebühren und das auch noch pro Artikel das ist abzocke denn bei der Produktauswahl wird man informiert  ob es so rechts ist bezweifle ich werde dort nicht mehr bestellen und werde die App löschen für mich klare ABOCKE ,A.L.,5f2fbb71a2b0e221a1bfa105,DE,5,"Hallo, vielen Dank für deine Nachricht. Bei Temu sind wir stets transparent in Bezug auf alle anfallenden Gebühren. Zusätzlich zum Artikelpreis können gemäß lokalen Vorschriften oder geltenden Bestimmungen bestimmte Abgaben anfallen, wie etwa Steuern oder andere verpflichtende Gebühren. Alle anfallenden Beträge werden vor der Zahlung klar angezeigt und können in der Bestellbestätigung per E-Mail oder auf der Quittung eingesehen werden. Solltest du Fragen zum Bestellbetrag haben, melde dich gerne mit deinen Bestelldetails über Temu.com oder den Live-Chat der Temu-App bei uns. Wir helfen dir gerne bei der Überprüfung und unterstützen dich selbstverständlich auch bei weiteren Fragen. Viele Grüße, Temu-Team",2026-07-27T09:01:54.000Z
temu.com,id:6a6668fafdf777958f3673c9,native_id,6a6668fafdf777958f3673c9,1,false,1785103642,07/26/2026 22:07:22,Never Again,"I used to enjoy shopping with Temu, but this experience has completely changed my opinion of the company.

My package was delayed, and after my delivery address was corrected, I was assured that my order would be delivered. Instead, I spent days trying to get answers from GOFO Carrier and was repeatedly ignored. There were no meaningful updates, no accountability, and no way to get a straight answer about where my package was.

When I contacted Temu, I received polite but generic responses saying they had “escalated” the issue. An apology without a solution is not customer service. The companies Temu chooses to deliver its orders represent the Temu brand, and GOFO’s complete lack of communication reflects very poorly on the company.

Customers shouldn’t have to chase a carrier for days just to get basic information about an order. After this experience, I no longer trust Temu with my purchases and will be taking my business elsewhere. 

Response to Temu’s Response: Thank you for your response, but this is now the third time I have been told my issue has been
""escalated,"" and absolutely nothing has changed.
I have received the same generic response repeatedly while my actual problem has gone unresolved.
Simply stating that the matter has been escalated is not a resolution. My package was mishandled, I was ignored for days, and despite multiple assurances that someone would follow up, no one has taken meaningful action.
This experience has shown a serious lack of accountability from both Temu and the carrier handling my order. Customers deserve more than automated apologies and repeated promises that lead nowhere.
Unless this issue is actually resolved instead of being ""escalated"" yet again, my review will remain as an accurate reflection of my experience. I will also continue sharing my experience on other review platforms so that other customers are aware of how this situation was handled.
I expect action—not another copy-and-paste response.


",Alissa Buononato,6a6668f2c2526ce9799bdab7,US,2,"Hello, thank you for reaching out to us. We are sorry for any inconvenience caused. Customer satisfaction is very important to us, and we are continuously working to improve our service. Thank you for sharing the relevant information, and we have already escalated your issue with the relevant team for further follow-up. If you need any additional assistance, please feel free to message us through Temu.com or the Temu app live chat via this link: https://share.temu.com/NWGRVrrOSMA. We appreciate your patience and understanding. Best wishes, Temu Team",2026-07-27T09:23:02.000Z
temu.com,id:6a666112a9f399ab801856e5,native_id,6a666112a9f399ab801856e5,5,false,1785101618,07/26/2026 21:33:38,Great items,Great items quality can be iffy but around good for the price ,Caolàn Cumiskey,6a665fc57b418c26768e8b7c,IE,1,"Hello, thank you for shopping with us and sharing your 5-star experience! We are happy that you are pleased with your items. Your feedback is extremely valuable to us as we constantly strive to improve our service quality. If you need any assistance, please don't hesitate to message us through Temu.com or Temu app live chat. Best wishes, Temu team",2026-07-27T07:11:35.000Z
temu.com,id:6a6657250b45bd2b77bea931,native_id,6a6657250b45bd2b77bea931,1,false,1785099077,07/26/2026 20:51:17,Jeans,Most horrible pair of jeans I ever bought.   Has no zipper which I figured would be an automatic and the piece they put in the waist is just unreal - had to cut it out the day after I got them.   Just unreal - horrible,Rosalie,581c01040000ff000a53f60f,CA,9,"Hello, thank you for shopping on Temu! Your feedback is extremely valuable to us and we are sorry that you are not satisfied with some of your items. We implement strict policies and control measures to ensure product quality and accurate product descriptions. Temu's Purchase Protection program offers full refunds if your items do not arrive, arrive damaged, or do not match the description or photos (https://www.temu.com/temu-purchase-protection.html). To apply for a refund, login to the Temu app or Temu.com with the account used for your order, open the ""Your orders"" page, and click ""Return/Refund."" For detailed return instructions, please visit https://www.temu.com/return-and-refund-policy.html. You can choose to receive your refund back to your original payment method or as Temu credits. Temu credits will appear in your Temu credit balance within 3 minutes and can be used immediately. If you choose to receive your refund back to your original payment method, please allow 5-14 business days for it to appear since timing depends on your financial institution. If you need further assistance, please message us through Temu.com or Temu app live chat. Best wishes, Temu team",2026-07-27T09:18:04.000Z
temu.com,id:6a66547674d4715ade46e112,native_id,6a66547674d4715ade46e112,5,false,1785098390,07/26/2026 20:39:50,Bei Temu kein Risiko wie bei eBay,Bei Temu kein Risiko wie bei eBay. Ein Problem wird immer umgehend geklärt. Wir kaufen schon mehrere Jahre bei Temu. Es war auch schonmal Schrott dabei. Aber kein Problem innerhalb von 5 Tagen Geld zurück. Absolute Empfehlung,Manfred,664ca70dd4bc530f6894658d,DE,23,"Hallo, vielen Dank, dass Sie bei uns eingekauft und Ihre 5-Sterne-Erfahrung geteilt haben! Es ist uns eine Freude, Ihnen zu helfen, und wir hoffen, dass wir unseren Kunden weiterhin das beste Einkaufserlebnis auf Temu bieten können. Wenn Sie Hilfe benötigen, senden Sie uns bitte eine Nachricht auf Temu.com oder über den Temu-App Live-Chat. Viele Grüße, Temu-Team",2026-07-27T07:11:14.000Z
temu.com,id:6a6652e7eecb76bb4e9c406d,native_id,6a6652e7eecb76bb4e9c406d,2,false,1785097991,07/26/2026 20:33:11,You never r know what you get with…,"You never r know what you get with temu. 
The clothes oftentimes dont look like on the picture and they are mostly made of polyester which looks super cheap and doesn't feel good on the skin. Clothes usually dont last long,quality is low and now they even make you pay for import charges which is something around half the price or more extra what you have to pay for clothes. It's not worth it. 

I ordered several times because I got shopping credit for the clothes that I didn't like or clothes that were to small.",Jacky Oo,609374009172e5001a54b777,US,2,"Hello, thank you for shopping on Temu! Your feedback is extremely valuable to us and we are sorry that you are not satisfied with some of your items. We implement strict policies and control measures to ensure product quality and accurate product descriptions. Temu's Purchase Protection program offers full refunds if your items do not arrive, arrive damaged, or do not match the description or photos (https://www.temu.com/temu-purchase-protection.html). To apply for a refund, login to the Temu app or Temu.com with the account used for your order, open the ""Your orders"" page, and click ""Return/Refund."" For detailed return instructions, please visit https://www.temu.com/return-and-refund-policy.html. You can choose to receive your refund back to your original payment method or as Temu credits. Temu credits will appear in your Temu credit balance within 3 minutes and can be used immediately. If you choose to receive your refund back to your original payment method, please allow 5-14 business days for it to appear since timing depends on your financial institution. Also, at Temu, we have always been transparent about any fees charged. In addition to the item price, certain charges may apply in accordance with local regulations or policy requirements, such as taxes or other mandatory fees. All applicable charges are clearly displayed before payment and can be reviewed in your order confirmation email or receipt. If you need further assistance, please message us through Temu.com or Temu app live chat. Best wishes, Temu team",2026-07-27T09:27:52.000Z
temu.com,id:6a66513b212a8461cde14d1c,native_id,6a66513b212a8461cde14d1c,1,false,1785097563,07/26/2026 20:26:03,"I would like to order from temu, but","I would like to order from temu, the games they play pisses me off, why can't I browse, see something I want and buy it.  It takes forever to look for something,  stopping the games. Pat",Patricia hoeflinger,6a66512aff3db21e31c450f8,US,1,"Hello, thank you for reaching out to us. We are sorry for any inconvenience caused. Customer satisfaction is of the utmost importance and we are constantly working to improve our service quality. If you need further assistance, please message us through Temu.com or Temu app live chat. We appreciate you giving us another chance to serve you. Best wishes, Temu team",2026-07-27T09:27:18.000Z
temu.com,id:6a664c9fbf23d08e09508152,native_id,6a664c9fbf23d08e09508152,1,false,1785096383,07/26/2026 20:06:23,Pessimi,"Ho effettuato il reso e ora non vogliono rimborsarmi. Mi parlano di un video del mio pacco ma non possono mostrarmelo.
Sono pessimi. Da denuncia.",Domenico Belsito,6a664c97c2526c03fb9bbf3e,IT,1,"Ciao, grazie per averci contattato. Ci scusiamo per gli eventuali disagi. La soddisfazione del cliente è di massima importanza per noi e lavoriamo costantemente per migliorare la qualità del nostro servizio. Se hai bisogno di ulteriore assistenza, non esitare a mandarci un messaggio su Temu.com o utilizzare la live chat dell'app Temu tramite questo link: https://share.temu.com/NWGRVrrOSMA . Siamo grati per la continua fiducia riposta nei nostri servizi. A presto, Il Team Temu.",2026-07-27T08:51:18.000Z
temu.com,id:6a664b14528354101df81a9e,native_id,6a664b14528354101df81a9e,3,false,1785095988,07/26/2026 19:59:48,"Man kann dort bestellen, muss man aber nicht.","Ich habe ca 10 mal bei Temu bestellt, die Ware ist meist einfacher als es online der Anschein hat. Entweder war das Produkt kleiner als erwartet oder von sehr einfacher Qualität. Ich sehe keine große Preisersparnis, Produkte die ich in Deutschland kaufe habe einen ähnlichen Preis.
Ich habe mich bei Temu wieder abgemeldet.",Michael Sieben,6a664b0e236e3d1b8ae565f8,DE,1,"Hallo, vielen Dank für Ihren Einkauf bei Temu! Ihr Feedback ist uns sehr wichtig und es tut uns leid, dass Sie mit einigen Ihrer Artikel nicht zufrieden sind. Wir wenden strenge Richtlinien und Kontrollmaßnahmen an, um die Produktqualität und genaue Produktbeschreibungen zu gewährleisten. Wenn Sie mit einem Artikel nicht zufrieden sind, können Sie innerhalb von 90 Tagen nach dem Kauf eine Rückerstattung beantragen. Das Temu-Kaufschutzprogramm bietet volle Rückerstattung, wenn Ihre Artikel nicht ankommen, beschädigt sind oder nicht der Beschreibung oder den Fotos entsprechen (https://www.temu.com/temu-purchase-protection.html). Die Zufriedenheit unserer Kunden ist uns sehr wichtig und wir arbeiten ständig daran, unsere Servicequalität zu verbessern. Wenn Sie weitere Hilfe benötigen, senden Sie uns bitte eine Nachricht über Temu.com. Wir wissen es zu schätzen, dass Sie uns eine weitere Chance geben, Ihnen zu helfen. Viele Grüße, Temu Team",2026-07-27T09:03:28.000Z
temu.com,id:6a66417afc1853e308f90634,native_id,6a66417afc1853e308f90634,1,false,1785093530,07/26/2026 19:18:50,​Z obchodu Temu mi dorazila zásilka…,"​Z obchodu Temu mi dorazila zásilka (objednávka č. PO-053-05166624174713029), ve které chybělo zaplacené zboží. Balík byl přitom při převzetí neporušený, takže k pochybení došlo přímo při balení na skladě.
​Zákaznickou podporu jsem opakovaně žádal/a o jednoduchou věc: porovnání hmotnosti balíku při expedici ze skladu s hmotností, kterou evidoval přepravce při převzetí. Tento rozdíl ve váze by neprůstřelně dokázal, že zboží nebylo do balíku vůbec vloženo.
​Podpora (i na úrovni supervize) mé žádosti o prověření váhy ignoruje, schovává se za obecné fráze o „firemní politice“ a tvrdí, že bylo vše v pořádku, aniž by předložila jakýkoliv konkrétní důkaz.
​Zboží bylo zaplaceno při doručení (dobírkou), ale část objednávky chybí a obchod odmítá situaci věcně řešit i vrátit peníze za nedodané položky. Tento přístup považuji za klamavý a záležitost předávám k řešení České obchodní inspekci",Jakub,6a570c8a7b418cf5c07cde52,CZ,2,"Dobrý den, děkujeme, že jste se na nás obrátili. Velice nás mrzí vzniklé komplikace. Ubezpečujeme vás, že jsme váš podnět předali k prověření příslušnému oddělení a náš tým už pracují na vyřešení problému. O průběhu vás budeme průběžně informovat a jakmile bude problém vyřešen, dáme vám ihned vědět. Děkujeme za vaši trpělivost a pochopení. Brzy se vám opět ozveme. S přáním hezkého dne, Tým Temu",2026-07-27T08:52:52.000Z
temu.com,id:6a663d6241fdb66f27a65839,native_id,6a663d6241fdb66f27a65839,1,false,1785092482,07/26/2026 19:01:22,Je vais publier mon avis chaque fois…,"Je vais publier mon avis chaque fois que vous le ferez censurer, je n'arrêterai jamais!
Temu est une entreprise malhonnête.
Remboursement des commandes inférieurs au prix payé parce qu'ils décident arbitrairement d'appliquer un coupon réduction sur les seuls articles que vous retournez pour gratter le max de sous.
Système de fidélité qui exige de multiples commandes coûteuses.
Frais d'importation exorbitants qui ne correspondent absolument pas à la loi européenne de 3€ par commande inférieure a 150€.
Chez temu c'est 3,60€ par article !!!!
Et en prime ? Ils censurent votre avis s'il est négatif.
Je reçois mes dernières commandes et je supprime mon compte définitivement !
Temu est une entreprise malhonnête !!",Chtulu Khtulu,69c5aca007ee8a556f03debb,FR,6,"Bonjour, merci d'avoir pris contact avec nous, et nous sommes désolés pour le désagrément que vous avez rencontré. Si vous n'êtes pas satisfait(e) des articles que vous avez reçus dans votre commande précédente, vous pouvez demander un remboursement dans les 90 jours suivant l'achat. Veuillez également garder à l'esprit que le montant du remboursement prend en compte les taxes de vente, les frais d'expédition, les coupons utilisés et les crédits. Vous pouvez trouver les détails sur les frais de retour dans notre application ou sur notre site web.  Chez Temu, nous tenons à toujours être transparents concernant les frais applicables. En plus du prix de l'article, certains frais peuvent s'appliquer conformément aux réglementations locales ou aux exigences en vigueur, tels que des taxes ou d'autres frais obligatoires. Tous les frais applicables sont clairement affichés avant le paiement et peuvent être consultés dans votre e-mail de confirmation de commande ainsi que sur votre reçu.  Nous respectons rigoureusement les réglementations et les politiques des différentes plateformes d'évaluation. Si vous rencontrez des problèmes pertinents, veuillez consulter les directives d'évaluation de la plateforme à titre de référence. Si vous avez besoin d'une assistance supplémentaire concernant votre expérience avec Temu, veuillez nous envoyer un message via Temu.com ou le chat en direct de l'application Temu. Meilleurs vœux, l'équipe de Temu",2026-07-27T08:50:33.000Z
temu.com,id:6a662598ce2bf7469745aa26,native_id,6a662598ce2bf7469745aa26,1,false,1785086392,07/26/2026 17:19:52,He devuelto dos paquetes con número de…,He devuelto dos paquetes con número de seguimiento a temu llegan a sus direcciones y su empresa no las recoge pasado un tiempo me han venido de vuelta (No quieren hacer el reembolso) me han hecho pagar gastos de devolución de paquete con número de seguimiento pero no las recogen son unos estafadores y sus mercancías totalmente falsa lo que se anuncian y lo que se envían.,NANCY SAMIEE,5f3cfd9dd023cfce5776ea29,ES,3,"Hola, gracias por comunicarte con nosotros. Lamentamos cualquier inconveniente causado y nos gustaría recalcar que tu caso es inusual dado que no es como normalmente operamos. La satisfacción de nuestros clientes es de suma importancia para nosotros y trabajamos constantemente para mejorar la calidad de nuestro servicio. Si necesitas más ayuda, no dudes en enviarnos un mensaje a través del chat de Temu.com o en la app de Temu. Nuestro equipo de atención al cliente investigará tu caso y te proporcionará una solución adecuada. Saludos, Equipo Temu",2026-07-27T08:49:39.000Z
temu.com,id:6a660fc33a5d4ea6ba05ef8c,native_id,6a660fc33a5d4ea6ba05ef8c,1,false,1785080803,07/26/2026 15:46:43,Forkert vare og ikke som vist ved…,"Forkert vare og ikke som vist ved bestilling. 
Har bestilt “strunts” (støddæmpere til motorhjelm)
Fik først leveret et sæt, som åbenlyst var forkert, idet støddæmpere var ca 58 cm. lange og burde ifølge beskrivelsen ved  køb være ca 37 cm., desuden var der en “fjederstang/monteringsskinne” med, som ikke var i beskrivelsen, og monteringssæt manglede. 
TEMU refundere købet, og jeg bestilte det samme igen, da beskrivelsen fortsat passede til min bil, så tænkte at det bare var en fejlforsendelse. 
Modtog så et nyt sæt, som var fuldstændig tilsvarende det første (forkerte) sæt, men denne gang var monteringssæt også med!
TEMU nægter nu at refunderer det nye/forkerte sæt - uden begrundelse!
TEMU har nu fjernet sættet fra deres hjemmeside, så de har nok fundet ud af, at leverandøren prøver at få afsat noget “forkert”
Det er overraskende at TEMU ikke erkender en åbenbart tilbagevendende fejl, og ikke engang prøver at løse opgaven. 
Jeg har nu to (næsten) komplette sæt til skrot😥
Ifølge ChatGPT så passer sættene måske til Ford/Toyota/MG, men ikke med sikkerhed. ",Brian Guldbaek,678b5b40c2153271f9c714dc,DK,9,"Hej, tak fordi du kontaktede os. Vi er kede af den ulejlighed, det har medført. Du kan være sikker på, at vi har videresendt din bekymring til den relevante afdeling for verifikation, og vores team arbejder allerede på at løse problemet. Vi holder dig opdateret om forløbet og informerer dig, så snart problemet er løst. Tak for din tålmodighed og forståelse. Vi vender snart tilbage til dig. De bedste ønsker, Temu-teamet",2026-07-27T08:56:30.000Z
temu.com,id:6a660a19d6abef355446a39f,native_id,6a660a19d6abef355446a39f,1,false,1785079353,07/26/2026 15:22:33,Temu uses the term credit or dollars nefariously,"Temu uses the term credit or dollars, which they NEVER DELIVER. They stated MULTIPLE TIMES, that I “won many jackpots” but never deliver. In order for me to collect I have to “purchase one more item”. The listing prices ARE NOT TRUTH. The sizes you see in the pictures are NOT WHAT THEY ARE IN THE PICTURE. I received damaged goods without replacement. The garden items are so small you cant see them in the garden unless I point them out! I have put such items in small plants.The “hanging planter metal rod” was bent with cheap made metal that could not support a bird house or plant. The “second rod” was less than three feet tall! This was very disappointing and the reason I pulled by credit card off and deleted the APP. They are borderline shady! ",NurseRyan,6a660a10c2526cd8aa9b7b22,US,1,"Hello, thank you for shopping on Temu! Your feedback is extremely valuable to us and we are sorry that you are not satisfied with some of your items. We implement strict policies and control measures to ensure product quality and accurate product descriptions. Temu's Purchase Protection program offers full refunds if your items do not arrive, arrive damaged, or do not match the description or photos (https://www.temu.com/temu-purchase-protection.html). To apply for a refund, login to the Temu app or Temu.com with the account used for your order, open the ""Your orders"" page, and click ""Return/Refund."" For detailed return instructions, please visit https://www.temu.com/return-and-refund-policy.html. And we are sorry that you are experiencing difficulties with your rewards. Customer satisfaction is of the utmost importance and we are constantly working to improve our service quality. Please contact us again through Temu.com or Temu app live chat so we can help you investigate right away. Best wishes, Temu team",2026-07-27T09:26:37.000Z
temu.com,id:6a66079d69ca606c2c49991c,native_id,6a66079d69ca606c2c49991c,1,false,1785078717,07/26/2026 15:11:57,Una stella perché non si può mettere…,Una stella perché non si può mettere meno,Camillo Cialoni,6a660794236e3d43f7e51fd6,IT,1,"Ciao, grazie per averci contattato. Temu è una società di e-commerce che mette in contatto i consumatori con una rete di partner commerciali, produttori e marchi con la missione di consentire ai consumatori di comprare quello che gli piace e migliorare la propria vita. La soddisfazione del cliente è di massima importanza per noi e lavoriamo costantemente per migliorare la qualità del nostro servizio. Se hai bisogno di ulteriore assistenza, non esitare a inviarci un messaggio su Temu.com o tramite la live chat dell'app Temu, siamo felici di rispondere a qualsiasi tua domanda. A presto, Il Team Temu.",2026-07-27T05:57:46.000Z
temu.com,id:6a660257b7f0cb5cf6664724,native_id,6a660257b7f0cb5cf6664724,1,false,1785077367,07/26/2026 14:49:27,Temu an outlet for scammers/ no quality control ,"I’ve had dealings with Temu as a customer for about two years. Initially I thought Temu, were not to blame, but their sellers. However over time I realised that Temu don’t quality control their sellers and the whole thing is a joint enterprise for scammers in which Temu facilitate.  Thus there are no incentives for their sellers not to scam sell. The incidents of incompetence are now too many to particularise. One example, I recently purchased an iPad from Temu, which couldn’t even be turned on. No lightening cable etc; as advertised. iPad couldn’t be examined for functionality and was returned within two hours of receipt. Yet Temu is delaying refund. ",Amir Sultan,6a6602157b418c97e08e2be1,GB,1,"Hello, thank you for reaching out to us. We are sorry for any inconvenience caused. Customer satisfaction is of the utmost importance and we are constantly working to improve our service quality. We will follow up on this matter. If you need further assistance, please message us through Temu.com or Temu app live chat. We appreciate you giving us another chance to serve you. Best wishes, Temu team",2026-07-27T05:59:06.000Z
temu.com,id:6a66018df0154b127fce2dbe,native_id,6a66018df0154b127fce2dbe,1,false,1785077165,07/26/2026 14:46:05,When I played the game and ordered…,When I played the game and ordered eight for free and when I got the package it was filled with things that I didn’t order. Very fraud. I will not buy anything from temu,Ginny Vance,6a52c9e6515c4d709c611575,US,2,"Hello, thank you for reaching out and we are sorry that you are experiencing difficulties with your order. If you received the wrong items, you may apply for a refund by messaging us through Temu.com or Temu app live chat. Simply type ""wrong item"" into the chat, select the item from your order that is wrong, and follow the directions on the screen to complete your refund application. You can choose to receive your refund back to your original payment method or as Temu credits. Temu credits will appear in your Temu credit balance within 3 minutes and can be used immediately. If you choose to receive your refund back to your original payment method, please allow 5-14 business days for it to appear since timing depends on your financial institution. If you need further assistance, please message us through Temu.com or Temu app live chat so we can help you. Best wishes, Temu team",2026-07-27T06:21:38.000Z
temu.com,id:6a65fc0ea9dffaf5e68e98a7,native_id,6a65fc0ea9dffaf5e68e98a7,1,false,1785075758,07/26/2026 14:22:38,Affreux,"Affreux, tu reçois des articles qui correspondent pas à ce que t’as acheté et on te demande de les retourner mais ils te remboursent pas, des voleurs ",Ayoub Rachid,685ae83518a3fcac42ecd066,FR,2,"Bonjour, merci d'avoir pris contact avec nous, et nous sommes désolés pour tout désagrément que cela a pu causer. La satisfaction du client est de la plus haute importance, et nous travaillons constamment à améliorer la qualité de notre service. Pourriez-vous s'il vous plaît nous contacter à nouveau via Temu.com ou le chat en direct de l'application Temu afin que nous puissions aider et enquêter immédiatement? Vous pouvez également visiter www.temu.com/support-center.html pour trouver plus de contacts du service client. Nous vous remercions de nous donner une autre chance de vous servir. Meilleurs vœux, l'équipe Temu",2026-07-27T06:21:59.000Z
temu.com,id:6a65f87554e0ad9ff91389cf,native_id,6a65f87554e0ad9ff91389cf,1,false,1785074837,07/26/2026 14:07:17,แพลตฟอร์มจีนนี้ ไม่น่าใช้งาน,"แพลตฟอร์มจีนนี้ ไม่น่าใช้งาน
ในตอนแรก บอกว่าได้รับโบนัส แต่พอจะสั่งซื้อจริงๆ ทำเหมือนสแกมเมอร์ ให้ซื้อเพิ่มขึ้นเรื่อยๆ ถึงจะได้ส่วนลด และเพื่อนๆก็บอกว่า ได้รับสินค้าไม่ตรงตามที่ระบุอยู่บ่อยๆ ",Master King,69d511b02c7036333f8e6779,TH,8,"Hello, thank you for participating in our promotional activities and we are sorry that you are experiencing difficulties with your rewards. Customer satisfaction is of the utmost importance and we are constantly working to improve our service quality. Please contact us again through Temu.com or Temu app live chat so we can help you investigate right away. Best wishes, Temu team",2026-07-27T06:22:10.000Z
temu.com,id:6a65f85af91d47aa1013c103,native_id,6a65f85af91d47aa1013c103,1,false,1785074810,07/26/2026 14:06:50,I ordered a pair of 1kg weights and…,"I ordered a pair of 1kg weights and when they arrived they were 8kg each,  I contacted Temu who arranged for them to be collected.  The day came and went and the courier did not arrive.  I then emailed Temu but it went to the wrong address.  I finally managed to get through to a customer service agent.  She kept on putting me on hold whilst she reviewed the order and finally came back saying there was no order of that number on her system.  She checked again and then put me on hold so she could speak to her supervisor,  I was then cut off.  Since then I have been unable to sort this out and they still have not been collected.  I have not recieved the promised refund and now Temu have emailed to say they will close the query.
I am sick, sorry and tired of trying to sort this out with a company who avoid customer contact and complaints.  They are happy to take the money and try and upsell but should an issue arise they run for the trees.  
I think some of the items they sell are brilliant and very good quality but they need a serious rethink on customer services  - first priority is to involve the customer and be available. ",JaneH,62ba6a3a03159e001266ceee,GB,19,"Hello, thank you for reaching out to us. We are sorry for any inconvenience caused. Customer satisfaction is of the utmost importance and we are constantly working to improve our service quality. We will follow up on this matter. If you need further assistance, please message us through Temu.com or Temu app live chat. We appreciate you giving us another chance to serve you. Best wishes, Temu team",2026-07-27T06:22:22.000Z
temu.com,id:6a65f6350afc1daffba72ffc,native_id,6a65f6350afc1daffba72ffc,1,false,1785074261,07/26/2026 13:57:41,Very Disappointed ,"Promised discount, tokens, credit and free gifts never given. Disceptive pictures and descriptions. Poor quality goods. Incomplete orders. Difficult to impossible to contact and no reply to complaints. I will waste no more time or money with this company. ",Dave Marler,65354888938dfd0012e85aba,GB,5,"Hello, thank you for reaching out to us. We are sorry for any inconvenience caused. Customer satisfaction is of the utmost importance and we are constantly working to improve our service quality. We will follow up on this matter. If you need further assistance, please message us through Temu.com or Temu app live chat. We appreciate you giving us another chance to serve you. Best wishes, Temu team",2026-07-27T06:22:40.000Z
temu.com,id:6a65ec81ad1de9eeab3920fa,native_id,6a65ec81ad1de9eeab3920fa,5,false,1785071777,07/26/2026 13:16:17,Kupiłem kilka rzeczy które doszły…,Kupiłem kilka rzeczy które doszły szybko i bez zniszczeń. Polecam,pafnucek,6a65ebb4b06fbf1280f64d18,PL,2,"Witaj, dziękujemy za zakupy u nas i podzielenie się swoim doświadczeniem na 5-gwiazdkowym doświadczeniem! Cieszymy się, że jesteś zadowolony z korzystania z Temu. Zadowolenie klienta jest dla nas najważniejsze i nieustannie pracujemy nad poprawą jakości naszych usług. Jeśli potrzebujesz pomocy, napisz do nas na Temu.com lub na czacie na żywo w aplikacji Temu. Pozdrawiamy, zespół Temu",2026-07-27T07:10:34.000Z
temu.com,id:6a65ea0dd1973dd34ddcd9ab,native_id,6a65ea0dd1973dd34ddcd9ab,1,false,1785071149,07/26/2026 13:05:49,Everything's wrong with it,"Everything's wrong with it. Instructions in tiny writing and in poor English. Every item not labeled in english  on its bag upon arrival. Rug I ordered had fold creases in it. Hats all in small sizes. Shoes etc hardly any mens shoes size 22+. Small plastic items unfit for job. Posters etc nothing like temu photo. Money off items or green items never appear and to frequent. Wrong colours sent. Items never arrive so make a list of what you've ordered. Items in photo are often tiny upon arrival. Including brackets,telescopes,keyboards etc. Too many photos all exactly the same. Packages torn. Posters crumpled.

",Jms,60c14a20a70255001b7e7bda,GB,55,"Hello, thank you for shopping on Temu! Your feedback is extremely valuable to us and we are sorry that you are not satisfied with some of your items. We implement strict policies and control measures to ensure product quality and accurate product descriptions. Temu's Purchase Protection program offers full refunds if your items do not arrive, arrive damaged, or do not match the description or photos (https://www.temu.com/temu-purchase-protection.html). To apply for a refund, login to the Temu app or Temu.com with the account used for your order, open the ""Your orders"" page, and click ""Return/Refund."" For detailed return instructions, please visit https://www.temu.com/return-and-refund-policy.html. You can choose to receive your refund back to your original payment method or as Temu credits. Temu credits will appear in your Temu credit balance within 3 minutes and can be used immediately. If you choose to receive your refund back to your original payment method, please allow 5-14 business days for it to appear since timing depends on your financial institution. If you need further assistance, please message us through Temu.com or Temu app live chat. Best wishes, Temu team",2026-07-27T06:23:05.000Z
temu.com,id:6a65e6e89114b6eb4a71fc02,native_id,6a65e6e89114b6eb4a71fc02,1,false,1785070344,07/26/2026 12:52:24,Don't use this crap Temu,"Don't use this crap Temu
💯 scam , this should be banned in Europe & let them scamming they own Chinese people. 
Nothing really works and when you are asking for refund they will give you a voucher which can't be use if don't spend again big money to order more crap, and Top of the Scam is the Voucher is valid for 3 days. WTF are the costumers protection in Europe doing???? 
Waste of money & I will never ever buying again ",Laurentiu Preda,5b6bed744de5666d34d6d9d9,GB,21,"Hello, thank you for reaching out to us. We are sorry for any inconvenience caused. Customer satisfaction is of the utmost importance and we are constantly working to improve our service quality. We will follow up on this matter. If you need further assistance, please message us through Temu.com or Temu app live chat. We appreciate you giving us another chance to serve you. Best wishes, Temu team",2026-07-27T06:25:32.000Z
temu.com,id:6a65e2d0af5a08f366165dc6,native_id,6a65e2d0af5a08f366165dc6,3,false,1785069296,07/26/2026 12:34:56,"Er stond bij mijn bestelling ""gratis verzending""","Er stond bij mijn bestelling ""gratis verzenden"". Ik heb voor 23 euro gekocht, moest toch 7 euro bij betalen. Ik kan nog niet zeggen of het 't waard is want ik moet het nog binnen krijgen.",O.Schreuder,5672adce0000ff0001f472b2,NL,12,"Hoi, bedankt voor je bericht. Onze excuses voor enig ongemak, jouw tevredenheid vinden we belangrijk en we werken voortdurend aan het verbeteren van onze dienstverlening. Deze kwestie zullen we ook opvolgen. Als je hulp nodig hebt kan je contact opnemen via Temu.com of via de app door deze link te gebruiken: https://share.temu.com/NWGRVrrOSMA. We waarderen het dat je ons nog een kans geeft om je van dienst te zijn. Vriendelijke groeten, Team Temu",2026-07-27T06:26:19.000Z
temu.com,id:6a65e2823b74be80f1479a0e,native_id,6a65e2823b74be80f1479a0e,1,false,1785069218,07/26/2026 12:33:38,Ahtung!!!,"Ahtung!!!
Sie berechnen nicht existierende Bestellungen!!!

Sehr enttäuschende Erfahrung – für mich wirkt das unseriös

Bei mir wird eine Forderung über 141,51 € verlangt, obwohl die angebliche Bestellung in meinem Temu-Konto überhaupt nicht vorhanden ist. Ich habe diese Bestellung nicht autorisiert und auch keine Ware erhalten.

Ich habe Temu mehrfach schriftlich und telefonisch kontaktiert und den Fall ausführlich erklärt. Trotzdem bekomme ich immer wieder nur allgemeine Standardantworten, die nicht auf mein konkretes Problem eingehen. Eine nachvollziehbare Bestellbestätigung, Lieferadresse, Sendungsnummer oder einen Zustellnachweis habe ich bis heute nicht erhalten.

Trotzdem wurde die Forderung offenbar an Klarna beziehungsweise an ein Inkassobüro weitergegeben. Für mich ist dieses Vorgehen absolut inakzeptabel und wirkt sehr unseriös.

Ich kann aufgrund meiner persönlichen Erfahrung nur dringend empfehlen, alle Bestellungen, Zahlungen und Nachrichten zu speichern und sehr vorsichtig zu sein. Solange dieser Fall nicht geklärt ist, werde ich bei Temu nicht mehr bestellen.",marina grgic,5bdb541a4de5666d342b7912,AT,7,"Hallo, vielen Dank, dass Sie sich an uns gewandt haben. Die Zufriedenheit unserer Kunden ist für uns von größter Bedeutung, und wir sind ständig bestrebt, uns zu verbessern. Bitte senden Sie uns eine Nachricht über Temu.com oder den Temu-App-Live-Chat, damit unser Kundenservice Team Ihnen helfen kann, dies sofort zu überprüfen. Viele Grüße, Temu Team",2026-07-27T06:26:54.000Z
temu.com,id:6a65e23ff89e6f0c80ad3a4b,native_id,6a65e23ff89e6f0c80ad3a4b,1,false,1785069151,07/26/2026 12:32:31,"If you want cheap,poor quality goods…","If you want cheap,poor quality goods that take forever to arrive, then you are in the right place ",Caroline Blick,6a65e228b06fbfe872f643d0,GB,1,"Hello, thank you for shopping on Temu! Your feedback is extremely valuable to us and we are sorry that you are not satisfied with some of your items. We implement strict policies and control measures to ensure product quality and accurate product descriptions. You can track your shipping status and see your expected delivery date directly in the Temu app or on Temu.com. Temu's Purchase Protection program offers full refunds if your items do not arrive, arrive damaged, or do not match the description or photos (https://www.temu.com/temu-purchase-protection.html). To apply for a refund, login to the Temu app or Temu.com with the account used for your order, open the ""Your orders"" page, and click ""Return/Refund."" For detailed return instructions, please visit https://www.temu.com/return-and-refund-policy.html. You can choose to receive your refund back to your original payment method or as Temu credits. Temu credits will appear in your Temu credit balance within 3 minutes and can be used immediately. If you choose to receive your refund back to your original payment method, please allow 5-14 business days for it to appear since timing depends on your financial institution. If you need further assistance, please message us through Temu.com or Temu app live chat. Best wishes, Temu team",2026-07-27T06:27:25.000Z
temu.com,id:6a65e03ee4c013d48d6c8780,native_id,6a65e03ee4c013d48d6c8780,1,false,1785068638,07/26/2026 12:23:58,Service client déplorable et mépris total des clients fidèles,"J’étais une cliente régulière de Temu, mais cette expérience intolérable met un terme définitif à ma confiance. Plusieurs jours avant la livraison, j’ai demandé l’annulation de ma commande à plusieurs reprises, captures d’écran à l’appui pour prouver ma bonne foi. Temu a totalement ignoré mes requêtes. Devant partir à l’étranger pour une longue durée, motif que j’avais clairement signalé, la commande a tout de même été expédiée. Le colis est marqué comme ""livré"", mais il est strictement introuvable. J’ai pourtant fait faire des recherches approfondies dans mon immeuble et auprès des voisins, preuves photographiques à l’appui : rien. Au lieu de traiter le problème avec sérieux, le service client m’a bombardée de réponses automatiques hors sujet, exigeant le retour d'un produit jamais reçu, avant de fermer unilatéralement mon ticket sans apporter la moindre solution. Privilégier des robots au détriment des faits et de la satisfaction client est inadmissible. C’était ma toute dernière commande chez vous, une plateforme à fuir absolument en cas de litige !

Mise à jour : 🚨🚨🚨🚨Votre réponse sur Trustpilot ne répond toujours pas au véritable problème. Vous me demandez de recontacter votre service client alors que j’ai déjà ouvert plusieurs tickets, parlé à plusieurs agents et fourni toutes les preuves, sans aucun résultat. J’ai même demandé à mon voisin de vérifier la boîte aux lettres, les parties communes et de contacter les voisins : aucun colis n’a été trouvé. Malgré cela, vous continuez à ignorer les faits et à répéter les mêmes réponses. Mon dossier est désormais entre les mains du Centre Européen des Consommateurs (CEC). J’attends toujours une solution concrète, pas une nouvelle invitation à recommencer les mêmes démarches.

PO-020-06873243045750921. ",Loubna,6a2c77f7a71de0580d88de98,BE,2,"Bonjour, merci d'avoir pris contact avec nous, et nous sommes désolés pour tout désagrément que cela a pu causer. La satisfaction du client est de la plus haute importance, et nous travaillons constamment à améliorer la qualité de notre service. Pourriez-vous s'il vous plaît nous contacter à nouveau via Temu.com ou le chat en direct de l'application Temu afin que nous puissions aider et enquêter immédiatement? Vous pouvez également visiter www.temu.com/support-center.html pour trouver plus de contacts du service client. Nous vous remercions de nous donner une autre chance de vous servir. Meilleurs vœux, l'équipe Temu",2026-07-27T06:27:37.000Z
temu.com,id:6a65d4c96ce4fea5c6da7510,native_id,6a65d4c96ce4fea5c6da7510,1,false,1785065705,07/26/2026 11:35:05,Temu se moque ouvertement des clients 😡,"De mieux en mieux ! Temu me propose un bon de réduction de 20 % pour contrer les frais d'importation etc ?!
N'importe quoi, cette réduction est sans minimum d'achat mais limitée à 20 € ?!
Euh ?! Ça ne sert strictement à rien, c'est se moquer ouvertement du client !
Ce n'est pas bien grave, néanmoins, j'envisage de supprimer Temu ? Même si les prix restent plus abordables que sur Amazon, je vais passer commande de la table d'appoint sur Amazon, au moins il n'y a aucune ""surprise"" au moment du paiement, c'est plus honnête !

l'Europe impose une taxe de 3 € par petits colis, Temu l'applique sur chaque article etc ?!
Voilà quoi..  

Non mais franchement, un peu de sérieux 👺",Miss Marie,68a23ab165125e119a4b4282,FR,46,"Bonjour et merci de nous avoir contactés. Chez Temu, nous tenons à toujours être transparents concernant les frais applicables. En plus du prix de l'article, certains frais peuvent s'appliquer conformément aux réglementations locales ou aux exigences en vigueur, tels que des taxes ou d'autres frais obligatoires. Tous les frais applicables sont clairement affichés avant le paiement et peuvent être consultés dans votre e-mail de confirmation de commande ainsi que sur votre reçu. Si vous avez des questions concernant le montant de votre commande, n'hésitez pas à nous contacter via Temu.com ou depuis le chat en direct sur l'application Temu en vous munissant des détails de votre commande. Nous vous aiderons à vérifier ces informations et serons ravis de vous apporter toute assistance complémentaire. Cordialement, l'équipe Temu",2026-07-27T06:27:58.000Z
temu.com,id:6a65d498f523dc5fc2c500a1,native_id,6a65d498f523dc5fc2c500a1,3,false,1785065656,07/26/2026 11:34:16,Primo (ed ultimo) ordine finché non cambiano corriere,"Aggiornamento della recensione: su Temu ho trovato quello che cercavo ad un buon prezzo, la spedizione è partita subito, la merce si è rivelata conforme a quanto ordinato, ma non c'è possibilità di utilizzare un punto di ritiro per la consegna, e il vero problema è questo. Loro hanno affidato la consegna ad Amazon shipping, che si è dimostrata un disastro. Mi viene comunicato che il pacco era in consegna ieri, ultima domenica di luglio. Con indescrivibile rabbia io e mio marito rinunciamo ad una giornata al mare tanto attesa. Poi alle 10.47 sento mezzo squillo di telefono e contemporaneamente mi arriva la notifica di un tentativo di consegna fallito. Richiamo all'istante, c'è il risponditore automatico che ripete la stessa cosa. Mi precipito al balcone e in strada non c'è nessuno (sono tutti al mare tranne me).
Oggi il pacco risultava in consegna per il secondo tentativo, leggendo altre recensioni temevo che si ripetesse la stessa presa in giro, invece per fortuna stavolta il corriere è passato per davvero, ma sono rimasta di nuovo bloccata in casa mezza giornata ad aspettare. Non è accettabile che un sito di e-commerce come Temu non dia la possibilità ai clienti di ritirare comodamente i pacchi in un punto di ritiro. Avrebbe recensioni migliori e clienti soddisfatti. Fino a quel momento non posso più fare acquisti su Temu, mi spiace, una domenica di luglio in casa inutilmente non si può perdonare",Marina,592ddfaa0000ff000a9e10d3,IT,11,"Ciao, grazie per averci contattato. Ci scusiamo per gli eventuali disagi. La soddisfazione del cliente è di massima importanza per noi e lavoriamo costantemente per migliorare la qualità del nostro servizio. Faremo un follow-up su questa questione. Se hai bisogno di ulteriore assistenza, non esitare a mandarci un messaggio su Temu.com o utilizzare la live chat dell'app Temu tramite questo link: https://share.temu.com/NWGRVrrOSMA . Siamo grati per la continua fiducia riposta nei nostri servizi. A presto, Il Team Temu.",2026-07-27T06:28:26.000Z
temu.com,id:6a65cb2f8691f0e107c1add3,native_id,6a65cb2f8691f0e107c1add3,1,false,1785063247,07/26/2026 10:54:07,I rather go to the store myself,I rather go to the store myself,Shima Israel,6a65699c236e3d1172e4b762,NG,1,"Hello, we greatly appreciate your feedback and are happy to assist with any questions or concerns you may have. Customer satisfaction is of the utmost importance and we are constantly working to improve our service quality. If you have any additional questions or concerns, please message us on our Temu.com or Temu app live chat. Best wishes, Temu team",2026-07-26T13:19:56.000Z
temu.com,id:6a65ba37c477fc9515ccdb1f,native_id,6a65ba37c477fc9515ccdb1f,1,false,1785058904,07/26/2026 09:41:44,Temu scammed me ,"Temu scammed me 
 
At April my dad ordered a squishy and it’s not only the squishy. It’s also the other stuff so I ordered a squishy I want we got the squishy there was holding in it. There’s a moment you squish it’s popped. They gave us a pop squishy. It was already popped. It was in our hands. We squished it once and it was popped. and then my mom bought a dress and there’s holes in it too. It was ripped and it was April and it came at the start the middle of July which is called me unbelievable. The others don’t take this much time. The other apps are much better.",Amina Umair Sheikh,6a65ba2c7b418c301d8de73d,PK,1,"Hello, thank you for shopping on Temu! Your feedback is extremely valuable to us and we are sorry that you are not satisfied with some of your items. We implement strict policies and control measures to ensure product quality and accurate product descriptions. Most packages arrive between 5-13 business days. If your order arrives later than the estimated delivery date, you will receive Temu credits as a sign of appreciation for your patience. Temu's Purchase Protection program offers full refunds if your items do not arrive, arrive damaged, or do not match the description or photos (https://www.temu.com/temu-purchase-protection.html). To apply for a refund, login to the Temu app or Temu.com with the account used for your order, open the ""Your orders"" page, and click ""Return/Refund."" For detailed return instructions, please visit https://www.temu.com/return-and-refund-policy.html. You can choose to receive your refund back to your original payment method or as Temu credits. Temu credits will appear in your Temu credit balance within 3 minutes and can be used immediately. If you choose to receive your refund back to your original payment method, please allow 5-14 business days for it to appear since timing depends on your financial institution. If you need further assistance, please message us through Temu.com or Temu app live chat. Best wishes, Temu team",2026-07-26T13:24:40.000Z
temu.com,id:6a65b133a0687d0f743ff09d,native_id,6a65b133a0687d0f743ff09d,1,false,1785056595,07/26/2026 09:03:15,Grave - Consegna Anomala - tracking GFIT26192173718822,"In data 24 luglio, alle ore 10.04, il corriere GOFO ha notificato sulla Vostra piattaforma l' avvenuta consegna di un pacco non ricevuto. Nella fattispecie, ha semplicemente scattato due foto del pacco di fronte il citofono, che si trova fuori dal portone d' ingresso di casa mia, che risultava chiuso. A chi sarebbe stato consegnato se a quell' ora mi trovavo fuori casa? Ottima prova, inconfutabile, due foto scattate fuori dal portone che non ho mai aperto.  Allarmato, subito, ho effettuato numerose segnalazioni sia a GOFO che a Voi. Alla richiesta di rimborso Vi siete subito rifiutati in quanto il pacco risultava consegnato, evidenziandomi la prova delle foto. Complimenti, un plauso per la tutela che riservate ai vostri clienti! Scoraggiato, subito, per tutelarmi ho richiesto alla mia banca il chargeback. Il 27 luglio, dopo tre giorni, come per magia, alle ore 7.40, mi ha citofonato un corriere per consegnarmi il fantomatico pacco. Mi domando, questo è il protocollo di consegna del vostro corriere GOFO? Esperienza senza precedenti che mi ha recato un grave disaggio.",Massimo,6601ba0a493b6e001280c7ce,IT,7,"Ciao, grazie per averci contattato. Ci scusiamo per gli eventuali disagi. La soddisfazione del cliente è di massima importanza per noi e lavoriamo costantemente per migliorare la qualità del nostro servizio. Faremo un follow-up su questa questione. Se hai bisogno di ulteriore assistenza, non esitare a mandarci un messaggio su Temu.com o utilizzare la live chat dell'app Temu tramite questo link: https://share.temu.com/NWGRVrrOSMA . Siamo grati per la continua fiducia riposta nei nostri servizi. A presto, Il Team Temu.",2026-07-26T13:20:55.000Z
temu.com,id:6a658100f0934c10e3bcf88c,native_id,6a658100f0934c10e3bcf88c,1,false,1785044256,07/26/2026 05:37:36,I bought some items that were faulty…,"I bought some items that were faulty from temu, I tried to return for a refund and they will only offer me a half refund. I have no need for them items and they are faulty. They acknowledged the items were faulty and still have said that is the only offer they will give me. The laundry hampers were so badly constructed that the poles spiked holes right through the material and can't stop falling over, they had no purpose. I do not recommend. Also they don't let you speak with a real person, it's all AI and I've been trying to get an answer for over a month, and I just got the same AI message for weeks. I will never use their service again. ",Jodie Darling,6a6580f7236e3dedbde4bece,AU,1,"Hello, thank you for reaching out to us. We are sorry for any inconvenience caused. Customer satisfaction is of the utmost importance and we are constantly working to improve our service quality. We will follow up on this matter. If you need further assistance, please message us through Temu.com or Temu app live chat. We appreciate you giving us another chance to serve you. Best wishes, Temu team",2026-07-26T11:48:37.000Z
temu.com,id:6a657d4bdf9f706fb70a2476,native_id,6a657d4bdf9f706fb70a2476,1,false,1785043307,07/26/2026 05:21:47,Se habla mucho de los bajos precios…,"Se habla mucho de los bajos precios pero  algunos artículos valen el doble y hasta el triple de su valor.  Especificamente hablo de los vidrios para vitral, por 10 pedazos de vidrio cobran $120 o $150.000  pesos cuando en Amazon venden 24 piezas iguales por $ 85.000",Karlos A. Gomez Mejia,5f25c7950a5d0e0e253dd68a,CO,14,"Hola, gracias por ponerte en contacto con nosotros. Lamentamos cualquier inconveniente que hayas experimentado. La satisfacción del cliente es nuestra prioridad y trabajamos continuamente para mejorar nuestros servicios. Estaremos dando seguimiento a este asunto. Si necesitas más ayuda, por favor, envíanos un mensaje a través de Temu.com o utiliza el chat en vivo de la aplicación en este enlace: https://share.temu.com/NWGRVrrOSMA. Agradecemos que nos brindes otra oportunidad para servirte. Saludos, Equipo Temu",2026-07-26T11:48:51.000Z
temu.com,id:6a6577f3ee8f569e0746ca9a,native_id,6a6577f3ee8f569e0746ca9a,1,false,1785041939,07/26/2026 04:58:59,Wrong Again!,"Well, I've canceled another one folks! I'm not going into details but what I will say is that I wait too damn long for an order to be given a coupon because the item has already shipped. I just wanted a refund because the delivery address was wrong.  If I've received something at my current address, why is my order going to my old address? I don't know their check point system and I don't care. I'll buy locally from now on! Good bye Temu. Hell, you won't miss me anyway 😏 
I've already talked with the Temu team through chat. Some of us weren't born last week.  It was the team that ""encouraged "" me to follow up with the courier.  That's how sorry you are! I thought it's the job of the company to make the customer happy.  I wanted the items I  ordered.  I didn't know that even after receiving an order at my current address, I had to check the address on every order thereafter.  Now you want me to communicate with you? I did that.  WHAT TEMU? CAN'T READ! NO SELL! I'M GOOD! I'LL BUY LOCALLY! That's what big companies do when they're secure. They drop the good customer service. By the way, I have contacted the courier.  Looks like Temu gets to keep my money while someone else wears the clothes.  You've gotta be crazy to think that I'm gonna chat with or shop with you again!🤬",Sana,668c98ee73fc6e6be081308f,US,14,"Hello, thank you for reaching out to us. We are sorry for any inconvenience caused. Customer satisfaction is of the utmost importance and we are constantly working to improve our service quality. We will follow up on this matter. If you need further assistance, please message us through Temu.com or Temu app live chat. We appreciate you giving us another chance to serve you. Best wishes, Temu team",2026-07-26T11:49:04.000Z
temu.com,id:6a6566eb1139c0219a3f9699,native_id,6a6566eb1139c0219a3f9699,1,false,1785037580,07/26/2026 03:46:20,"""I'm done with Temu for now!"" ","""I'm done with Temu for now!"" 

As log as there will be import fees and tariffs, I will not buy through Temu anymore! I ordered articles a few days ago because the sellers through Temu offered the articles quite reasonable.  Cheaper then e-bay and I need those articles. 

I'm done now and because of the import and tariff charges I will not order on Temu anymore! 

I'm done for now! ",Saxoman S,626526f3f452ad0012199ab2,DE,13,"Hello, thank you for contacting us. At Temu, we have always been transparent about any fees charged. In addition to the item price, certain charges may apply in accordance with local regulations or policy requirements, such as taxes or other mandatory fees. All applicable charges are clearly displayed before payment and can be reviewed in your order confirmation email or receipt. If you have any questions about the order amount, please feel free to contact us via Temu.com or the Temu app live chat and provide your order details. We will assist with verification and be happy to provide further support. Best wishes, Temu team",2026-07-26T11:49:36.000Z
temu.com,id:6a65359539b198ee264b2a9f,native_id,6a65359539b198ee264b2a9f,1,false,1785024949,07/26/2026 00:15:49,I want to give zero stars,"I want to give zero. But you know..
Reason is they will not stop emailing me. I have told them to stop multiple times now. Customer Service is harassing me for no reason. I dont even have an account with them anymore. Please, kindly leave me alone. Even here! Again below, they just dont stop! Unreal. ",Jo Caron,6852c1d04e662d5c2745812b,CA,12,"Hello, thank you for reaching out to us. We are sorry for any inconvenience caused. Customer satisfaction is of the utmost importance and we are constantly working to improve our service quality. We will follow up on this matter. If you need further assistance, please message us through Temu.com or Temu app live chat. We appreciate you giving us another chance to serve you. Best wishes, Temu team",2026-07-26T05:44:44.000Z
temu.com,id:6a6531dd70cf2b588870cf04,native_id,6a6531dd70cf2b588870cf04,1,false,1785023997,07/25/2026 23:59:57,Price extortion ,"Ordered a vest yesterday for 22.00. Today the same item is 12.00….. got in touch with customer service, a big runaround. Offered me a 4.00 refund. Something wrong with this math. Also there were three different prices for the exact item today…less than what I paid!!!!!😡",Marlynn  Pryce,6a6531c97b418c68ee8dacbd,CA,1,"Hello, thank you for reaching out to us. We are sorry for any inconvenience caused. Customer satisfaction is of the utmost importance and we are constantly working to improve our service quality. We will follow up on this matter. If you need further assistance, please message us through Temu.com or Temu app live chat. We appreciate you giving us another chance to serve you. Best wishes, Temu team",2026-07-26T05:44:54.000Z
temu.com,id:6a652919251a6d2f222bc875,native_id,6a652919251a6d2f222bc875,1,false,1785021753,07/25/2026 23:22:33,I wish I could give negative stars,"I wish there were negative stars that I could give. I ordered a bunch of stuff from Temu, and I gave them my new address which is 500 miles away from my old address. But they kept the old address, and they've been consistently sending everything to that address. Over the past 30 days everything has gone there, and they won't do anything about it. They won't stop it. Two orders just in the past two days went to the my previous address instead of my present one. And their ""support"" only consist of stonewalling and asking you to repeat the same things over and over again, Passing you off to different ""customer service representative"". I know good and well they're just waiting for me to give up and go away. And I would if I hadn't ordered so much stuff. ",Patti DeWitt,6a652908b06fbf5193f5dfc1,US,1,"Hello, thank you for reaching out to us. We are sorry for any inconvenience caused. Customer satisfaction is of the utmost importance and we are constantly working to improve our service quality. We will follow up on this matter. If you need further assistance, please message us through Temu.com or Temu app live chat. We appreciate you giving us another chance to serve you. Best wishes, Temu team",2026-07-26T05:51:58.000Z
temu.com,id:6a6521c11049f879c6d5caa2,native_id,6a6521c11049f879c6d5caa2,4,false,1785019873,07/25/2026 22:51:13,Frais de port abusé ,"La plus part du temps j'ai toujours été satisfaite.. Mais 3€ de frais de port sur chaque article commandé dans le même colis envoyé, c'est abusé.. je me suis retrouvée à payer 43 €, pour une commande de 22€ .. j'ai décidé de désinstaller l'application et d'aller voir ailleurs.. Sylvie de Bidart 
",Sylvie Veyret,6a6521b7c2526c14219ae8df,FR,1,"Bonjour et merci de nous avoir contactés. Chez Temu, nous tenons à toujours être transparents concernant les frais applicables. En plus du prix de l'article, certains frais peuvent s'appliquer conformément aux réglementations locales ou aux exigences en vigueur, tels que des taxes ou d'autres frais obligatoires. Tous les frais applicables sont clairement affichés avant le paiement et peuvent être consultés dans votre e-mail de confirmation de commande ainsi que sur votre reçu. Si vous avez des questions concernant le montant de votre commande, n'hésitez pas à nous contacter via Temu.com ou depuis le chat en direct sur l'application Temu en vous munissant des détails de votre commande. Nous vous aiderons à vérifier ces informations et serons ravis de vous apporter toute assistance complémentaire. Cordialement, l'équipe Temu",2026-07-26T06:51:30.000Z
temu.com,id:6a65111e346a758d2f22c74d,native_id,6a65111e346a758d2f22c74d,1,false,1785015614,07/25/2026 21:40:14,They dont ship with POSTEN.NO in norway…,They dont ship with POSTEN.NO in norway but they used a scam delivery service called postnord/helthjem which has had a rating of 1/10 the last 10 years in norway online and nobody uses this delivery service. This means we can never shop with them again since they refuse to use POSTEN.NO and wont remove POSTNORD/HELTHJEM which is a swedish company that has 99.99% bad reviews the last 15 years in norway. They have so bad reviews they have to create new company names and websites to reset the reviews every time it gets to 0/5,Forbruker,593131f50000ff000a9f0d3b,NO,98,"Hello, thank you for your feedback and we are sorry for the inconvenience. Customer satisfaction is of the utmost importance and we are constantly working to improve our service quality. If your items do not arrive, arrive damaged, or do not match the description or photos, you will be offered a full refund under Temu's Purchase Protection program (https://www.temu.com/temu-purchase-protection.html). To apply for a refund, login to the Temu app or Temu.com with the account used for your order, open the ""Your orders"" page, and click ""Return/Refund"". If you need further assistance, please message us through Temu.com or Temu app live chat. We appreciate you giving us another chance to serve you. Best wishes, Temu team",2026-07-26T05:54:51.000Z
temu.com,id:6a650a6e43773b81d234c72d,native_id,6a650a6e43773b81d234c72d,3,false,1785013902,07/25/2026 21:11:42,improper behavior from courier,"recently i got a free gift from temu and my package arrived today,but my delivery person threatened and refused to deliver my package unless we paid him delivery fee but the app says free delivery,my problem here is not the temu officials,its the package courier.sometimes they refuse to deliver the package because its a weekend,sometimes i get my package at night by 9pm.i am a regular user of temu but i cant take this kind of behavior anymore.speakingh from Nigeria(sokoto)",aru,6a650a5db06fbf2011f5c2ef,NG,1,"Hello, thank you for your feedback and we are sorry for the inconvenience. Customer satisfaction is of the utmost importance and we are constantly working to improve our service quality. If your items do not arrive, arrive damaged, or do not match the description or photos, you will be offered a full refund under Temu's Purchase Protection program (https://www.temu.com/temu-purchase-protection.html). To apply for a refund, login to the Temu app or Temu.com with the account used for your order, open the ""Your orders"" page, and click ""Return/Refund"". If you need further assistance, please message us through Temu.com or Temu app live chat. We appreciate you giving us another chance to serve you. Best wishes, Temu team",2026-07-26T05:57:40.000Z
temu.com,id:6a64ef30ca095e3eb695807d,native_id,6a64ef30ca095e3eb695807d,1,false,1785006928,07/25/2026 19:15:28,Tiene publicidad engañosa supuestamente…,Tiene publicidad engañosa supuestamente dan regalos uno selecciona los  quiere y al final tienes que hacer 2  comprar y me llegaron. Los que compre pero no me llegaron Los SUPUESTOS REGALOS,Jeimy Johanna Daza Rodriguez,6a64ef2a7b418c79a98d6a39,CO,1,"Hola, gracias por participar en nuestras actividades promocionales. Lamentamos las dificultades que has experimentado con tus recompensas. La satisfacción del cliente es de suma importancia y estamos trabajando constantemente para mejorar la calidad de nuestro servicio. Si necesitas más ayuda, no dudes en enviarnos un mensaje a través del chat en Temu.com o en la app de Temu. Estaremos encantados de investigar tu caso y ofrecerte una solución. ¡Que tengas un buen día!  Saludos, Equipo Temu",2026-07-26T05:58:22.000Z
temu.com,id:6a64e10182fd5e056a477f19,native_id,6a64e10182fd5e056a477f19,4,false,1785003297,07/25/2026 18:14:57,Frais d'importation,"Temu m'informe : ""Aucun frais d'importation pour tous les articles expédiés par les vendeurs et aucun frais supplémentaires à la livraison"" mais c'est faux. Je constate que j'ai 25 euros de taxes, car beaucoup d'articles différents. J'ai annulé ma commande. Temu n'est en rien responsable de ces frais et fait cependant beaucoup d'efforts pour contrecarrer cette taxe en faisant des remises : je cite : ""Temu prend à sa charge 30% des frais d'importation"". Mais ça reste trop élevé quand même. Vivement une parade qui nous libère de cette taxe. Merci",jean baptiste valles,5f7de46ae3e44d0013e8b442,FR,16,"Bonjour et merci de nous avoir contactés. Chez Temu, nous tenons à toujours être transparents concernant les frais applicables. En plus du prix de l'article, certains frais peuvent s'appliquer conformément aux réglementations locales ou aux exigences en vigueur, tels que des taxes ou d'autres frais obligatoires. Tous les frais applicables sont clairement affichés avant le paiement et peuvent être consultés dans votre e-mail de confirmation de commande ainsi que sur votre reçu. Si vous avez des questions concernant le montant de votre commande, n'hésitez pas à nous contacter via Temu.com ou depuis le chat en direct sur l'application Temu en vous munissant des détails de votre commande. Nous vous aiderons à vérifier ces informations et serons ravis de vous apporter toute assistance complémentaire. Cordialement, l'équipe Temu",2026-07-26T06:00:51.000Z
temu.com,id:6a64dc7ba79fb183c8d58e36,native_id,6a64dc7ba79fb183c8d58e36,1,false,1785002139,07/25/2026 17:55:39,"Colis détourné volé ou n'est pas envoyé,","Colis signalé livré, je n'ai jamais eu mon colis,
C'est de la triche,il faut mieux acheter chez Amazon.",stephane sade,6a16e34d8dd5c4c32e892e45,FR,2,"Bonjour, merci d'avoir pris contact avec nous, et nous sommes désolés pour tout désagrément que cela a pu causer. La satisfaction du client est de la plus haute importance, et nous travaillons constamment à améliorer la qualité de notre service. Pourriez-vous s'il vous plaît nous contacter à nouveau via Temu.com ou le chat en direct de l'application Temu afin que nous puissions aider et enquêter immédiatement? Vous pouvez également visiter www.temu.com/support-center.html pour trouver plus de contacts du service client. Nous vous remercions de nous donner une autre chance de vous servir. Meilleurs vœux, l'équipe Temu",2026-07-26T06:04:18.000Z
temu.com,id:6a64d6c68da7ebaa51ce25d8,native_id,6a64d6c68da7ebaa51ce25d8,1,false,1785000678,07/25/2026 17:31:18,In questo sito ci sono articoli buoni e…,"In questo sito ci sono articoli buoni e meno buoni, ma nell'ultimo ordine che volevo fare succede che per una spesa di 20 eur devo pagare 45 euro , presumo che siano spese doganali . Nei precedenti ordini non ci ho fatto caso , ma visto che è così non mi attrae più.",Anastasia Di Maria,676fa91e59406497f1079f5e,IT,2,"Ciao, grazie per averci contattato. A Temu diamo molta importanza nel fornire la massima  trasparenza sui costi. Oltre al prezzo dell'articolo, potrebbero essere applicati costi aggiuntivi in conformità con le normative o con i requisiti di legge locali, come tasse, dazi o altre commissioni obbligatorie. Tutti gli importi previsti sono chiaramente indicati prima di effettuare l’acquisto e possono essere riveduti nell'email di conferma dell'ordine o sulla ricevuta. Per qualsiasi domanda sull'importo dell'ordine, non esitare a contattarci tramite temu.com o via chat nell'app Temu, specificando i dettagli del tuo ordine. Il nostro team effettuerà le dovute verifiche e sarà felice di fornirti tutto il supporto necessario. A presto, Il Team di Temu.",2026-07-26T06:04:32.000Z
temu.com,id:6a64c7bb888f94846e4f77d5,native_id,6a64c7bb888f94846e4f77d5,1,false,1784996827,07/25/2026 16:27:07,ATTENTION IL N’Y A AUCUNE GARANTIE SUR…,"ATTENTION IL N’Y A AUCUNE GARANTIE SUR TEMU
Vous achetez à vos risques et périls 
nous avons acheté des vélos électriques, il y a des problèmes dessus et rien n’y fait.",stephane lefeuvre,6a64c7b77b418cdb2c8d3c09,FR,1,"Bonjour, merci d'avoir fait vos achats sur Temu ! Vos commentaires sont extrêmement précieux pour nous, et nous sommes désolés que vous ne soyez pas satisfait(e) de certains de vos articles. Nous mettons en place des politiques strictes et des mesures de contrôle pour garantir la qualité des produits et des descriptions précises des produits. Le programme de Protection des Achats de Temu offre un remboursement intégral si vos articles n'arrivent pas, arrivent endommagés ou ne correspondent pas à la description ou aux photos (https://www.temu.com/temu-purchase-protection.html). Pour demander un remboursement, connectez-vous à l'application Temu ou à Temu.com avec le compte utilisé pour votre commande, ouvrez la page ""Vos commandes"" et cliquez sur ""Retour/Remboursement"". Pour des instructions de retour détaillées, veuillez consulter https://www.temu.com/return-and-refund-policy.html. Et vous pouvez choisir de recevoir votre remboursement sur votre mode de paiement d'origine ou sous forme de crédits Temu. Les crédits Temu apparaîtront dans votre solde de crédits Temu dans les 3 minutes et peuvent être utilisés immédiatement. Si vous choisissez de recevoir votre remboursement sur votre mode de paiement d'origine, veuillez prévoir de 5 à 14 jours ouvrés pour qu'il apparaisse, car le délai dépend de votre institution financière. Si vous avez besoin d'une assistance supplémentaire, veuillez nous contacter via Temu.com ou le chat en direct de l'application Temu. Meilleurs vœux, l'équipe Temu",2026-07-26T07:15:52.000Z
temu.com,id:6a64bcaee4843df05ef5cd26,native_id,6a64bcaee4843df05ef5cd26,1,false,1784993998,07/25/2026 15:39:58,10x duurdere bestelling,"Helaas,de producten zijn 10x over de kop gegaan,een paar sokken kan wel €7/€8 euro kosten,(ik heb zelfs een sok ter waarde van €50,- gezien echt ongelooflijk) daarboven invoerkosten + belasting werd mijn bestelling van €90 ineens €179,- ,ik ga er niets meer bestellen ,uiteraard is dit de hebzucht van het westen. Ze willen het bestellen bij Temu onaantrekkelijker maken helaas…en dat is hun aardig gelukt. Maar ik zal de winkels in Europa ook mijden want ik ga geen dubbele prijs betalen voor iets wat ene paar centen behoeft te kosten. deze invoerrechten kosten etc moet afgeschaft worden dit is echt handelsoorlog.",Mehdi Kıyamet,674719856d9862631309e210,NL,1,"Hallo, Bedankt dat je contact met ons opneemt. Bij Temu zijn we altijd transparant over eventuele kosten. Naast de prijs van het artikel kunnen er op grond van lokale regelgeving of beleidsvereisten bepaalde toeslagen gelden, zoals belastingen of andere verplichte heffingen. Alle toepasselijke kosten worden duidelijk weergegeven vóór de betaling en kun je terugvinden in de orderbevestiging per e-mail of op het aankoopbewijs. Als je vragen hebt over het orderbedrag, neem dan gerust contact met ons op via Temu.com of de livechat in de Temu-app en vermeld hierbij je bestelgegevens. We helpen je graag verder met de controle hiervan. Met vriendelijke groet, Het Temu-team",2026-07-26T07:09:17.000Z
temu.com,id:6a64b336a292b95a5c96cb67,native_id,6a64b336a292b95a5c96cb67,1,false,1784991574,07/25/2026 14:59:34,don't waste your time trying to contact them will not help,"I received a present from my dad that was explicitly advertised and pictured as a ceramic egg-style Kamado grill, complete with the signature dimpled finish and described as being made from ceramic for excellent heat retention. With the recent nice weather, I was really looking forward to enjoying it in the garden with friends.
Instead, I received a completely different item – a cheap, standard sheet-metal barbecue grill.
As soon as the parcel arrived, we opened the box, immediately saw it was not the item that had been advertised, and closed it again to request a return and full refund. It has now been three weeks of writing to both Temu Support and the seller, Home Interiors Hinckley, almost every day, yet they have still failed to provide the return documents or resolve the issue.

Temu's customer support has been completely ineffective. We have chatted with 26 different support agents, but none has been able to resolve what should have been a straightforward case of receiving the wrong item.

I am extremely disappointed with both the seller for false advertising and Temu for its appalling lack of customer service. Save your money and shop elsewhere. In my experience, Temu is only worth considering for items under £3",MARCO CRISERA,6a64b0fbff3db27bcbc2f483,GB,1,"Hello, thank you for taking the time to share your feedback. To help us review the matter further, we kindly ask that you complete the Information Request Form we have sent and provide the requested details, such as your order number(typically starting with PO-xxx)  or the email address associated with your Temu account. Once we receive the information, we will review your case and coordinate with the relevant team for further follow-up. If you have any additional questions or need further assistance, please feel free to contact us through the Temu website or the Temu app live chat via this link: https://share.temu.com/NWGRVrrOSMA. Thank you for your time, patience, and cooperation. Best wishes, Temu Team",2026-07-26T07:06:13.000Z
temu.com,id:6a64b1b5bbca8fcda6db861e,native_id,6a64b1b5bbca8fcda6db861e,1,false,1784991189,07/25/2026 14:53:09,"ticket not solved, horrible customer service ","on 25. june I made an order of 35 products and 115€ in total. Later on i got an email saying i got the package on the day i was home, reached out to temu saying i did not get the package. after asking me the declaration of non receipt 3 times, and i sent it every time , they did not help and all of a sudden told me to contact postnl. and then postnl told me to contact temu. they definitely did not do anything just to ask the form and then they closed the ticket. now i dont have any products and i just spent 115 euros just to have troubles with postnl and temu. 
now they are saying it has been long time and according to their policy they can not pay back. all this time i have been waiting for them to solve the issue and sending them what they exactly need?  very bad customer service. ",Burcu yasa,620cdc1b3061c9001232265c,NL,7,"Hello, thank you for reaching out to us. We are sorry for any inconvenience caused. Customer satisfaction is very important to us, and we are continuously working to improve our service. Thank you for sharing the relevant information, and we have already escalated your issue with the relevant team for further follow-up. If you need any additional assistance, please feel free to message us through Temu.com or the Temu app live chat via this link: https://share.temu.com/NWGRVrrOSMA. We appreciate your patience and understanding. Best wishes, Temu Team",2026-07-26T07:12:21.000Z
temu.com,id:6a64ad3406ddb92a27dd61cc,native_id,6a64ad3406ddb92a27dd61cc,1,false,1784990036,07/25/2026 14:33:56,Would give zero stars if possible,"Would give zero stars if possible.  Incorrect item sent so requested a return for refund - didn’t unpack the item as it was clearly incorrect so sealed up the parcel and relabeled for return.  Return was received but got a message stating that I had sent back the wrong item so refund was refused.  Customer service were no help despite me sending photos to prove the wrong item had been received - not sure how they expected me to return something that I hadn’t been sent.
Will definitely not use TEMU again - total scammers",Denise,5ee669fdd05e0a635b7db8bd,GB,52,"Hello, thank you for taking the time to share your feedback. To help us review the matter further, we kindly ask that you complete the Information Request Form we have sent and provide the requested details, such as your order number(typically starting with PO-xxx)  or the email address associated with your Temu account. Once we receive the information, we will review your case and coordinate with the relevant team for further follow-up. If you have any additional questions or need further assistance, please feel free to contact us through the Temu website or the Temu app live chat via this link: https://share.temu.com/NWGRVrrOSMA. Thank you for your time, patience, and cooperation. Best wishes, Temu Team",2026-07-26T07:10:01.000Z
temu.com,id:6a64ac7195dedabba389f4db,native_id,6a64ac7195dedabba389f4db,1,false,1784989841,07/25/2026 14:30:41,I bought a plastic shed off a local…,"I bought a plastic shed off a local seller from Bolton, it arrived the package 2 boxes perfect, opened it my grandson tried to erect it 9 ( NINE ) damaged panels I tried to get into with the seller no chance, reported it to TEMU they said if it came from china I would have got a full refund, how ever the seller wanted me to repackage it and return it to a pick up point, at 74 years of age I told them that was impossible, it had to be returned so they could put it through inspection I asked why it wasn't inspected before it was shipped from china to Bolton, end of the story all they would give me was £60 so I paid £117 for a shed not fit for purpose. DO NOT BUY OFF THESE ROUGES.",jimmy lloydr,51613d9e000064000136f826,GB,15,"Hello, thank you for reaching out to us. We are sorry for any inconvenience caused. Customer satisfaction is of the utmost importance and we are constantly working to improve our service quality. If you need further assistance, please message us through Temu.com or Temu app live chat via this link: https://share.temu.com/NWGRVrrOSMA. We appreciate you giving us another chance to serve you. Best wishes, Temu team",2026-07-26T07:08:14.000Z
temu.com,id:6a64a2fe43d9d735dfcb8cf9,native_id,6a64a2fe43d9d735dfcb8cf9,2,false,1784987422,07/25/2026 13:50:22,Purchased twice and should have had a…,"Purchased twice and should have had a free item with each one but not sent and not on order. Temu does not appear to share any contact details. 
Very poor service",David price,581f889a0000ff000a54ab4c,GB,29,"Hello, thank you for participating in our promotional activities and we are sorry that you are experiencing difficulties with your rewards. Customer satisfaction is of the utmost importance and we are constantly working to improve our service quality.  If you need further assistance, please message us through Temu.com or Temu app live chat via this link: https://share.temu.com/NWGRVrrOSMA. We are eager to help you find a resolution. Best wishes, Temu team",2026-07-26T07:11:41.000Z
temu.com,id:6a647df08acb70e5f2849b5e,native_id,6a647df08acb70e5f2849b5e,1,false,1784977936,07/25/2026 11:12:16,Informed Temu about a dangerous potato…,"Informed Temu about a dangerous potato chipper.
First use and it was falling apart. 
A sharp edged piece of thin steel fell off,if a child had been given this it could have caused severe injury. 
They've been supplied with photographs to prove,no response. 
Safest place for it was in the bin,where I put it.
Already done what you've said and not a satisfactory outcome ",geoffrey bell,50e6806e00006400012c4c6e,GB,107,"Hello, thank you for reaching out to us. We are sorry for any inconvenience caused. Customer satisfaction is of the utmost importance and we are constantly working to improve our service quality. We will follow up on this matter. If you need further assistance, please message us through Temu.com or Temu app live chat. We appreciate you giving us another chance to serve you. Best wishes, Temu team",2026-07-25T12:06:30.000Z
temu.com,id:6a647bcba4d384db6700d366,native_id,6a647bcba4d384db6700d366,3,false,1784977387,07/25/2026 11:03:07,Jusqu'à présent bonne,"Jusqu'à présent bonne, mais avec la taxe de 3€ il faut commander sur l'entrepôt Temu pour n'avoir aucun frais. Dans l'entrepôt les vêtements femme sont moches, chers et il y a un choix très limité. Moi qui était une bonne cliente, je ne vais plus rien acheter, rien du tout, si j'achète des vêtements femme sur place je les payerai moins cher que sur Temu entrepôt. Je pense que beaucoup de personnes vont faire comme moi à présent et réfléchir avant de passer une commande avec de gros frais, dommage pour les tous petits budgets qui pouvaient se faire plaisir. Peut être faudrait il penser à des envois groupés par région pour alléger les articles de la taxe.",Dominique Riviere,5f00d70697bff0311932b213,FR,3,"Bonjour et merci de nous avoir contactés. Chez Temu, nous tenons à toujours être transparents concernant les frais applicables. En plus du prix de l'article, certains frais peuvent s'appliquer conformément aux réglementations locales ou aux exigences en vigueur, tels que des taxes ou d'autres frais obligatoires. Tous les frais applicables sont clairement affichés avant le paiement et peuvent être consultés dans votre e-mail de confirmation de commande ainsi que sur votre reçu. Si vous avez des questions concernant le montant de votre commande, n'hésitez pas à nous contacter via Temu.com ou depuis le chat en direct sur l'application Temu en vous munissant des détails de votre commande. Nous vous aiderons à vérifier ces informations et serons ravis de vous apporter toute assistance complémentaire. Cordialement, l'équipe Temu",2026-07-25T12:06:46.000Z
temu.com,id:6a646d9125c00e3dc0d1140e,native_id,6a646d9125c00e3dc0d1140e,1,false,1784973745,07/25/2026 10:02:25,Had a delivery of energy drinks,"Had a delivery of energy drinks. The cans had split drenching the box, many cans empty. Complained to seller whom wasn't interested. Took a refund claim through customer services, supplied pictures clear as day. They just came back to me saying no damage verified. What a scam. ",Mike A,5f3431520cf9fe44acc891d8,GB,8,"Hello, thank you for reaching out to us. We are sorry for any inconvenience caused. Customer satisfaction is of the utmost importance and we are constantly working to improve our service quality. We will follow up on this matter. If you need further assistance, please message us through Temu.com or Temu app live chat. We appreciate you giving us another chance to serve you. Best wishes, Temu team",2026-07-25T12:07:00.000Z
temu.com,id:6a646c709e586c1bcec9661b,native_id,6a646c709e586c1bcec9661b,1,false,1784973456,07/25/2026 09:57:36,Shoddy goods,"Ordered goods arrived in an unusable state item was stated as unreturnable had to chuck it as it was leaking everywhere no refund so I've deleted account , not the first time I've received broken /missing items account gone will never use this site again",Sarah scoulding,5e331770d1e2f956d4a05567,GB,26,"Hello, thank you for shopping on Temu! Your feedback is extremely valuable to us and we are sorry that you are not satisfied with some of your items. We implement strict policies and control measures to ensure product quality and accurate product descriptions. Temu's Purchase Protection program offers full refunds if your items do not arrive, arrive damaged, or do not match the description or photos (https://www.temu.com/temu-purchase-protection.html). To apply for a refund, login to the Temu app or Temu.com with the account used for your order, open the ""Your orders"" page, and click ""Return/Refund."" For detailed return instructions, please visit https://www.temu.com/return-and-refund-policy.html. If you need further assistance, please message us through Temu.com or Temu app live chat. Best wishes, Temu team",2026-07-25T12:07:13.000Z
temu.com,id:6a645b89287f78bdb176a11a,native_id,6a645b89287f78bdb176a11a,1,false,1784969129,07/25/2026 08:45:29,Verweigerung der gesetzlichen…,"Verweigerung der gesetzlichen Erstattung (Bestellung PO-076-19369014398073942)! Ich habe meine Retoure ordnungsgemäß zurückgeschickt. Ein Teil wurde erstattet, aber für 5 Artikel im Wert von 46,31 € behauptet Temu einfach, die Artikel seien nicht angekommen. Der Kundenservice schließt jedes Ticket automatisch. Ich verlange die umgehende Entlastung meines Klarna-Kontos!""",Phil,687a138ce3b0fa1b4ae56a1f,DE,2,"Hallo, vielen Dank, dass Sie sich an uns gewandt haben. Die Zufriedenheit unserer Kunden ist für uns von größter Bedeutung, und wir sind ständig bestrebt, uns zu verbessern. Bitte senden Sie uns eine Nachricht über Temu.com oder den Temu-App-Live-Chat, damit unser Kundenservice Team Ihnen helfen kann, dies sofort zu überprüfen. Viele Grüße, Temu Team",2026-07-25T12:07:25.000Z
temu.com,id:6a6453f9008120076b85b4c8,native_id,6a6453f9008120076b85b4c8,1,false,1784967193,07/25/2026 08:13:13,Oggi ho scoperto che dal 1 luglio noi…,"Oggi ho scoperto che dal 1 luglio noi pagiamo oneri SU TUTTI ORDINI AL 100% IN PIÙ !! 
Ho fatto ordine pari a 61,25€ che al pagamento diventato 123€ !!! Ho provato altre volte con altri articoli e sempre prezzo a pagamento DOPPIO . Quando ho chiesto assistenza i spiegazioni, mi hanno raccontato della legge europea che applica 3€ a pacco . Mi sembra che c’è tantissima differenza tra 3€ e 100% sopra . Altra cosa per tenere al oscuro fino alla fine , mentre fai le scelte per acquistare c’è la scritta in colore verde acceso CHE NON CI SONO ONERI DA PAGARE . E una truffa , zero trasparenza e onestà . Sinceramente compravo per il prezzo , perché se un articolo iniziato a costare DOPPIO compro nel negozio dove posso toccare e controllare la qualità .
Ora comprare da cinesi Costa Doppio con quella scarsa qualità ",alissa sourovova,67f2c22e257601b8a09a90ef,DE,6,"Ciao, grazie per averci contattato. Ci scusiamo per gli eventuali disagi. La soddisfazione del cliente è di massima importanza per noi e lavoriamo costantemente per migliorare la qualità del nostro servizio. Faremo un follow-up su questa questione. Se hai bisogno di ulteriore assistenza, non esitare a mandarci un messaggio su Temu.com o utilizzare la live chat dell'app Temu tramite questo link: https://share.temu.com/NWGRVrrOSMA . Siamo grati per la continua fiducia riposta nei nostri servizi. A presto, Il Team Temu.",2026-07-25T12:07:38.000Z
temu.com,id:6a6453b4f87d9afc2f70cd50,native_id,6a6453b4f87d9afc2f70cd50,1,false,1784967124,07/25/2026 08:12:04,Assistenza che non c'è ,"Nel mondo dell'e-commerce sono dinamiche note, ma oggi, tra dazi doganali e tempi di consegna lunghissimi, non è più un servizio conveniente. Il problema principale è l'assenza totale di un'assistenza umana: il chatbot risponde con frasi preimpostate che non risolvono nulla. Ho acquistato per due volte un articolo simile e, dopo 60 giorni, non ho ancora ricevuto nulla. L'unica risposta del supporto è il rinvio al corriere. Se questo pacco mai arriverà, sarà in assoluto il mio ultimo ordine.",Mario Marietto,6195625469b1ea0016c9c20d,IT,20,"Ciao, grazie per aver acquistato su Temu e ci dispiace che tu stia riscontrando difficoltà con i tuoi ordini recenti. Puoi monitorare lo stato della spedizione e visualizzare la data di consegna prevista direttamente sull'app Temu o su Temu.com. Se il tuo ordine arriva oltre la data di consegna stimata, riceverai crediti Temu come segno di apprezzamento per la tua pazienza. Infine, se i tuoi articoli non arrivano, arrivano danneggiati o non corrispondono alla descrizione o alle foto, ti verrà offerto un rimborso completo come stabilito dal programma di Protezione degli Acquisti di Temu (https://www.temu.com/temu-purchase-protection.html). La soddisfazione del cliente è di massima importanza per noi e lavoriamo costantemente per migliorare la qualità del nostro servizio. Se hai bisogno di ulteriore assistenza, non esitare a inviarci un messaggio tramite Temu.com o la live chat dell'app Temu. A presto, Il Team Temu.",2026-07-25T12:56:14.000Z
temu.com,id:6a644d603113554f3950e27d,native_id,6a644d603113554f3950e27d,1,false,1784965504,07/25/2026 07:45:04,Das ist die letzte Drecksfirma,Das ist die letzte Drecksfirma. Ich habe eine Retoure zurück geschickt. Und nach meiner Sendungsverfolgung ist es am 3.7.26 bei denen eingegangen. Jetzt schreiben die als ich soll mein Paket Dienstleister fragen weil sie könnten das Paket nicht finden. Ich sage euch lasst die Finger von der Drecks Firma. ,Peter Damm,655518aac626fe001243a33a,DE,3,"Hallo, vielen Dank, dass Sie sich an uns gewandt haben. Die Zufriedenheit unserer Kunden ist für uns von größter Bedeutung, und wir sind ständig bestrebt, uns zu verbessern. Bitte senden Sie uns eine Nachricht über Temu.com oder den Temu-App-Live-Chat, damit unser Kundenservice Team Ihnen helfen kann, dies sofort zu überprüfen. Viele Grüße, Temu Team",2026-07-25T12:56:23.000Z
temu.com,id:6a6447c86317dbd4625c6ff8,native_id,6a6447c86317dbd4625c6ff8,1,false,1784964072,07/25/2026 07:21:12,Payed for item received wrong item…,Payed for item received wrong item spent 56dollars offered a $7.60 refund this place is a scam eBay you get what you pay for don’t recommend Temu unless you wish to loose money and get no help🤬🤬🤬🤬,Consumer,631949109c69470012db41ec,AU,4,"Hello, thank you for reaching out to us. We are sorry for any inconvenience caused. Customer satisfaction is of the utmost importance and we are constantly working to improve our service quality. If you need further assistance, please message us through Temu.com or Temu app live chat. We appreciate you giving us another chance to serve you. Best wishes, Temu team",2026-07-25T12:56:31.000Z
temu.com,id:6a64433e136fbdd98315b815,native_id,6a64433e136fbdd98315b815,1,false,1784962910,07/25/2026 07:01:50,Betrifft immer noch Temu . Paket vor die Tür gelegt ohne Genehmigung ,"Betrifft immer noch Temu . Paket ohne Genehmigung vor die Tür gelegt.Wenn ich wieder in Deutschland bin stelle ein neuen Kauf bei Temu ein.Stelle einen Antrag bei der Verbraucherzentrale um Hilfen.Auf Rat meines Anwalts werde ich Klage einreichen.Der Temu kundendienst hilft nicht ,er verdreht die Gesetzeslage.Das lasse ich mir nicht gefallen.Kaufen Sie keine hochpreisige Ware bei Temu bei Verlust  müssen Sie Klagen.Das ist glatter Betrug .Vom Kundendienst kommen nur Standart Antworten.Nie eine Lösung ",Peter schiller,61c486ef05adb600124a9de3,DE,28,"Hallo, vielen Dank, dass Sie sich an uns gewandt haben. Die Zufriedenheit unserer Kunden ist für uns von größter Bedeutung, und wir sind ständig bestrebt, uns zu verbessern. Bitte senden Sie uns eine Nachricht über Temu.com oder den Temu-App-Live-Chat, damit unser Kundenservice Team Ihnen helfen kann, dies sofort zu überprüfen. Viele Grüße, Temu Team",2026-07-25T12:57:13.000Z
temu.com,id:6a64415ba158b6e8f411c8df,native_id,6a64415ba158b6e8f411c8df,1,false,1784962427,07/25/2026 06:53:47,delivered to wrong address and refused money back awful service ,my parcel was delivered to the wrong address and I don't know where but the evri driver took a picture of it delivered outside of a block of flats not where I live and this was taken as proof of delivery and temu refused to refund me whilst evri just don't contact anyone so I'll be leaving a review for them as well but it seems i have no other options available and just have to accept the fact I'm not going to get my money back or the items purchased..i will never buy anything else from them and would certainly advise anyone doing so that you might end up losing your money.. absolutely awful service .. further to this i have contacted temu again and again only to get the same response i have other deliveries that should arrive today and still more on the way and not hopeful of getting them the reply shown here to contact temu again just seems to make it look like they are actually going to do something about it but I have been on there this morning and still got nowhere but I'll try yet again and update this accordingly .. well gave them another chance as they asked me to in the reply to this and after so many messages it's exactly the same no refund and looking at the delivery picture it's slightly blurred and you can't see sny numbers so I really couldn't say which block of flats it was delivered to but apparently that's proof of delivery but where it was delivered is another matter unbelievably I was asked to provide proof that it was either stolen or not received WTF.. how do I give them proof of this.. anyway if you use temu just be aware that this could happen and I hope you have a better experience than me.. although I wouldn't ever buy anything else from them and my family members have looked at the messages and were absolutely appalled so deleted temu .. I'm 64 yrs old and disabled due to serious illness i can't go around looking for parcels that are delivered elsewhere i have to get help to do so and like all of us can't afford to just throw money away.. even further information is that now another 2 parcels have gone missing delivered elsewhere and still temu refuse to refund or replace.. this is evri not delivering the items but it's also temu refusing to act or help in any way just an awful company i wouldn't use them again and if you have any issues with things beig delivered properly i would advise you not to use them either.. Amazon may be more expensive but they do look at the delivery and accept it wasn't made and they contact delivery companies on your behalf and give you refunds if necessary.. this is because they accept that the responsibility towards their customers is important temu do not they just take your money and don't care if you get the items you paid for or not... just a final note that advertised buyer protection is absolute pile of crap ,David Watling,64421b0f422657001336508b,GB,12,"Hello, thank you for reaching out to us. We are sorry for any inconvenience caused. Customer satisfaction is of the utmost importance and we are constantly working to improve our service quality. If you need further assistance, please message us through Temu.com or Temu app live chat. We appreciate you giving us another chance to serve you. Best wishes, Temu team",2026-07-25T12:57:23.000Z
temu.com,id:6a64405e0a3fc4a4b425ff9e,native_id,6a64405e0a3fc4a4b425ff9e,2,false,1784962174,07/25/2026 06:49:34,Pésimo sistema de entrega en la actualidad ,"Precios  de Temu en Argentina son medianamente asequibles, la calidad aceptable pero hay que leer muy bien de qué material es el producto y si realmente es la marca que dice en el detalle, respecto al tiempo de entrega un poco lento con Oca sin embargo los repartidores de la zona muy atentos y respetuosos además que avisan si no pudieron hacer la entrega y fecha en que regresarán al domicilio. Actualmente el reparto está a cargo de Andreani y es pésimo servicio además de llamar una vez que si no corres a la puerta se va de inmediato, al reclamar por e-mail o teléfono solamente responde un bot con respuesta muy acotada en mi caso que ""el repartidor visitará hasta 3 veces el domicilio y dejara cada vez una nota de visita"" lo que no se cumple, al reclamar personalmente este incumplimiento al repartidor habitual de la zona la respuesta fue (palabras textuales) ""yo no tengo jefes, ni  obligación de dejar nota alguna, vaya por mal educada a buscar el paquete a la sucursal ah!!!! (mirando la encomienda) y encima viene de China"" Impresentable, como si tuviera el derecho de indicar dónde y a quién comprar, igual no me sorprende hacían lo mismo al comprar a través de otras empresas como M L.",Sandra,6a0861695f73f9575ab380e7,AR,5,"Hola, gracias por ponerte en contacto con nosotros. Lamentamos cualquier inconveniente que hayas experimentado. La satisfacción del cliente es nuestra prioridad y trabajamos continuamente para mejorar nuestros servicios. Si necesitas más ayuda, por favor, envíanos un mensaje a través de Temu.com o utiliza el chat en vivo de la aplicación en este enlace: https://share.temu.com/NWGRVrrOSMA. Agradecemos que nos brindes otra oportunidad para servirte. Saludos, Equipo Temu",2026-07-25T12:57:37.000Z
temu.com,id:6a6435d1a5788ed91f0df453,native_id,6a6435d1a5788ed91f0df453,1,false,1784959473,07/25/2026 06:04:33,Actual quality of the products are lower than expected,Misleading photos in the product page. The so called free items promotion can lead you to make purchases first. The products in real life can be of very low quality; lower than what you would have exepected for the price paid (even after all the apparent discounts).,M  Khan,68fdc3388fbe556c1e6e3f69,AU,4,"Hello, thank you for shopping on Temu! Your feedback is extremely valuable to us and we are sorry that you are not satisfied with some of your items. We implement strict policies and control measures to ensure product quality and accurate product descriptions. Temu's Purchase Protection program offers full refunds if your items do not arrive, arrive damaged, or do not match the description or photos (https://www.temu.com/temu-purchase-protection.html). To apply for a refund, login to the Temu app or Temu.com with the account used for your order, open the ""Your orders"" page, and click ""Return/Refund."" For detailed return instructions, please visit https://www.temu.com/return-and-refund-policy.html. You can choose to receive your refund back to your original payment method or as Temu credits. If you need further assistance, please message us through Temu.com or Temu app live chat. Best wishes, Temu team",2026-07-25T12:57:45.000Z
temu.com,id:6a6434c92784432c6eea175e,native_id,6a6434c92784432c6eea175e,1,false,1784959209,07/25/2026 06:00:09,they sell junk and dun you with deceptive 'offers',"They sell stuff at prices too good to be true. Worth what you pay for it. However there are bigger issues. The last 2 orders were delivered to the wrong address and Temu's position was contact the shipper. They did not respond. Major issue is the multiple email 'offers' that you get dunned with after placing an order. They are all very deceptive. One good thing is that after trying one of these 'offers' and finding it deceptive, I canceled and got a refund quickly.",Kiko Reid,6a6434b5b06fbff961f4f34b,CA,1,"Hello, thank you for reaching out to us. We are sorry for any inconvenience caused. Customer satisfaction is of the utmost importance and we are constantly working to improve our service quality. If you need further assistance, please message us through Temu.com or Temu app live chat. We appreciate you giving us another chance to serve you. Best wishes, Temu team",2026-07-25T12:57:55.000Z
temu.com,id:6a64083d64f2c374493e75c6,native_id,6a64083d64f2c374493e75c6,1,false,1784947805,07/25/2026 02:50:05,Temù non si smentisce mai,"Temù non si smentisce mai. oggi ho ricevuto un mini termos senza tappo, senza cordone e con diverse parti ben visibili dove manca la vernice e si vede il bianco sotto. Temù mi offre solo la devoluzione con pagamento a carico mio.inoltre avevo ordinato un paio di pantaloni taglia 3XL e sono arrivati 2 taglie più piccole. Anche qui Temu offre solo la devoluzione a pagamento per il cliente. Sono dei ladri a tutti gli effetti. Non consegnano a domicilio. Fanno pagare il reso e rimborsano solo i soldi spesi per l'articolo difettoso , sbagliato o danneggiato circa 40 giorni dopo e sul credito temu per farti comprare ancora. Il cliente perde i soldi per la devoluzione ed è obbligato a comprare ancora. Temu Siete dei Ladri . Temù sinonimo di ladri professionali. voi non consegnate a domicilio, e fate pagare la devoluzione che molte volte e più cara del articolo in questione. e rimborsate dopo più di un mese. voi peggiorate ogni giorno che passa e sono tutte menzogne le vostre. non aiutate assolutamente il cliente. anzi gli fate spendere ulteriori soldi",PISATULE,5f8df4de5318ac0019298742,DO,18,"Ciao, grazie per averci contattato. Ci scusiamo per gli eventuali disagi. La soddisfazione del cliente è di massima importanza per noi e lavoriamo costantemente per migliorare la qualità del nostro servizio. Se hai bisogno di ulteriore assistenza, non esitare a mandarci un messaggio su Temu.com o utilizzare la live chat dell'app Temu tramite questo link: https://share.temu.com/NWGRVrrOSMA . Siamo grati per la continua fiducia riposta nei nostri servizi. A presto, Il Team Temu.",2026-07-25T12:58:02.000Z
temu.com,id:6a640405e9a4bf2e1b602017,native_id,6a640405e9a4bf2e1b602017,1,false,1784946725,07/25/2026 02:32:05,Compré una peluca defectuosa (ID de…,"Compré una peluca defectuosa (ID de Ticket: 1784422427069148 / Pedido: PO-069-16696894858870148). Por razones evidentes de higiene y salud, el producto defectuoso fue desechado.
Llevo días escuchando la misma respuesta en el chat y por ticket de que ""están verificando"", pero no emiten mi reembolso de 25,89 € a Saldo de Crédito ni reactivan mi cupón. Exijo la intervención de gerencia para procesar la exención de devolución (Returnless Refund) de inmediato.",Marlen Mafla,6a6403d4ff3db2c275c27621,FR,1,"Bonjour, merci d'avoir pris contact avec nous, et nous sommes désolés pour tout désagrément que cela a pu causer. La satisfaction du client est de la plus haute importance, et nous travaillons constamment à améliorer la qualité de notre service. Pourriez-vous s'il vous plaît nous contacter à nouveau via Temu.com ou le chat en direct de l'application Temu afin que nous puissions aider et enquêter immédiatement? Vous pouvez également visiter www.temu.com/support-center.html pour trouver plus de contacts du service client. Nous vous remercions de nous donner une autre chance de vous servir. Meilleurs vœux, l'équipe Temu",2026-07-25T12:58:16.000Z
temu.com,id:6a6401f3a0435078e13dda83,native_id,6a6401f3a0435078e13dda83,2,false,1784946195,07/25/2026 02:23:15,"I was told my account had discrepancies, but given no particulars. I guess an excellent credit rating doesn't count for much, nor a history of being a good customer.","Initially I had a good experience and that got better as they improved their site, such as checking addresses  before confirming an order. However, at one point the charge card I had on file with them was compromised and I cancelled it, forgetting  which businesses I had assigned it to. I didn't get and order, in retrospect I believe because of the credit card, but though it must have been out of stock. My next order I got informed about the credit card problem. I immediately contacted them and was told to put in a different credit card. I tried 3 and none worked. After various contacts with them I was informed that my account had 'discrepancies.' There was no indication of what these were nor any way to fix them. Having spent so much time trying to sort it out, I decided I would no longer do business with them. I particularly found the anonymous information about discrepancies offensive and unprofessional on their part. I have found other companies with much the same items I had gotten from them, sometimes better made. I cannot offer on explicit date as this communications happened over many weeks. My date of choice is approximate.
I was asked to provide further information and, as with my other interactions with TEMU, this is quite vague. I have explained that it happened over time with the final annoyance being that I could no longer have an account as none of my credit cards were accepted and, also, that I was charged with having, again anonymous, discrepancies in my account. In my case the customer, who, incidentally, has an excellent credit rating, does not come first, or anywhere else on the list. The customer is condemned by vague innuendoes. If you want more information, I suggest you check your own files.",Penelope Carter,5fef3213fdafce0019a85391,US,9,"Hello, thank you for reaching out to us. We are sorry for any inconvenience caused. Customer satisfaction is of the utmost importance and we are constantly working to improve our service quality. If you need further assistance, please message us through Temu.com or Temu app live chat. We appreciate you giving us another chance to serve you. Best wishes, Temu team",2026-07-25T12:58:24.000Z
temu.com,id:6a63f89e1bf3a2807aa5d573,native_id,6a63f89e1bf3a2807aa5d573,1,false,1784943806,07/25/2026 01:43:26,DO NOT SHOP FROM TEMU,"DO NOT SHOP FROM TEMU! THEY ARE THIEVES! THEY TAKE YOUR MONEY AND DO NOT DELIVER YOUR GOODS! THEY ARE IN CAHOOTS WITH EVRI!
ORDER NOT DELIVERED & REFUND REFUSED – UNACCEPTABLE CUSTOMER CARE
RATING: ⭐ (1 STAR)
I PLACED ORDER PO-210-09746860520310369 ON 14 JUNE 2026. ON 21 JULY, IT WAS MARKED AS ""DELIVERED"" BY EVRI, BUT I NEVER RECEIVED THE PARCEL.
I LIVE ALONE IN A 21-STOREY BUILDING WITH OVER 120 IDENTICAL FLAT DOORS. THE COURIER'S DELIVERY PHOTO MERELY SHOWS A PARCEL OUTSIDE AN UNIDENTIFIED DOOR WITH NO FLAT NUMBER OR FLOOR. THERE IS ZERO PROOF THIS WAS DELIVERED TO MY ACTUAL PROPERTY. AS WIDELY REPORTED IN UK NEWS, COURIERS FREQUENTLY TAKE A QUICK PHOTO OF A PARCEL OUTSIDE A RANDOM DOOR AND THEN TAKE THE ITEM BACK WITH THEM.
DESPITE PROVIDING PHOTOGRAPHIC EVIDENCE OF THE IDENTICAL DOORS IN MY BUILDING AND CITING MY RIGHTS UNDER THE UK CONSUMER RIGHTS ACT 2015 (SECTION 29), TEMU CUSTOMER SERVICE REFUSED MY REFUND (£17.87) AND SENT AUTOMATED RESPONSES. THEIR SYSTEM INITIALLY APPROVED THE REFUND, THEN CHANGED IT TO ""REFUND FAILED"" WITHOUT EXPLANATION.
REFUSING TO REFUND AN UNDELIVERED PACKAGE IS COMPLETELY UNACCEPTABLE. I HAVE NOW FORMALLY DISPUTED THE TRANSACTION (CHARGEBACK) THROUGH MY BANK. AVOID TEMU IF YOU EXPECT BASIC CUSTOMER PROTECTION.

",Kuncheva,6a63f707ff3db282bbc26ec6,GB,1,"Hello, thank you for reaching out to us. We are sorry for any inconvenience caused. Customer satisfaction is of the utmost importance and we are constantly working to improve our service quality. We will follow up on this matter. If you need further assistance, please message us through Temu.com or Temu app live chat. We appreciate you giving us another chance to serve you. Best wishes, Temu team",2026-07-25T03:04:26.000Z
temu.com,id:6a63f88b118eaf14ac5a524d,native_id,6a63f88b118eaf14ac5a524d,1,false,1784943787,07/25/2026 01:43:07,2 produtos com mesmo defeito,"2 produtos com mesmo defeito, seguidos. Primeiro produto com defeito e chegou ATRASADO. Segundo produto EXACTAMENTE IGUAL comprado de seguida , vem com o mesmo defeito. PO-163-15563512197750451. TEMU não assume responsabilidade e obriga o cliente a deslocar-se a posto de correios para devolver o artigo, inutilizado e sem valor comercial.",Emilio Fernandes,6a4e9d694024a4139c9b7e04,PT,9,"Olá, obrigado por nos ter contactado. Lamentamos qualquer incómodo causado. A satisfação do cliente é da maior importância e estamos constantemente a trabalhar para melhorar a qualidade do nosso serviço. Iremos dar seguimento a esta questão. Se precisar de mais assistência, envie-nos uma mensagem através de Temu.com ou do chat ao vivo da app Temu através desta ligação: https://share.temu.com/SIfmZCHAcBA. Agradecemos por nos dar outra oportunidade de o servir. Os melhores cumprimentos, Equipa Temu",2026-07-25T03:04:40.000Z
temu.com,id:6a63eb66d4fbe4adfc90e9e6,native_id,6a63eb66d4fbe4adfc90e9e6,1,false,1784940422,07/25/2026 00:47:02,Let's blame the customer instead of Temu the worst comoany in the world,"I have been arguing with Temu for over 18 months. They say there is a dispute on my account l have sent them proof time and time again evidence that this is not the case but they still refuse to open my account. They are forever apologising escalating and nothing is done.
I also think because l am elderly They just dont care. They are causing me great distress They are the worse company in the world.",Helen Pouniotis,566731940000ff0001f1834e,AU,4,"Hello, thank you for reaching out to us. We are sorry for any inconvenience caused. Customer satisfaction is of the utmost importance and we are constantly working to improve our service quality. We will follow up on this matter. If you need further assistance, please message us through Temu.com or Temu app live chat. We appreciate you giving us another chance to serve you. Best wishes, Temu team",2026-07-25T03:04:54.000Z
temu.com,id:6a63dbad26a961433e758561,native_id,6a63dbad26a961433e758561,1,false,1784936397,07/24/2026 23:39:57,Los productos son engañosos ,"Los productos son engañosos , algunos ni siquiera sirven por su tamaño ( pretal para el gato que no entra ni en la muñeca de un bebé,
Otros sirven pero no son como se los muestra o promociona
Algunos productos de MUY MALA CALIDAD (planta DE varillas de bambú,un ESPANTO DE ORDINARIAS Y FEAS),
Te marean con los precios y los descuentos y cuando vas a pagar te encontrás  siempre con un importe bastante mayor.
NO LOS PUEDO CAMBIAR NI ME REEMBOLSAN
Sinceramente plata tirada,
",Graciela Cordasco,6a63d9fe236e3db0eee37110,AR,1,"Hola, gracias por ponerte en contacto con nosotros. Lamentamos cualquier inconveniente que hayas experimentado. La satisfacción del cliente es nuestra prioridad y trabajamos continuamente para mejorar nuestros servicios. Estaremos dando seguimiento a este asunto. Si necesitas más ayuda, por favor, envíanos un mensaje a través de Temu.com o utiliza el chat en vivo de la aplicación en este enlace: https://share.temu.com/NWGRVrrOSMA. Agradecemos que nos brindes otra oportunidad para servirte. Saludos, Equipo Temu",2026-07-25T03:05:07.000Z
temu.com,id:6a63d1aba464632cba785b97,native_id,6a63d1aba464632cba785b97,1,false,1784933835,07/24/2026 22:57:15,Versteckte Kosten!!!,"Versteckte Kosten!!!! Bei der Produktauswahl erscheint ein Angebotspreis der in den Warenkorb übertragen wird. Wenn Du dann bezahlst, erscheint eine höhere Abbuchung auf deinem Konto. Wenn Du Dir dann den Kassenbon ansiehst, hast Du dann hohe Importgebühren. Keine Hinweise bei der Produktauswahl. Das ist Betrug.",Detlef Kunert,69207a9534d80c101d80fc89,PL,4,"Hallo, vielen Dank, dass Sie sich an uns gewandt haben. Die Zufriedenheit unserer Kunden ist für uns von größter Bedeutung, und wir sind ständig bestrebt, uns zu verbessern. Bitte senden Sie uns eine Nachricht über Temu.com oder den Temu-App-Live-Chat, damit unser Kundenservice Team Ihnen helfen kann, dies sofort zu überprüfen. Viele Grüße, Temu Team",2026-07-25T03:05:18.000Z
temu.com,id:6a63d0304b81e25420482606,native_id,6a63d0304b81e25420482606,1,false,1784933456,07/24/2026 22:50:56,Livraison jamais arrivé site a…,"Livraison jamais arrivé site a proscrire beaucoup de relance pour commander mais aucune livraison !!!
Site très décevant ne surtout faire de commande.",Pascal Moreno,66a88f05f440a981bb9cc771,FR,3,"Bonjour, merci pour vos commentaires et nous nous excusons pour les désagréments. La satisfaction du client est de la plus haute importance, et nous travaillons constamment à améliorer la qualité de notre service. Si vos articles n'arrivent pas, arrivent endommagés ou ne correspondent pas à la description ou aux photos, vous bénéficierez d'un remboursement intégral dans le cadre du programme de Protection des Achats de Temu (https://www.temu.com/temu-purchase-protection.html). Pour demander un remboursement, connectez-vous à l'application Temu ou à Temu.com avec le compte utilisé pour votre commande, ouvrez la page ""Vos commandes"" et cliquez sur ""Retour/Remboursement"". Si vous ne voyez pas d'inconvénient à nous fournir votre numéro de commande, veuillez nous contacter via Temu.com ou le chat en direct de l'application Temu afin que nous puissions vous aider à résoudre votre problème. Meilleurs vœux, l'équipe Temu",2026-07-25T03:05:31.000Z
temu.com,id:6a63ce90ae50c24d407c91f1,native_id,6a63ce90ae50c24d407c91f1,5,false,1784933040,07/24/2026 22:44:00,The user regularly buys different…,"The user regularly buys different products, has not experienced problems with orders, and is very satisfied with the service.
",Quire Katrin,6a0b0cf198a7925ac952ca53,CZ,3,"Hello, thank you for shopping with us and sharing your 5-star experience! We are so glad you've been enjoying your experience so far. Customer satisfaction is of the utmost importance and we are constantly working to improve our service quality. If you need any assistance, please message us through Temu.com or Temu app live chat. Best wishes, Temu team",2026-07-25T03:07:08.000Z
temu.com,id:6a63c6f6c602a0a13e720f0a,native_id,6a63c6f6c602a0a13e720f0a,1,false,1784931094,07/24/2026 22:11:34,Evelyx parfume,Har købt en parfume på Evelyn via temu. Denne har så dårlig lugt at jeg på holde den pakket sammen i bobbelplast og poser. Den var ikke  med cellofan PM men bare i en gammel slidt æske. Kunne ikke trykke parfumen ud.knab defekt.  Den står under ægte parfumer.  De nægter at tage den retur.  Da jeg har åbnet pakken. Hold jer langt væk fra Evelyn parfumer.,Tina ,5f565efafb6952b3bd5b2211,DK,10,"Hej, tak fordi du kontaktede os. Vi er kede af den ulejlighed, det har medført. Kundetilfredshed er af største vigtighed, og vi arbejder konstant på at forbedre vores servicekvalitet. Vi vil følge op på denne sag. Hvis du har brug for yderligere hjælp, bedes du sende os en besked via Temu.com eller Temu app live chat via dette link: https://share.temu.com/NWGRVrrOSMA. Vi sætter pris på, at du giver os endnu en chance for at betjene dig. De bedste ønsker, Temu-teamet",2026-07-25T03:05:50.000Z
temu.com,id:6a63c637dcb01d47f326dc97,native_id,6a63c637dcb01d47f326dc97,1,false,1784930903,07/24/2026 22:08:23,I would avoid Temu,I would avoid Temu as their goods don't last more than 3-4 months. Their customer services are atrocious. Even if you follow their returns policy they still denied a refund or even a partial refund as it was passed 90 days but clearly the item no longer worked. ,Miss Louise Mansi,5745c6880000ff000a235379,GB,32,"Hello, thank you for shopping on Temu! Your feedback is extremely valuable to us and we are sorry that you are not satisfied with some of your items. We implement strict policies and control measures to ensure product quality and accurate product descriptions. Temu's Purchase Protection program offers full refunds if your items do not arrive, arrive damaged, or do not match the description or photos (https://www.temu.com/temu-purchase-protection.html). To apply for a refund, login to the Temu app or Temu.com with the account used for your order, open the ""Your orders"" page, and click ""Return/Refund."" For detailed return instructions, please visit https://www.temu.com/return-and-refund-policy.html. You can choose to receive your refund back to your original payment method or as Temu credits. Temu credits will appear in your Temu credit balance within 3 minutes and can be used immediately. If you choose to receive your refund back to your original payment method, please allow 5-14 business days for it to appear since timing depends on your financial institution. If you need further assistance, please message us through Temu.com or Temu app live chat. Best wishes, Temu team",2026-07-25T03:06:02.000Z
temu.com,id:6a63b951653977dd34c38877,native_id,6a63b951653977dd34c38877,1,false,1784927601,07/24/2026 21:13:21,I was supposed to get 5 free items when…,I was supposed to get 5 free items when I bought a $20 I got 1 free item why I've bout from temu  for year got my family in it too but I got screwed out of 4 free items so I quit buying ,Thomas k Barnes,6643f6e769797074c2065873,US,2,"Hello, thank you for participating in our promotional activities and we are sorry that you are experiencing difficulties with your rewards. Customer satisfaction is of the utmost importance and we are constantly working to improve our service quality. Please contact us again through Temu.com or Temu app live chat so we can help you investigate right away. Best wishes, Temu team",2026-07-25T03:06:15.000Z
temu.com,id:6a63b43f61d0773709815c60,native_id,6a63b43f61d0773709815c60,1,false,1784926303,07/24/2026 20:51:43,3 motivi per lasciare Temu,"3 motivi per lasciare Temu, 1 - prezzi maggiorati per i dazi (altri non lo fanno) 2- rimborsi non pervenuti  se non scontati su altri acquisti, 3 - reso scarpe, mi è stato inviato un qcode inesistente, neppure la Posta l'ha riconosciuto così mi tengo scarpe che non uso. Io molto delusa!!!! ",NAVARRA Maria Grazia,61b2f6f0aefb8f00131f1343,IT,8,"Ciao, grazie per averci contattato. A Temu diamo molta importanza nel fornire la massima  trasparenza sui costi. Oltre al prezzo dell'articolo, potrebbero essere applicati costi aggiuntivi in conformità con le normative o con i requisiti di legge locali, come tasse, dazi o altre commissioni obbligatorie. Tutti gli importi previsti sono chiaramente indicati prima di effettuare l’acquisto e possono essere riveduti nell'email di conferma dell'ordine o sulla ricevuta. Per qualsiasi domanda sull'importo dell'ordine, non esitare a contattarci tramite temu.com o via chat nell'app Temu, specificando i dettagli del tuo ordine. Il nostro team effettuerà le dovute verifiche e sarà felice di fornirti tutto il supporto necessario. A presto, Il Team di Temu.",2026-07-25T03:06:29.000Z
temu.com,id:6a63b2fb734632b916a3bd5a,native_id,6a63b2fb734632b916a3bd5a,1,false,1784925979,07/24/2026 20:46:19,J'ai passé une commande il y a un peu…,J'ai passé une commande il y a un peu moins d'une semaine trois brumes et un parfum le vendeur a envoyé une mauvaise brume j'ai demandé le remboursement il a demandé le retour de la brume je ne sais pas si je vais être remboursé car le vendeur ne répond pas aux messages j'ai demandé qu'on me renvoie le bon article sauf qu'on m'a dit de renvoyer l'a brume et que je serai remboursé j'ai redemandé qu'on fasse le nécessaire sauf que maintenant c'est en rupture de stock c'est vraiment lamentable perte de temps et d'argent surtout que le Point Relais est à 30 minutes de chez moi plus l'impression exetera le colis ,Sana Amimour,678920a069e3d6c5ee363eb9,FR,10,"Bonjour, merci d'avoir pris contact avec nous, et nous sommes désolés pour tout désagrément que cela a pu causer. La satisfaction du client est de la plus haute importance, et nous travaillons constamment à améliorer la qualité de notre service. Pourriez-vous s'il vous plaît nous contacter à nouveau via Temu.com ou le chat en direct de l'application Temu afin que nous puissions aider et enquêter immédiatement? Vous pouvez également visiter www.temu.com/support-center.html pour trouver plus de contacts du service client. Nous vous remercions de nous donner une autre chance de vous servir. Meilleurs vœux, l'équipe Temu",2026-07-25T03:06:43.000Z
temu.com,id:6a63b22064aca377752ff9a0,native_id,6a63b22064aca377752ff9a0,1,false,1784925760,07/24/2026 20:42:40,Man kan ikke få fat i kunde service,"Man kan ikke få fat i kunde service, så skriver det her.
Hi Temu
As you can see I am a very active customer of yours.
But I am very tired of everything I buy from you. It says it will be delivered within 2-3 working days. Once I have paid and the order confirmation comes it is 10-15 days delivery.
Wouldn't it be better if you were honest from the start????
Instead of starting a business by lying to the customers???
That is not how European companies behave.
Apparently it is ok in China to start by lying

In Denmark, for example, we say it will take 5 days. Even though we expect a maximum of 4 days. Then the customer is happy because it arrived ahead of schedule.

",Fl,4da6c1be000064000107da04,DK,78,"Hello, thank you for reaching out to us. We are sorry for any inconvenience caused. Customer satisfaction is of the utmost importance and we are constantly working to improve our service quality. If you need further assistance, please message us through Temu.com or Temu app live chat. We appreciate you giving us another chance to serve you. Best wishes, Temu team",2026-07-25T08:07:37.000Z
temu.com,id:6a63a8a933b038b1d5dc1708,native_id,6a63a8a933b038b1d5dc1708,3,false,1784923337,07/24/2026 20:02:17,Ordered some stuff from Temu a few…,Ordered some stuff from Temu a few weeks ago. Really happy with the quality. Prices are competitive too.,Destiny Evans,6a63a896ff3db20202c2134f,US,1,"Hello, thank you for your feedback! Temu is an e-commerce company that connects consumers with a network of merchandise partners, manufacturers and brands with the mission to empower consumers to live their best lives. Customer satisfaction is of the utmost importance and we are constantly working to improve our service quality. If you need further assistance, please message us through Temu.com or Temu app live chat. Best wishes, Temu team",2026-07-25T08:07:45.000Z
temu.com,id:6a639dcb081859c022dc927c,native_id,6a639dcb081859c022dc927c,2,false,1784920555,07/24/2026 19:15:55,Negative 5 or an ‘F’ grade for their app,"First off, let me start by saying that I’m making a review on the experience I’ve had with the app and the experience that I’ve had with shopping on temu.com
I’m rating the Temu app with a NEGATIVE 5 based on its EXTREME persistence to push you to buy with the spinning wheels and flash fast messages no matter how many times you try closing the “game” windows. Every time you hit to close out ANOTHER game window pops up insisting that you “spin the wheel”. The other thing that is concerning is the excessive texts you receive from them, especially the ones stating that because you’re such a great customer and they’re “feeling generous” they are “reimbursing your purchase”. To be clear, the definition of reimbursement means ‘to return monies [you’ve spent] on a purchase’. I fell for that trap thinking I was actually receiving money back from Temu because the price on an item I bought had dropped between the time I purchased the item/s and the time it shipped. No! I followed the prompts guiding me to “choose an item” to qualify for said reimbursement and hit checkout only to find that there is no reimbursement but that I was charged FULL PRICE for the items I was supposed to get said reimbursement on!!! I had to then go through the process of requesting a refund for what they charged to my account!! This happened day before yesterday.
I did some research on Temu and their horrible performance and will take the suggestion of someone else who was taken in by their ploys and delete my account and block them from texting me. IF I feel to buy more of what I previously bought I’ll only shop through my private browser, using an entirely separate account and private phone number.
Next, my purchases: I have bought women’s pjs, pants, sneakers and rechargeable lights, a tiny air cooler fan system with a water misting capability, a cat toy and some other small things that I’m truly happy with. But I *have* found MANY sellers that have padded their items with fake or several times reposted “customer” reviews to try fooling you into thinking the item is a 5 star perfect purchase. Often you’ll see the EXACT product pictured several times but under a different seller name for either more or very slightly less than the price you looked at. BEWARE!! I’ve reported those and blocked them but I don’t have confidence that Temu’s “security” actually follows through on those alerts.
So far, I’ve received my items in good shape, secured boxing and in ziplock bags for the clothing. But they need to do MUCH better overall.

",Colón,6a63960db06fbfb091f45e5b,US,1,"Hello, thank you for participating in our promotional activities and we are sorry that you are experiencing difficulties with your rewards. Customer satisfaction is of the utmost importance and we are constantly working to improve our service quality. Please contact us again through Temu.com or Temu app live chat so we can help you investigate right away. Best wishes, Temu team",2026-07-25T08:08:03.000Z
temu.com,id:6a639595a1f63ab9f7afc2fd,native_id,6a639595a1f63ab9f7afc2fd,1,false,1784918453,07/24/2026 18:40:53,TEMU = Manipulación ,"Son manipuladores, no cumplen sus promesas ni con sus ofertas ni con sus regalos ni con sus bonos. Son absolutamente engañosos. No volveré a comprar en TEMU. Por favor, utilicen el pequeño comercio, autónomos, TEMU nos engaña y manipula. No merecen ni una sola estrella...",Ana Bernal,65e37ce79afd74001251a7ca,ES,5,"Hola, gracias por participar en nuestras actividades promocionales. Lamentamos las dificultades que has experimentado con tus recompensas. La satisfacción del cliente es de suma importancia y estamos trabajando constantemente para mejorar la calidad de nuestro servicio. Si necesitas más ayuda, no dudes en enviarnos un mensaje a través del chat en Temu.com o en la app de Temu. Estaremos encantados de investigar tu caso y ofrecerte una solución. ¡Que tengas un buen día!  Saludos, Equipo Temu",2026-07-25T08:08:27.000Z
temu.com,id:6a63928d5b102c4df608a9b5,native_id,6a63928d5b102c4df608a9b5,1,false,1784917677,07/24/2026 18:27:57,Shocking business.,"Shocking business.
11 days to from date of order to the date they got my order actually packed.
I ordered 5 small items only.
But 11 days to pack it and get it on its way. How redicolous.  Oh and they cancelled one of my personalised items mind you which was a remembrance plaque of my partner that passed away last year. Item was personalised on 11th july and then come Tuesday 21st this was cancelled by temu saying out of stock. How redicolous.  How can an item I had personalised on 11th take so long to personalised and then 10 days later tell me my personalised item is out of stock.
What anoys me is they are still advertising the plaque on there website I chose for personalisation. So how can it be out of stock if still being advertised on your platform.
Temu are not fit for purpose. ",David Davis,63c0a151dec43600121c4c1f,GB,156,"Hello, thank you for reaching out to us. We are sorry for any inconvenience caused. Customer satisfaction is of the utmost importance and we are constantly working to improve our service quality. If you need further assistance, please message us through Temu.com or Temu app live chat. We appreciate you giving us another chance to serve you. Best wishes, Temu team",2026-07-25T08:08:36.000Z
temu.com,id:6a63923926b9019680bf0a3d,native_id,6a63923926b9019680bf0a3d,1,false,1784917593,07/24/2026 18:26:33,Selbst mehrer 100 Euro monatelang sind…,Selbst mehrer 100 Euro monatelang sind die Rabatte für die Katz. Andauernd wird mit Rabatte geworben und lenkt ab. So sehr das ich nicht mehr bestelle ,Carolin Feßer,64c15201a1676b0012185502,DE,2,"Hallo, vielen Dank, dass Sie an unseren Sonderaktionen teilgenommen haben. Es tut uns leid, dass Sie Schwierigkeiten mit Ihren Prämien haben. Die Zufriedenheit unserer Kunden ist uns sehr wichtig und wir arbeiten ständig daran, unsere Servicequalität zu verbessern. Bitte kontaktieren Sie uns über www.temu.com/support-center.html, damit wir Ihnen helfen können, Ihr Problem mit den Prämien sofort zu lösen. Viele Grüße, Temu Team",2026-07-25T08:08:45.000Z
temu.com,id:6a638f2a7adfbf74257adf1b,native_id,6a638f2a7adfbf74257adf1b,1,false,1784916810,07/24/2026 18:13:30,The clothes hardly ever 9b tine I've…,The clothes hardly ever 9b tine I've been waiting on this one item for almost 3 weeks. I rather shop off of shein they are sufficient when ordering no delays. I'm going back to shein as of today ,Tina ,6113976770c8830012df0679,US,5,"Hello, thank you for shopping with us and we are sorry you are experiencing difficulties with your recent orders. You can track your shipping status and see your expected delivery date directly in the Temu app or on Temu.com. If your order arrives later than the estimated delivery date, you will receive Temu credits as a sign of appreciation for your patience. Finally, if your items do not arrive, arrive damaged, or do not match the description or photos, you will be offered a full refund under Temu's Purchase Protection program (https://www.temu.com/temu-purchase-protection.html). Customer satisfaction is of the utmost importance and we are constantly working to improve our service quality. If you need further assistance, please message us through Temu.com or Temu app live chat. We appreciate you giving us another chance to serve you. Best wishes, Temu team",2026-07-25T08:08:52.000Z
temu.com,id:6a638e1bc6ad2558d60481b9,native_id,6a638e1bc6ad2558d60481b9,1,false,1784916539,07/24/2026 18:08:59,De zoeknachine van Temu is bagger,De zoeknachine van Temu is bagger. Als je zoekt naar arduino en je krijgt alleen maar esp32 bordjes te zien en andere niet relevante troep. De meest betalende krijgt zeker voorrang. Zoeken word je onmogelijk gemaakt. Als je iets zoekt en twee woorden gebruikt krijg je een miljoen dingen te zien die nergens op slaan en wat je zoekt jrijg je niet te zien  leve de ai zoeknachines die niks snappen.,Ronald van den Bulck,5e426a4e48e55789f5ea131f,NL,2,"Hoi, bedankt voor je bericht. Onze excuses voor enig ongemak, jouw tevredenheid vinden we belangrijk en we werken voortdurend aan het verbeteren van onze dienstverlening. Als je hulp nodig hebt kan je contact opnemen via Temu.com of via de app door deze link te gebruiken: https://share.temu.com/NWGRVrrOSMA. We waarderen het dat je ons nog een kans geeft om je van dienst te zijn. Vriendelijke groeten, Team Temu",2026-07-25T08:09:01.000Z
temu.com,id:6a638b1a161ec0e7f9770e51,native_id,6a638b1a161ec0e7f9770e51,1,false,1784915770,07/24/2026 17:56:10,Prélèvement 2 fois le même jour la même somme ,"J’ai commandé plusieurs articles , Temu me prélève 2 fois la même somme le même jour , j’ai fais des réclamations, ils me disent que c’est en cours mais pas de nouvelles depuis 
C’est la dernière fois que je commande chez eux , ce sont des escrocs , je ne recommande pas du tout ",daumie gavini,65c5ee795329cd0012c4fc27,FR,3,"Bonjour, merci d'avoir pris contact avec nous, et nous sommes désolés pour tout désagrément que cela a pu causer. La satisfaction du client est de la plus haute importance, et nous travaillons constamment à améliorer la qualité de notre service. Pourriez-vous s'il vous plaît nous contacter à nouveau via Temu.com ou le chat en direct de l'application Temu afin que nous puissions aider et enquêter immédiatement? Vous pouvez également visiter www.temu.com/support-center.html pour trouver plus de contacts du service client. Nous vous remercions de nous donner une autre chance de vous servir. Meilleurs vœux, l'équipe Temu",2026-07-25T08:09:09.000Z
temu.com,id:6a638ab23511e702089db80a,native_id,6a638ab23511e702089db80a,1,false,1784915666,07/24/2026 17:54:26,In delivery / out for delivery,"In delivery / out for delivery

It’s been months since complaining on here and when I last was on here Temu was 2% now it’s 1.8% which I’m really not surprised at. At one time I thought things were improving but alas no which is a shame.
2 days ago I received an email my parcel was out for delivery so I stayed home to receive it …it never arrived ! 
Yesterday there was much communication between Temu and myself, as always there had been problems  and many different excuses made by Temu. 
Once again I’ve received an email out for delivery  but I won’t hold my breath
So in a nutshell Nothing changes at TEMU….honestly how can this group expect to continue if they learn nothing from their mistakes. 
A total disgrace 

More information the email I received 24/07/26 in the morning and after I'd written this review. That evening I had a further update that the 'delivery had failed. 
Temu offer €10 credit your having a laugh. 
Is anyone help and support actually reading all these complaints more to the point is anyone rectifying these complaints there are enough of them. ",Sharrone Butt,68bdbf78cc7c94d5b6557d03,ES,7,"Hello, thank you for reaching out to us. We are sorry for any inconvenience caused. Customer satisfaction is of the utmost importance and we are constantly working to improve our service quality. If you need further assistance, please message us through Temu.com or Temu app live chat. We appreciate you giving us another chance to serve you. Best wishes, Temu team",2026-07-25T08:09:38.000Z
temu.com,id:6a6389f9a0b7de050a3089ec,native_id,6a6389f9a0b7de050a3089ec,2,false,1784915481,07/24/2026 17:51:21,misuratori di glicemia,Temu promuove la vendita anche in Italia sistemi di misurazione della glicemia / glucosio che che si usano in molti altri paesi ma nel nostro paese sono sconosciuti e questo non va bene!,Arnaldo,58bd43070000ff000a7e74fb,IT,21,"Ciao, grazie per averci contattato. Temu è una società di e-commerce che mette in contatto i consumatori con una rete di partner commerciali, produttori e marchi con la missione di consentire ai consumatori di comprare quello che gli piace e migliorare la propria vita. La soddisfazione del cliente è di massima importanza per noi e lavoriamo costantemente per migliorare la qualità del nostro servizio. Se hai bisogno di ulteriore assistenza, non esitare a inviarci un messaggio su Temu.com o tramite la live chat dell'app Temu, siamo felici di rispondere a qualsiasi tua domanda. A presto, Il Team Temu.",2026-07-25T08:09:57.000Z
temu.com,id:6a638970d57e558e0997b262,native_id,6a638970d57e558e0997b262,1,false,1784915344,07/24/2026 17:49:04,Compramos un portátil roto in octubre 2025 ,"Compramos un portátil a finales de octubre 2025.  Desde el principio, era lento y tenía problemas para conectarse al Wi-Fi, pero funcionaba. En julio 2026 vimos por primera vez una pantalla negra y códigos de error. Desde el 18 de julio, hemos estado en contacto con Temu, intentando devolver el portátil. Cada vez aparece un agente diferente, que nos da instrucciones de devolución inútiles, sabiendo que es imposible imprimir una etiqueta porque han pasado más de 90 días. Algunos nos piden fotos, otros vídeos, una descripción del problema... Cada vez nos ponen una nueva tarea. ¡Estamos de vuelta al punto de partida! Al final, pagamos el dinero y nos quedamos con un portátil roto. ¡Y no hay nadie con quien hablar! Nos sentimos estafados.
TEMU only dragging the time without any solutions for detective product under warranty period of time. I stuck with defective laptop and without money I paid for. IN MY OPINION SO FAR - DON'T BUY FROM TEMU IF YOU ASSUMING THAT YOU HAVE WARRANTY! IN MY CASE TEMU IS NOT HONORING WARRANTY AT ALL. BE AWARE!",Alex,69667d54c37c2848f10e4a88,ES,2,"Hola, gracias por ponerte en contacto con nosotros. Lamentamos cualquier inconveniente que hayas experimentado. La satisfacción del cliente es nuestra prioridad y trabajamos continuamente para mejorar nuestros servicios. Si necesitas más ayuda, por favor, envíanos un mensaje a través de Temu.com o utiliza el chat en vivo de la aplicación en este enlace: https://share.temu.com/NWGRVrrOSMA. Agradecemos que nos brindes otra oportunidad para servirte. Saludos, Equipo Temu",2026-07-25T08:10:06.000Z
temu.com,id:6a6387b66941ee5866209181,native_id,6a6387b66941ee5866209181,1,false,1784914902,07/24/2026 17:41:42,Arnaque ,"

Ce site est un site qui escroque les clients. 
Premièrement le chat c'est soit des robots soit des copier coller de réponses toutes prêtes qui ne correspondent pas aux demandes des clients. 
Deuxièmement, vous attribuez un agent qui est là pour aider le client, qui promet des choses et à l'arrivée vous ouvrez des tickets que vous refermez sans avoir résolu le problème attendant que le client se lasse pour l'escroquer.
Actuellement sur le tickets qui vient d'être ouvert 3 personnes différentes sont intervenues en ne lisant pas les échanges et en faisant des réponses qui ne répondaient en rien à ma demande. 
Ce qui est très grave,  c'est que l'argent dépensé,  c'était l'argent de poche économisé par mon enfant et qui n'a pas reçu ce à quoi il s'attendait. 
Sans parler que maintenant Temu fait payer des frais supplémentaires,  du coup j'ai également été escroquée en me faisant rembourser par le passer surmon compte Temu,  car les prix qu'ils annoncent sont faux.
Récemment on me disait de commander deux articles,  j'en avais pour moins de 4€ avec la livraison gratuite et je suis passée à 10,71€.
",Bisounours,5e84c5f387efaca684d27ad4,FR,44,"Bonjour et merci de nous avoir contactés. Chez Temu, nous tenons à toujours être transparents concernant les frais applicables. En plus du prix de l'article, certains frais peuvent s'appliquer conformément aux réglementations locales ou aux exigences en vigueur, tels que des taxes ou d'autres frais obligatoires. Tous les frais applicables sont clairement affichés avant le paiement et peuvent être consultés dans votre e-mail de confirmation de commande ainsi que sur votre reçu. Si vous avez des questions concernant le montant de votre commande, n'hésitez pas à nous contacter via Temu.com ou depuis le chat en direct sur l'application Temu en vous munissant des détails de votre commande. Nous vous aiderons à vérifier ces informations et serons ravis de vous apporter toute assistance complémentaire. Cordialement, l'équipe Temu",2026-07-25T08:10:14.000Z
temu.com,id:6a6384fe37b0ea68db74e413,native_id,6a6384fe37b0ea68db74e413,1,false,1784914206,07/24/2026 17:30:06,Poor quality jigsaw puzzles ,I ordered 3 jigsaw puzzles. Two came in plain black boxes with a small computer printed photo glued to the top.  Another came in a black plastic bag with photo glued on. There was no additional photo included with the puzzle pieces.  The boxes were damaged.  The pieces are very thin.  Absolute junk.  ,Jean Miller,6a6384edc2526c5eba994f0c,US,1,"Hello, thank you for shopping on Temu! Your feedback is extremely valuable to us and we are sorry that you are not satisfied with some of your items. We implement strict policies and control measures to ensure product quality and accurate product descriptions. Temu's Purchase Protection program offers full refunds if your items do not arrive, arrive damaged, or do not match the description or photos (https://www.temu.com/temu-purchase-protection.html). To apply for a refund, login to the Temu app or Temu.com with the account used for your order, open the ""Your orders"" page, and click ""Return/Refund."" For detailed return instructions, please visit https://www.temu.com/return-and-refund-policy.html. You can choose to receive your refund back to your original payment method or as Temu credits. If you need further assistance, please message us through Temu.com or Temu app live chat. Best wishes, Temu team",2026-07-25T08:10:22.000Z
temu.com,id:6a6382efa379d20560dc7f25,native_id,6a6382efa379d20560dc7f25,4,false,1784913679,07/24/2026 17:21:19,Topp,bis jetzt keine Probleme gehbat immer alles top,Müller,6a637961236e3d532ee2db49,DE,2,"Hallo, vielen Dank, dass Sie bei uns eingekauft und Ihre 5-Sterne-Erfahrung geteilt haben! Es ist uns eine Freude, Ihnen zu helfen, und wir hoffen, dass wir unseren Kunden weiterhin das beste Einkaufserlebnis auf Temu bieten können. Wenn Sie Hilfe benötigen, senden Sie uns bitte eine Nachricht auf Temu.com oder über den Temu-App Live-Chat. Viele Grüße, Temu-Team",2026-07-25T09:44:18.000Z
temu.com,id:6a63698f3089d632b610b7bb,native_id,6a63698f3089d632b610b7bb,1,false,1784907183,07/24/2026 15:33:03,I used to be a regular customer,"I used to be a regular customer, but after my recent experiences with Temu, I strongly advise everyone to be extremely cautious. Temu heavily advertises their ""Local Warehouse"" delivery as a major feature, but in reality, you pay the exact same price (or sometimes higher) as you would on major marketplaces like Amazon. The difference is that Amazon delivers the item the same day or next day, while Temu's ""local"" package takes weeks to arrive from halfway across the country, completely missing their guaranteed delivery windows. On top of that, most items are extremely low quality—what looks decent in pictures turns out to be cheap trash. The app is also filled with predatory and manipulative games like Farmland and Fishland designed to waste your time and trick you into buying useless items. When a package is delayed past the contract deadline or misdelivered, customer service becomes a complete nightmare. I spent 3.5 hours in support chats being repeatedly gaslighted. They accept invalid ""proof of delivery"" photos (like a package sitting on a driver's lap in their vehicle or generic photos without unit numbers) while demanding buyers file police reports for minor missing items. Even when you explicitly cancel an order due to a breach of delivery terms, they ignore you, force the late package onto your doorstep, and refuse a proper refund. To make matters worse, instead of returning funds to the original payment card they unlawfully dump it into Temu Credits to trap your money in their ecosystem. I have had to file formal claims with the Better Business Bureau (BBB) and initiate bank disputes to get my money back. Temu lies even in their official responses to regulators, claiming ""no record of cancellation"" despite hours of documented chat history. Avoid this platform—the savings are fake, the logistics are unreliable, and the customer service is predatory.",Evgenii D,6a636322236e3d8a3de2ae0d,US,4,"Hello, thank you for reaching out to us. We are sorry for any inconvenience caused. Customer satisfaction is of the utmost importance and we are constantly working to improve our service quality. If you need further assistance, please message us through Temu.com or Temu app live chat. We appreciate you giving us another chance to serve you. Best wishes, Temu team",2026-07-25T08:10:34.000Z
temu.com,id:6a63642c338758ad2c0bdcca,native_id,6a63642c338758ad2c0bdcca,1,false,1784905804,07/24/2026 15:10:04,Temu er blevet et dyrt sted at handle,"Temu er blevet et dyrt sted at handle, ‘shop like a millionær’ er overstået for længe siden, og blev kun brugt som ‘bait’ (lokkemad) i dag koster flere af de samme ting både tre og fire gange så meget, som de gjorde i starten, men det er stadig det samme møg, og bedre kvalitet, af samme varer, kan købes billigere på Amazon.de så slut med Temu, ‘møget’ er blevet alt for dyrt, eksempel: saphue locking tuners til guitar pris da jeg købte dem = kr. 86,89 pris nu = kr. 284,78 , det er da noget af en prisstigning.

Svar til Temu pga deres svar ……..
Hvorfor sender I et autogenereret svar, der ikke har noget med min anmeldelse at gøre ?",Danni Coelet,5412fdde00006400018a1c15,DK,87,"Hej, tak fordi du handlede på Temu! Din feedback er ekstremt værdifuld for os, og vi er kede af, at du ikke er tilfreds med nogle af dine varer. Vi implementerer strenge politikker og kontrolforanstaltninger for at sikre produktkvalitet og nøjagtige produktbeskrivelser. Temus købsbeskyttelsesprogram tilbyder fuld refusion, hvis dine varer ikke ankommer, ankommer beskadiget eller ikke matcher beskrivelsen eller billederne (https://www.temu.com/temu-purchase-protection.html). For at ansøge om en refusion skal du logge ind på Temu-appen eller Temu.com med den konto, der blev brugt til din ordre, åbne siden ""Dine ordrer"" og klikke på ""Returnering/refusion"". For detaljerede returinstruktioner, besøg venligst https://www.temu.com/return-and-refund-policy.html. Hvis du har brug for yderligere hjælp, bedes du sende os en besked via Temu.com eller Temu app live chat. De bedste ønsker, Temu-teamet",2026-07-25T08:10:50.000Z
temu.com,id:6a6360d77155fd0944fd119a,native_id,6a6360d77155fd0944fd119a,1,false,1784904951,07/24/2026 14:55:51,Ordered table for £188.00,"Ordered table for £188.00, arrived after months. The packaging was damaged and flimsy and wouldn’t have protected a quilt cover let alone a faux marble affect table. 
Because of the size none of the Evri drop off shops will take it and Temu are not on the Evri return list and so getting this table returned is turning into a nightmare. 
Which feels on purpose if I’m honest. They are making it impossible to return this badly damaged table. 
Evri want Temu to contact them to get a collection organized and Temu customer service keep asking if I want to cancel the return, even though every time I write to them it for them to arrange a collection. 
They have lost a customer going forward this whole debacle is disgraceful. It shouldn’t be this hard to return faulty goods. ",Mia,5683cfb90000ff0001f80f88,GB,29,"Hello, thank you for reaching out to us. We are sorry for any inconvenience caused. Customer satisfaction is of the utmost importance and we are constantly working to improve our service quality. If you need further assistance, please message us through Temu.com or Temu app live chat. We appreciate you giving us another chance to serve you. Best wishes, Temu team",2026-07-25T08:10:59.000Z
www.aliexpress.com,id:6a6987f90db8eca5e190f077,native_id,6a6987f90db8eca5e190f077,1,false,1785308185,07/29/2026 06:56:25,Attenzione vi chiedono di pagare la…,Attenzione vi chiedono di pagare la spedizione per tornare indietro un oggetto e che sarete ripagati in coupon ma assolutamente questo è falso,Paolo Meneghin,622f07b90347f20012b2e877,IT,4,,
www.aliexpress.com,id:6a69879f421fa651b37c9465,native_id,6a69879f421fa651b37c9465,1,false,1785308095,07/29/2026 06:54:55,Habe bei Ali Express ein CosplayKostüm…,"Habe bei Ali Express ein CosplayKostüm bestellt und nicht erhalten. Nachdem ich eine Rückerstattung beantragt habe kam von AliExpress das das Kostüm laut Hermes geliefert wurde und es deshalb kein Geld gibt.
Hermes hat mir eine Nichterhaltserklärung ausgestellt welche ich bei Ali Express eingereicht habe und was ist
AliExpress erkennt diese nicht an
Somit habe ich 169 Euro bezahlt udn nichts bekommen
Rückerstattung verweigert da die Nichterhaltserklärung nicht ausreicht
Hermes sagt was anderes haben wir nicht
Danke für nichts
Ich kann jedem nur empfehlen wo anders einzukaufen besonders jetzt mit den ganzen Gebühren und Zöllen
Ali Express ist ein Abzockverein der Leute um sein Geld prellt
Das ganze geht jetzt in den zweiten Monat wo ich mich damit rumärgere",Heike F.,656a13a0cee9160012f96e88,DE,6,,
www.aliexpress.com,id:6a6978ba441829be70c75289,native_id,6a6978ba441829be70c75289,1,false,1785304282,07/29/2026 05:51:22,Delinquenti patentati con il via libera…,"Delinquenti patentati con il via libera a rubare a chiunque prendendosi tutte le ragioni e soprattutto i soldi

Fente arrivista senza scrupoli Ed incompetente
Pericolosi",L LUCE,5e958d75708bf8c106f2db65,IT,5,,
www.aliexpress.com,id:6a695e29c230c4748324678c,native_id,6a695e29c230c4748324678c,1,false,1785297481,07/29/2026 03:58:01,Defektes Teil geliefert und keine Reparatur,Defektes Teil geliefert und keine Reparatur,Jörg Weber,674ff9a5d161bcb0ac82444e,DE,35,"Sehr geehrter Kunde,
wir entschuldigen uns noch einmal aufrichtig für die Schwierigkeiten, auf die Sie gestoßen sind. Wie in unserer vorherigen E-Mail erwähnt, haben wir bereits eine Lösung für Ihr Problem gefunden. Wir sind bestrebt, die Qualität unserer Dienstleistungen zu verbessern und sicherzustellen, dass wir Ihnen in Zukunft einen noch besseren Support bieten können.
Wenn Sie weitere Unterstützung benötigen oder zusätzliche Fragen haben, können Sie uns gerne über das AliExpress Help Center oder durch Beantwortung der E-Mail kontaktieren:
https://helpcenter.aliexpress.com/s/BuyerHelp
Vielen Dank für Ihr Verständnis und Ihre weitere Zusammenarbeit.
Mit freundlichen Grüßen,
AliExpress-Kundenservice-Team",2026-07-29T05:36:46.000Z
www.aliexpress.com,id:6a692b77fa3659e0a4e713ad,native_id,6a692b77fa3659e0a4e713ad,2,false,1785284503,07/29/2026 00:21:43,I had a very disappointing experience…,"I had a very disappointing experience with AliExpress.

I ordered a bag, but they delivered the wrong item while I was away from home. As soon as I returned, I contacted customer service and explained the situation. They asked me to provide photos and videos as evidence, which I did. Despite submitting everything they requested, they later responded that I had not provided “valid evidence” and closed my case without resolving the issue or offering a refund or replacement.

As a customer, I feel this was unfair. If the evidence they requested was not sufficient, they should have clearly explained what additional proof was needed instead of simply closing the case.

Based on my experience, I encourage buyers to be cautious when ordering from AliExpress. If something goes wrong with your order, don’t assume you’ll receive fair support. My experience has left me feeling disappointed and without confidence in their customer service.",Rose Rasky,6a692321ff3db25335c7f61a,NG,1,"Dear Customer,
We sincerely apologize for any inconvenience you have experienced. We have initiated an investigation into the issue you reported regarding the incorrect item. We will keep you updated on the progress and respond to you via email. Please keep an eye on your inbox for further communication.
Thank you for your understanding and cooperation.
Best regards,
AliExpress Customer Service Team",2026-07-29T05:40:36.000Z
www.aliexpress.com,id:6a691dcb486d488a3fbfc553,native_id,6a691dcb486d488a3fbfc553,1,false,1785281003,07/28/2026 23:23:23,QUESTI SIGNORI INSISTONO,"Questi signori insistono a prendere in giro la gente continuano a dirmi che hanno fatto il versamento del rimborso dei miei €17,75 spesi per mandare indietro l'oggetto non funzionante.
Ma alla mia richiesta di fornirmi il codice ARN della transazione fanno orecchie da mercante mi sa che e l'ennesima    bugia.
Il problema persiste questi si credono che i clienti siano polli da spennare ",Giuseppe Cantisano,5c7ea7e58b5c609fbf9e8ea6,CH,45,"Gentile cliente,
Grazie per il tuo feedback. Apprezziamo molto il tuo contributo e inoltreremo i tuoi commenti al reparto competente per un'ulteriore revisione e miglioramento.
Il tuo feedback è importante per noi in quanto ci aiuta a migliorare i nostri servizi e a gestire eventuali problemi in modo più efficace.
Per qualsiasi domanda, rispondi direttamente all'email o visita la pagina del centro assistenza [https://helpcenter.aliexpress.com/s/BuyerHelp?] per il servizio clienti online.
Grazie ancora per averci segnalato il problema.
Cordiali saluti,
Team del Servizio Clienti AliExpress",2026-07-29T05:44:33.000Z
www.aliexpress.com,id:6a6913eeac3e6f4c59df9275,native_id,6a6913eeac3e6f4c59df9275,1,false,1785278479,07/28/2026 22:41:19,Den værste kunde Service har købt et…,"Den værste kunde Service har købt et rat der står passer i min bil men det gør det IKKE derfor forlanger jeg at kunne sende det tilbage på sælgers regning som de ikke gad så
Spørg jeg om delvis refusion som er en mulighed men det var ikke deres kvalitetsproblem fik jeg at vid hold jer væk fra dem",William Suensen,661b9129ffb0830012d7d986,DK,6,"Kære kunde,
Vi er meget kede af at høre, at du er stødt på et problem. Det er ikke den oplevelse, vi ønsker for vores kunder. Vi vil meget gerne undersøge sagen og se, hvordan vi kan hjælpe. For at hjælpe os med bedre at forstå din oplevelse, bedes du tilføje detaljer som ordrenummer eller e-mail via formularen Anmod om oplysninger, som vi har sendt dig.
Med venlig hilsen
AliExpress' kundeserviceteam",2026-07-29T05:45:55.000Z
www.aliexpress.com,id:6a690639c6255bb9302bb9a5,native_id,6a690639c6255bb9302bb9a5,1,false,1785274969,07/28/2026 21:42:49,Nie polecam,"Nie polecam, zamówiłam sukienkę ślubną, przyszedł inny kolor niż na zdjęciach, chciałam zwrócić to najpierw walka długo żeby podali na jaki adres odesłać i żeby wgl odesłać, później wmawianie, że przekroczyłam czas zwrotu, a gdy już dostałam z poczty polskiej informacje o dostarczeniu przesyłki od alli dostałam informacje, że nie wysłałam odpowiedniego produktu (wysłałam im potweirdzenie nagrywałam film jak sukienkę pakowałam) uznali to za niewystarczające dowodu i zamknęli proces. Stratna jestem o 500zł. Nigdy więcej ALiexpress",Monika Owsianna,6a690634b06fbf7876fa36b7,PL,1,"Szanowny Kliencie,
Przepraszamy za wszelkie niedogodności. Podejmujemy natychmiastowe działania w celu rozwiązania tego problemu. Zauważyliśmy jednak, że podany przez Ciebie adres e-mail jest obecnie nieprawidłowy.
Abyśmy mogli skutecznie Ci pomóc, prosimy o aktualizację danych kontaktowych poprzez wpisanie prawidłowego adresu e-mail w formularzu żądania informacji. Po otrzymaniu zaktualizowanych danych niezwłocznie skontaktujemy się z Tobą drogą mailową.
Dziękujemy za zrozumienie i współpracę. Przepraszamy za wszelkie niedogodności i dziękujemy za cierpliwość. W razie dalszych pytań prosimy o kontakt.
Z poważaniem,
Zespół Obsługi Klienta AliExpress",2026-07-29T05:48:07.000Z
www.aliexpress.com,id:6a68fbb03e2cf40f3000fc1f,native_id,6a68fbb03e2cf40f3000fc1f,1,false,1785272272,07/28/2026 20:57:52,Sto ancora aspettando un cellulare…,"Sto ancora aspettando un cellulare traking fermo da giorni loro hanno risposto che se non arriva entro il 9/8 mi rimborseranno ma se ho comprato un cellulare che doveva essere consegnato entro 3-5 giorni e adesso dal 18 che lo ho ordinato , il 22 e sparito il traking dicendo che arrivava dalla Polonia penso che 2 settimane siano un po' tantine a questo punto potevano dire che arrivava dalla Cina non l avrei mai preso anche perché mi serviva prima il telefono.
Non consiglierò sicuramente il vostro sito .
Numero ordine:3074705360716369
PS scusate prima vi ho inviato il traking.
",Davide,6363dd465aa8d40013c1afd4,IT,6,"Gentile cliente,
Ci scusiamo sinceramente per l'inconveniente causato. Stiamo adottando misure immediate per risolvere il problema. Tuttavia, abbiamo notato che il numero d'ordine da lei fornito non è corretto. La preghiamo di ricontrollare i dettagli nella pagina delle informazioni dell'ordine.
Per assicurarci di poterla assistere efficacemente, la preghiamo di inserire il numero d'ordine corretto e altri dettagli rilevanti nel modulo “Richiesta di informazioni”. Una volta ricevute le informazioni aggiornate, vi contatteremo prontamente via e-mail.
Grazie per la vostra comprensione e collaborazione. Siamo profondamente dispiaciuti per gli inconvenienti causati e apprezziamo la vostra pazienza. Se avete ulteriori domande, non esitate a contattarci.
Cordiali saluti,
Il team del servizio clienti di AliExpress",2026-07-29T05:49:04.000Z
www.aliexpress.com,id:6a68e8c232ed25c93167a189,native_id,6a68e8c232ed25c93167a189,1,false,1785267426,07/28/2026 19:37:06,"Nooit wat bestellen, oplichters.","Subboard besteld, nooit geleverd maar moet wel betalen. Zij doen geen onderzoek bij GLS over de levering terwijl de vervoerder aan mij doorgeeft dat de chauffeur niet weet waar het pakket is geleverd. En dat AlieExpress contact met ze moet opnemen. Nooit kopen bij deze oplichters. Ze doen niks voor je. Maar innen wel 115 euro.",M.,600485a1001c430019622c40,NL,8,"Beste klant,
Wij verontschuldigen ons oprecht voor het ongemak dat u hebt ervaren met betrekking tot het niet ontvangen van uw pakket. We zijn al een onderzoek gestart naar deze kwestie en zullen u via e-mail antwoorden met updates. Daarnaast houden we deze thread up-to-date naarmate de voortgang vordert. Controleer uw inbox regelmatig op onze communicatie.
Bedankt voor uw geduld en medewerking.
Met vriendelijke groet,
AliExpress Klantenserviceteam",2026-07-29T05:51:14.000Z
www.aliexpress.com,id:6a68e87268c88eb9bf3fbea1,native_id,6a68e87268c88eb9bf3fbea1,1,false,1785267346,07/28/2026 19:35:46,Ordered a dress and when it arrived it…,"Ordered a dress and when it arrived it wasn't like the picture, I tried to return it, they didn't give me a return label instead gave me 5% refund which I didn't agree to, and impossible to get any answers ",MRS DEB RICHARDSON,5fb7f8795e1892001971af93,GB,6,"Dear Customer,
We sincerely apologize for any inconvenience caused. We are taking immediate action to resolve this issue for you. However, we have noticed that the email address you provided is currently invalid.
To ensure we can assist you effectively, please update your contact information by filling in a valid email address in the Request Information form. Once we receive your updated details, we will promptly follow up with you via email.
Thank you for your understanding and cooperation. We apologize for any inconvenience caused and appreciate your patience. If you have any further questions, please don’t hesitate to reach out.
Best regards,
AliExpress Customer Service Team",2026-07-29T05:52:59.000Z
www.aliexpress.com,id:6a68e38de26f5b482c5d6cf0,native_id,6a68e38de26f5b482c5d6cf0,2,false,1785266094,07/28/2026 19:14:54,negative experience,"negative experience
long waiting for the wrong sent stuff",Lachermeier Mentgen,694563e46148ea67d410897d,CZ,2,"Dear Customer,
We are truly sorry for the inconvenience caused.
We value your feedback and would like to learn more about your issue in order to assist you effectively. To help us fully understand your situation, we kindly ask you to complete the ""Information Request Form"" that we have sent to you. Please provide details such as your order number(s) or email.
Your cooperation will greatly help us resolve this matter more efficiently.
Thank you for your understanding and support.
Best regards,
AliExpress Customer Service Team",2026-07-29T05:53:42.000Z
www.aliexpress.com,id:6a68e1dbe43d511848f918ce,native_id,6a68e1dbe43d511848f918ce,1,false,1785265659,07/28/2026 19:07:39,SCAMI EXPRESS ,"The representatives that you say are best equipped to help. Just refer my issues to the higher team.  Who in return do NOTHING. 

SO YOU CONTINUE TO RECEIVE 1 STAR REVIEWS

Scam scam scam

3072329036820336

One of twenty orders that I never received. MANY I WAS NEVER REFUNDED
due to not being able to give evidence of something I don't have. 

YOU ARE SCAMMING CUSTOMERS. 

IM DELIGHTED YOU RECEIVED A FINE OF MILLIONS FROM THE EU. FOR SELLING COUNTERFEIT GOODS   

YOU GOT WHAT YOU DESERVE 

ONE STAR REVIEW. 

",Mark Leadbetter,5aaee12e4de5666d344950e0,IE,313,"Dear customer,
Sincerely apologize for the inconvenience caused.
Our agent has processed a refund for you. The refund is currently under review, and we will notify you by email once the review is approved. Typically, it takes 1-10 business days for refunds to be completed. Please kindly check. 
If you have any questions, please reply to the email directly or go to the help center page【https://helpcenter.aliexpress.com/s/BuyerHelp?】  for online customer service. 
Your understanding and cooperation are deeply appreciated.
Best regards,
AliExpress Customer Service Team",2026-07-29T05:58:41.000Z
www.aliexpress.com,id:6a68d4813b77be311a2ba8c5,native_id,6a68d4813b77be311a2ba8c5,1,false,1785262241,07/28/2026 18:10:41,Do not buy anything from here. Crooks! ,"Bought an item (android car play) started to go faulty 6 months into use. Emailed them, they asked for evidence. It happens when it does so I tried my best to catch it, sent them the evidence and and automated email goes"" your case is closed"" no option to return or anything from purchase. Avoid like the plague. ",Altherstad Ragnar,6a68d47b7b418c124891a97a,GB,1,"Dear Customer,
We are very sorry to hear that you have encountered an issue. This is not the experience we want for our customers. We'd love to look into this case and see how we can help. To help us better understand your experience, please add details like order number or email through the Request Information form that we sent you.
Best regards,
AliExpress Customer Service Team",2026-07-29T05:59:23.000Z
www.aliexpress.com,id:6a68d191d72ba0dca4e5b41a,native_id,6a68d191d72ba0dca4e5b41a,2,false,1785261489,07/28/2026 17:58:09,As has happened before...,"As has happened before, the customer has to pay for an item that doesn’t work! But the real problem lies in the way the customer HAS to provide evidence. It’s not always possible to provide a ridiculous photo or an equally ridiculous – and, above all, pointless – video to prove that the device doesn’t work!! 
And ‘obviously’, the customer who makes a complaint in good faith also HAS to bear the cost of a faulty device. 
In short, in my case, I’ve been ‘robbed’ of a handful of dollars, but I’ll carry on living happily ever after 💚, whilst the manufacturer of the camera 👎 that doesn’t work will, as far as I’m concerned, always remain a fraudster.
Furthermore, Aliexpress’s dispute resolution policy needs to be more concrete and realistic when it comes to evidence!",Moreno,5b11e9a74de5666d347f844d,CH,5,"Dear Customer,
We are truly sorry for the inconvenience caused.
We value your feedback and would like to learn more about your issue in order to assist you effectively. To help us fully understand your situation, we kindly ask you to complete the ""Information Request Form"" that we have sent to you. Please provide details such as your order number(s) or email.
Your cooperation will greatly help us resolve this matter more efficiently.
Thank you for your understanding and support.
Best regards,
AliExpress Customer Service Team",2026-07-29T05:59:55.000Z
www.aliexpress.com,id:6a68c893eca6bcbfa4cf9a91,native_id,6a68c893eca6bcbfa4cf9a91,1,false,1785259187,07/28/2026 17:19:47,DECEPTIVE!!!!,"DECEPTIVE!!!!!  They advertise a cat waterer, complete with description, picture, size, all for a special price.    When you order it, all you get are the filters.  This is the most DISHONEST website I have ever seen!  Looking at the reviews on their own site, they have done this many times.  STAY AWAY from these con artists.",Bill Woelz,5b3467db4de5666d344e7507,US,15,"Dear Customer,
We are very sorry to hear that you have encountered an issue. This is not the experience we want for our customers. We'd love to look into this case and see how we can help. To help us better understand your experience, please add details like order number or email through the Request Information form that we sent you.
Best regards,
AliExpress Customer Service Team",2026-07-29T06:00:34.000Z
www.aliexpress.com,id:6a68c05dddc4bbd95394e3f0,native_id,6a68c05dddc4bbd95394e3f0,1,false,1785257085,07/28/2026 16:44:45,Aliexpres has become a haven for fraud…,Aliexpres has become a haven for fraud and fakes. I noticed a seller a 12 piece spanner set for sale at a ridiculously cheap price (A good sign of a scam). When I looked closer at the listing even though all of the photos and the description were of a spanner set there was a single photo of what they were actually selling. It was a cheap set of allen keys. 5 people had already left 1 star reviews as they had been conned. I reported the listing to AE to try and stop other people losing money. Aliexpress decision was that the seller was doing nothing wrong and allowed the scam to continue. While AE actively support this type of fraudulent listing it is a very unsafe place to buy from.,Scott Fleming,5ce278bc34e829d8998618cd,GB,65,"Dear Customer,
Thank you for your feedback. We sincerely apologize for the inconvenience caused and truly appreciate you bringing this to our attention. We are more than happy to investigate this case further and explore how we can assist you.
To better understand your situation, we kindly request that you provide detailed information, such as the order number or email, by filling out the ""Request for Information"" form we have sent to you. Your cooperation in providing these details will help us resolve the issue more effectively.
If you have any questions or need further assistance, please don’t hesitate to reach out.
Best regards,
AliExpress Customer Service Team",2026-07-29T06:01:28.000Z
www.aliexpress.com,id:6a68b6a68990d80b06a6a5ab,native_id,6a68b6a68990d80b06a6a5ab,1,false,1785254599,07/28/2026 16:03:19,Poor understanding of English....????,"After battling with them to accept a return  (after the vendor offered derisory compensation) & receiving a refund, it appears to be over £8 less than it should be.
I've asked why, - an explanation, at least twice.
The wording of the Rejection email might as well be about the atmosphere around Mars.......it bears no relevance to the query.    And Customer Services have their own Processes, - they won't copy/paste a sentence from me, the customer. ",Gary Dunn,62569e1d1023750012da96f7,GB,4,"Dear valued customer,
First and foremost, please allow us to express our deepest apologies for the inconvenience you’ve experienced regarding your refund. We are truly sorry that this has happened, and we cannot thank you enough for bringing this matter to our attention. Your patience and understanding mean the world to us during this time.
We want to assure you that we are actively investigating this issue with the utmost urgency. Our team is working tirelessly to resolve it as quickly as possible, and we will personally ensure that you receive a detailed update via email every step of the way. Please keep an eye on your inbox, as we promise to keep you fully informed throughout this process.
Once again, thank you for giving us the opportunity to make things right. You are incredibly important to us, and we are committed to ensuring your complete satisfaction.
Warm regards,
AliExpress Customer Service Team",2026-07-29T06:07:12.000Z
www.aliexpress.com,id:6a68b3c146f59a2f89595482,native_id,6a68b3c146f59a2f89595482,1,false,1785253857,07/28/2026 15:50:57,Un service client catastrophique ,"Un service client catastrophique . Je reçois des mails  sens dessus dessous ,m'invitant à faire preuve de patience . La preuve qu'il n'y'a aucune coordination entre les équipes chez Aliexpress.
 Tous les personnes qui ont un problème de remboursement ou autre peuvent contacter  SignalConso (Signal.Conso.gouv.fr) pour exposer leur difficulté. On doit faire face à Aliexpress qui n'a aucun respect pour ses propres client.",Abdel Belk,6381e524caf59a001210546f,FR,1,"Cher client,
Merci de votre patience. J'ai constaté que votre conseiller client est actuellement en charge de votre dossier. Compte tenu de la complexité de la situation, la résolution de votre problème pourrait prendre un peu plus de temps. Cependant, je leur ai déjà demandé de répondre à votre e-mail dans les meilleurs délais.
N'hésitez pas à communiquer avec votre service client par e-mail pour obtenir des informations complémentaires.
Nous vous remercions de votre compréhension et de votre coopération.
Cordialement,
L'équipe du service client d'AliExpress",2026-07-29T01:50:01.000Z
www.aliexpress.com,id:6a68b1c0955d94f828b26ae2,native_id,6a68b1c0955d94f828b26ae2,1,false,1785253344,07/28/2026 15:42:24,Site de voleurs.,"Le pire site que j'aie jamais vu de ma vie. Ils m'ont effectivement répondu par mail, mais toujours avec une réponse générée par IA bien sûr, pour me dire qu'ils ne pouvaient pas me rembourser complètement, mais que je pouvais garder le produit. Qu'est-ce que je vais faire d'un produit inutilisable et endommagé ? Il est bon à jeter à la poubelle. 

Quelle honte franchement. Je vais contacter ma banque, qui est mon dernier recours, et contacter aussi la prévention des fraudes pour faire un signalement du vendeur et d'AliExpress. Ils arnaquent sciemment leurs clients. Plus JAMAIS je ne commanderai chez eux. Et ne faites pas attention aux réponses mielleuses qu'ils écrivent ici sur Trustpilot. C'est juste pour noyer le poisson. Ils ne règlent aucun problème, ils se foutent de vous. Ils font tout pour vous épuiser et vous décourager de réclamer votre dû. Ce sont littéralement des pratiques immorales, qui consistent à vous voler votre argent. Vous êtes des vaches à lait. Mais je ne baisserai pas les bras, aucun client ne mérite qu'on le traite ainsi. ",May Chan,6a67509e236e3d525ee67721,CH,4,"Cher client,
Merci de votre patience. J'ai constaté que votre conseiller client est actuellement en charge de votre dossier. Compte tenu de la complexité de la situation, la résolution de votre problème pourrait prendre un peu plus de temps. Cependant, je leur ai déjà demandé de répondre à votre e-mail dans les meilleurs délais.
N'hésitez pas à communiquer avec votre service client par e-mail pour obtenir des informations complémentaires.
Nous vous remercions de votre compréhension et de votre coopération.
Cordialement,
L'équipe du service client d'AliExpress",2026-07-29T01:54:16.000Z
www.aliexpress.com,id:6a68b0f01c5ba620ff10667f,native_id,6a68b0f01c5ba620ff10667f,1,false,1785253136,07/28/2026 15:38:56,"3ᵉ avis – Toujours ni colis, ni remboursement de 351,77 €","C’est malheureusement mon 3ᵉ avis, car malgré plusieurs semaines de démarches, je suis toujours sans solution.

J’ai commandé un processeur informatique sur AliExpress (commande n° 3074718559707335) pour un montant de 351,77 €.

Le suivi indique que le colis aurait été déposé dans ma boîte aux lettres. Pourtant, je n’ai jamais reçu cette commande.

J’ai immédiatement vérifié auprès de mes voisins, du gardien de ma résidence et de La Poste : personne n’a récupéré mon colis. La Poste m’a confirmé qu’aucune photo du dépôt n’avait été prise et m’a indiqué être surprise qu’un colis d’une telle valeur ait été distribué sans signature, sans code de vérification et sans contrôle d’identité.

Malgré cela, AliExpress continue de considérer le simple statut « livré » comme suffisant, sans être en mesure de me fournir une preuve de remise à mon nom.

Je leur ai transmis une attestation sur l’honneur indiquant que je n’avais jamais reçu cette commande. J’ai également ouvert un litige auprès de PayPal et effectué toutes les démarches demandées. À ce jour, je n’ai toujours ni le produit, ni le remboursement.

Je considère avoir agi de bonne foi et avoir fourni tous les éléments en ma possession. J’attendais d’AliExpress qu’il protège ses clients lorsqu’une livraison d’un montant de 351,77 € est contestée. Au lieu de cela, j’ai le sentiment que la charge de la preuve repose entièrement sur l’acheteur, alors que le vendeur ne fournit pas de preuve de remise personnelle.

À défaut d’une solution, je poursuis désormais mes démarches auprès de ma protection juridique et des autorités compétentes.

J’espère sincèrement qu’AliExpress prendra enfin ses responsabilités et apportera une solution concrète à ce dossier.",M. Mkf,6a5c6510b06fbf6f5eeb4381,FR,4,"Cher client,
Nous sommes désolés d'apprendre que vous n'avez pas reçu votre commande. Dans les cas où le colis n'a pas été livré ou a été perdu, nous demandons une preuve de l'entreprise de logistique confirmant que la livraison n'a pas eu lieu ou que le colis est manquant. À l'heure actuelle, nous n'avons reçu aucun document de ce type.
Si vous disposez de nouvelles informations ou de documents justificatifs, n'hésitez pas à nous contacter par l'intermédiaire de notre centre d'aide ou par l'intermédiaire de la correspondance électronique précédente. Nous ferons de notre mieux pour vous aider dès que nous aurons reçu les preuves nécessaires.
Nous vous remercions de votre compréhension et nous nous excusons pour les désagréments occasionnés.
Cordialement,
L'équipe du service clientèle d'AliExpress",2026-07-29T01:56:45.000Z
www.aliexpress.com,id:6a68ad4334d8d43c4b0c2d33,native_id,6a68ad4334d8d43c4b0c2d33,1,false,1785252195,07/28/2026 15:23:15,Cuidado si te cruzas con una devolucion…,"Cuidado si te cruzas con una devolucion o un reembolso de mas de 10€. Olvidate, te van a marear con queestan en ello, pero nada.",Ramco Aguil,610a41c610b70c0012876844,ES,9,"Estimado cliente:
Ante todo, le ofrecemos nuestras más sinceras disculpas por las molestias que ha experimentado con respecto a su reembolso. Lamentamos mucho que esto haya sucedido y le agradecemos enormemente que nos haya informado sobre este asunto. Su paciencia y comprensión son fundamentales para nosotros en estos momentos.
Le aseguramos que estamos investigando este problema con la máxima urgencia. Nuestro equipo trabaja incansablemente para resolverlo lo antes posible y nos aseguraremos de que reciba una actualización detallada por correo electrónico en cada paso del proceso. Esté atento a su bandeja de entrada; le prometemos mantenerlo completamente informado durante todo el proceso.
Una vez más, gracias por darnos la oportunidad de solucionarlo. Usted es muy importante para nosotros y nos comprometemos a garantizar su completa satisfacción.
Atentamente,
Equipo de Atención al Cliente de AliExpress",2026-07-29T01:59:54.000Z
www.aliexpress.com,id:6a689b642a8a8fc19fb4d580,native_id,6a689b642a8a8fc19fb4d580,1,false,1785247620,07/28/2026 14:07:00,Giving them 1 star because it won't go…,Giving them 1 star because it won't go lower. Took money for items then sent them to an address I never entered and are refusing to refund because they were delivered.,Craig Johnstone,6a059f915f73f9e336b0576e,GB,3,"Dear Customer,
We are truly sorry for the inconvenience caused.
We value your feedback and would like to learn more about your issue in order to assist you effectively. To help us fully understand your situation, we kindly ask you to complete the ""Information Request Form"" that we have sent to you. Please provide details such as your order number(s) or email.
Your cooperation will greatly help us resolve this matter more efficiently.
Thank you for your understanding and support.
Best regards,
AliExpress Customer Service Team",2026-07-29T02:00:37.000Z
www.aliexpress.com,id:6a6894712ca5135681a2c0fc,native_id,6a6894712ca5135681a2c0fc,1,false,1785245841,07/28/2026 13:37:21,pessimo,"il giorno 11/7 effettuo un ordine di 82,50 euro.
il giorno 12/7 mi dice che il venditore ha spedito il pacchetto.
il giorno 20 vado a vedere il tracking e mi dice che il pacco deve essere ritirato ancora dal corriere, dopo una settimana ?.
vado a vedere le recensioni di questo fornitore e sembra che abbia l'abitudine di non spedire la merce.
faccio intervenire paypal per bloccare il pagamento.
Sino ad oggi 28/7 sono ancora in attesa di una risposta da paypal, mentre il fornitore ha risposto a paypal fornendo dei dati di tracciabilita inesistenti.
Speriamo di riavere indietro il rimborso.

",Maxi,58ad94de0000ff000a7a46f7,IT,55,"Gentile cliente,
siamo profondamente dispiaciuti per l'inconveniente che ha subito a causa della mancata ricezione del suo pacco. Le assicuriamo che abbiamo già iniziato a esaminare la questione e ci impegniamo a risolverla nel più breve tempo possibile. Vi terremo informati su eventuali aggiornamenti via e-mail e ci assicureremo che questa discussione venga aggiornata man mano che i progressi proseguono.
Vi invitiamo a controllare regolarmente la vostra casella di posta per ricevere le nostre comunicazioni, in quanto ci proponiamo di fornirvi aggiornamenti tempestivi.
La vostra collaborazione è molto importante per noi e apprezziamo molto la vostra fiducia in AliExpress.
Cordiali saluti,
Il team del servizio clienti di AliExpress",2026-07-29T02:04:28.000Z
www.aliexpress.com,id:6a6889fc21ac55f12eab1492,native_id,6a6889fc21ac55f12eab1492,1,false,1785243164,07/28/2026 12:52:44,Faites attention,"Faites attention, n'achetez pas de produits électroniques, sinon, comme moi, vous perdrez 170 euros. L'annonce mentionne une garantie de 3 ans, mais l'appareil est tombé en panne avant même d'avoir atteint un an, et il n'y a personne pour vous aider : ni le vendeur, ni AliExpress. Ils ne font que se moquer de vous. Ne tombez surtout pas dans le même piège que moi : leur garantie, tout ça, ce ne sont que des mensonges. Ce sont de véritables escrocs.",cuma ali,5edf853e51429a38d31d5366,FR,3,"Cher client,
Nous nous excusons sincèrement pour le désagrément causé par le produit que vous avez reçu et qui ne fonctionne pas comme prévu. Nous avons déjà commencé à enquêter sur le problème et nous vous tiendrons au courant par courrier électronique dès que possible. Veuillez garder un œil sur votre boîte de réception pour toute communication ultérieure.
Si vous avez des détails supplémentaires ou des informations complémentaires concernant le problème, n'hésitez pas à les partager avec nous par le biais de ce fil de discussion ou de notre Centre d'aide. Nous apprécions grandement votre coopération et votre patience tout au long de ce processus.
Nous vous remercions d'avoir porté ce problème à notre attention et nous nous excusons encore une fois pour la frustration que cela a pu causer.
Cordialement,
L'équipe du service clientèle d'AliExpress",2026-07-29T02:07:26.000Z
www.aliexpress.com,id:6a6886ae5fe9ec5d105bda59,native_id,6a6886ae5fe9ec5d105bda59,1,false,1785242318,07/28/2026 12:38:38,Na meer dan 50 chats;talloze keren de…,"Na meer dan 50 chats;talloze keren de ordernummer geven en nog steeds opgescheept zit met falende electronica met constructie fouten, had de procedure moeten zijn 14 euro per maand juridische bijstand verzekering bij nn. Juridisch loket advocaat, gerechtsdeurwaarder, dagvaarding , rechtbank en Nederlands consumentenrecht.",HJ,61338df78f3e9700127cb7ad,NL,213,"Beste klant,
Het spijt ons te horen dat u een probleem hebt ondervonden. Dit is niet de ervaring die we willen voor onze klanten. We onderzoeken dit geval graag en kijken hoe we kunnen helpen. Om ons te helpen uw ervaring beter te begrijpen, kunt u details toevoegen zoals ordernummer of e-mail via het formulier Verzoek om informatie dat wij u hebben gestuurd.
Met vriendelijke groet,
AliExpress Klantenservice Team",2026-07-29T02:08:14.000Z
www.aliexpress.com,id:6a6885e7183b7f9cc22e0226,native_id,6a6885e7183b7f9cc22e0226,1,false,1785242119,07/28/2026 12:35:19,Bewertung Schlecht,"Bewertung
Am 14.07.2026 habe ich 
=10St. =
140 g russische Birken-Teer-Seife zum Baden, Gesichtsreinigung und allgemeines Waschen reinigt die Poren gründlich und hilft Hautunreinheiten zu beruhigen...=

bestellt.

Referenznr.: 3075192220403919

Am 28.07.2026 habe ich nur 9St. bekommen. 5St. davon haben beschädigte Folien Verpackung gehabt. Außerdem war in dieser Sendung eine alte leere Flasche mit stinkendem Gerücht und 5 alten schon benutzten Putzlappen mit komischen dreckigen Flecken, die  ich nicht bestellt habe. 
Für diese Sendung habe ich 56.11€ bezahlt. Dies ist zu viel Geld.
Das ist erste schlechte Erfahrung mit Aliexpress und hoffe ich die Letzte.
Mit freundlichen Grüssen.
Sergej
",Sergej D.,6a6885d9c2526c693e9e53e6,DE,1,"Sehr geehrter Kunde,
es tut uns sehr leid zu hören, dass Ihre Bestellung nicht vollständig angekommen ist, das ist NICHT die Erfahrung, die wir für Sie wollen! Sie verdienen nichts weniger als Perfektion, wir fühlen uns absolut schrecklich über diese!  
Seien Sie versichert, dass wir diese Angelegenheit mit äußerster Dringlichkeit behandeln! Unser Team arbeitet bereits hart daran, den Fehler zu finden, und wir sind entschlossen, der Sache so schnell wie möglich auf den Grund zu gehen. Sobald wir neue Informationen haben, werden wir sie direkt an Ihren Posteingang senden, damit Sie keinen einzigen Schritt unseres Prozesses verpassen. Behalten Sie also bitte Ihre E-Mail (und vielleicht sogar Ihren Spam-Ordner) im Auge, um auf dem Laufenden zu bleiben.
Sollten Sie noch Fragen haben oder weitere Unterstützung benötigen, zögern Sie bitte nicht, uns zu kontaktieren - wir sind immer für Sie da.
Mit freundlichen Grüßen,
AliExpress-Kundenservice-Team",2026-07-29T02:11:59.000Z
www.aliexpress.com,id:6a687766741b60c57c14ce74,native_id,6a687766741b60c57c14ce74,1,false,1785238406,07/28/2026 11:33:26,Verspätet und ohne Info,"Habe nach der Bestellungkeine Auftragsbestätigung erhalten. Jedoch wurde bei Paypal abgebucht. Als die Ware nicht pünktlich ankam habe ich mich per Paypal beim Verkäufer gemeldet. Es kam eine Mail auf Chinesisch zurück. Ware kam 2 Wochen verspätet, vorher keinerlei Info. Ware schlecht verpackt in defekten Kartons. 
",DS,66646735730fbf654a68e117,DE,2,"Sehr geehrter Kunde,
Wir entschuldigen uns aufrichtig für die entstandenen Unannehmlichkeiten.
Wir schätzen Ihr Feedback und möchten mehr über Ihr Problem erfahren, um Ihnen effektiv helfen zu können. Damit wir Ihre Situation besser verstehen können, bitten wir Sie, das Ihnen zugesandte Informationsanforderungsformular auszufüllen. Bitte geben Sie Details wie Ihre Bestellnummer(n) oder Ihre E-Mail-Adresse an.
Ihre Mitarbeit trägt wesentlich dazu bei, dass wir das Problem schneller lösen können.
Vielen Dank für Ihr Verständnis und Ihre Unterstützung.
Mit freundlichen Grüßen
AliExpress Kundenservice-Team",2026-07-29T02:12:51.000Z
www.aliexpress.com,id:6a68773d36655af0e2e72fea,native_id,6a68773d36655af0e2e72fea,1,false,1785238365,07/28/2026 11:32:45,"""""ALIEXPRESS ESTAFA""""","""""ALIEXPRESS ESTAFA""""
""""ALIEXPRESS FRAUDE""""
""""ALIEXPRESS ESTAFA""""
Referencia 3073457035872560
Seguimiento LR288054593NL
Ecoscooting Dicen que no estaba en casa y es mentira, no llaman por teléfono previo a entrega como indique, envío pruebas de mis lla madas y hasta 4 actualizaciones de no entrega, los estafadores de Aliexpress dice que no es suficiente
""""ALIEXPRESS FRAUDE""""
""""ALIEXPRESS ESTAFA""""
ECOSCOOTING Dicen que no estaba en casa y es mentira, no llaman por teléfono previo a entrega como indique, envío pruebas de mis lla madas y hasta 4 actualizaciones de no entrega, los estafadores de ECOSCOOTING dice que no es suficiente.
",LIBERTAD PRESOS POLITICOS LIBE,61c37a3305adb600124a4912,ES,52,"Estimado cliente,
Lamentamos mucho que no haya recibido su pedido. En los casos en los que el paquete no ha sido entregado o se ha extraviado, requerimos una prueba de la empresa de logística que confirme que la entrega no ha tenido éxito o que el paquete ha desaparecido. Por el momento, no hemos recibido ninguna documentación de este tipo.
Si dispone de nueva información o documentos justificativos, no dude en ponerse en contacto con nosotros a través de nuestro Centro de asistencia o mediante la correspondencia electrónica anterior. Haremos todo lo posible para ayudarle una vez que recibamos las pruebas necesarias.
Gracias por su comprensión y le pedimos disculpas por las molestias ocasionadas.
Un cordial saludo,
El equipo de atención al cliente de AliExpress",2026-07-29T02:21:37.000Z
www.aliexpress.com,id:6a6876175454c18ca64a2a23,native_id,6a6876175454c18ca64a2a23,1,false,1785238072,07/28/2026 11:27:52,ATTENTION AUX ACHETEURS !,"ATTENTION AUX ACHETEURS !
Après avoir acheté une article ne correspondant pas du tout à la description de l'annonce et que je ne peux pas utiliser, ja demandé un remboursement de l'article qui m'a été refusé par Aliexpress, malgré mes photos plus que parlantes et plusieurs remarques de ma part. Les vendeurs sont donc mieux protégés que les acheteurs qui n'ont qu'a payer... Merci Aliexpress ! ",Claude-Alain,5a50d8fe0000ff000afbbb6e,CH,28,"Cher client,
Nous sommes vraiment désolés pour le désagrément causé.
Nous apprécions vos commentaires et aimerions en savoir plus sur votre problème afin de vous aider efficacement. Pour nous aider à bien comprendre votre situation, nous vous prions de bien vouloir remplir le ""Formulaire de demande d'informations"" que nous vous avons envoyé. Veuillez fournir des détails tels que votre numéro de commande (s) ou e-mail.
Votre coopération nous aidera grandement à résoudre ce problème plus efficacement.
Merci de votre compréhension et de votre soutien.
Meilleures salutations,
Équipe de service à la clientèle AliExpress",2026-07-29T02:28:21.000Z
www.aliexpress.com,id:6a6871405b6cb1ffd3139862,native_id,6a6871405b6cb1ffd3139862,1,false,1785236832,07/28/2026 11:07:12,customer service is a joke,"Got an electrical item that broke.
Aliexpress is repeatedly sending me the same AI response that they need a rapport from companies THAT DO NOT EXIST to verify it's not uses error.
It's a 8 euro item..be real.
I have shopped on Ali for over 10 years and have spend thousands a year, but this has finally pushed me to delete my app and switch to one of the many alternatives.
Shame on you, aliexpress.

Tip: if anyone is dealing with this with an expensive item, just have AI make a fake rapport. They are breaking the law by treating us like this, do not let them steal your money!!",Laura,570753e10000ff000a1580a5,NL,5,"Dear Customer,
Our sincerest apologies for the inconvenience caused by the defective product. We have started investigating the issue you reported and will be in touch with you via email shortly. Kindly stay tuned to your email for any important messages from us.
Thank you for your patience and support while we work on resolving this for you.
Warm regards,
AliExpress Customer Service Team",2026-07-29T02:51:15.000Z
www.aliexpress.com,id:6a6870128b936f0cd4e61408,native_id,6a6870128b936f0cd4e61408,1,false,1785236530,07/28/2026 11:02:10,Veel besteld daar altijd alles goed…,"Veel besteld daar altijd alles goed gegaan,mooi autoalarm gekocht werkte perfect binnen een jaar ,ga dan maar proberen om een nieuw product te krijgen,eerst de winkel in China begreep het wel ,mocht een nieuw alarm kopen ,wat een goede service later zei hij ga maar klacht indienen,omdat hij wist dat het toch niet lukte,contact Ali express,komt goed u bent een goede maak u geen zorgen,,gaat iets stuk na 90 dagen dan heb je gewoon pech,SERVICE WINKEL DIE BIJ ALI EXPRESS IS AANGESLOTEN WAARDELOZE SERVICES
ALI EXPRESS SERVICES WAARDELOOS",Alex,597c7a1c0000ff000ab512d6,NL,15,"Beste klant,
Bedankt voor uw feedback. Onze oprechte excuses voor het ongemak en we stellen het zeer op prijs dat u dit onder onze aandacht heeft gebracht. We onderzoeken dit probleem graag verder en bekijken hoe we u kunnen helpen.
Om uw situatie beter te begrijpen, verzoeken we u om gedetailleerde informatie, zoals het bestelnummer of e-mailadres, te verstrekken door het formulier 'Informatieverzoek' in te vullen dat we u hebben toegestuurd. Uw medewerking bij het verstrekken van deze gegevens helpt ons het probleem effectiever op te lossen.
Heeft u vragen of wilt u meer hulp? Neem dan gerust contact met ons op.
Met vriendelijke groet,
AliExpress Klantenservice",2026-07-29T02:52:12.000Z
www.aliexpress.com,id:6a686dbbba7221bf91c8b57b,native_id,6a686dbbba7221bf91c8b57b,1,false,1785235931,07/28/2026 10:52:11,Nur BLA BLA von ali,Da es nicht möglich ist seine Sendung zuerhalten wenn warscheinlich Betrüger am werk sind muß man 30tg warten bis man sein Geld zurück erhält.Er sagt verschickt als nächstes der Versand dauert etwas länger man kann nicht abbrechen wenn man an einen Betrüger gerät ,Lepant,63983db1930ecc001208fa9e,DE,64,"Sehr geehrter Kunde,
Wir entschuldigen uns aufrichtig für die Unannehmlichkeiten, die Ihnen durch den Nichterhalt Ihres Pakets entstanden sind. Wir haben bereits eine Untersuchung eingeleitet und werden Ihnen per E-Mail über die aktuellen Entwicklungen berichten. Darüber hinaus halten wir diesen Thread über den aktuellen Stand auf dem Laufenden. Bitte schauen Sie regelmäßig in Ihren Posteingang, um unsere Nachrichten zu erhalten.
Vielen Dank für Ihre Geduld und Ihre Mithilfe.
Mit freundlichen Grüßen,
AliExpress Kundenservice-Team",2026-07-29T03:03:42.000Z
www.aliexpress.com,id:6a68682960ef414d9e4c469f,native_id,6a68682960ef414d9e4c469f,1,false,1785234505,07/28/2026 10:28:25,Even the replies here are bots. Scam!,"Its crazy how absurdly bad and scammy this website is. Even when you leave a negative review here explaining what happened, they have a bot copypasting the same message asking for details to ""fix the problem"" but obviously they ignore that and nothing happens, since they have zero humans working in their company, or the ones they have are trained specifically to ignore their customers and steal their money. Wait and see how they reply asking for details and apologising. Its all bots and AI automatic replies that go nowhere and your money will stay lost and stolen forever. Do not use them!!! And tell everyone you know to avoid them always. ",VansTheWall,6a635fbfff3db2648bc18add,DE,3,"Dear Customer,
Thank you for bringing this matter to our attention. We sincerely apologize for the inconvenience you have experienced.
We would like to inform you that we are actively looking into the issue you reported. However, as the investigation is still ongoing, we have not yet reached a conclusion or sent you an update. Rest assured, once we have a solution or further information, we will notify you immediately via email. Please keep an eye on your inbox for our response.
If you have any additional questions or require further assistance in the meantime, please don’t hesitate to contact us.
Best regards,
AliExpress Customer Service Team",2026-07-29T03:05:20.000Z
www.aliexpress.com,id:6a686613246cf5decf2980bf,native_id,6a686613246cf5decf2980bf,1,false,1785233971,07/28/2026 10:19:31,Still awaiting shipping cost refund,"It's been over two weeks since my last email to Aliexpress providing them with the required proof of return.
They have been dancing around this issue for over a month now.
Aliexpress kindly refund me £18.78 as agreed.",Louise Marie,6098ebeb3beaf40019c507b7,GB,39,"Dear Customer,
Thank you for your patience. I have noticed that your dedicated customer service representative is currently handling your case. Due to the complexity of the situation, it may take a bit longer to resolve. However, I have already urged them to respond to your email as soon as possible.
Please continue to communicate with your dedicated customer service via email for further updates.
Thank you for your understanding, and we appreciate your cooperation.
Best regards,
AliExpress Customer Service Team",2026-07-29T03:07:58.000Z
www.aliexpress.com,id:6a68587f2501f73aec10b659,native_id,6a68587f2501f73aec10b659,1,false,1785230495,07/28/2026 09:21:35,szkoda slow nie polecam!!!!,"szkoda slow nie polecam!!!!
zakupiony towar to podrobka a pisza ze orginal jakosc towaru slaba na 1+
unikac tej strony",Anmar Czesci,652d80e967088200123ade55,PL,3,"Drogi Kliencie,
Szczerze przepraszamy za niedogodności związane z otrzymanym produktem, który nie działa zgodnie z oczekiwaniami. Rozpoczęliśmy już dochodzenie w tej sprawie i jak najszybciej przekażemy aktualne informacje za pośrednictwem poczty elektronicznej. Prosimy o śledzenie skrzynki odbiorczej w celu uzyskania dalszych informacji.
Jeśli masz jakieś dodatkowe szczegóły lub informacje pomocnicze dotyczące problemu, prosimy o podzielenie się nimi z nami za pośrednictwem tego wątku e-mail lub za pośrednictwem naszego Centrum pomocy. Twoja współpraca i cierpliwość podczas tego procesu są bardzo mile widziane.
Dziękujemy za zwrócenie naszej uwagi na tę sprawę i jeszcze raz przepraszamy za wszelkie frustracje, które mogła ona spowodować.
Z wyrazami szacunku,
Zespół Obsługi Klienta AliExpress",2026-07-29T03:10:16.000Z
www.aliexpress.com,id:6a68566ff60282e93dc8af24,native_id,6a68566ff60282e93dc8af24,1,false,1785229967,07/28/2026 09:12:47,ATTENTION Aliexpress ARNAQUE ses client,"J'ai reçu une carte dspico défectueuse que j'ai acheté à 15€.
J'ai retourné le produit et je n'ai été remboursé que 4€ ???
Quand je contacte leur service client, j'ai des bots qui me répondent.
C'est clairement de l'arnaque.

Leur service client vient de me répondre en disant que l'article retourné n'est pas complet. Sachant que j'ai tout retourné avec une photo comme preuve. C'est vraiment une HONTE.

Je ferme mon compte.",Nab Mzn,69efca2862191457c74ff637,FR,1,"Cher client,
Tout d'abord, permettez-nous de vous présenter nos plus sincères excuses pour la gêne occasionnée concernant votre remboursement. Nous sommes sincèrement désolés de cette situation et nous vous remercions infiniment d'avoir attiré notre attention sur ce problème. Votre patience et votre compréhension sont primordiales pour nous en cette période difficile.
Nous tenons à vous assurer que nous étudions activement ce problème dans les plus brefs délais. Notre équipe travaille sans relâche pour le résoudre au plus vite et nous veillerons personnellement à vous informer en détail par e-mail à chaque étape du processus. Veuillez consulter votre boîte mail : nous vous tiendrons informés tout au long du processus.
Une fois encore, merci de nous avoir donné l'occasion de rectifier le tir. Vous êtes notre priorité absolue et nous nous engageons à assurer votre entière satisfaction.
Cordialement,
L'équipe du service client d'AliExpress",2026-07-29T03:12:51.000Z
www.aliexpress.com,id:6a68531aab5e692e41fdb6f7,native_id,6a68531aab5e692e41fdb6f7,1,false,1785229114,07/28/2026 08:58:34,Seit kurzem wird man bei jedem Einkauf…,"Seit kurzem wird man bei jedem Einkauf bei Aliexpress betrogen.
Einfuhrumsatzsteuer beträgt 7-19% und muss lt. EU Verordnung direkt vom Händler berechnet und abgeführt werden.

Die Zölle werden nicht im Preis angegeben, erst wenn man zahlen will.
Es werden jedoch zwischen 50-100% Zölle und Gebühren berechnet, statt der 7-19%.

Ich habe mich mit dem Support auseinander gesetzt, der Fall wurde an die Ebene darüber weitergeleitet.
Bis ich eine zufriedenstellende Antwort habe, bleibt dieses Review!

",Samuel Rödiger,55b8ebb60000ff0001d02d87,DE,9,"Sehr geehrter Kunde,
Wir entschuldigen uns aufrichtig für die entstandenen Unannehmlichkeiten.
Wir schätzen Ihr Feedback und möchten mehr über Ihr Problem erfahren, um Ihnen effektiv helfen zu können. Damit wir Ihre Situation besser verstehen können, bitten wir Sie, das Ihnen zugesandte Informationsanforderungsformular auszufüllen. Bitte geben Sie Details wie Ihre Bestellnummer(n) oder Ihre E-Mail-Adresse an.
Ihre Mitarbeit trägt wesentlich dazu bei, dass wir das Problem schneller lösen können.
Vielen Dank für Ihr Verständnis und Ihre Unterstützung.
Mit freundlichen Grüßen
AliExpress Kundenservice-Team",2026-07-29T03:13:55.000Z
www.aliexpress.com,id:6a684ff7684a1b37ddb95dfb,native_id,6a684ff7684a1b37ddb95dfb,1,false,1785228311,07/28/2026 08:45:11,Habe dort einen Akku gekauft den ich…,Habe dort einen Akku gekauft den ich aber dann nicht mehr brauchte.  Rückgaben wurden angeboten.  Man schreibt nur mit einer KI und bekommt immer wieder die Mail das man es nicht zurück nimmt.  Ich kann nur vor dem Anbieter AliExpress warnen.  Nicht umsonst mussten die bereits eine hohe Geldstrafe zahlen. Das grenzt schon an Betrug.,angie,6020f8aae0ea7800197348ae,DE,5,"Sehr geehrter Kunde,
Es tut uns sehr leid zu hören, dass Sie ein Problem hatten. Das ist nicht die Erfahrung, die wir uns für unsere Kunden wünschen. Wir würden uns diesen Fall gerne ansehen und sehen, wie wir helfen können. Damit wir Ihre Erfahrungen besser nachvollziehen können, fügen Sie bitte Details wie die Bestellnummer oder Ihre E-Mail-Adresse in das Formular für Informationsanfragen ein, das wir Ihnen geschickt haben.
Mit freundlichen Grüßen,
AliExpress Kundenservice-Team",2026-07-29T03:20:08.000Z
www.aliexpress.com,id:6a68494f5ed2e089239baf1c,native_id,6a68494f5ed2e089239baf1c,1,false,1785226607,07/28/2026 08:16:47,Product faulty and bad customer service,"Really disappointed with my order from one seller, got some rings for chainmaille and the are the worst, tried to return them and had to provide proof of everything, the largest amount of rings ordered were awarded a 51c refund while spent over €20, tried to appeal to both seller and aliexpress and I get nothing but freaking ai responses and no one is really helping... this has really been an awful experience",Sofia Reis,5f6bdbdcd41eaa6f07084ba7,IE,8,"Dear Customer,
We sincerely apologize for the inconvenience caused by the product you received that is not functioning as expected. We have already begun investigating the issue and will provide you with updates via email as soon as possible. Please keep an eye on your inbox for further communication.
If you have any additional details or supporting information regarding the issue, please feel free to share it with us through this email thread or via our Help Center. Your cooperation and patience throughout this process are greatly appreciated.
Thank you for bringing this matter to our attention, and we apologize once again for any frustration this may have caused.
Best regards,
AliExpress Customer Service Team",2026-07-29T03:22:44.000Z
www.aliexpress.com,id:6a6846891b16b5eb252c49aa,native_id,6a6846891b16b5eb252c49aa,1,false,1785225897,07/28/2026 08:04:57,Aliexpress NO GRAZIE ,"Come già scritto nelle mie recensioni precedenti acquistare su Aliexpress è stata l’esperienza più orribile che abbia mai avuto 
Non hanno  voluto rimborsare le spese di reso,anche se era ben specificato che dovevo anticiparle e poi sarei stato rimborsato ,ma costretto ad accettare un coupon di 50,25 euro a fronte 
Ieri per recuperare il mio credito ho ordinato un articolo a 37 euro ed un altro articolo a 15 euro per un totale di 52/53 euro 
Nel momento in cui ho confermato gli ordini mi sono stati addebitati più di 5 euro per il primo articolo e più di 4 euro per il secondo 
Io non riesco a capire come le persone possono continuare a comprare su Aliexpress azienda poco seria,con una politica poco trasparente direi quasi al limite della legalità ",Roberto Sposato,663dc35cb8acc137c1bf18e1,BE,4,"Gentile cliente,
Siamo veramente spiacenti per l'inconveniente causato.
Apprezziamo il tuo feedback e vorremmo saperne di più sul tuo problema per aiutarti in modo efficace. Per aiutarci a comprendere appieno la tua situazione, ti chiediamo gentilmente di completare il ""Modulo di richiesta informazioni"" che ti abbiamo inviato. Si prega di fornire dettagli come il numero di ordine o e-mail.
La vostra collaborazione ci aiuterà notevolmente a risolvere la questione in modo più efficiente.
Grazie per la comprensione e il supporto.
Cordiali saluti,
Team del servizio clienti AliExpress",2026-07-29T03:23:47.000Z
www.aliexpress.com,id:6a68371b5799ce36f3a5c3af,native_id,6a68371b5799ce36f3a5c3af,1,false,1785221947,07/28/2026 06:59:07,Their client service is as bad as the products.,"Their client service is as bad as the products.
They sent me the wrong product, knowing it does not fit, and then said I must talk to the supplier on their chat page, where the supplier, of course, gave me the runaround. Now AliExpress said it has been too long they can no longer help resolve the issue. Don't buy from them; buy from reputable dealers, not scammers.

",Francois Cornelis Le Roux,6a683702ff3db29525c67cac,ZA,1,"Dear Customer,
We deeply regret the discrepancy in the item you received and sincerely apologize for any inconvenience this may have caused. Please rest assured that we are actively investigating the issue and will keep you updated via email.
We value your understanding and trust as we work to resolve this matter. Your patience means a lot to us, and we are committed to ensuring a satisfactory resolution. Thank you for your support.
Best regards,
AliExpress Customer Service Team",2026-07-29T03:26:21.000Z
www.aliexpress.com,id:6a6822160194318c2ba3cf93,native_id,6a6822160194318c2ba3cf93,1,false,1785216566,07/28/2026 05:29:26,I bought a phone screen product and it…,"I bought a phone screen 
 and it wasn't working. The seller didn't respond to me.aliExpress They didn't give me anything, it's like they're helping me steal. I've been waiting for about 20 days, and I have all the proof, including a video to prove the product doesn't work and evidence of my conversations with the seller and on AliExpress.",Hs Ae,6a68204c236e3d8d95e78f68,MT,1,"Dear Customer,
We sincerely apologize for the inconvenience caused by the product you received that is not functioning as expected. We have already begun investigating the issue and will provide you with updates via email as soon as possible. Please keep an eye on your inbox for further communication.
If you have any additional details or supporting information regarding the issue, please feel free to share it with us through this email thread or via our Help Center. Your cooperation and patience throughout this process are greatly appreciated.
Thank you for bringing this matter to our attention, and we apologize once again for any frustration this may have caused.
Best regards,
AliExpress Customer Service Team",2026-07-29T03:29:20.000Z
www.aliexpress.com,id:6a6810723b3a0b08f3dce806,native_id,6a6810723b3a0b08f3dce806,1,false,1785212050,07/28/2026 04:14:10,Une catastrophe administrative – Plateforme dépassée et robots inutiles,"AliExpress est devenu un site totalement dépassé qui protège ses vendeurs au détriment des acheteurs. Les vendeurs n'indiquent pas correctement la valeur marchande ou le code douanier électronique obligatoire (IOSS) sur les colis. Résultat : je me retrouve avec des dizaines de factures de dédouanement de la Poste suisse de 20.-, et je paie une fortune dans le vent ! Juste aujourd'hui, j'en ai reçu 4 pour mes 11 commandes passées, sa fait 80.- CHF, et je vais sûrement en recevoir d'autres... C'est inadmissible de devoir payer autant d'argent à cause de l'incompétence des vendeurs et du manque total de contrôle de la plateforme. C’est de la double taxation abusive et totalement illégale, car je paye déjà les 8,1 % de TVA directement sur la plateforme lors de l'achat !

Pour couronner le tout, le service client est une immense mascarade. On fait face à des agents robotiques bons à rien. Les litiges et les recours n'aboutissent jamais en faveur des acheteurs, le système est conçu pour donner systématiquement raison aux vendeurs avec des réponses automatiques. C'est un procès perdu d'avance.

Ce site finira par disparaître quand les gens en auront marre de perdre leur argent. À bon entendeur : passez votre chemin. Au moins sur Temu, je n'ai jamais eu le moindre problème de surtaxe douanière, car eux ils contrôlent leurs expéditions, contrairement à AliExpress.",Zyouc IO,6a6803977b418c7046908d28,CH,1,"Cher client,
Merci d'avoir porté cette question à notre attention. Nous sommes désolés d'apprendre le comportement du vendeur que vous avez signalé. Soyez assuré que nous avons reçu les informations que vous avez fournies et que nous commencerons immédiatement à enquêter sur le problème.
Nous vous contacterons par e-mail pour vous tenir au courant des progrès et de la résolution de votre cas. Votre satisfaction et votre confiance sont importantes pour nous, et nous nous engageons à assurer une résolution juste et rapide.
Merci pour votre patience et votre compréhension. Si vous avez d'autres questions ou avez besoin d'une assistance supplémentaire, n'hésitez pas à nous contacter.
Meilleures salutations,
Équipe de service à la clientèle AliExpress",2026-07-29T03:33:58.000Z
www.aliexpress.com,id:6a67f715df9a67998bd6b4ca,native_id,6a67f715df9a67998bd6b4ca,1,false,1785205557,07/28/2026 02:25:57,Three packages sent,Three packages sent - one not received. After 5 hours on my computer - several of their pages do not open - they say I have received the package.  I won't order from them again and I advise others not to order.,Lois Kidd,6961d4576148ea01cf2cf05c,US,2,"Dear Customer,
We are very sorry to hear that you have encountered an issue. This is not the experience we want for our customers. We'd love to look into this case and see how we can help. To help us better understand your experience, please add details like order number or email through the Request Information form that we sent you.
Best regards,
AliExpress Customer Service Team",2026-07-28T03:43:52.000Z
www.aliexpress.com,id:6a67e3e5c0990e9fdd6f75fb,native_id,6a67e3e5c0990e9fdd6f75fb,1,false,1785200645,07/28/2026 01:04:05,“”””BEWARE BE AWARE”””” DO NOT SHOP AT…,"“”””BEWARE BE AWARE”””” DO NOT SHOP AT ALIEXPRESS HORRIBLE TERRIBLE EXPERIENCE IN MY LIFE AS THEY ARE SCAMMERS AND LIARS!!!! 👎👎👎👎👎 AND THERE REPLIES (BELOW) ARE THE SAME OLD BROKEN RECORD AS THEY ALWAYS SAY THE SAME THING AND “”””NO ACTION”””” SHAME ON YOU ALIEXPRESS, SHAPE UP OR SHIP OUT!!!! 👎👎👎👎👎👎👎👎👎👎👎👎",Adele H Bucci,678c04a02f1c1cdd826af343,CA,3,"Dear Customer,
We are very sorry to hear that you have encountered an issue. This is not the experience we want for our customers. We'd love to look into this case and see how we can help. To help us better understand your experience, please add details like order number or email through the Request Information form that we sent you.
Best regards,
AliExpress Customer Service Team",2026-07-28T03:44:39.000Z
www.aliexpress.com,id:6a67dcd419685b21e011d42c,native_id,6a67dcd419685b21e011d42c,1,false,1785198836,07/28/2026 00:33:56,Illegal customer service ,"Absolutely shocking customer service on a sinosmart car stereo system I purchased at a cost of £254.19. had the item a couple of months, various problems with it including the radio would randomly change stations or lose signal altogether. The weather app didn't work and was stuck on NANSHAN,the sound quality wasn't great either and the unit would only work when the car was running or ignition was on!!  I returned the item as faulty only to be told because it was beyond the 90 day window the money wouldn't be refunded, instead it would be put in a BONUS account for me to use!! I explained this was illegal and I'm currently taking legal action against ali express!! DON'T BUY ANYTHING YOU NEED TO RETURN AS YOU WILL NOT GET YOUR MONEY BACK.  Cheap Chinese crap!!!! ",andrew florey,6213cf6e93ca980012ab38b8,GB,5,"Dear Customer,
We are very sorry to hear that you have encountered an issue. This is not the experience we want for our customers. We'd love to look into this case and see how we can help. To help us better understand your experience, please add details like order number or email through the Request Information form that we sent you.
Best regards,
AliExpress Customer Service Team",2026-07-28T03:45:42.000Z
www.aliexpress.com,id:6a67d1bf4aa0114b719bd573,native_id,6a67d1bf4aa0114b719bd573,1,false,1785195999,07/27/2026 23:46:39,Brutta societa il mio pacco e dai primi…,Brutta societa il mio pacco e dai primi di giugno che devono consegnare mai arrivato non acquisterò più niente ,Elena B,6a453af7000ce37f0698d309,IT,6,"Gentile cliente,
Ci dispiace molto per l'inconveniente riscontrato. Non è certo questo il tipo di esperienza che desideriamo offrire ai nostri clienti. Vorremmo esaminare il caso e capire come possiamo aiutarla. Per aiutarci a comprendere meglio la sua esperienza, la preghiamo di aggiungere dettagli come il numero d'ordine o l'indirizzo email tramite il modulo di richiesta informazioni che le abbiamo inviato.
Cordiali saluti,
Team del Servizio Clienti AliExpress",2026-07-28T03:46:51.000Z
www.aliexpress.com,id:6a67c750ac2276f3f48ea5f3,native_id,6a67c750ac2276f3f48ea5f3,1,false,1785193328,07/27/2026 23:02:08,J'ai bien recu mon produit mais depuis…,"J'ai bien recu mon produit mais depuis je fais spamer jour et nuit par la plateforme.
Je déconseille fortement. A ce niveau c'est du harcèlement. Impossible de se désinscrire. Je suis allé jusqu'à les contacter pour qu'ils arrêtent mais rien n'y fait.",pedrolin,69307dc63d98f0edefe7ac10,FR,2,"Cher client,

Nous vous prions de bien vouloir accepter nos excuses pour la gêne occasionnée.

Nous vous remercions de nous avoir fait part de vos commentaires. Pour gérer vos paramètres de messagerie, veuillez suivre les étapes ci-dessous.

Sur ordinateur :

1. Accédez à Compte > Paramètres et sélectionnez « Activer les notifications par e-mail ».

2. Ajustez vos préférences de notification par e-mail. Si vos notifications sont activées et que vous préférez ne pas recevoir de mises à jour, désactivez-les simplement.

Sur l’application mobile :

1. Accédez à Compte > Paramètres > Paramètres de notification et sélectionnez « Gérer les abonnements par e-mail ».

2. Ajustez vos préférences de notification par e-mail. Si vos notifications sont activées et que vous préférez ne pas recevoir de mises à jour, désactivez-les simplement.

Cordialement,

Service client AliExpress",2026-07-28T03:47:33.000Z
www.aliexpress.com,id:6a67bcd2325f5dc0ac7daa86,native_id,6a67bcd2325f5dc0ac7daa86,1,false,1785190642,07/27/2026 22:17:22,AVOID AT ALL COSTS,Item delivered was incomplete and seller said only one item was sent correctly. Requested a refund from aliexpress on the day of receipt. Despite saying they'd respond within 48 hours it's been 14 days now. Staus is 'we're reviewing your request' and 'You will receive an update by 00:00:00'. Absolutely disgraceful customer service. Sellers listing was very misleading and clearly not reviewed by aliexpress. AVOID THIS COMPANY AT ALL COSTS,Paul Lewis,5a8f103368b736becce8e00a,GB,11,"Dear Customer,

We are so so sorry to hear that your order didn’t arrive complete, this is NOT the experience we want for you! You deserve nothing less than perfection, we feel absolutely terrible about this!  

Rest assured, we are treating this matter with the utmost urgency! Our team is already hard at work investigating what went wrong, and we’re determined to get to the bottom of this as soon as possible. As soon as we have any updates, we’ll be sure to send them straight to your inbox, you won’t miss a single step of our process. So please, keep an eye on your email (and maybe even your spam folder) to stay in the loop.

If you have any more questions or need further assistance, please don’t hesitate to reach out we’re always here to help.

Warm regards,

AliExpress Customer Service Team",2026-07-28T03:55:15.000Z
www.aliexpress.com,id:6a67afff9fe4a8e6e5575c14,native_id,6a67afff9fe4a8e6e5575c14,1,false,1785187359,07/27/2026 21:22:39,Von 8 bestellten Teilen habe ich 6…,"Von 8 bestellten Teilen habe ich 6 zurück schicken müssen 
Billiger Schrott den ich nicht an mein Motorrad anbauen konnte da es vorn und hinten geklappert hat
Teile zu groß und kein Material zum anbauen dabei
Große Probleme beim zurück schicken, laut Hermes ist alles angekommen aber AliExpress konnte das nicht bestätigen 
Gut das ich über Paypal bezahlt habe und hierdurch mein Geld zurück erhalten werde
Ganz klar NEIN zu AliExpress 
Habe meinen Account gelöscht und werde nie wieder etwas bei denen bestellen ",Dirk,698b031eb51c702a349d841c,DE,4,"Sehr geehrter Kunde,

Wir bedauern die Unannehmlichkeiten, die Ihnen durch die Abweichung bei dem von Ihnen erhaltenen Artikel entstanden sind, sehr. Wir nehmen diese Angelegenheit sehr ernst und untersuchen das von Ihnen gemeldete Problem bezüglich des falschen Artikels proaktiv.

Wir danken Ihnen für Ihre Geduld, während wir an der Lösung dieses Problems arbeiten. Sie erhalten ein ausführliches Update per E-Mail. Wir werden dafür sorgen, dass dieser Thread stets aktuell bleibt. Bitte behalten Sie Ihren Posteingang im Auge, um unsere Mitteilungen zu erhalten.

Ihr Verständnis und Ihre Unterstützung sind uns sehr wichtig, und wir setzen uns für Ihre Zufriedenheit ein. Vielen Dank, dass Sie uns die Möglichkeit geben, dieses Problem zu beheben.

Mit freundlichen Grüßen,

AliExpress Kundenservice-Team",2026-07-28T04:02:08.000Z
www.aliexpress.com,id:6a679e01d40334463bfc08a3,native_id,6a679e01d40334463bfc08a3,1,false,1785182753,07/27/2026 20:05:53,Liars liars liars,Liars liars liars. They do not refund you. Beware. Big scam. ,Laurent,65abd46d9148e50012d79658,AU,2,"Dear Customer,
We are very sorry to hear that you have encountered an issue. This is not the experience we want for our customers. We'd love to look into this case and see how we can help. To help us better understand your experience, please add details like order number or email through the Request Information form that we sent you.
Best regards,
AliExpress Customer Service Team",2026-07-28T05:36:35.000Z
www.aliexpress.com,id:6a679b63bb453115a18d67ae,native_id,6a679b63bb453115a18d67ae,1,false,1785182084,07/27/2026 19:54:44,QUE CLASE DE ESTAFA ES ÉSTA?,NO DEJA CAMBIAR LOS DIAMANTES POR RECOMPENSAS. LLEVA BLOQUEADO DÍAS,ALFREDO,615b7900d4899a0012a00881,ES,106,"Estimado cliente:
Gracias por su paciencia. He notado que su representante de atención al cliente asignado está gestionando su caso. Debido a la complejidad de la situación, la resolución podría demorar un poco más. Sin embargo, ya le he solicitado que responda a su correo electrónico lo antes posible.
Por favor, continúe comunicándose con su representante de atención al cliente asignado por correo electrónico para obtener actualizaciones.
Gracias por su comprensión y agradecemos su colaboración.
Saludos cordiales,
Equipo de Atención al Cliente de AliExpress",2026-07-28T05:40:49.000Z
www.aliexpress.com,id:6a6783438b321d3bfef6a838,native_id,6a6783438b321d3bfef6a838,1,false,1785175907,07/27/2026 18:11:47,Vol de produit car non livrée et aussi…,Vol de produit car non livrée et aussi le service après vente vous demandera de aller chercher des document à fournir auprès du livreur qui est total corrompu et cherche à ne pas rembourser donc ne commandez pas chez eux des voleurs à tt les niveaux,Rodgers Ipanema,6a5ffbcbb06fbfbc30ef9fbd,FR,2,"Cher client,

Nous vous remercions de nous avoir contactés et de votre patience pendant que nous travaillons à la résolution de ce problème.

Pour aller de l'avant, nous vous recommandons de contacter directement votre représentant du service client dédié. Il est le mieux placé pour vous aider et vous accompagnera tout au long de la procédure. Veuillez fournir toute preuve ou documentation pertinente qui étaye votre situation ; cela nous permettra de mieux comprendre le problème et de trouver une solution plus rapidement.

Soyez assuré(e) de notre engagement à vous aider et à trouver une solution équitable. Votre satisfaction est notre priorité et nous mettrons tout en œuvre pour répondre à vos préoccupations.

Nous vous remercions de votre compréhension et de votre coopération.

Cordialement,

L'équipe du service client AliExpress",2026-07-28T05:44:07.000Z
www.aliexpress.com,id:6a677d5ad4d4598d69b18ad8,native_id,6a677d5ad4d4598d69b18ad8,1,false,1785174394,07/27/2026 17:46:34,Vendedores nefastos y servicio al…,"Vendedores nefastos y servicio al cliente aún peor ! Se quedaron mi dinero por 90 días por un pedido que nunca ha llegado, he tenido que esperar 90 días sin recibir el producto ni mi dinero de vuelta ! Se quedan con tu dinero sin ninguna motivación lógica por tres meses, violan la leyes europeas , ponen tiempo de entregas estimados totalmente engañosos porque nunca llegan a la fecha pactada incluso ni un mes despues y quieren hacerte esperar un mes más para rembolso ! Y el customer care encima es arrogante y maleducado, me atendió un Jesús que solo contestaba mal y ni escuchaba mi problema además mi pareja hizo el mismo pedido y ha tenido el mismo problema, es evidente que hay un modus operandi poco trasparente y que de esta forma se quedaron con  nuestros160 euros por tres meses sin enviarnos nada, denunciaremos como consumidores sin duda alguna para que esto no vuelva a pasar .",vincenzo mari,64122eacba3bba001266033c,ES,5,"Estimado cliente:
Le pedimos disculpas por las molestias ocasionadas por la no recepción de su paquete. Ya hemos iniciado una investigación y le informaremos por correo electrónico sobre el progreso de su caso. Asimismo, le mantendremos al tanto de las novedades en este hilo. Le rogamos que revise su bandeja de entrada con regularidad.
Gracias por su paciencia y colaboración.
Saludos cordiales,
Equipo de Atención al Cliente de AliExpress",2026-07-28T05:47:33.000Z
www.aliexpress.com,id:6a677bdf934d2e62a1d7181d,native_id,6a677bdf934d2e62a1d7181d,1,false,1785174015,07/27/2026 17:40:15,AliExpress NIE PRZESTRZEGA PRAWA UNII…,"AliExpress NIE PRZESTRZEGA PRAWA UNII EUROPEJSKIEJ!!!!!!!!!

AliExpress po raz kolejny odpowiedział pod moją opinią, że mam sprawdzić e-mail. Niestety, wiadomość e-mail ponownie nie odnosi się do istoty sprawy.

Na Trustpilot AliExpress napisał:

""Dziękujemy za cierpliwość. Zauważyłem, że Twój dedykowany przedstawiciel obsługi klienta zajmuje się obecnie Twoją sprawą. Ze względu na złożoność sytuacji, jej rozwiązanie może potrwać nieco dłużej. Poprosiłem jednak o jak najszybszą odpowiedź na wiadomość e-mail.
Prosimy o dalszą komunikację z dedykowanym działem obsługi klienta za pośrednictwem poczty elektronicznej w celu uzyskania dalszych aktualizacji.
Dziękujemy za zrozumienie i doceniamy współpracę.""

Natomiast w e-mailu otrzymałem ponownie to samo jak zawsze, czyli nic, mimo dowodów, które nie są do obalenia nawet przez prawników:

""Przykro nam z powodu Twojej sytuacji, ale dostarczone przez Ciebie dowody są nieważne, dlatego nie możemy przetworzyć Twojej prośby. Prosimy o wyrozumiałość.""

To kolejna odpowiedź, która całkowicie pomija sedno sprawy.

Od początku domagam się:

wskazania precyzyjnej podstawy prawnej (artykułu i aktu prawnego), która rzekomo wyłącza moje prawo do odstąpienia od umowy w tej sprawie,
natychmiastowego zatwierdzenia zgłoszonego przeze mnie zwrotu oraz przekazania etykiety zwrotnej.

Do dziś AliExpress nie zrealizował żadnego z tych żądań.

Zgłosiłem chęć odstąpienia od umowy w terminie 6 dni od otrzymania przesyłki. Mimo to uniemożliwiono mi zwrot produktu i do dziś nie przedstawiono żadnej podstawy prawnej uzasadniającej takie działanie.

Każda kolejna odpowiedź AliExpress jedynie potwierdza, że platforma unika merytorycznego odniesienia się do mojego zgłoszenia. Moja opinia pozostaje bez zmian.

AliExpress NIE PRZESTRZEGA PRAWA UNII EUROPEJSKIEJ!!!!!!!!!",Rafał,681f8c98b83f2ce4cd782238,PL,8,"Szanowny Kliencie,
Dziękuję za cierpliwość. Zauważyłem, że Państwa dedykowany przedstawiciel obsługi klienta zajmuje się obecnie Państwa sprawą. Ze względu na złożoność sytuacji, jej rozwiązanie może potrwać nieco dłużej. Zwróciliśmy się jednak do Państwa z prośbą o jak najszybszą odpowiedź na Państwa wiadomość e-mail.
Prosimy o kontakt z Państwa dedykowanym przedstawicielem obsługi klienta za pośrednictwem poczty elektronicznej w celu uzyskania dalszych informacji.
Dziękujemy za zrozumienie i doceniamy Państwa współpracę.
Z poważaniem,
Zespół Obsługi Klienta AliExpress",2026-07-28T05:50:58.000Z
www.aliexpress.com,id:6a676da2384864c5b03da6f0,native_id,6a676da2384864c5b03da6f0,1,false,1785170370,07/27/2026 16:39:30,ALI EXPRESS SCAMMED US ,"We bought 2 scooters from Ali express. Ali express on the checkout page encourages us to pay VAT and shipping directly to the seller itself - so we did, we paid 110 Euro VAT. 

Then the seller cancels the order and we receive the rest of the money from ali back (but NOT the VAT). The seller then says hes shipped the scooters and want us to pay the rest of the money directly to him - we refuse because it seems strange. Until now (he promised the order would come 1  week ago) we have NOT received any scooters OR our VAT money back and the seller wants us to pay more money. On top of that - Ali express DOES NOT LISTEN and WILL NOT take responsibility for asking and encouraging us to pay VAT DIRECTLY TO THE SELLER!

ALI EXPRESS FACILITATES AND HELPS FRAUD COMPANYS AND CRIMINAL SELLERS TRICK PEOPLE OF MONEY!

WE WANT OUR 110 EURO - ALI EXPRESS MUST TAKE RESPONSIBILITY - THEY WROTE ON THEIR SITE THAT WE SHOULD MAKE PAYMENT ARRANGEMENT OF VAT DIRECTLY WITH THE SELLER!
",Vic,59ad24580000ff000ac3b7bb,SE,24,"Dear Customer,
Thank you for your patience. I have noticed that your dedicated customer service representative is currently handling your case. Due to the complexity of the situation, it may take a bit longer to resolve. However, I have already urged them to respond to your email as soon as possible.
Please continue to communicate with your dedicated customer service via email for further updates.
Thank you for your understanding, and we appreciate your cooperation.
Best regards,
AliExpress Customer Service Team",2026-07-28T05:59:42.000Z
www.aliexpress.com,id:6a676c03ae1a1ebeaa89de7e,native_id,6a676c03ae1a1ebeaa89de7e,1,false,1785169955,07/27/2026 16:32:35,"Warning,do not use Aliexpress","Up to now I have been satisfied with Aliexpress but my recent order has shown a rapid decline in customer service. Having ordred a branded Lenovo Power Bank and receiving a completely different one to the advertised item, Aliexpress have refused to refund me my money and have closed the request! The seller has now contacted me offering a third of my money back. This is unacceptable behaviour from both Aliexpress and the seller as I have been sent something that is not the same as the one being advertised.",Michael Pinkus,6a676bfbc2526c2f749d0526,GB,1,"Dear Customer,
We are very sorry to hear that you have encountered an issue. This is not the experience we want for our customers. We'd love to look into this case and see how we can help. To help us better understand your experience, please add details like order number or email through the Request Information form that we sent you.
Best regards,
AliExpress Customer Service Team",2026-07-28T05:52:06.000Z
www.aliexpress.com,id:6a676a7d49a7ab85884a252f,native_id,6a676a7d49a7ab85884a252f,1,false,1785169565,07/27/2026 16:26:05,I'm so disappointed with AliExpress!!!,"I'm so disappointed with AliExpress!!! I had previously had good experiences as a buyer, but now I'm facing an outrageous situation, and I can't find any way to contact AliExpress customer support. My order number is: 5551106010096930
I received 10 m² of wallpaper with the image distorted and different from the product description. I opened Dispute #27679052 on June 25, 2026. Following the dispute instructions, I returned the items on July 3, 2026, paying $30 for return shipping. I attached the tracking number (CB800393193MD) to the dispute and also sent it to the seller together with the tracking webpage. I did everything required so that I could receive my $100 refund.
Immediately after I opened the dispute, the seller, ""Simple-fashion,"" stopped responding to all of my messages. My return package has been in China since July 14, and its current tracking status is ""Invoice missing."" It appears that the seller has not provided the required information about the parcel's value or confirmed that it is a returned package.
According to the dispute, I will receive my refund only after the seller receives the returned package. However, it seems that the seller is deliberately ignoring both my messages and the return shipment. My dispute is scheduled to expire on August 2, and I'm afraid I will lose my refund even though I have fully complied with all the requirements.
I have every possible piece of evidence showing that I followed the return process correctly and that the seller is ignoring the return. However, I cannot reach a human customer support representative. I can only communicate with an automated chatbot. There is no customer support email address, no clear information about customer service hours, and, most importantly, no clear way to contact a real person for assistance.

Can someone from AliExpress please review my case and help resolve this issue before my dispute expires?!!!",Eva Agapov,686f8cfe2824b5719f3534f3,MD,6,"Dear Customer,
We sincerely apologize for any inconvenience you have experienced regarding your return and the lack of a refund. We have already begun investigating the issue you reported. You will receive a response from us via email, and we will keep this thread updated with the latest progress. Please be sure to check your inbox regularly for updates.
Thank you for your understanding and cooperation.
Best regards,
AliExpress Customer Service Team",2026-07-28T05:55:58.000Z
www.aliexpress.com,id:6a675ce9539e1b294a9e8dd1,native_id,6a675ce9539e1b294a9e8dd1,1,false,1785166089,07/27/2026 15:28:09,Una stella è anche troppo,"Una stella è anche troppo, sono stato truffato , ho ordinato un inverter easun da 24 volt e ho ricevuto un inverter senza marchio da 12 volt, ho provato a contattarli ma non rispondo hanno risposto solo dopo una recensione come questa, mi hanno chiesto foto, video, ho spedito tutto ma non ho avuto nessuna risposta. Quando prendono i soldi sono velocissimi ma quando devono rispondere dei loro errori è tutto complicato. ",Giuseppe Musina,69f711ec5f73f9bb549fae21,IT,4,"Gentile Cliente,
Grazie per averci contattato. Ci scusiamo per la spiacevole esperienza di acquisto. Il nostro agente ti ha inviato un'email, per favore controllala. Se hai domande, non esitare a rispondere a questa email e ti risponderemo il prima possibile.
Grazie per la tua comprensione e supporto!
Cordiali saluti,
Team di Assistenza Clienti AliExpress",2026-07-28T01:44:39.000Z
www.aliexpress.com,id:6a67596032feb62f4e2fc456,native_id,6a67596032feb62f4e2fc456,2,false,1785165184,07/27/2026 15:13:04,il mese scorso avrei dati piu stelle,"il mese scorso avrei dati piu stelle. da quando sono entrati in vigore i dazi applica la tassa su ogni articolo anche se della stessa categoria e spediscono in italia inserendo piu articoli nello stesso pacco.
Altra cosa strana e' che ai nuovi arrivati applicano prezzi piu bassi per lo stesso articolo rispetto che dei clienti affezionati e storici",Fausto Mura,5dee3436741d5f1d4436af50,IT,7,"Gentile cliente,
Ci dispiace molto per l'inconveniente riscontrato. Non è certo questo il tipo di esperienza che desideriamo offrire ai nostri clienti. Vorremmo esaminare il caso e capire come possiamo aiutarla. Per aiutarci a comprendere meglio la sua esperienza, la preghiamo di aggiungere dettagli come il numero d'ordine o l'indirizzo email tramite il modulo di richiesta informazioni che le abbiamo inviato.
Cordiali saluti,
Team del Servizio Clienti AliExpress",2026-07-28T01:52:20.000Z
www.aliexpress.com,id:6a6751baf808d01731ef3527,native_id,6a6751baf808d01731ef3527,5,false,1785163226,07/27/2026 14:40:26,I have ordered two seperate orders,"I have ordered two seperate orders from this company. Both arrived fast from China, with the best tracking communication I have ever seen, from each location the order arrived at. The Goovis HDMI  accessory ordered, I just tested, and works perfectly. Will be ordering from this company in the future.",Brian,4d44249b0000640001063a1e,GB,70,"Dear Customer,
Thanks for taking the time to share your feedback. We're glad you're enjoying shopping with us. Our team is always here to provide a great experience, and it's awesome to know you're happy with what we do.
Best regards,
AliExpress Customer Service Team",2026-07-28T01:39:29.000Z
www.aliexpress.com,id:6a674debe442dd4cdd5c8190,native_id,6a674debe442dd4cdd5c8190,5,false,1785162251,07/27/2026 14:24:11,Good app,Don’t trust others it’s a good app for cheap items and low shipping cost and the refund is quite quick delivery usually within few weeks,Jadon Ng,698f673e2dcf0f6bcaeb9772,GB,20,"Dear Customer,
Thanks for taking the time to share your feedback. We're glad you're enjoying shopping with us. Our team is always here to provide a great experience, and it's awesome to know you're happy with what we do.
Best regards,
AliExpress Customer Service Team",2026-07-28T01:39:57.000Z
www.aliexpress.com,id:6a674c55b4c90f586962f8f1,native_id,6a674c55b4c90f586962f8f1,1,false,1785161845,07/27/2026 14:17:25,Encore harcelé de mail spam mdr leur…,Encore harcelé de mail spam mdr leur site est télement nul,Jimmy Veneroso,66b1fecf6c81e0756c569bba,FR,22,"Cher client,

Nous vous prions de bien vouloir accepter nos excuses pour la gêne occasionnée.

Nous vous remercions de nous avoir fait part de vos commentaires. Pour gérer vos paramètres de messagerie, veuillez suivre les étapes ci-dessous.

Sur ordinateur :

1. Accédez à Compte > Paramètres et sélectionnez « Activer les notifications par e-mail ».

2. Ajustez vos préférences de notification par e-mail. Si vos notifications sont activées et que vous préférez ne pas recevoir de mises à jour, désactivez-les simplement.

Sur l’application mobile :

1. Accédez à Compte > Paramètres > Paramètres de notification et sélectionnez « Gérer les abonnements par e-mail ».

2. Ajustez vos préférences de notification par e-mail. Si vos notifications sont activées et que vous préférez ne pas recevoir de mises à jour, désactivez-les simplement.

Cordialement,

Service client AliExpress",2026-07-28T01:57:24.000Z
www.aliexpress.com,id:6a6743a510315fcfe6f32417,native_id,6a6743a510315fcfe6f32417,1,false,1785159621,07/27/2026 13:40:21,Cheap chinese knockoffs,Cheap chinese knockoffs. Do not buy magnesium gummies from here. They are full of sugar and no value yet they are $25 a packet. Very long postage times.,Lisa Dale,601d0de8af9bdb00191985fb,AU,4,"Dear Customer,
We are very sorry to hear that you have encountered an issue. This is not the experience we want for our customers. We'd love to look into this case and see how we can help. To help us better understand your experience, please add details like order number or email through the Request Information form that we sent you.
Best regards,
AliExpress Customer Service Team",2026-07-28T01:59:18.000Z
www.aliexpress.com,id:6a674075353a23955bb1f5e8,native_id,6a674075353a23955bb1f5e8,1,false,1785158805,07/27/2026 13:26:45,i bought a electric mountain bike and…,i bought a electric mountain bike and within two months the motor has failed i have contacted AliExpress and also sent them video evidence of the bike not working all i got back was an email saying claim void asked them why and what do i need to do to prove and they just say claim void ,andrew,640720d5cca7c7001340c5d4,GB,7,"Dear Customer,

We sincerely apologize for the inconvenience caused by the product you received that is not functioning as expected. We have already begun investigating the issue and will provide you with updates via email as soon as possible. Please keep an eye on your inbox for further communication.

If you have any additional details or supporting information regarding the issue, please feel free to share it with us through this email thread or via our Help Center. Your cooperation and patience throughout this process are greatly appreciated.

Thank you for bringing this matter to our attention, and we apologize once again for any frustration this may have caused.

Best regards,

AliExpress Customer Service Team",2026-07-28T02:01:59.000Z
www.aliexpress.com,id:6a67340212e1bb401975f53b,native_id,6a67340212e1bb401975f53b,1,false,1785155619,07/27/2026 12:33:39,Aliexpress je vous un post pour vous…,"Aliexpress je vous un post pour vous signalant que j'allais aviser le service des fraudes et peut-être porter plainte contre vous pour le vélo varun c14, vous m'avez dit que ma demande est incomplète et que vous êtes désolé. Je vous ai orienté sur une autre vidéo sur Youtube d'un youtubeur qui montre le problème de votre vélo. Et moi je vous ai également signalé le problème sur le vélo. Je ne peux hélas pas vous faire de vidéo. Vous êtes au courant que ce vélo est défaillant et qu'il présente un défaut et qu'il est illégal. Vous semblez abréger ma requête c'est votre droit. Sachez que maintenant je vais donc aviser le service des fraudes, et je vais peut-être porter plainte contre vous. Vous avez été pénalisé de 550 millions par l'Union européenne pour fraude sur jouet et vêtements , apparemment la leçon n'est pas rentrée dans votre tête. Je vais devoir porter plainte contre vous pour vente vélo illégal.. j'ai voulu négocier avec vous en vous demandant  un dédommagement,  pour le préjudice  subit, mais je vois que ça ne rentre pas dans votre tête. 
 En conclusion rester dans votre position, moi je vais porter plainte contre vous.. inutile de m'écrire pour me demander une preuve il m'est impossible de filmer la panne puisque on doit rouler avec et ça m'est impossible de filmer en roulant sur le vélo et je vous l'ai déjà dit plusieurs fois. Vous avez cette panne sur Youtube c'est un youtubeur qui a fait cette même vidéo concernant ce même vélo. Vous vous obstinez à comprendre continuer continuer. Quand la plainte va vous arriver en pleine face ce sera irrévocable pour vous. Le service des ud va être également avisé.. vous commencez à fatiguer les gens, si on vous dit que ce problème est récurrent dans ce vélo, c'est qu'il y a réellement un problème. Vous ne voulez pas ouvrir vos yeux tant pis pour vous je vous avais donné 2 semaines de répit pour vous remettre en question. Vous ne voulez pas vous remettre en question je vais donc lancer la procédure prochainement",Boy-Cot,5f74c0762480d0736ec8d827,FR,46,"Cher client,

Nous sommes sincèrement désolés d'apprendre que vous avez rencontré un problème. Nous ne souhaitons pas que nos clients vivent une telle expérience. Nous aimerions examiner votre cas et voir comment nous pouvons vous aider. Afin de mieux comprendre votre situation, veuillez ajouter des détails tels que votre numéro de commande ou votre adresse e-mail via le formulaire de demande d'informations que nous vous avons envoyé.

Cordialement,

L'équipe du service client AliExpress",2026-07-28T02:05:07.000Z
www.aliexpress.com,id:6a672b84da2d2469c76b422f,native_id,6a672b84da2d2469c76b422f,1,false,1785153444,07/27/2026 11:57:24,SCHLIMMSTE SITE VON DEN ALLE!,"SCHLIMMSTE SITE VON DEN ALLE!! Die verkaufen Produkten welche sind nicht überhaupt erlaubt in Deutschland ,ohne das die informieren Kunden und nach dem Rucksendung von Produkt,die wollen nicht Geld zurückgeben . Die lassen Kunde in unendliche Schleife von Formulare zu bleiben und am Ende die geben einfach Grund das Kunde hat nicht Anspruch auf Geldruckgabe beim Regeln von Aliexpress... FALLS SIE IHRE VERDIENTE GELD LIEBEN-BLEIBEN SIE WEG VON DIESEN BETRUGERN!!
*28.07.2026. Ich habe noch immer nicht mein Geld und Aliexpress wundert sich warum ich habe so schlechte Bewertung geschrieben; wo liegt Problem und ob ich kann wieder alle Beweise schicken um ganze Sache (das habe schon mindestens 20 Mal gemacht) .Die versuchen in jede Art meine Geld zu behalten obwohl due haben von ursprungliche Verkaufer gekriegt Information das Geld zu mir muss zuruck ausgezahlt werden .Machen Sie KEINE Geschäften mit Aliexpress...Da besteht Gefahr das Sie wurden errobert werden..Zu diese Seite (Aliexpress) soll niemand vertrauen.Die sind Lügner ...",Renato Svajcar,5a15de0b0000ff000ae66f11,DE,4,"Sehr geehrter Kunde,
Es tut uns sehr leid zu hören, dass Sie ein Problem hatten. Das ist nicht die Erfahrung, die wir uns für unsere Kunden wünschen. Wir würden uns diesen Fall gerne ansehen und sehen, wie wir helfen können. Damit wir Ihre Erfahrungen besser nachvollziehen können, fügen Sie bitte Details wie die Bestellnummer oder Ihre E-Mail-Adresse in das Formular für Informationsanfragen ein, das wir Ihnen geschickt haben.
Mit freundlichen Grüßen,
AliExpress Kundenservice-Team",2026-07-28T02:18:24.000Z
www.aliexpress.com,id:6a671b1bd52ebf71b25dc589,native_id,6a671b1bd52ebf71b25dc589,2,false,1785149243,07/27/2026 10:47:23,Delayed shipping,"My order took over two weeks to arrive. When it finally came, the packaging was open and one item was not included. I reached out to customer service and received a slow response. It's frustrating because the product looked promising but the delivery experience was poor.",Christine Castro,6a3bdc8d0a188f13e48a0e51,CZ,3,"Dear Customer,
We are very sorry to hear that you have encountered an issue. This is not the experience we want for our customers. We'd love to look into this case and see how we can help. To help us better understand your experience, please add details like order number or email through the Request Information form that we sent you.
Best regards,
AliExpress Customer Service Team",2026-07-28T02:24:53.000Z
www.aliexpress.com,id:6a67190f935ed935b36d9999,native_id,6a67190f935ed935b36d9999,1,false,1785148719,07/27/2026 10:38:39,I bought a electric kayak motor cost…,I bought a electric kayak motor cost just over  £550.after aweek I noticed seller had still not posted item when I asked about said shipment had be delayed day after day the Chinese seller said they had to wait for delivery funny thing is when I ordered item it was in stock .said they were going to post in the end they did. I can't prove it but I think they just made up a label saying it had been posted but item did not move.and after 27 days of having my money aliexpress refunded me had my money nearly a month I did realise I was a bank and give interest free loans to aliexpress .but that ok i bought 4 new battery's for this electric engine and all they do is give me £5.50 which i have to spend in a month lol you no wear you can tuck that,Brian Crick,69de34e49472ec1c06aa9ce5,GB,2,"Dear Valued Customer,
Thank you for bringing this matter to our attention. We are very sorry to hear about the seller's behavior that you have reported. Please rest assured that we have received the information you provided and will immediately begin investigating the issue.
We will contact you via email to keep you updated on the progress and resolution of your case. Your satisfaction and trust are important to us, and we are committed to ensuring a fair and prompt resolution.
Thank you for your patience and understanding. If you have any further questions or need additional assistance, please don’t hesitate to reach out.
Best regards,
AliExpress Customer Service Team",2026-07-28T02:33:12.000Z
www.aliexpress.com,id:6a6717092d01bef1d169ce86,native_id,6a6717092d01bef1d169ce86,1,false,1785148201,07/27/2026 10:30:01,Llevo un mes esperando el reintegro de mi devolución ,"Hace exactamente un mes que devolví un artículo y aun aún estoy esperando a mí reembolso. Una vergüenza.  He hablado con varios agentes y he chateado con otros,  parece que en el historial de reembolso no figuran muchas de las actuaciones, respuestas automáticas de que espere 2 días ( ya llevo 6) ahora me dicen que abre yo con el vendedor, cuando es un tema que me tienen que solucionar al Aliexpress... ya no se 6 que hacer... ",Carmen,617be354b2b7050012332410,ES,9,"Estimado cliente:
Le pedimos disculpas sinceramente por cualquier inconveniente que haya experimentado con su devolución y la falta de reembolso. Ya hemos comenzado a investigar el problema que nos reportó. Recibirá una respuesta por correo electrónico y le mantendremos informado sobre el progreso en este hilo. Por favor, revise su bandeja de entrada con regularidad para estar al tanto de las novedades.
Gracias por su comprensión y colaboración.
Saludos cordiales,
Equipo de Atención al Cliente de AliExpress",2026-07-28T02:42:35.000Z
www.aliexpress.com,id:6a6714be8b19479940563181,native_id,6a6714be8b19479940563181,1,false,1785147614,07/27/2026 10:20:14,1star is 1star to many,1star is 1star to many. i ordered a wireless car adaptor for my apple car play. the item arrived where the box was crushed to death and open. when fully opening the box the actual device was missing and all that was in the box was a usb to type c adaptor. i've tried several times to get a refund for this item and they keep declining it.overioily they don't understand consumer rights so basically i've paid for a empty box and that's not on. best of it this is not the first time i've had issues with aliexpress and from now on won't be using them again so id advice people to shop elsewhere and somewhere where you will get what u actually pay for. ,Scott Hoyland,665601bba38c0a76298735ba,GB,3,"Dear Customer,
Please accept our sincerest apologies for the damage to your recent order. We understand how disheartening it must have been to receive a product in such poor condition. This is simply unacceptable, and we are devastated to have failed in providing the exceptional service you deserve as one of our cherished customers.
To address this matter promptly, we have launched a comprehensive investigation into the cause of the issue. Your satisfaction is our top priority, and we are committed to resolving this as quickly as possible. Throughout this process, we will provide regular updates via email to ensure you are kept fully informed of our progress. Please monitor your inbox closely including your spam folder o stay updated on our efforts to rectify this situation.
Once again, we humbly apologize for the inconvenience caused and deeply value your understanding as we work towards a solution. Should you require further assistance or wish to share additional thoughts, please do not hesitate to reach out we are at your service.
With utmost respect and appreciation,
AliExpress Customer Service Team",2026-07-28T02:45:40.000Z
www.aliexpress.com,id:6a67134be62cd510d9a1b0d5,native_id,6a67134be62cd510d9a1b0d5,1,false,1785147243,07/27/2026 10:14:03,Ho effettuato un ordine e quando è…,"Ho effettuato un ordine e quando è arrivato non era conforme a quello che avevo ordinato. Ho chiesto il reso e rispedito la merce nello stesso stato in cui l'ho ricevuto.  Prima mi viene negato il rimborso perché dicono che non hanno ricevuto il pacco ora me lo negano perché dicono che ho restituito un prodotto diverso! Il servizio clienti per quanto gentili dicono sempre non ti preoccupare,  ci penso io ecc.. Insomma, 170 euro buttati! Ero cliente business,  ma siccome sono già due volte che mi fate questo tira e molla con i miei soldi, stavolta proprio senza darmi né la merce che ho reso né i miei soldi ho fatto denuncia per truffa aggravata nei vostri confronti!  Siete imbarazzanti e delinquenti! Comprate altrove anche se costa di più,  su aliexpress c'è solo da penare !",ashleigh,5a7c59db64c8174c8cf47880,IT,2,"Gentile cliente,
Ci dispiace molto per l'inconveniente riscontrato. Non è certo questo il tipo di esperienza che desideriamo offrire ai nostri clienti. Vorremmo esaminare il caso e capire come possiamo aiutarla. Per aiutarci a comprendere meglio la sua esperienza, la preghiamo di aggiungere dettagli come il numero d'ordine o l'indirizzo email tramite il modulo di richiesta informazioni che le abbiamo inviato.
Cordiali saluti,
Team del Servizio Clienti AliExpress",2026-07-28T02:46:53.000Z
www.aliexpress.com,id:6a67104bd99eeb9c5787f045,native_id,6a67104bd99eeb9c5787f045,1,false,1785146475,07/27/2026 10:01:15,Schifo totale,"Customer care automatizzato ed inutile, traduzioni italiane sbagliate e fuorvianti. Un incubo mettersi in contatto, se ne fregano delle leggi europei e del consumatore.

Segnalo che dopo la risposta qui sotto NON HANNO FATTO NULLA SE NON CHIUDERE LA PRATICA.",Giorgio Carampin,63bf3bfef4a63900146c4c0e,IT,4,"Gentile Cliente,

Ci scusiamo sinceramente per l'inconveniente causato dal prodotto ricevuto che non funziona come previsto. Abbiamo già avviato un'indagine sul problema e le forniremo aggiornamenti via e-mail il prima possibile. La preghiamo di controllare la sua casella di posta elettronica per ulteriori comunicazioni.

Se dispone di ulteriori dettagli o informazioni a supporto del problema, non esiti a condividerle con noi tramite questa e-mail o attraverso il nostro Centro assistenza. La sua collaborazione e pazienza durante questo processo sono molto apprezzate.

La ringraziamo per aver portato questo problema alla nostra attenzione e ci scusiamo ancora una volta per qualsiasi disagio che ciò possa averle causato.

Cordiali saluti,

Team del Servizio Clienti AliExpress",2026-07-28T02:51:27.000Z
www.aliexpress.com,id:6a670284665dcd23637f481e,native_id,6a670284665dcd23637f481e,1,false,1785142948,07/27/2026 09:02:28,Garantie is 90 dagen daarna niets,"Garantie is 90 dagen daarna niets. KOOP GEEN elektronische producten.
",Eddy Lampo,640f0befa509580012740432,NL,12,"Geachte klant,
Hartelijk dank voor uw geduld. Ik heb gemerkt dat uw toegewezen klantenservicemedewerker momenteel uw zaak behandelt. Vanwege de complexiteit van de situatie kan het iets langer duren voordat deze is opgelost. Ik heb hen echter al verzocht om zo snel mogelijk op uw e-mail te reageren.
Neem alstublieft contact op met uw toegewezen klantenservice via e-mail voor verdere updates.
Bedankt voor uw begrip en we stellen uw medewerking op prijs.
Met vriendelijke groeten,
Het klantenserviceteam van AliExpress",2026-07-28T02:54:52.000Z
www.aliexpress.com,id:6a66fe353f764b3a090e7adb,native_id,6a66fe353f764b3a090e7adb,1,false,1785141845,07/27/2026 08:44:05,T-shirt besteld,"T-shirt besteld. Veel te klein (maat L besteld, maar het is misschien net maat S) en ook nog beschadigd aangekomen. Foto gestuurd. Toch moet ik betalen om zelf een label ergens te laten printen (bij copyshop of zo, want wie heeft er nog een printer) en het shirt retourneren. Klantenservice doet moeilijk. Zeer slechte ervaring. ",Chris,5896ed470000ff000a73fdd9,NL,14,"Geachte klant,

Het spijt ons zeer voor het ongemak dat u hebt ondervonden door de afwijking in het artikel dat u hebt ontvangen. Wees gerust, we nemen deze zaak zeer serieus en onderzoeken het probleem dat u hebt gemeld met betrekking tot het verkeerde artikel.

We stellen uw geduld op prijs terwijl we aan een oplossing werken. U kunt een gedetailleerde update per e-mail verwachten en we zullen dit gesprek actueel houden. Houd uw inbox in de gaten voor onze berichten.

Uw begrip en steun betekenen veel voor ons en we doen er alles aan om uw tevredenheid te garanderen. Bedankt dat u ons de gelegenheid geeft om dit probleem aan te pakken.

Met vriendelijke groet,

Het klantenserviceteam van AliExpress",2026-07-28T03:02:23.000Z
www.aliexpress.com,id:6a66f1883e4b1de862c29cfb,native_id,6a66f1883e4b1de862c29cfb,1,false,1785138600,07/27/2026 07:50:00,ALIEXPRESS NON PAGA ,"ALIEXPRESS NON PAGA 
A seguito mail del 9/7/26 ricevuta da ALIEXPRESS..MAI ricevuto notizie in merito!!

Abbiamo ricevuto la Sua richiesta di reso/rimborso per l’ordine 3073849562723271.

Per aiutarla a risolvere la questione, abbiamo contattato il venditore, il quale dovrà fornire ulteriori prove entro 1 giorni.

Nel frattempo, la invitiamo ad attendere con pazienza e, se desidera, può cliccare qui per ulteriori dettagli.

La ringraziamo per la sua comprensione e collaborazione.

image
Coperchio Bobina di Accensione per Moto Harley Softail 2018-2025 Street Fat Bob Breakout Slim Sport Glide Low Rider Fat Boy FLFB FLDE

Coil Cover E

x1
Suma 18,76€


Cordiali saluti,
Il Team del Servizio Clienti di AliExpress

----------------------
Sono giorni che ALIEXPRESS mi chiede prova che il pacco no lo abbia ricevuto..e sono giorni che chiedo loro dove il pacco sia stato consegnato!!
La verita e' ALIEXPRESS NON PAGA !!
Ti rimbalza da un sito all altro ma alla fine risponde con solite frssi fatte.
Un consiglio: non fate ordini importanti.
Se qualche cosa non va non vi sara restituito nulla !!  anche in caso di reso basta leggere le recensioni.
Questo indirizzo di consegna fornito dal 
Venditore IMILE.
Il pacco e' stato consegnato.
Nota: [Pav 03]
16 Giu 14:01 CET

Sto aspettando da ALIEXPRESS l indirizzo in CHIARO !!
===RISPOSTA ALIEXPRESS
=============≈
Risposta di AliExpress

2 ore fa
Gentile cliente,
La ringraziamo per la pazienza. Ho notato che il suo caso è attualmente gestito dal suo referente del servizio clienti. Data la complessità della situazione, la risoluzione potrebbe richiedere un po' più di tempo. Tuttavia, ho già sollecitato il referente a rispondere alla sua email il prima possibile.
La preghiamo di continuare a comunicare con il suo referente del servizio clienti via email per ulteriori aggiornamenti.
La ringraziamo per la comprensione e per la collaborazione.
Cordiali saluti,
Team del Servizio Clienti di AliExpress
=========
REFERENTE SERVIZIO CLIENTI? MAI AVUTO !!!
HO CHIESTO AD ALIEXPRESS L INDIRIZZO DI CONSEGNA IN CHIARO XCHE QUELLO FORNITO DAL CORRIERE NON E' IDENTIFICABILE ..VEDREMO!!",giancarlo cominetti,64085c1daedd6600135ceaea,IT,17,"Gentile cliente,
La ringraziamo per la pazienza. Ho notato che il suo caso è attualmente gestito dal suo referente del servizio clienti. Data la complessità della situazione, la risoluzione potrebbe richiedere un po' più di tempo. Tuttavia, ho già sollecitato il referente a rispondere alla sua email il prima possibile.
La preghiamo di continuare a comunicare con il suo referente del servizio clienti via email per ulteriori aggiornamenti.
La ringraziamo per la comprensione e per la collaborazione.
Cordiali saluti,
Team del Servizio Clienti di AliExpress",2026-07-28T03:09:11.000Z
www.aliexpress.com,id:6a66ee1f670dd51f8c5ae908,native_id,6a66ee1f670dd51f8c5ae908,1,false,1785137727,07/27/2026 07:35:27,Come nella precedente recenzione voto…,"ICome nella precedente recensione voto ZERO, mi rivolgo prevalentemente a tutti i delusi (che siete tantissìmi) che sono stati derubati da aliexpress fate circolare la voce in continuazione di non usare questa up fraudolenta, cancellatela dal vostro telefono o altro dimenticatela dentro di voi perchè guadagnere in soldi tempo e incazzature!!!!! Vi rispondo subito, a tutta la documentazione inviatavi  che ampiamente e dettagliamente dimostra la vostra incompetenza responsablità e indifferenza fraudolenta verso i clienti, ancora chiedete altri DETTAGLI!!!  DISONESTI. Se qualcuno non lo avesse ancora capito le risposte di aliexpress su Trustpilot sono generate da AI. Un unico motto collettivo dell'esercito truffati, MAI PIÙ ACQUISTARE DA ALIEXPRESS",CRISTINA,5eeb73b55d77995d2c861d7b,IT,4,"Gentile cliente,
Ci dispiace molto per l'inconveniente riscontrato. Non è certo questo il tipo di esperienza che desideriamo offrire ai nostri clienti. Vorremmo esaminare il caso e capire come possiamo aiutarla. Per aiutarci a comprendere meglio la sua esperienza, la preghiamo di aggiungere dettagli come il numero d'ordine o l'indirizzo email tramite il modulo di richiesta informazioni che le abbiamo inviato.
Cordiali saluti,
Team del Servizio Clienti AliExpress",2026-07-28T03:12:55.000Z
www.aliexpress.com,id:6a66e27a99d67870f803df78,native_id,6a66e27a99d67870f803df78,1,false,1785134746,07/27/2026 06:45:46,AliExpress dispute process or a masterclass in doing nothing,"AliExpress customer support? Absolutely world-class. You open a dispute and they hit you with a copy-paste ""sorry we can't help, best of luck out there"" faster than the package took to arrive. But the second my bank got involved for a chargeback? Suddenly these guys are VERY responsive
fired off a neat little email to my bank claiming they'd tried to resolve everything. Then my bank asked for actual evidence of that. Crickets
And here's the cherry on top - they request evidence from customers via an email address that doesn't receive emails. Let that sink in. They set up a dead-end email, wave it around as proof they're ""communicating,"" then vanish the moment anyone asks for receipts. In most countries we have a word for that. CRIME
Stellar operation you're running, guys.",Mykola Aleksandrov,69dbb6869478c6ed29dcc31f,UA,33,"Dear Customer,
Thank you for your patience. I have noticed that your dedicated customer service representative is currently handling your case. Due to the complexity of the situation, it may take a bit longer to resolve. However, I have already urged them to respond to your email as soon as possible.
Please continue to communicate with your dedicated customer service via email for further updates.
Thank you for your understanding, and we appreciate your cooperation.
Best regards,
AliExpress Customer Service Team",2026-07-28T03:24:19.000Z
www.aliexpress.com,id:6a66d9eea4e06a923a1c9fe4,native_id,6a66d9eea4e06a923a1c9fe4,2,false,1785132558,07/27/2026 06:09:18,Batterie bestellt und innerhalb von 3…,"Batterie bestellt und innerhalb von 3 Tagen erhalten, leider billiger Chinaschrott, den ich zurückschicken wollte, vergebens, kein Lieferschein, keine Rechnung, Kontaktaufnahme aussichtslos, werde bei Paypal mein Geld zurückfordern müssen ",Gunter,63aca29d1b576500139dc411,DE,8,"Sehr geehrter Kunde,
Wir entschuldigen uns aufrichtig für die Unannehmlichkeiten, die durch das Produkt verursacht wurden, das Sie erhalten haben und das nicht wie erwartet funktioniert. Wir haben bereits damit begonnen, das Problem zu untersuchen und werden Sie so bald wie möglich per E-Mail über den aktuellen Stand informieren. Bitte behalten Sie Ihren Posteingang im Auge, um weitere Informationen zu erhalten.
Wenn Sie zusätzliche Details oder Informationen zu dem Problem haben, können Sie uns diese gerne über diesen E-Mail-Thread oder über unser Help Center mitteilen. Wir schätzen Ihre Kooperation und Geduld während dieses Prozesses sehr.
Wir danken Ihnen, dass Sie uns auf diese Angelegenheit aufmerksam gemacht haben, und entschuldigen uns nochmals für die entstandenen Unannehmlichkeiten.
Mit freundlichen Grüßen,
AliExpress Kundenservice-Team",2026-07-28T03:29:31.000Z
www.aliexpress.com,id:6a66d20eb3b69fc1f30b8b2a,native_id,6a66d20eb3b69fc1f30b8b2a,1,false,1785130542,07/27/2026 05:35:42,Sprzedają buble,Sprzedają buble. Nie uznają gwarancji. Poraszka.,Eugeniusz Kopera,6a66d203c2526c1da89c1907,PL,1,"Szanowny Kliencie,
Bardzo nam przykro, że wystąpił u Ciebie problem. Nie chcemy, aby nasi klienci byli zadowoleni z takiego rozwiązania. Chętnie przyjrzymy się tej sprawie i sprawdzimy, jak możemy pomóc. Abyśmy mogli lepiej zrozumieć Twoje doświadczenia, prosimy o podanie szczegółów, takich jak numer zamówienia lub adres e-mail, w formularzu „Prośba o informacje”, który do Ciebie wysłaliśmy.
Z poważaniem,
Zespół Obsługi Klienta AliExpress",2026-07-28T03:36:09.000Z
www.aliexpress.com,id:6a66bc389c860cc4b48313b6,native_id,6a66bc389c860cc4b48313b6,1,false,1785124952,07/27/2026 04:02:32,AliExpress courier held my parcel and marked it for disposition,"I ordered an essential phone-repair part on June 25. AliExpress’s U.S. last-mile courier, GOFO, marked a valid forwarding-warehouse address as insufficient even though I confirmed it repeatedly. GOFO later said the parcel was back at its warehouse and promised redelivery, but weeks passed without delivery or proactive notice. On July 24 GOFO said the parcel had been “marked for disposition, likely at the seller’s request,” yet provided no proof, date, or prior warning. AliExpress should urgently coordinate with its courier and seller, stop any disposition, locate and deliver the parcel, or send a replacement through a reliable carrier. I can provide the complete tracking and WhatsApp record privately.",Konstantin,6a66bb83b06fbf2ea3f70417,GE,2,"Dear Customer,
We sincerely apologize for the inconvenience you’ve experienced regarding the non-receipt of your package. We have already initiated an investigation into this matter and will respond to you via email with updates. Additionally, we will keep this thread updated as progress unfolds. Please be sure to check your inbox regularly for our communication.
Thank you for your patience and cooperation.
Best regards,
AliExpress Customer Service Team",2026-07-28T03:39:41.000Z
www.aliexpress.com,id:6a665c270caf8a4c9ebc30f3,native_id,6a665c270caf8a4c9ebc30f3,1,false,1785100359,07/26/2026 21:12:39,Rispondo ad AliExpress.,"Rispondo ad AliExpress.. Peccato che oltre mandarmi mail con scritto le solite cose il mio rimborso non me ancora arrivato ... Mille mail chiedendomi le coordinate bancarie , mille mail chiedendomi se accetto un coupon , mille chat con il servizio cliente senza avere risposte chiare e concreta infatti domani se non avrò ilio rimborso andrò a denunciarvi alla polizia postale , al associazione dei consumatori e qualcunque entenil mio avvocato mi consiglio .. poi vedremo se mi rimborserete senza tirare in giro le persone ... 265€ mi dovete rimborsare e tutto ora dopo 1 mese mille scuse ma i soldi sul mio conto corrente ancora non c'è ",Christelle Cerdan,6a648ff3ff3db20532c2cd83,IT,2,"Gentile Cliente,
La preghiamo di accettare le nostre più sincere e sentite scuse per la frustrazione e la delusione causate dal ritardo nel rimborso. Non ci sono parole per esprimere quanto ci dispiaccia per averla delusa.
Le assicuriamo, tuttavia, che stiamo facendo tutto il possibile per indagare immediatamente su questo problema. Il nostro intero team è concentrato al massimo per risolverlo senza indugio e le promettiamo che non ci fermeremo finché non sarà risolto. Per tenerla aggiornata, le invieremo frequenti aggiornamenti direttamente via e-mail. La preghiamo di controllare la sua casella di posta, non vorremmo che si perdesse nemmeno il più piccolo progresso.
Lei è un cliente prezioso per noi e le dobbiamo molto più di una semplice soluzione: le dobbiamo la tranquillità. Grazie per averci permesso di correggere questo errore, sono clienti come lei che ci ispirano a migliorare ogni giorno.
Con tutta la nostra gratitudine,
Team del Servizio Clienti di AliExpress",2026-07-27T03:09:59.000Z
www.aliexpress.com,id:6a662bde7b8dd70284acdf83,native_id,6a662bde7b8dd70284acdf83,1,false,1785087998,07/26/2026 17:46:38,Disappointed ,I have to agree with the other rewiews about delivery.... First time ordering and still waiting. Website shows no further updates from carrier. Disappointed. ,cbai,681656ce4db5a05e9ce7a19d,GY,3,"Dear Customer,
We are truly sorry for the inconvenience caused.
We value your feedback and would like to learn more about your issue in order to assist you effectively. To help us fully understand your situation, we kindly ask you to complete the ""Information Request Form"" that we have sent to you. Please provide details such as your order number(s) or email.
Your cooperation will greatly help us resolve this matter more efficiently.
Thank you for your understanding and support.
Best regards,
AliExpress Customer Service Team",2026-07-27T03:24:16.000Z
www.aliexpress.com,id:6a661bfd5b603ad8b8b44e2e,native_id,6a661bfd5b603ad8b8b44e2e,1,false,1785083933,07/26/2026 16:38:53,Update na herhaalde klacht: Aliexpress is nul sterren waard! Wegblijven,"Als je voor meer dan 150 € bestelt betaal je geweldig veel invoer- en andere kosten. Mij kostte dit 170 €. Aliexpress belooft de verzendkosten van 37,95 € terug te storten, omdat de verzender een foutief artikel stuurt. Na herhaalde klachten beweren ze enkel een aankoopcoupon te willen sturen: ze betalen niks terug. Na 2 maanden krijg ik bericht dat ze een coupon op mijn account gestort hebben. Weer een leugen. Er is nergens een coupon. Het zijn en blijven bedriegers: ik ben bijna 210 € kwijt, een heftige som, helemaal voor niets. Laat dat een les zijn voor je je laat verleiden iets te kopen bij het frauduleuze bedrijf Alixepress. Spijtig dat nul sterren niet bestaan! ",LINDA,538772020000640001764d81,BE,6,"Beste klant,
Bedankt dat je contact met ons hebt opgenomen.
We willen u graag laten weten dat de terugbetaling van de verzendkosten is voltooid. Gelieve te verwijzen naar onze e-mail voor gedetailleerde informatie. Onze excuses voor het eventuele ongemak.
Als u vragen heeft of verdere hulp nodig hebt, neem dan gerust contact met ons op door deze e-mail te beantwoorden. Dank u voor uw begrip en steun!
Met vriendelijke groet,
Het klantenserviceteam van AliExpress",2026-07-27T03:29:30.000Z
www.aliexpress.com,id:6a6609dbbdfefa7ec813b2c4,native_id,6a6609dbbdfefa7ec813b2c4,1,false,1785079291,07/26/2026 15:21:31,Comprado SSD Samsung EVO 870 en la…,"Comprado SSD Samsung EVO 870 en la tienda Globynex Store en la web de AliExpress. Recibido ei 13.7.26 , instalado en el PC , inicio el copiado de archivos de otro disco duro y la copia además de lenta no fué completa. Lo intento otra vez y ahora copia menos de la mitad que antes. Intento formatear y en la pantalla del PC aparece pero no me deja trabajar en el disco duro. Pido instrucciones a AliExpress para su devolución y me dicen que lo haga a través de Correos a un almacén en una determinada nave de Cabanillas del Campo. Así lo hago. Me piden foto del artículo en su caja, foto de la etiqueta del certificado de correos  y el ticket de pago por la  devolución en Correos, número de seguimiento, y nota dentro del paquete con, entre otras cosas, el número de pedido. Entrego en Correos por cara certificada el 14.7 a las nueve y poco de la mañana. Envío a Alíexpress las fotos y datos solicitados por ellos.  El día 15 a las 2,55  en el Seguimiento aparece que el paquete está en Centro logístico de Clasificación; ahora en estos momentos CASUALMENTE sigue en esa situación. Me vuelven a pedir  el nº de seguimiento y fotos de no se que, ellos sabrán. Total que el día 24 me cierran la reclamación desestimando el reembolso porque no han recibido el paquete. Abro mi cuenta en Aliexpress y examino mis pedidos , hago click en el de marras y CASUALMENTE la página Globynex Store me aparece con la leyenda ""esta página no existe""  (repito . CASUALMENTE). Total que si quiero cobrar tengo que esperar a la resolución de correos sobre mi reclamación que les he formulado por posible extravío del paquete de devolución. De Aliexpress no espero nada. Por cierto que la compra eran 37,23 euros  y los gastos de devolución 6,53. ¡Ah! que me olvidaba: en un principio para zanjar el tema  de inmediato me ofrecían quedarme el SSD y me pagaban 7 euros. ¡Oh! ¡qué maravilla!: me siguen ofreciendo SSD con descuentos de un euro y cosas así típicas de ellos y de su cultura empresarial. Necesitaba el disco y me fuí a buscar en EBAY. ya lo he comprado (otro un poco superior) , tengo mensaje de un vendedor ALEMAN con 100 % de votos positivos y 15 años en Ebay asegurando la autenticidad del dispositivo y su condición de Nuevo. Garantía de Ebay (ya la probé hace años y se cumplió en menos de 10 horas) y garantía de PayPal. Había comprado bastante  en la plataforma china , incluso dos móviles Xiaomi, pero esta faena no la perdono y si vuelvo a comprar  serán cosas como tinta para la impresora o algún cable, de tecnología nada . De momento  he quitado de la cuenta mi número de tarjeta de crédito  por si acaso, nunca se sabe pues quien te hace una te puede hacer ciento.",Antonio Franco,6a6603ad7b418cf2a18e2da0,ES,1,"Estimado cliente,
Gracias por contactarnos. Lamentamos mucho que hayas tenido una experiencia de compra desagradable. Nuestro agente te ha enviado un correo electrónico, por favor revísalo. Si tienes alguna pregunta, no dudes en responder a este correo y te responderemos lo antes posible.
Agradecemos tu comprensión y apoyo.
Atentamente,
Equipo de Atención al Cliente de AliExpress",2026-07-27T02:04:54.000Z
www.aliexpress.com,id:6a6607dcba96be5c1ec6b830,native_id,6a6607dcba96be5c1ec6b830,1,false,1785078780,07/26/2026 15:13:00,Service client incompétent et Arnaque,"Pour moi, ce serait aucune étoile. Je ne parle pas des produits vendues mais une impossibilité de dialogue avec le service client. Un mail m'annonce que mon colis est livré, à l'appui bien sûr sur leur site, le suivi et num de colis. Pour autant, aucune livraison. Malgré mon enquête auprès de mes voisins aucun colis déposé par erreur. Et côté la poste, à part me lire ""colis livré"" je ne sais pas où est mon colis, mais dans ma boîte aux lettres. AliExpress ne veut rien savoir, pas assez de preuve, uniquement par mail, toujours pas d'échange avec le service client. 
Mais je rappelle que conformément à l'article L. 216-4 du Code de la consommation, le risque reste à la charge du vendeur tant que le consommateur n'a pas pris physiquement possession du colis. Or, aucune preuve de cette remise n'est apportée (absence de signature, de photo, de SMS, d'avis de passage ou de tout autre justificatif). La seule affirmation du transporteur selon laquelle le colis aurait été livré ne suffit pas à démontrer une remise effective. Le vendeur demeure donc responsable de la livraison.
AliExpress, c'est fini",herve labeyrie,60bb4bee9110c3001a909297,FR,16,"Cher client,
Nous sommes sincèrement désolés d'apprendre que vous n'avez pas reçu votre commande. En cas de non-livraison ou de perte du colis, nous avons besoin d'une attestation du transporteur confirmant l'échec de la livraison ou la perte du colis. À ce jour, nous n'avons reçu aucun document de ce type.
Si vous disposez de nouvelles informations ou de documents justificatifs, n'hésitez pas à nous contacter via notre Centre d'aide ou par e-mail. Nous ferons notre possible pour vous aider dès réception des éléments nécessaires.
Nous vous remercions de votre compréhension et vous prions de nous excuser pour la gêne occasionnée.
Cordialement,
L'équipe du service client AliExpress",2026-07-27T02:07:52.000Z
www.aliexpress.com,id:6a6605a4888b68581b6cf49f,native_id,6a6605a4888b68581b6cf49f,4,false,1785078212,07/26/2026 15:03:32,Never had a bad experience,"Never had a bad experience, all my orders arrived promptly and even earlier than expected. All items in good condition, sometimes there would be substandard quality items but I always tell them and I get a refund or cash rebate of some kind so they're reasonable ",Jennifer C,69237f29aa30486c617df72c,AU,5,"Dear Valued Customer,
Thank you for sharing your feedback with us—it truly matters and helps us grow. We are dedicated to continuously improving our services to provide you with the best possible shopping experience. Your satisfaction is our top priority, and we assure you that we take your concerns very seriously.
We deeply value your input and are grateful for your support. If you need further assistance or have any additional questions, please don't hesitate to reach out to our Help Center at https://helpcenter.aliexpress.com/s/BuyerHelp.
Warm regards,
AliExpress Customer Service Team",2026-07-27T01:57:55.000Z
www.aliexpress.com,id:6a66056cf2cecd480d462487,native_id,6a66056cf2cecd480d462487,1,false,1785078156,07/26/2026 15:02:36,1 star is too much ! Never again !,"1 star is too much ! We've just had enough of AliExpress. The platform used to be a good alternative for some items... but its customer service has become the worst ever ! 
Last experience, we ordered a velvet jewellery box, to be given as a gift. The box arrived smashed. So it does not close properly and some interior parts have left marks on the velvet lining... which is ugly and no longer presentable.
We contacted the customer service which after reviewing the photos promised a replacement part. They gave us a tracking number. For multiple days, a couple of weeks, it was noted that the supposed parcel arrived... But, it didn't! It was actually somewhere in the country... but never arrived to our town at all. 
We re-contacted the customer service again... this time they asked for a video and bla bla bla... Then the 30 days return period ended.
End of the story for AliExpress :)
Never again... this comes from us and our acquaintance.",AA Germany,6a6605577b418cbfc08e2f49,DE,1,"Dear customer,
Sincerely apologize for the inconvenience caused. 
Due to the lack of valid information provided, we are unable to proceed further with your case. Please kindly check and reply to our agent' s email. If you have any other questions, please go to our Help center page for online customer service.
Your understanding and cooperation are deeply appreciated.
Best regards,
AliExpress Customer Service Team",2026-07-27T02:11:17.000Z
www.aliexpress.com,id:6a65ff9fe1f38d8ecaf1cf9b,native_id,6a65ff9fe1f38d8ecaf1cf9b,1,false,1785076671,07/26/2026 14:37:51,Avoid if you have an issue.,"Have had a recent Blood Pressure issue. GP advised to monitor a couple of times per day. Decided to purchase a ""Smart Bracelet"" (not the cheep and cheerful one) from AliExpress. Description said it would also monitor BP along with other actions.When I received it it was obvious that it wouldn't achieve what I wanted (down to poor description). Regretfully decided to return it as description not correct. Contacted AliExpress via website, filled in the forms requested and was told that I would have to pay the return postage and they would investigate and get back to me with details in 24 - 48 hours, that was four days ago, nothing. They are quick to sell but not to refund. I have purchased from them before without issue but never again.",Mr David Ellams,5bf29f5a7c0366717fc5a6a0,GB,65,"Dear Valued Customer,

We deeply regret the inconvenience caused by the discrepancy in the item you received. Please rest assured that we are taking this matter very seriously and are proactively investigating the issue you reported regarding the incorrect item.

We appreciate your patience as we work to resolve this matter. You can expect a detailed and thorough update to be sent to your email, and we will ensure that this thread remains up to date. Kindly keep an eye on your inbox for our communication.

Your understanding and support mean a great deal to us, and we are committed to ensuring your satisfaction. Thank you for giving us the opportunity to address this issue.

Warm regards,

AliExpress Customer Service Team",2026-07-27T02:14:29.000Z
www.aliexpress.com,id:6a65f79c145191c0e81dfbab,native_id,6a65f79c145191c0e81dfbab,1,false,1785074620,07/26/2026 14:03:40,Terrible but should have expected it service,"** Addition post reply from Ali Express - They have already replied as per this review and have been no help, please do not take this response here in anyway that this will be resolved and I am waiting for the same message via email again. 

I ordered two items, after nearly a month the seller said they couldn’t ship the items. I used what Ali Express deem to be bonus cash to partially buy the item which they would not refund and no compensation was given resulting in me receiving 1p back. All I got was a robot replying to me saying ‘the coupon had expired’. Be very wary, will likely be a fake item and in a percentage of cases you won’t even get the item. ",Thomas Allport,6a65f6e27b418c45518e1f4f,GB,1,"Dear Valued Customer,
Thank you for bringing this matter to our attention. We are very sorry to hear about the seller's behavior that you have reported. Please rest assured that we have received the information you provided and will immediately begin investigating the issue.
We will contact you via email to keep you updated on the progress and resolution of your case. Your satisfaction and trust are important to us, and we are committed to ensuring a fair and prompt resolution.
Thank you for your patience and understanding. If you have any further questions or need additional assistance, please don’t hesitate to reach out.
Best regards,
AliExpress Customer Service Team",2026-07-27T02:15:20.000Z
www.aliexpress.com,id:6a65f140e06f61b3dbb794f9,native_id,6a65f140e06f61b3dbb794f9,1,false,1785072992,07/26/2026 13:36:32,La falta de profesionales responsables,"La falta de profesionales responsables, es notoria. 
Muestran anuncios de ofertas, que picas el enlace y todo es falso, el precio es alto y desproporcionado. No hay un enlace donde puedas hablar con el fabricante, o vendedor, solo puedes hablar después de haber pagado. ",mara lopez canal,61edac19a8ad5b001246df1b,ES,30,"Estimado cliente:
Lamentamos mucho las molestias ocasionadas.
Valoramos sus comentarios y nos gustaría conocer más sobre su problema para poder ayudarle eficazmente. Para comprender mejor su situación, le rogamos que complete el formulario de solicitud de información que le enviamos. Indique su número de pedido o correo electrónico.
Su cooperación nos ayudará enormemente a resolver este asunto de forma más eficiente.
Gracias por su comprensión y apoyo.
Atentamente,
Equipo de Atención al Cliente de AliExpress",2026-07-27T02:16:26.000Z
www.aliexpress.com,id:6a65eb30d0d8dae4a9703bc0,native_id,6a65eb30d0d8dae4a9703bc0,1,false,1785071440,07/26/2026 13:10:40,Räuberhöhle,"Ali Express ist für mich eine Räuberhöhle. Sie Schlulden
mir 168,26€.Ich habe dort eine Heizung bestellt
anstelle der Heizung bekam ich ein kinderwärmebeutel
im wert von nicht mal einen Euro. wegen der Sendungsnummer. PayPal hat nichts unternommen.
Betrüger im großen Stiel.",Willi und Marie Peterhoff,665adf343a31097a6b617224,DE,3,"Sehr geehrter Kunde,
es tut uns sehr leid zu hören, dass bei Ihnen ein Problem aufgetreten ist. Wir unternehmen Schritte, um diese Angelegenheit für Sie zu klären. Wir haben jedoch festgestellt, dass Ihr Konto deaktiviert zu sein scheint.
Um sicherzustellen, dass wir Ihnen richtig helfen können, geben Sie bitte eine gültige E-Mail-Adresse an, indem Sie das Formular „Informationen anfordern“ ausfüllen. Sobald wir Ihre aktualisierten Kontaktinformationen erhalten haben, werden wir uns umgehend per E-Mail mit Ihnen in Verbindung setzen.
Wir danken Ihnen für Ihre Mitarbeit und entschuldigen uns für die entstandenen Unannehmlichkeiten. Bitte zögern Sie nicht, uns zu kontaktieren, wenn Sie weitere Fragen haben oder zusätzliche Unterstützung benötigen.
Mit freundlichen Grüßen,
AliExpress-Kundenservice-Team",2026-07-27T02:18:12.000Z
www.aliexpress.com,id:6a65de12d173282ebf77675e,native_id,6a65de12d173282ebf77675e,1,false,1785068082,07/26/2026 12:14:42,scam,"Commande affichée « livrée » sur La Poste, mais jamais reçue de mon côté. Sûrement volée ou perdue. Ils n'ont jamais accepté le remboursement. 400 € perdus, je vous conseille vraiment de passer votre chemin.",Ah,5f85f24136cf2e001bd478fe,FR,2,"Cher client,
Nous sommes sincèrement désolés d'apprendre que vous n'avez pas reçu votre commande. En cas de non-livraison ou de perte du colis, nous avons besoin d'une attestation du transporteur confirmant l'échec de la livraison ou la perte du colis. À ce jour, nous n'avons reçu aucun document de ce type.
Si vous disposez de nouvelles informations ou de documents justificatifs, n'hésitez pas à nous contacter via notre Centre d'aide ou par e-mail. Nous ferons notre possible pour vous aider dès réception des éléments nécessaires.
Nous vous remercions de votre compréhension et vous prions de nous excuser pour la gêne occasionnée.
Cordialement,
L'équipe du service client AliExpress",2026-07-27T02:21:45.000Z
www.aliexpress.com,id:6a65ce13946a5524e0628357,native_id,6a65ce13946a5524e0628357,1,false,1785063987,07/26/2026 11:06:27,Ondanks meerdere pogingen zeggen ze dat…,"Ondanks meerdere pogingen zeggen ze dat ik meer bewijs moet aanleveren. 

Ik heb gevraagd dat als ik de accu's laat onderzoeken dat als blijkt dat ze nep zijn dat dan aliexpres de kosten voor het onderzoek op zich neemt. Aangezien ik al voldoende bewijs heb aangeleverd om te zien dat alles nep is en niet voldoet. Ze blijven weigeren om me geld terug te geven.

Zolang dit niet recht is gezet zal ik niet meer op aliexpress winkelen.",Jerry ,60e9db750381110012780888,NL,3,"Geachte klant,
Hartelijk dank voor uw geduld. Ik zie dat uw toegewezen klantenservicevertegenwoordiger momenteel bezig is met uw zaak. Vanwege de complexiteit van de situatie kan het iets langer duren om dit op te lossen. Ik heb hen echter al aangespoord om zo spoedig mogelijk te reageren op uw e-mail.
Blijft u alstublieft via e-mail communiceren met uw toegewezen klantenservice voor verdere updates.
Dank u wel voor uw begrip, en we waarderen uw medewerking.
Met vriendelijke groet,
AliExpress Klantenservice Team",2026-07-27T02:26:18.000Z
www.aliexpress.com,id:6a65cab0912d4ebc6ae3a87a,native_id,6a65cab0912d4ebc6ae3a87a,1,false,1785063120,07/26/2026 10:52:00,Je suis arnaqué par Aliexpress 2,"Bonjour,

Suite à votre message que vous avez fait dans mon premier poste, ""je suis arnaqué par AliExpress"". Je suis réellement abasourdi par vos commentaires. Vous attendez que je fasse une publication sur Trustpilot pour faire le petit site gentil qui se fond en excuses mais vous oubliez de dire que je vous ai déjà écrit cinq fois avec tous les arguments nécessaire, les photos et les preuves nécessaires... Et maintenant vous me dites que vous allez de nouveau investiguer.... Mais réellement vous vous foutez de qui ? Vous êtes, des arnaqueurs, des escrocs et des voleurs. C'est tout voilà. Il faut juste lire tous les commentaire dénoncés ici, votre côte: 2/5 !!! ça dit tout !",Frédéric Quérinjean,64340af62fd48000129baafc,BE,19,"Cher client,
Nous nous excusons sincèrement pour la rupture de stock dans votre commande, qui vous a causé des désagréments. Soyez assuré que nous enquêtons activement sur cette affaire et que nous vous tiendrons informé par e-mail dès que nous aurons progressé.
Nous vous remercions de votre compréhension et de votre coopération pendant que nous nous efforçons de résoudre ce problème. Votre satisfaction est notre priorité et nous nous engageons à ce que ce problème soit résolu rapidement. Nous vous remercions de votre patience pendant cette période.
Si vous avez d'autres questions ou si vous avez besoin d'une assistance supplémentaire, n'hésitez pas à nous contacter.
Cordialement,
L'équipe du service clientèle d'AliExpress",2026-07-27T02:29:40.000Z
www.aliexpress.com,id:6a65ca283a79fabeacb4f135,native_id,6a65ca283a79fabeacb4f135,1,false,1785062984,07/26/2026 10:49:44,Ali express voleur…,Ali express du vol j'ai acheté un article a plus de 100 euros des écouteurs il était défectueux je les ai renvoyé ali express validé mon remboursement pour me dire 1 mois plus tard qu'il me rembourse pas donc mon article renvoyé et pas de remboursement donc voleur et service client tres incompétent.,docteur,6424403401554f0016d4831f,FR,2,"Cher client,
Tout d'abord, permettez-nous de vous présenter nos plus sincères excuses pour la gêne occasionnée concernant votre remboursement. Nous sommes sincèrement désolés de cette situation et nous vous remercions infiniment d'avoir attiré notre attention sur ce problème. Votre patience et votre compréhension sont primordiales pour nous en cette période difficile.
Nous tenons à vous assurer que nous étudions activement ce problème dans les plus brefs délais. Notre équipe travaille sans relâche pour le résoudre au plus vite et nous veillerons personnellement à vous informer en détail par e-mail à chaque étape du processus. Veuillez consulter votre boîte mail : nous vous tiendrons informés tout au long du processus.
Une fois encore, merci de nous avoir donné l'occasion de rectifier le tir. Vous êtes notre priorité absolue et nous nous engageons à assurer votre entière satisfaction.
Cordialement,
L'équipe du service client d'AliExpress",2026-07-27T02:33:14.000Z
www.aliexpress.com,id:6a65bd25bb706ab586f88d8a,native_id,6a65bd25bb706ab586f88d8a,1,false,1785059653,07/26/2026 09:54:13,"Returned goods, did not get money back","Returned goods, did not receive a refund. That's what I call a scam.",Janko Kosi,6a5b1b2dff3db2adcfb7d15e,AU,2,"Dear Customer,
We deeply regret the inconvenience caused by the delay in receiving your refund after returning the goods. Rest assured, we have taken immediate action to investigate the issue you raised. You can expect an email from us with updates, and we will ensure this thread reflects the latest developments. Please keep an eye on your email for our response.
Thank you for your trust and understanding.
Best regards,
AliExpress Customer Service Team",2026-07-27T02:35:57.000Z
www.aliexpress.com,id:6a65b22b18f196add5f7c741,native_id,6a65b22b18f196add5f7c741,1,false,1785056843,07/26/2026 09:07:23,AliExpress ne répond pas aux demandes contrairement aux autres sites marchands,"AliExpress ne répond pas aux demandes. Il demande de contacter un référent qui n'existe pas. Ils ne vous répondent qu'au travers de vos avis, mais ne mettent rien en œuvre pour au moins comprendre votre demande. Au contraire des autres sites marchands qui montrent un souci du client. 
Le 27/07 j'ai toujours la même réponse ; M'adresser à un référent qui n'existe pas. Donc un conseil à AliExpress : Donnez moi un mail, un téléphone et un nom. AliExpress est le seul site marchand à tourner autour du pot pour ne pas résoudre un problème.",MendesFrance,602aa776e375b4001a42ea80,FR,20,"Cher client, 
Je vous remercie d'avoir pris contact avec nous et j'apprécie vraiment votre patience pendant que nous nous efforçons de résoudre ce problème pour vous.
Pour aller de l'avant, je vous recommande de contacter directement votre représentant du service clientèle. Il est le mieux placé pour vous aider dans votre cas particulier et vous guidera tout au long de la procédure. Veillez à fournir toute preuve ou documentation pertinente à l'appui de votre situation. Cela nous aidera à mieux comprendre le problème et à trouver une solution plus efficace.
Sachez que nous sommes sincèrement déterminés à vous aider et à vous garantir une solution équitable. Votre satisfaction est importante pour nous et nous ferons tout ce qui est en notre pouvoir pour répondre à vos préoccupations.
Nous vous remercions de votre compréhension et de votre coopération.
Cordialement,
L'équipe du service clientèle d'AliExpress",2026-07-27T02:39:43.000Z
www.aliexpress.com,id:6a65ace09b63f2a857d056d2,native_id,6a65ace09b63f2a857d056d2,1,false,1785055488,07/26/2026 08:44:48,Il ne veulent pas me rembourser un…,"Il ne veulent pas me rembourser un produit que je n ai pas reçu, le prix est 4.69 euros ,alors imaginez si la somme était plus importante !!
Je vais fermais mon compte !!!!",Jean_ claude Cuellar,69d514478ee1015e34cf54a3,FR,3,"Cher client,

Merci d’avoir contacté notre service. Nous vous présentons nos excuses pour l’expérience de shopping désagréable que vous avez rencontrée. Notre agent vous a envoyé un e-mail, veuillez svp le consulter. Si vous avez des questions, n’hésitez pas à nous répondre par e-mail et nous vous répondrons dans les plus brefs délais.

Merci pour votre compréhension et votre soutien !

Sincèrement,

L’équipe du Service Client AliExpress",2026-07-27T02:41:03.000Z
www.aliexpress.com,id:6a65abcf81c8a50b28efdd11,native_id,6a65abcf81c8a50b28efdd11,1,false,1785055215,07/26/2026 08:40:15,Commande d'une coque de téléphone non…,"Commande d'une coque de téléphone non reçue, jamais remboursée jamais prévenue qu'elle était censée être arrivé (ce n'est pas le cas d'ailleurs) je ne leurs fais plus confiance. Il faut savoir que je suis étudiante et que je n'ai pas beaucoup d'argent, et en perdre dans des achats non reçus c'est plutôt agaçant. Je ne recommande pas leurs site.",Louise Loubier,6a65abc97b418ca53a8dde83,FR,1,"Cher client,
Merci d’avoir contacté notre service. Nous vous présentons nos excuses pour l’expérience de shopping désagréable que vous avez rencontrée. Notre agent vous a envoyé un e-mail, veuillez svp le consulter. Si vous avez des questions, n’hésitez pas à nous répondre par e-mail et nous vous répondrons dans les plus brefs délais.
Merci pour votre compréhension et votre soutien !
Sincèrement,
L’équipe du Service Client AliExpress",2026-07-27T02:44:02.000Z
www.aliexpress.com,id:6a6566f5146bd35327f3e890,native_id,6a6566f5146bd35327f3e890,1,false,1785037589,07/26/2026 03:46:29,This website is spam,This website is spam. We never received our order. Customer service is terrible. ,Kate,6a6566dfff3db2fceec39c3b,US,1,"Dear Customer,
We are very sorry to hear that you have encountered an issue. This is not the experience we want for our customers. We'd love to look into this case and see how we can help. To help us better understand your experience, please add details like order number or email through the Request Information form that we sent you.
Best regards,
AliExpress Customer Service Team",2026-07-26T06:23:34.000Z
www.aliexpress.com,id:6a655876c9b70246f673420f,native_id,6a655876c9b70246f673420f,1,false,1785033878,07/26/2026 02:44:38,ALIEXPRESS SE ROBA EL DINERO DE LOS REEMBOLSOS,SOLICITE REEMBOLSO DE TRES PRODUCTOS QUE NUNCA LLEGARON  Y LOS SUPUESTOS REEMBOLSOS NUNCA LLEGO EL DINERO Y LES SOLICITO QUE ME SUMINISTREN LOS COMPROBANTES BANCARIOS  QUE EMITE EL BANCO A ALIEXPRESS CUANDO ENVIARON EL DINERO Y SOLAMENTE SE LIMITAN A DAR EXCUSAS RIDICULAS,CARLOS ALBERTO SALAZAR,6a655861c2526c65d09b0c59,CO,1,"Estimado cliente:
Le pedimos sinceras disculpas por las molestias causadas. 
Hemos comprobado inmediatamente su pedido y hemos comprobado que se ha reembolsado. Póngase en contacto con su banco para obtener más información. Si tiene alguna otra pregunta, visite nuestra página del Centro de ayuda【https://helpcenter.aliexpress.com/s/BuyerHelp?】 para obtener asistencia al cliente en línea.
Agradecemos profundamente su comprensión y cooperación.
Atentamente,
Equipo de atención al cliente de AliExpress",2026-07-26T06:22:50.000Z
www.aliexpress.com,id:6a65584cfbef62c408aae6cd,native_id,6a65584cfbef62c408aae6cd,1,false,1785033836,07/26/2026 02:43:56,I bought two batteries (LIFEPO4) from…,"I bought two batteries (LIFEPO4) from the seller TCBWORTH Battery Store on aliExpress. They have a three year guarantee, one of them failed  7 months in and the seller declined and then Ghosted me. I contacted customer support and they declined to help because I could not video a internal electronic problem? They don't have the competence to evaluate the situation. So you have been warned to STAY  AWAY... 
Update: AliExpress wants me to prove the defect in a way that is impossible. They want me to video/photo the inside of the battery in a way that shows the defect! Impossible request. They do not understand battery technology. Again STAY AWAY from AliExpress for items like this...  ",Wayne Bradford,55c67ff10000ff0001d2b857,US,7,"Dear customer,
Sincerely apologize for the inconvenience caused. 
Due to the lack of valid information provided, we are unable to proceed further with your case. Please kindly check and reply to our agent' s email. If you have any other questions, please go to our Help center page【https://helpcenter.aliexpress.com/s/BuyerHelp?】 for online customer service.
Your understanding and cooperation are deeply appreciated.
Best regards,
AliExpress Customer Service Team",2026-07-26T06:18:19.000Z
www.aliexpress.com,id:6a653768ca2a8536ed322532,native_id,6a653768ca2a8536ed322532,2,false,1785025416,07/26/2026 00:23:36,Bought 3 of the same items from a…,"Bought 3 of the same items from a seller. They sent them separately, so I received 2 of the 3 items, this was 6th June 26. I'm still arguing with the buyer and putting in constant requests for a replacement or refund to Ali and keep getting denied. Because I stated I received 2 of the 3, and I have the messages from the seller, they say I recieved the package. Won't be buying from Ali again. ",Cassandra May,6a653754b06fbf8267f5ea96,AU,1,"Dear Customer,
We deeply regret the inconvenience you’ve faced due to not receiving your package. Rest assured, we have taken immediate steps to investigate the issue you raised. You can expect an email from us soon, and we will ensure this thread is kept updated with the latest developments. Please check your email regularly for our communication.
Thank you for your trust and cooperation.
Best regards,
AliExpress Customer Service Team",2026-07-26T06:15:07.000Z
www.aliexpress.com,id:6a6510e0441d5b4e4c842365,native_id,6a6510e0441d5b4e4c842365,1,false,1785015552,07/25/2026 21:39:12,mauvaise foie et disparition du vendeur,"j'ai commandé un casque (l'erreur a ne pas commettre) sur aliexpress chez ce vendeur :Motorcycle Center Store
, apres contact celui ci m'a assurer que la fermeture etait celle qui me convenait (plusieurs messages )... hors j'ai reçu le casque et celui n'est pas du tout comme il me l'avait decrit...de plus , TOUS les messages de demande d'info ont disparu de la boite du vendeur ..Apres contact avec aliexpress , ceux ci s'en foutent completement et disent que tout va bien... Motorcycle Center Store a fuir et aliexpress aussi par la meme occasion....quand tout va bien , c'est ok mais des qu'il y a un probleme , il n'y a plus persone",PATRICE RATEL,607db558c35082001ac8ba3c,FR,12,"Cher client,
Nous vous prions de bien vouloir nous excuser pour la gêne occasionnée. 
En raison du manque d'informations valides fournies, nous ne sommes pas en mesure de donner suite à votre demande. Veuillez vérifier et répondre à l'e-mail de notre agent. Si vous avez d'autres questions, veuillez vous rendre sur notre page Centre d'aide【https://helpcenter.aliexpress.com/s/BuyerHelp?】 pour bénéficier du service client en ligne.
Nous vous remercions sincèrement de votre compréhension et de votre coopération.
Cordialement,
L'équipe du service client d'AliExpress",2026-07-26T06:12:39.000Z
www.aliexpress.com,id:6a650f02e5b7ae5af3c96855,native_id,6a650f02e5b7ae5af3c96855,1,false,1785015074,07/25/2026 21:31:14,Zollangaben fehlen,"Ich wollte einen 24V Akku bestellen. In der Übersichtsseite steht ganz klein gedruckt, aber lesbar, daß Zölle auf der Rechnungsseite angegeben werden. Statt eines Betrages für den Zoll steht dann dort, daß der Zoll vom Käufer bei Lieferung zu entrichten ist. 
Solange nicht klipp und klar der Zoll in der Bestellübersicht aufgeführt wird, werde ich nichts mehr bei AliExpress bestellen!",Holger Miethke,5cf666406eafc28df4cc2864,DE,8,"Sehr geehrter Kunde,
vielen Dank, dass Sie uns kontaktiert haben. Wir entschuldigen uns für die Unannehmlichkeiten, die Sie während Ihres Einkaufserlebnisses erfahren haben. Unser Mitarbeiter hat Ihnen eine E-Mail gesendet. Bitte überprüfen Sie diese.
Falls Sie weitere Fragen haben, zögern Sie bitte nicht, uns per E-Mail zu antworten. Wir werden Ihre Anfrage so schnell wie möglich bearbeiten.
Vielen Dank für Ihr Verständnis und Ihre Unterstützung!
Mit freundlichen Grüßen,
AliExpress Kundendienst Team",2026-07-26T06:09:28.000Z
www.aliexpress.com,id:6a650c337299a3b7e5e7587b,native_id,6a650c337299a3b7e5e7587b,1,false,1785014355,07/25/2026 21:19:15,Disgusting,"Disgusting, sent me two faulty fans, I wanted to return them however they refused to provide return label

They say provide valid evidence i sent them a video which clearly shows item not turning on the second item in the same order was giving burnt electric smell for which i have no idea what evidence can be provided ",Ali A,6568d43c6a65cb00110892b6,GB,13,"Dear customer,
Sincerely apologize for the inconvenience caused. 
Due to the lack of valid information provided, we are unable to proceed further with your case. Please kindly check and reply to our agent' s email. If you have any other questions, please go to our Help center page【https://helpcenter.aliexpress.com/s/BuyerHelp?】 for online customer service.
Your understanding and cooperation are deeply appreciated.
Best regards,
AliExpress Customer Service Team",2026-07-26T06:04:22.000Z
www.aliexpress.com,id:6a650912a0f8f26765696817,native_id,6a650912a0f8f26765696817,1,false,1785013554,07/25/2026 21:05:54,No information about product.,"I bought a set of thin wires (1007 PVC Electronic wire) at the ""Shop 1103206810 Store"". About this product I have at least 4 questions. I can not ask them at the suppliers mail. So I cant use the product. Please, contact me for answering the questions. ",Gerard,628cc41e6f91790012d1e198,NL,5,"Dear Customer,

We sincerely apologize for the inconvenience caused by the product you received that is not functioning as expected. We have already begun investigating the issue and will provide you with updates via email as soon as possible. Please keep an eye on your inbox for further communication.

If you have any additional details or supporting information regarding the issue, please feel free to share it with us through this email thread or via our Help Center. Your cooperation and patience throughout this process are greatly appreciated.

Thank you for bringing this matter to our attention, and we apologize once again for any frustration this may have caused.

Best regards,

AliExpress Customer Service Team",2026-07-26T06:01:35.000Z
www.aliexpress.com,id:6a650239265743684376e44d,native_id,6a650239265743684376e44d,1,false,1785011801,07/25/2026 20:36:41,Bad and worse service with every day,"Held my funds for 20 days and decided to cancel my order without any explanation


That's the problem, I don't understand, how can you thank me for understanding when I don't understand and I haven't been compensated or given elaborate explanation for where my money went for 20 days and were used outside my account without my permission. What a scam this has become.",Arr0gance42,59e9fb310000ff000ad77434,GB,20,"Dear Customer，
Thank you for contacting us. We apologize for your unpleasant shopping experience. Our agent sent you an email, please check it out. If you have any questions, please feel free to reply to us via email and we will respond as soon as possible.
Thank you for your understanding and support!
Sincerely，
AliExpress Customer Service Team",2026-07-26T05:58:32.000Z
www.aliexpress.com,id:6a64f7de1506d89f6530baf8,native_id,6a64f7de1506d89f6530baf8,1,false,1785009150,07/25/2026 19:52:30,*** BEWARE ***,"I would advise anyone using Aliexpress to only order one item at a time because with multiple items in a package Aliexpress assumes all items are present and will not refund any missing items as happened to me with one missing item. Aliexpress guarantees are worthless and they will ensure they take up so much of your time and make it impossible to satisfy what they ask for that in the end you give up as your time is more valuable than the missing item. Here is the list of actions they insist on to consider a refund, as can be seen most of which is impossible to achieve, and of course it's designed that way!
To better handle your complaint regarding quality issues, please provide the following evidence to assist us in determining the actual situation:
1. Postal service proof/logistics documentation confirming abnormalities with the package. The document must include the following details:
·Package tracking number: The tracking number should match the one provided by the seller.
·Logistics status: The content on the document must reflect the issue you encountered, such as descriptions of missing items, damage, etc.
·Issuer of the document: The email address should originate from the logistics company. For offline documents (such as photos or PDF files), they must come from the corresponding logistics companyâ€”for example, bearing the official seal or signature of the logistics company.
2. A complete unboxing video showing that the problem existed upon receipt of the item. The video must include:
·The package label clearly visible.
·A full view of the intact, unopened package.
·If there are two layers of labels, the bottom label underneath must be shown after removing the top layer.
·The recording time.
·A detailed and clear recording of the specific issue, ensuring smooth playback without lagging, frame dropping, or editing.
3. Communication records with the seller (e.g., admissions of error, promises of refunds, etc.) as this serves as supplementary evidence. If provided, it will enable a clearer determination of the seller's issues.
Good luck to anyone trying to comply with that lot!!

And to add insult to injury you get invited to complete a survey on the way in which they've handled your request  .... BUT! ..... you can't complete the survey because it's all in Chinese!
Yep, you guessed it, it's designed that way so that their customer service staff never get any negative feedback! (Clever eh!).",Mike Mercieca,5660c9f50000ff0001effd32,GB,58,"Dear customer,
Sincerely apologize for the inconvenience caused. 
Our agent has replied with more detailed information in the email. Please kindly check and reply to our agent. If you have any other questions, please go to our Help center page【https://helpcenter.aliexpress.com/s/BuyerHelp?】 for online customer service.
Your understanding and cooperation are deeply appreciated.
Best regards,
AliExpress Customer Service Team",2026-07-26T05:54:41.000Z
www.aliexpress.com,id:6a64f686d6028edcf13d77e0,native_id,6a64f686d6028edcf13d77e0,1,false,1785008806,07/25/2026 19:46:46,najgorsza chinska platforma sprzedająca…,"najgorsza chinska platforma sprzedająca swoje badzie-zdjęcia super-opis też ale towar BEZNADZIEJA,albo czasami nie przychodzi i trzeba prosic sie sie pieniądze-NIPOLECAM zero REKLAMACJI",Trawell Trawell,6072c646348d93001ad2d85b,PL,37,"Szanowny Kliencie,
Bardzo nam przykro, że wystąpił u Ciebie problem. Nie chcemy, aby nasi klienci byli zadowoleni z takiego rozwiązania. Chętnie przyjrzymy się tej sprawie i sprawdzimy, jak możemy pomóc. Abyśmy mogli lepiej zrozumieć Twoje doświadczenia, prosimy o podanie szczegółów, takich jak numer zamówienia lub adres e-mail, w formularzu „Prośba o informacje”, który do Ciebie wysłaliśmy.
Z poważaniem,
Zespół Obsługi Klienta AliExpress",2026-07-26T05:49:13.000Z
www.aliexpress.com,id:6a64f01d3752153dd2a88a33,native_id,6a64f01d3752153dd2a88a33,1,false,1785007165,07/25/2026 19:19:25,Appalling crooks!,"Appalling crooks!

I ordered a spare battery for my Insta 360 X4. It arrived in a few days. The box was marked Insta 360 X4, the battery was well make, but it is too large for the Insta 360 X4 Camera. I asked for a refund, they asked for image of the damage, there was not any. I sent photographs proving the box was marked Insta 360 X4, the camera is Insta 360 X4 and this battery would not fit this camera ever. After lots of applications I recieved a notice stating, ""After careful review, we regret to inform you that your recent return/refund request did not meet our evidence standards and, therefore, we are unable to process your refund. To maintain fairness and integrity on our platform, we kindly suggest that you refer to our 【User Evidence Guidelines】 to further specify the issues with the product. We are committed to assisting you and will address your concerns promptly. Thank you for your understanding and cooperation!"" . I will never use these devious shits ever again, and cannot say avoid hard enough ever.",John Stirzaker,5eabcdf446f4d002e0f7d539,GB,16,"Dear customer,
Sincerely apologize for the inconvenience caused. 
Our agent has replied with more detailed information in the email. Please kindly check and reply to our agent. If you have any other questions, please go to our Help center page【https://helpcenter.aliexpress.com/s/BuyerHelp?】 for online customer service.
Your understanding and cooperation are deeply appreciated.
Best regards,
AliExpress Customer Service Team",2026-07-26T05:48:04.000Z
www.aliexpress.com,id:6a64ec3fdd7f5daf8f356dec,native_id,6a64ec3fdd7f5daf8f356dec,1,false,1785006175,07/25/2026 19:02:55,"Incompetenti, sempre peggio","Ho contattato il servizio clienti perche' non avevo ricevuto un oggetto, cosa mi risponde il servizio clienti??? Restituire l'oggetto per avere un rimborso completo,,,Ma vi sembra normale che siano cosi' incapaci??? Ero un ottimo cliente, ma non acquistero' mai piu' dal lopro sito anche per il motivo dei dazi europei, ora gli articoli li paghi anche piu' del doppio di qualche mese fa...",Sergio,655c498f972eb00012029b3c,IT,9,"Gentile cliente,
Ci dispiace molto per l'inconveniente riscontrato. Non è certo questo il tipo di esperienza che desideriamo offrire ai nostri clienti. Vorremmo esaminare il caso e capire come possiamo aiutarla. Per aiutarci a comprendere meglio la sua esperienza, la preghiamo di aggiungere dettagli come il numero d'ordine o l'indirizzo email tramite il modulo di richiesta informazioni che le abbiamo inviato.
Cordiali saluti,
Team del Servizio Clienti AliExpress",2026-07-26T05:44:53.000Z
www.aliexpress.com,id:6a64e68bd01fe1e0c12c9530,native_id,6a64e68bd01fe1e0c12c9530,1,false,1785004715,07/25/2026 18:38:35,So that wasn’t too difficult was it,"So that wasn’t too difficult was it? 
I refer of course to your emailed response to my original question ie: why did you return my order to sender, your response is a complete fabrication of the truth, you all must be living in cloud cuckooland.
Heres what ACTUALLY happened:-
First order -  Arrived safely 3 weeks from order.
2nd order – Arrived eventually after my intervention with courier. I DID NOT INITIATE ANY CHARGEBACK. With yourselves OR Paypal
3RD ORDER – Returned to sender by yourselves BEFORE I requested a refund from Paypal. At no time have I ever requested a chargeback from AliExpress.
All this crap about orders frozen, unfrozen, chargebacks etc must be a fabrication of your imagination. However, I HAVE received your explanation, regardless of its departure to reality and for that I say thank you. You will be pleased to learn that my constant daily reviews will now cease to be posted. 
Well that brought the usual bullshit response.
",Angryoap,5eff1bde82e34152eeca7604,GB,101,"Dear Customer, 
Thank you for reaching out, and I truly appreciate your patience as we work to resolve this matter for you.
To move forward, I kindly recommend reaching out to your dedicated customer service representative directly. They are best equipped to assist you with your specific case and will guide you through the process. Please be sure to provide any relevant evidence or documentation that supports your situation—this will help us better understand the issue and find a solution more efficiently.
Please trust that we are genuinely committed to helping you and ensuring a fair resolution. Your satisfaction is important to us, and we’ll do everything we can to address your concerns.
Thank you for your understanding and cooperation.
Best regards,
AliExpress Customer Service Team",2026-07-26T05:43:02.000Z
www.aliexpress.com,id:6a64e5c9e10e0ed6ad4e05de,native_id,6a64e5c9e10e0ed6ad4e05de,5,false,1785004521,07/25/2026 18:35:21,Good service as always,Good service as always ,mike peacock,60f2a6fc4269e300110dadea,GB,7,"Dear Customer,
Thanks for taking the time to share your feedback. We're glad you're enjoying shopping with us. Our team is always here to provide a great experience, and it's awesome to know you're happy with what we do.
Best regards,
AliExpress Customer Service Team",2026-07-26T03:39:48.000Z
www.aliexpress.com,id:6a64e26d0f07af2b40ce48a0,native_id,6a64e26d0f07af2b40ce48a0,1,false,1785003661,07/25/2026 18:21:01,Awful,"Awful. Returns not honoured despite all proof and picture of return being provided. Had to get credit card to sort. Never received the extra paid for postage, which was supposed to be covered. Will never use again. ",CHARLOTTE HARRIS,545800cc00006400019427e7,GB,11,"Dear Customer,
We are very sorry to hear that you have encountered an issue. This is not the experience we want for our customers. We'd love to look into this case and see how we can help. To help us better understand your experience, please add details like order number or email through the Request Information form that we sent you.
Best regards,
AliExpress Customer Service Team",2026-07-26T04:04:54.000Z
www.aliexpress.com,id:6a64e08aa4e0610c9adc8527,native_id,6a64e08aa4e0610c9adc8527,2,false,1785003178,07/25/2026 18:12:58,Muchas gracias por contestar,Muchas gracias por contestar. Yo nunca devolví el paquete y de hecho si tiene solución volviendo a enviarme el paquete no es necesario que me hagan el reembolso y así se queda pagado. Un saludo ,PD,64f0e16a471b150011721be6,ES,61,"Estimado cliente:
Gracias por su paciencia. He notado que su representante de atención al cliente asignado está gestionando su caso. Debido a la complejidad de la situación, la resolución podría demorar un poco más. Sin embargo, ya le he solicitado que responda a su correo electrónico lo antes posible.
Por favor, continúe comunicándose con su representante de atención al cliente asignado por correo electrónico para obtener actualizaciones.
Gracias por su comprensión y agradecemos su colaboración.
Saludos cordiales,
Equipo de Atención al Cliente de AliExpress",2026-07-26T04:03:13.000Z
www.aliexpress.com,id:6a64d0d163f45415e46674a0,native_id,6a64d0d163f45415e46674a0,1,false,1784999153,07/25/2026 17:05:53,"Agents promised return shipping refund in writing, then refused to pay","I ordered multiple items; 12 arrived defective or not matching their
listings - seller fault, not change of mind. AliExpress approved every
dispute and refunded the product cost.

The catch: the return process forced 12 separate return shipments to a
single destination, so I paid for 12 individual labels myself - $78.51
out of pocket. Before shipping, I asked support twice whether return
shipping would be reimbursed. On two separate chats, agents confirmed
in writing that it would be. I have both screenshots.

I shipped all 12 parcels relying on those written promises. AliExpress
then refunded the products but refused the $78.51 return shipping, and
never once addressed the commitments their own agents made. Email
support declined; a live-chat agent only offered to ""document"" it.

If your agents give written assurances, honour them. I'm asking for the
$78.51 your team promised - nothing more than what was already committed
to me in writing.

Order numbers: 3074178359471892 3074178359211892 3074178359231892 3074178359251892 3074178359271892 3074178359291892 , 3074178359431892, 3074178359511892 3074178359331892, 3074178359371892, 3074178359411892",Elizabeth T,6a64d0c37b418c33108d46da,US,1,"Dear customer,
Sincerely apologize for the inconvenience caused. 
Our agent has replied with more detailed information in the email. Please kindly check and reply to our agent. If you have any other questions, please go to our Help center page【https://helpcenter.aliexpress.com/s/BuyerHelp?】 for online customer service.
Your understanding and cooperation are deeply appreciated.
Best regards,
AliExpress Customer Service Team",2026-07-26T04:00:32.000Z
www.aliexpress.com,id:6a64cf37cae28b7386afcfc9,native_id,6a64cf37cae28b7386afcfc9,1,false,1784998743,07/25/2026 16:59:03,Han perdido el paquete y el vendedor y…,"Han perdido el paquete y el vendedor y yo exigimos sin coste un nuevo paquete o el inmediato reembolso 
No es la primera vez con un retraso pero llegó o un producto en mal estado y no me abonaron 20 euros,la unión europea los multa pero deberían cerrar AliExpress,es un desastre.",Dj,6a64cf1bc2526c57b19a8feb,ES,1,"Estimado cliente:
Lamentamos mucho que haya tenido este problema. Sabemos que esta no es la experiencia que deseamos para nuestros clientes. Nos gustaría investigar su caso y ver cómo podemos ayudarle. Para comprender mejor su experiencia, por favor, incluya detalles como el número de pedido o su correo electrónico en el formulario de solicitud de información que le enviamos.
Saludos cordiales,
Equipo de Atención al Cliente de AliExpress",2026-07-26T03:54:20.000Z
www.aliexpress.com,id:6a64ca1edaf0cb6b495929fa,native_id,6a64ca1edaf0cb6b495929fa,5,false,1784997438,07/25/2026 16:37:18,es ist ein Vergnügen dass grooosse…,"es ist ein Vergnügen dass grooosse Angebot anzusehen und eine Einladung etwas mit Garantie zu kaufen
angefangen von Angeboten bis zur guten Bezahlung ist AliExpress sehr gut
danke danke danke für die Gelegenheit
schreibe aus dem Baselland LIESTAL mein Rufname ist OUTSIDER ",Vimalu Caromo,6a61c4dac2526cdf9496c06f,CH,2,"Sehr geehrter Kunde,
vielen Dank, dass Sie sich die Zeit genommen haben, uns Ihr Feedback mitzuteilen! Wir freuen uns sehr, dass Ihnen das Einkaufen bei AliExpress gefallen hat. Es ist unsere oberste Priorität, unseren Kunden ein großartiges Einkaufserlebnis zu bieten, und es ist wirklich schön zu wissen, dass wir Ihre Erwartungen erfüllt haben.
Wenn wir noch etwas tun können, um Ihr Einkaufserlebnis zu verbessern, oder wenn Sie Fragen haben, wenden Sie sich bitte an uns – unser Team ist immer für Sie da!
Nochmals vielen Dank, dass Sie sich für AliExpress entschieden haben. Wir freuen uns darauf, Sie bald wieder begrüßen zu dürfen!
Mit freundlichen Grüßen,
Ihr AliExpress-Kundenservice-Team",2026-07-26T03:40:39.000Z
www.aliexpress.com,id:6a64c7eb8b11cf270177b485,native_id,6a64c7eb8b11cf270177b485,1,false,1784996875,07/25/2026 16:27:55,Un site a fuir. Xiaomi commandé en…,"Un site a fuir Xiaomi commandé en espagne le 15 juillet remis au transporteur camaio le 16 juillet oh c'est rapide .mais plus aucun suivi depuis le 16 juillet .suivi s, arrête le 16 juillet .Quand je demande le suivi a Aliexpress on m'envoie suivi du 16 juillet, c'est se moquer de nous.votre colis a passé la douane???? Ah bon y a une douane entre  pays de CEE.???
Quand on me parle douane,j'ai de suite compris ,en Espagne stock zéro et donc ils ont recommandé en chine voilà pourquoi colis a passé douane entre chine et espagne et donc retard ,je sais que je serai livré dans 10 jours ou remboursé mais je n'accepte pas ces mensonges d'aliexpress et du vendeur.c'est pourquoi je n' achèterai plus rien chez eux car ils ne sont pas honnête,le vendeur dit remis au transporteur le jour même car il sait que tant qu'il a pas expédié ,on peut résilier,donc premier mensonge et toute la suite n'est que mensonge .pas de suivi car le colis est toujours entre chine et espagne.le service client s'est trahi en disant le produit a passé la douane.mais quelle douane ?mdr
resultat un colis qui devrait être livré le 25 juillet au plus tard sera selon réponse de Aliexpress livré au plus tard le 5 août ou remboursé si pas livré a cette date.donc je ne regarde plus délai de livraison vendeur c'est du flan pour avoir des commandes.c'est des méthodes malhonnête.",dj,5d9c81f5885a223ec3820f5d,FR,13,"Cher(e) client(e),
Nous vous prions sincèrement de nous excuser pour les désagréments causés. Nous avons immédiatement vérifié votre commande et constaté qu’elle est toujours en cours de livraison, sans problème particulier. Veuillez rester patient(e) et attendre l’arrivée du colis.
Si vous avez d’autres questions, n’hésitez pas à répondre directement au courriel de notre agent ou à consulter notre page Centre d’aide 【https://helpcenter.aliexpress.com/s/BuyerHelp?】 pour obtenir un support client en ligne.
Nous apprécions fortement votre compréhension et votre coopération.
Cordialement,
L’équipe du service client AliExpress",2026-07-26T03:53:07.000Z
www.aliexpress.com,id:6a64ac8202e78a46a895f498,native_id,6a64ac8202e78a46a895f498,1,false,1784989858,07/25/2026 14:30:58,Expérience catastrophique avec le…,"Expérience catastrophique avec le service client qui est incroyablement nul mais alors nul de chez nul

J'achète un carplay pour ma voiture, l'écran est ok mais le cadre en plastique pour installer l'écran n'est pas compatible avec mon véhicule. Je le signale au vendeur qui me dit ok je vous envoie un lien pour acheter un autre cadre et je vous le rembourse. Il me rembourse le cadre mais quand je le reçois c'est toujours pas le bon...

Je lui dit que finalement j'en veux plus et que je veux un remboursement et depuis 2 mois il me fait tourner en rond, j'ai ouvert une dizaine de litige avec le service client qui me dit à chaque fois ""Notre cher client, vous êtes le meilleur, le plus beau, le plus fort mais en analysant vos échanges nous constatons qu'il vous a proposé une solution que vous avez accepté et il vous a remboursé, le litige est donc clôt"" 

Donc les machines qui pondent des réponses automatiques ça a ses limites quand il s'agit de faire du cas par cas",Nab,6a64ac7ec2526c42849a6705,FR,1,"Cher client,

Merci d’avoir contacté notre service. Nous vous présentons nos excuses pour l’expérience de shopping désagréable que vous avez rencontrée. Notre agent vous a envoyé un e-mail, veuillez svp le consulter. Si vous avez des questions, n’hésitez pas à nous répondre par e-mail et nous vous répondrons dans les plus brefs délais.

Merci pour votre compréhension et votre soutien !

Sincèrement,
L’équipe du Service Client AliExpress",2026-07-26T02:03:27.000Z
www.aliexpress.com,id:6a64ab91b7f377166476cb62,native_id,6a64ab91b7f377166476cb62,1,false,1784989617,07/25/2026 14:26:57,Misleading product advertisements,"Misleading product advertisements, slow shipping and unwillingness to refund purchases. 

I ordered a DIY felt patchwork kit from QQH Store via AliExpress.

The product was totally different than advertised.
Different colour material, no pattern template and no embellishments (eyes, flowers, etc.).                         Only embroidery threads, stuffing, material and a cheap scissor.
A refund was requested, but due to insufficient proof ( photos of the delivered order was provided to show the differences and the absence of certain items) that the product was different than advertised, the refund was refused. See below:

Request complete
Final Solution
No refund
Based on the insufficient proof you provided, we cannot approve this request. You can contact Customer Service for more help.
Request information
Pink Woodland Friends DIY Felt Patchwork Kit
Qty:1
36-Blush Fox diy patchwork set 
R222.85
Reason: Inaccurate website description
Submission time: PST 2026-07-24 03:09:16
Order ID: 3074489362621153

A dissatisfied customer have no rights and can apparently not return and be refunded for a product that does not correspond with a website advertisement and does not meet a customer’s expectations.
Goodbye Aliexpress, I will not shop from you again!
",I Storm,6a64ab81b06fbf1763f556a9,ZA,2,"Dear Valued Customer,

We deeply regret the inconvenience caused by the discrepancy in the item you received. Please rest assured that we are taking this matter very seriously and are proactively investigating the issue you reported regarding the incorrect item.

We appreciate your patience as we work to resolve this matter. You can expect a detailed and thorough update to be sent to your email, and we will ensure that this thread remains up to date. Kindly keep an eye on your inbox for our communication.

Your understanding and support mean a great deal to us, and we are committed to ensuring your satisfaction. Thank you for giving us the opportunity to address this issue.

Warm regards,

AliExpress Customer Service Team",2026-07-26T02:05:05.000Z
www.aliexpress.com,id:6a64a623e0a40c81180caedb,native_id,6a64a623e0a40c81180caedb,5,false,1784988227,07/25/2026 14:03:47,J'ai toujours été sceptique... à tort!,"J'ai toujours été sceptique à l'idée de me lancer dans les achats en ligne, mais après une bonne documentation et quelques recherches, j'ai opté pour AliExpress. Mon expérience s'est très bien passée. J'ai commandé un article et j'ai pu suivre la progression de la livraison étape par étape, de l'empaquetage à l'arrivée du colis à mon pays d'origine, en passant par le transfert à l'aéroport, etc. Les commandes se font directement en communication avec les vendeurs et les livraisons sous 2 à 3 semaines, sans frais, et 1 semaine à quelques jours seulement si vous payez des frais supplémentaires. 
PETIT CONSEIL: vérifiez toujours les caractéristiques de l'article que vous souhaitez commander en basculant les photos/images de l'article en question sur la page du vendeur, car le prix ou le modèle peuvent changer juste en passant d'une image à l'autre.",Mono Mono,6a649a5c7b418c41368d05cc,CM,2,"Cher client,

Merci d'avoir pris le temps de nous faire part de vos commentaires. Nous sommes ravis que votre expérience d'achat vous plaise. Notre équipe est toujours là pour vous offrir une expérience optimale, et nous sommes heureux de savoir que vous êtes satisfait de nos services.

Cordialement,

Service client AliExpress",2026-07-26T01:55:22.000Z
www.aliexpress.com,id:6a649d1675078bd75193238d,native_id,6a649d1675078bd75193238d,3,false,1784985910,07/25/2026 13:25:10,Son unos ladrones desde que la UE les…,"Son unos ladrones desde que la UE les han puesto el gravamen de paquetería no llegan los paquetes y no se hacen responsables, Sale que el transportista lo a entregado y al hacer la reclamación me dice que el paquete sale entregado y no es verdad 60 euros perdidos, aconsejo de dejar de comprar en ellos, ya que están tomando la revancha por los de los nuevos impuestos, el transportista es Post(NL) y su web no te deja contactar con ellos ni reclamar, otros ladrones. A día de hoy insisten que el paquete lo tengo yo e insinuando que les quiero robar, diciendo que no tengo el paquete y que me lo abonen, pidiendo pruebas (igual quieren una foto del buzón vacío), en fin unos impresentables. Lo dicho no compréis ya en esta plataforma, no se hacen responsables de los servicios que contratan y dejan al comprador tirado. Hoy por fin a llegado el paquete, pero continuo pensando lo mismo los responsables de contratar a una agencia de transportes incompetentes es responsabilidad de AliExpress. Ya he marcado que el paquete está entregado, pero lo dicho anteriormente no tengo porque aguantar que insinúen que los quiero estafar diciendo que no me ha llegado el paquete y que lo abonen. CONTINUARE COMPRANDO EN OTRAS PLATAFORMAS IGUAL DE BUENAS O MALAS QUE ESTA. Parece ser que después de comprobar que realmente yo decía la verdad, me han pedido disculpas. Es de agradecer este cambio de actitud y política para con los clientes. Y sí, me sabía mal dejar de comprar en esta plataforma, les daré otra oportunidad.",SERGIO B.BUSQUETS,65df1c5ecc61a30012dbc918,ES,10,"Estimado cliente:

Le pedimos sinceras disculpas por las molestias causadas. 

Hemos comprobado inmediatamente su pedido y hemos comprobado que se ha reembolsado. Póngase en contacto con su banco para obtener más información. Si tiene alguna otra pregunta, visite nuestra página del Centro de ayuda【https://helpcenter.aliexpress.com/s/BuyerHelp?】 para obtener asistencia al cliente en línea.

Agradecemos profundamente su comprensión y cooperación.

Atentamente,
Equipo de atención al cliente de AliExpress",2026-07-26T02:08:30.000Z
www.aliexpress.com,id:6a6488c8b9e01e286221cae6,native_id,6a6488c8b9e01e286221cae6,1,false,1784980712,07/25/2026 11:58:32,Allucinante il mio acquisto di una bici…,"Allucinante il mio acquisto di una bici elettrica con problemi al motore ho contattato assistenza clienti circa 20 volte purtroppo non hanno alcun potere se non quello di prendersi reclami e chiedere scusa . Poverini. Successivamente passano la tua pratica a dei senior che ti respingono continuamente tutte le prove che hai fornito e addirittura ti rispondono chiedendone sempre altre. Nonostante io abbia anche descritto il problema e chiesto reso e sostituzione fino ad arrivare a chiedere il rimborso loro cosa fanno ? Respingono tutto fino al punto che devi poi mandarli a quel paese perché non sai a chi rivolgerti più, Alla fine i ragazzi dell' assistenza ti tranquillizzano dicendo che sei coperto da garanzia “sfigati” definita da me com’è mancato rimborso e reso . Beffa finale non ti rendono nulla e ti tieni un oggetto difettoso alla faccia della loro pubblicità cliente garantito. Grazie Aliexpress godetevi i miei soldi che spenderete in supposte vi saluto. Non lo consiglio a nessuno soprattutto su spese importanti scappate perchè una volta intascati i soldi vi resta la fregatura e non vi contatteranno via mail per risolvere ma il vostro caso viene chiuso con la solita frase di scusa . Che schifo e chi compra più.",Angelo,60391aae67c0cf001af5532d,IT,18,"Gentile cliente,
Ci scusiamo sinceramente per l'inconveniente causato dal prodotto difettoso. Abbiamo iniziato a esaminare il problema da te segnalato e ti contatteremo a breve via e-mail. Ti preghiamo di rimanere sintonizzato sulla tua e-mail per eventuali messaggi importanti da parte nostra.
Grazie per la pazienza e il supporto mentre lavoriamo per risolvere il problema per te.
Cordiali saluti,
Team del servizio clienti AliExpress",2026-07-26T02:17:46.000Z
www.aliexpress.com,id:6a64833b2fd2c191624c6e3d,native_id,6a64833b2fd2c191624c6e3d,1,false,1784979291,07/25/2026 11:34:51,No entiendo que Aliexpress a parte de…,"No entiendo que Aliexpress a parte de que sus tiendas vendan productos falsificados (ordenadores que cambian el tipo de procesador de Intel por un modelo inferior) y te anuncian memoria DDR4 y luego te envían DDR3 mucho más económica y lenta. Ya es el segundo que he comprado y es los mismo y Aliexpress no toman medidas con esas tiendas que continúan anunciándolos. Ahora a parte de eso parece que no quieren devolver el dinero que pague por esa falsificación, los compre y solo lo use 4 días y lo devolví siguiendo las instrucciones de Aliexpress el día 13 de Julio. Completamente nuevo igual que lo recibí, tengo fotos. Desde entonces llevo luchando con el servicio de atención al cliente reclamando la devolución del dinero. En la página web informan que el paquete se ha recibido y esperan la respuesta del vendedor antes del día 12 de Julio. El día 21 de Julio con muy buenas palabras me dicen: Según lo verificado, su proceso de devolución/reembolso acaba de ser elevado a AliExpress y está en proceso de evaluación. Normalmente, recibirá una actualización dentro de 2 días hábiles.
Hoy es día 25 de Julio y continuo sin recibir ninguna información y lo que es mas grave sin tener mi dinero, será que ahora también te estafan sin devolver el dinero. Yo ya estoy cansado de que me toreen. Lo informo por este medio para que sepan cómo actúan
",Simon,63e7b9449683a10013920e35,ES,10,"Estimado cliente:
Le pedimos disculpas sinceramente por cualquier inconveniente que esto le haya podido causar.
Nuestro equipo ya se ha puesto en contacto con el Departamento de Reclamaciones para agilizar el proceso y buscar la mejor solución para usted. Le agradecemos su paciencia mientras trabajamos en su caso.
Si tiene alguna otra pregunta, no dude en responder a este correo electrónico y le responderemos lo antes posible.
Muchas gracias por su comprensión y colaboración.
Atentamente,
Equipo de Atención al Cliente de AliExpress",2026-07-26T02:28:10.000Z
www.aliexpress.com,id:6a647ec6484310a78c95247b,native_id,6a647ec6484310a78c95247b,2,false,1784978151,07/25/2026 11:15:51,Attention facture incertaine ! Service client inutile,"Certains vendeurs ne font pas de factures ( que des reçus proposés) certains oui mais il faut insister ,d'autres vous mènent en bateau ( ça fait un mois qu'un marchand me dit d'attendre ...) .
Le service client est poussif et ne sert en fait à rien .
Il vous répète les mêmes choses et n'agit en rien comme le ferait par exemple Amazon.

Temu propose des factures aussi .
Donc si vous n'avez pas besoin de factures ok sinon il faut bien demander aux vendeurs avant.

Ils vous répondent mais certains sont agressifs : pas de facture allez acheter ailleurs .. voilà une des réponses !
Donc à vos risques et périls .",Natskiten,5ec507d6914d195a3e85ca56,FR,23,"Cher client,
Merci d’avoir contacté notre service. Nous vous présentons nos excuses pour l’expérience de shopping désagréable que vous avez rencontrée. Notre agent vous a envoyé un e-mail, veuillez svp le consulter. Si vous avez des questions, n’hésitez pas à nous répondre par e-mail et nous vous répondrons dans les plus brefs délais.
Merci pour votre compréhension et votre soutien !
Sincèrement,
L’équipe du Service Client AliExpress",2026-07-26T02:31:52.000Z
www.aliexpress.com,id:6a647b01befe11d75c653244,native_id,6a647b01befe11d75c653244,1,false,1784977185,07/25/2026 10:59:45,AliExpress jou must give me back my…,"AliExpress jou must give me back my money.I can t negotiated with seller she tricks and is Ruud.I want partial refund 23 e and keep the item,i don t trust her to send retour she don t give money back
I am asking every day my refund to customers agent service and still no my refund! AliExpress work my dispute file ",Clara BLOKVOORT,64384ade3aa5ae00126b6a8c,BE,16,"Dear customer,

Sincerely apologize for the inconvenience caused. 

Our agent has replied with more detailed information in the email. Please kindly check and reply to our agent. If you have any other questions, please go to our Help center page【https://helpcenter.aliexpress.com/s/BuyerHelp?】 for online customer service.

Your understanding and cooperation are deeply appreciated.

Best regards,
AliExpress Customer Service Team",2026-07-26T02:39:15.000Z
www.aliexpress.com,id:6a6479d74f04d644d4650b7c,native_id,6a6479d74f04d644d4650b7c,1,false,1784976887,07/25/2026 10:54:47,J’ai passer une commande que je n’ai…,"J’ai passer une commande que je n’ai jamais reçu j’ai la preuve de colissimo qui reconnaît la perte sur le mail mais il refuse de me rembourser alors que je fournis la preuve à chaque fois !!!! Merci de me rembourser 
3074684813316329 , 21€53 . 

",Caso,6a6479cb7b418cae5a8ce15f,FR,1,"Cher client,

Merci d’avoir pris contact avec nous.
Nous avons traité le remboursement de votre commande, veuillez consulter notre e-mail pour plus de détails. Nous nous excusons pour tout désagrément que cela pourrait vous avoir causé.
Si vous avez des questions ou avez besoin d’une assistance supplémentaire, n’hésitez pas à nous contacter en répondant à cet e-mail. Merci pour votre compréhension et votre soutien !

Cordialement,
L'équipe du Service Client d'AliExpress",2026-07-26T02:42:29.000Z
www.aliexpress.com,id:6a6476f2321749a022faab29,native_id,6a6476f2321749a022faab29,1,false,1784976146,07/25/2026 10:42:26,La risposta pubblica di AliExpress qui…,"La risposta pubblica di AliExpress qui sotto è solo una mossa di facciata per ingannare chi legge. Dicono di avermi ""inviato un'e-mail"" per risolvere. È vero: mi hanno chiesto i documenti fiscali del corriere. Glieli ho inviati completi, stampati e inoppugnabili. Il risultato? Da quel momento sono completamente spariti. Ho inviato ben due solleciti a quell'e-mail a cui non hanno mai risposto. Fanno finta di essere disponibili qui in pubblico, ma in privato continuano a ignorarmi e a trattenere i miei 44 euro. Vergognosi.",Calogero ,5eb43b67cdab043838b36895,IT,6,"Gentile cliente,
La ringraziamo per la pazienza. Ho notato che il suo caso è attualmente gestito dal suo referente del servizio clienti. Data la complessità della situazione, la risoluzione potrebbe richiedere un po' più di tempo. Tuttavia, ho già sollecitato il referente a rispondere alla sua email il prima possibile.
La preghiamo di continuare a comunicare con il suo referente del servizio clienti via email per ulteriori aggiornamenti.
La ringraziamo per la comprensione e per la collaborazione.
Cordiali saluti,
Team del Servizio Clienti di AliExpress",2026-07-26T02:48:13.000Z
www.aliexpress.com,id:6a64742031e861808b5b7a6e,native_id,6a64742031e861808b5b7a6e,1,false,1784975424,07/25/2026 10:30:24,Don't buy anything from Aliexpress they are no good! ,"I got a defect screen for my phone and asked for refund, provided two video proof of defect, they offered refund upon return but did not provide any return coupon. I asked for partial refund without return but they closed the dispute. Wanted to appeal but the button did not work. Tried to contact them but was bounced by a chatbot over and over again. I will not buy anything else on aliexpress, they are not a good company and are not taking care of their customers. ",Fabio,6a647397ff3db23cdbc2ae0f,SE,1,"Dear customer,

Sincerely apologize for the inconvenience caused. 

Our agent has replied with more detailed information in the email. Please kindly check and reply to our agent. If you have any other questions, please go to our Help center page【https://helpcenter.aliexpress.com/s/BuyerHelp?】 for online customer service.

Your understanding and cooperation are deeply appreciated.

Best regards,
AliExpress Customer Service Team",2026-07-26T02:52:19.000Z
www.aliexpress.com,id:6a646c0c5ed1e7a6ba0adc68,native_id,6a646c0c5ed1e7a6ba0adc68,1,false,1784973356,07/25/2026 09:55:56,"Antes iba muy bien, pero ya no","Antes iba muy bien, ahora ya no, me llegó un sombrero cowboy aplastado, por culpa del embalaje, abrí disputa y enseñé fotos del sombrero y como estaba envuelto, pues no me quieren aceptar la disputa para hacer una simple devolución, que no quiero ni el producto, cada vez ha ido a peor, ya no puedes comprar tranquilo, y ya no es que sea solo una vez, es que pasa muchísimas veces, te tratan a ti como el malo en vez de al vendedor, tú pierdes dinero y el producto y el vendedor consigue su dinero. Y AliExpress con tato automatizador se lavan las manos. Después de haberme gastado tanto dinero, ya no vuelvo a comprar nunca más. ",RAQUEL BERTRAN BARBA,5fbc308cd030360019b815bf,ES,16,"Estimado cliente,

Gracias por contactarnos. Lamentamos mucho que hayas tenido una experiencia de compra desagradable. Nuestro agente te ha enviado un correo electrónico, por favor revísalo. Si tienes alguna pregunta, no dudes en responder a este correo y te responderemos lo antes posible.

Agradecemos tu comprensión y apoyo.

Atentamente,
Equipo de Atención al Cliente de AliExpress",2026-07-26T03:04:57.000Z
www.aliexpress.com,id:6a646689c5378e0fae0a7c16,native_id,6a646689c5378e0fae0a7c16,1,false,1784971945,07/25/2026 09:32:25,Katastrophe billig Ware Rückgabe wird…,"Katastrophe billig Ware Rückgabe wird verweigert oder auf Selbstversand ausgemacht Verkäufer antworten nicht AliExpress gibt es keine menschlichen Kundenservice alles nur ne dreckige ki die absoluter Müll ist im Ernstfall lassen sie dich hängen und es gibt keine Garantie oder sonstiges ach genau 80-90% der Artikel sind defekt oder halten nicht lange aus und ja 1€ Shop Qualität ist da sogar besser und bei defekter Ware kann man noch umtauschen habe 2x im Leben bei AliExpress bestellt und 2x würde ich gescammt ich sitze auf einem e Bike defekt 270€ und einem falsch gelieferten Display von damals ca 30-40€ also warnt eure Verwandten, Freunde, geliebte bestellt bei Temu, Amazon, eBay gute Erfahrungen mit.ruckgaberecht gehabt überall nur bei AliExpress nicht 

Ach der eine Stern wurd nur gegeben weil ich musste am.besten -4 Sterne AliExpress ",Eray Kurt ,5e26d584fe8989db2e1fdfd8,DE,5,"Sehr geehrter Kunde,

Vielen Dank, dass Sie uns kontaktiert haben. Wir entschuldigen uns für die Unannehmlichkeiten, die Sie während Ihres Einkaufserlebnisses erfahren haben. Unser Mitarbeiter hat Ihnen eine E-Mail gesendet. Bitte überprüfen Sie diese.

Falls Sie weitere Fragen haben, zögern Sie bitte nicht, uns per E-Mail zu antworten. Wir werden Ihre Anfrage so schnell wie möglich bearbeiten.

Vielen Dank für Ihr Verständnis und Ihre Unterstützung!

Mit freundlichen Grüßen,
AliExpress Kundendienst Team",2026-07-26T03:08:57.000Z
www.aliexpress.com,id:6a64640c08781c8a2ba0d6f4,native_id,6a64640c08781c8a2ba0d6f4,1,false,1784971308,07/25/2026 09:21:48,Frais de douane de 13€ pour un article de 11€,"Commande passée d'un Jostick au prix de :
- 10€89
- 4€23 frais de livraison 
- 3€71 frais de douane
Soit un total  de 18€83 TTC
lors de la livraison,  LA POSTE me réclame 13€ de frais de douane ! 
Je vais bien évidemment réclamer, mais ALI EXPRESS c'est fini pour moi!",B. B.,6617bcd61ee7d70011ccc824,FR,15,"Cher client,
Nous vous prions de bien vouloir accepter nos excuses pour la gêne occasionnée.
Pour traiter votre demande de remboursement de TVA, nous avons besoin des documents suivants :

1. Facture de TVA à l’importation émise par le transporteur (avec numéro de suivi et montant de la TVA)

2. Preuve de paiement de cette facture

3. Document douanier attestant la libération des marchandises, fourni par le transporteur, ou une photo nette des marchandises reçues avec l’étiquette d’expédition.

Notre agent vous a répondu par e-mail avec des informations plus détaillées. Veuillez le consulter. Pour toute autre question, veuillez répondre directement à l’e-mail de notre agent ou consulter notre Centre d’aide [https://helpcenter.aliexpress.com/s/BuyerHelp?] pour obtenir de l’aide en ligne.
Nous vous remercions de votre compréhension et de votre coopération.
Cordialement,
L’équipe du service client AliExpress",2026-07-26T03:12:09.000Z
www.aliexpress.com,id:6a645fcd023250a6938f6443,native_id,6a645fcd023250a6938f6443,1,false,1784970221,07/25/2026 09:03:41,"Package not delivered, AliExpress don’t care. ","Like many others, the package I ordered via AliExpress did not arrive. It was then I discovered that AliExpress do not have any customer support. Sure they have what they label a “support centre”. It consists of a bot pasting unhelpful generic statements in circles. Shopping with this company is a gamble which you will lose if anything goes wrong. Do not take the risk.  ",Matt,6a62be27236e3d59a4e1ecb9,AU,2,"Dear Customer,
We are very sorry to hear that you have encountered an issue. This is not the experience we want for our customers. We'd love to look into this case and see how we can help. To help us better understand your experience, please add details like order number or email through the Request Information form that we sent you.
Best regards,
AliExpress Customer Service Team",2026-07-26T03:15:52.000Z
www.aliexpress.com,id:6a644bb53f7d25b5225a635c,native_id,6a644bb53f7d25b5225a635c,1,false,1784965077,07/25/2026 07:37:57,"My Experience with AliExpress ""Free…","My Experience with AliExpress ""Free Returns"" – Buyer Beware

I have been an online shopper for many years and have used both AliExpress and Temu. Unfortunately, my recent experience with AliExpress has been extremely disappointing.

I specifically ordered a **blue bag** because I did not want a black one. The seller sent me what is clearly a **black bag**, not the colour I ordered.

Since the item I received did not match the listing, I requested a **free return and refund**, which AliExpress advertises on eligible products. The listing stated that it came with a **90-day Free Return** if the product did not meet expectations.

I submitted multiple return requests and provided photos showing the item I received. Each time, AliExpress rejected my request, saying my photos were ""insufficient proof,"" despite the issue being that the product delivered did not match what I ordered.

What is most frustrating is that this isn't simply a case of changing my mind. I received an item that differs from what I purchased, yet I have still been unable to obtain the advertised free return.

In contrast, I have shopped with Temu for years and have had consistently straightforward experiences when using their free return policy. If an item is incorrect or doesn't meet expectations, the return process has been simple and hassle-free.

Based on my experience, I no longer have confidence in AliExpress's advertised Free Return policy. If you are considering buying from AliExpress because you believe the Free Return promise will protect you, I encourage you to carefully consider the potential difficulties if something goes wrong.

I hope AliExpress improves its dispute resolution process so that customers who receive items that do not match their orders can resolve the issue fairly and without unnecessary frustration.

This review reflects my personal experience with AliExpress and is intended to help other shoppers make informed purchasing decisions.
",Mahnaz Roshandel,6593ff388114f00012ffade2,NZ,1,"Dear Customer.
Thank you for contacting us. We apologise for your unpleasant shopping experience. Our agent sent you an email, please check it out. If you have any questions, please feel free to reply to us via email and we will respond as soon as possible.
Thank you for your understanding and support!
Sincerely.
AliExpress Customer Service Team",2026-07-26T03:23:42.000Z
www.aliexpress.com,id:6a64317a2011ff2a28fea70e,native_id,6a64317a2011ff2a28fea70e,1,false,1784958362,07/25/2026 05:46:02,Please never purchase from Ali express,"Please never purchase from Ali express, they scam their customers. None of the items described is what you will get and for some orders you will never receive it. They will keep your money and will not refund it. That’s how they make money by luring innocent customers with promising pictures. You will either receive an item not similar to the picture or nothing at all. This company needs to be investigated and shut down. This company is running a scam and I don’t know why they’re allowed to operate. I purchased an item, seller clearly told me she has not shipped the item. It’s been almost a month and past the date I should have received the item, however seller has attached a fake tracking which never updates and Ali express is refusing to give me back my money. Upon reading reviews this seller guanghe has scammed multiple customers by charging them and never sending the item yet Ali express continues to allow it. The whole platform needs to be shut down. Don’t buy no matter how nice the picture looks or how great of a value it is. You will be scammed out of your money and they will frustrate you with automated messages and bots. A bunch of liars. ",lee lee,65e84c6f17c1410012b05815,US,2,"Dear Customer.
Thank you for contacting us. We apologise for your unpleasant shopping experience. Our agent sent you an email, please check it out. If you have any questions, please feel free to reply to us via email and we will respond as soon as possible.
Thank you for your understanding and support!
Sincerely.
AliExpress Customer Service Team",2026-07-26T03:30:03.000Z
www.aliexpress.com,id:6a63de705d72985c043af9ce,native_id,6a63de705d72985c043af9ce,1,false,1784937104,07/24/2026 23:51:44,"Nessuna assistenza, nessuna tracciabilità","Ho ordinato un cuscino gonfiabile da viaggio da 2.17 euro assieme ad altre cose. Su questo articolo mi sono stati addebitati quasi sette euro di spese di spedizione ed è arrivato dopo oltre un mese.
Il venditore non ha mai risposto alle mie richieste di informazioni, anzi ha hcancellato i miei messaggi. Dato che l'ordine non era tracciabile e non si è mai capito chi fosse la ditta della logistica che si è occupata di questa spedizione, ho contattato Aliexpress. È arrivato a casa un corriere che approfittando dell'ingenuità dei miei genitori ha chiesto altri 7.05 euro in contrassegno senza dare loro neanche una ricevuta. Non si è mai capito di quale ditta fosse questo corriere. Mi hanno scritto nella chat con l'assistente online che serve loro una ricevuta del contrassegno, che il corriere era di iMile e avrei dovuto contattarlo da sola ma il numero di tracking indicato nell'ordine non esiste. Ho provato sui sito di poste, gls ecc ma questa spedizione non esiste da nessuna parte.
Ho provato a contattare Aliexpress e mi hanno risposto via mail che stanno facendo accertamenti ma non mi possono ridarmi l'IVA (che ci faccio con l'IVA?) in nessun modo ""perchè ho fornito informazioni insufficienti"", ovvero manca la ricevuta del contrassegno che non nessuno mi ha rilasciato. Ho ribadito la cosa e di dirmi chi sia questo corriere e hanno risposto di nuovo via mail che le informazioni sono insufficienti. 
Se non so chi sia il corriere e nessuno sa chi sia, se il venditore non risponde sono io ad avere avuto informazioni insufficienti.
Che dire? Sono estremamente delusa per questo comportamento così scorretto che mi ha portato a  pagare quasi 20 euro  un articolo da 2 euro e per l'inganno del corriere verso due persone anziane.",Valentina Frezza,605f39e22d361e0019c64f16,IT,2,"Gentile cliente,
La preghiamo di accettare le nostre più sentite scuse per gli inconvenienti che ha dovuto affrontare. Abbiamo preso provvedimenti per indagare sul problema da lei segnalato. Le risponderemo via e-mail e aggiorneremo i progressi in questa discussione. Si prega di prestare attenzione a controllare la propria casella di posta elettronica.
Grazie per la comprensione e la collaborazione.
Cordiali saluti,
Il team del servizio clienti di AliExpress",2026-07-25T01:58:34.000Z
www.aliexpress.com,id:6a63db61301ffcad29ae1598,native_id,6a63db61301ffcad29ae1598,1,false,1784936321,07/24/2026 23:38:41,COMPLETE and utter…,"COMPLETE and utter BULLSHIT>>>>>>>>>LMFAO

THEN THE BUYER IS RUN THRU A MAIZE OF NONSENSE TO GET A CLAIM DONE........ MORE BOVINE DUNG........NEVER AGAIN!!!!",F You,6a63db32236e3d00d2e3725d,US,1,"Dear customer,

Sincerely apologize for the inconvenience caused. 

Our agent has replied with more detailed information in the email. Please kindly check and reply to our agent. If you have any other questions, please go to our Help center page【https://helpcenter.aliexpress.com/s/BuyerHelp?】 for online customer service.

Your understanding and cooperation are deeply appreciated.

Best regards,
AliExpress Customer Service Team",2026-07-25T02:05:33.000Z
www.aliexpress.com,id:6a63d255f6facb274208d8b9,native_id,6a63d255f6facb274208d8b9,1,false,1784934005,07/24/2026 23:00:05,Prezzi degli oggetti non corrispondenti alla realta',"Il sito e' certamente inaffidabile poiché all'atto del check-up cambiano i prezzi e fanno sparire gli sconti promessi .
L'assistenza via chat fornisce sempre le stesse risposte precompilate e prive di logica inducendo a chiudere e rinunciare.
La cosa migliore da fare e' cancellare l'account ed acquistare da siti seri in Europa che forniscono tra l'altro anche una garanzia sui prodotti acquistati.",marrossi,56674f210000ff0001f1906c,IT,51,"Gentile cliente,
Grazie per il tuo feedback.
I prezzi possono essere aggiornati al momento del check-out a causa di diversi fattori, tra cui le variazioni del prezzo del prodotto, il cambio, il tasso di cambio, il luogo di spedizione, l'indirizzo di consegna effettivo (paese), il modello di consegna selezionato, la promozione, gli sconti o i coupon applicabili. Il calcolo dell'IVA verrà aggiornato di conseguenza al momento del check-out.
Se hai domande o hai bisogno di ulteriore assistenza, non esitare a contattare.
Cordiali saluti,
Team del servizio clienti AliExpress",2026-07-25T02:07:10.000Z
www.aliexpress.com,id:6a63b82707d6dd7f31c2b713,native_id,6a63b82707d6dd7f31c2b713,1,false,1784927303,07/24/2026 21:08:23,Dårlig oplevelse.,Dårlig oplevelse.. fik forkert emne og impute betale alligevel.. de refunderede ikke pengene..,Dennis mørk,5cd03197e7d72b03d85ab896,DK,6,"Kære kunde,

Vi beklager oprigtigt den ulejlighed, dette måtte have forårsaget dig. Modtag venligst vores dybfølte undskyldning.

Vi har sendt en e-mail med en adressering af det problem, du stødte på den 27. juli. Gennemgå venligst indholdet af denne e-mail.

Hvis du har yderligere spørgsmål, er du velkommen til at kontakte os ved at svare direkte på denne e-mail.

Tak for din forståelse. Vi ønsker dig en dejlig dag!

Med venlig hilsen,
AliExpress kundeserviceteam
www.Aliexpress.com",2026-07-25T02:16:13.000Z
www.aliexpress.com,id:6a63adc026f62feae8700b8b,native_id,6a63adc026f62feae8700b8b,1,false,1784924640,07/24/2026 20:24:00,Ordino un cavo flat del telefono con…,"Ordino un cavo flat del telefono con tanto di foto allegata del modello con codice scrivendo mi raccomando mandatemi questo e la foto sul loro sito era uguale al mio e mi mandano uno diverso per ben due volte il negozio non legge i messaggi e l'assistenza da cinque giorni ripete sempre le stesse cose siamo qui per tutelarvi invece non risolvono niente poi i senior peggio ancora girano la palla scrivendo mettiti d'accordo con il venditore,, che praticamente non risponde o a tratti ogni due giorni chiedendo un reso praticamente dovrei attendere altri minimo 30 giorni per riavere i miei soldi e non basta il danno anche la beffa l'etichetta di reso non mela mandano . Mai più questa è stata l'ultima volta che ho comprato su AliExpress pessimo in tutto non funziona niente alla fine devi fare un reso che durerà minimo più di un altro mese   con un danno avendo il telefono rotto ero in attesa del cavo lo avevo chiesto dinuovo al venditore di spedire quello che avevo chiesto e non mi risponde tranne che posso fare il reso .",Salvatore Avolio,62458c03f503fd00124267e7,IT,10,"Gentile cliente,

Ci scusiamo sinceramente per il disagio causato. 

Abbiamo immediatamente verificato il tuo ordine e abbiamo riscontrato che è stato rimborsato. Ti preghiamo di contattare la tua banca per ulteriori informazioni. Se hai altre domande, visita la nostra pagina del Centro assistenza 【https://helpcenter.aliexpress.com/s/BuyerHelp?】 per il servizio clienti online.

Ti ringraziamo per la comprensione e la collaborazione.

Cordiali saluti,
Il team del servizio clienti AliExpress",2026-07-25T02:08:00.000Z
www.aliexpress.com,id:6a63aa8d4a96aa9c34157591,native_id,6a63aa8d4a96aa9c34157591,3,false,1784923821,07/24/2026 20:10:21,LIVRAISON MALHONNETE/VOL,"5 étoiles si remboursement effectif de ma commande non livrée par Cainiao, livreur malhonnête, vol caractérisé de colis. 24/07/2026 suivi colis indique : 
 ""votre colis a été perdu en transit"" FAUX, il a été détourné par le livreur. VOL Cainiao. Déposé des colis au point relais c'est pas compliqué, livreur incompétent.
Signalements DGCCRF etc..., plainte contre Cainiao, société de livraison malhonnête. Aliexpress changez de livreurs si vous voulez garder vos clients.",Marie SIBILO,6572e75ec3d5670012786af1,FR,6,"Cher client,
Nous vous remercions d'avoir porté cette question à notre attention. Nous nous excusons sincèrement pour les désagréments que vous avez subis.
Nous tenons à vous informer que nous étudions activement le problème que vous nous avez signalé. Toutefois, l'enquête étant toujours en cours, nous ne sommes pas encore parvenus à une conclusion ou ne vous avons pas encore envoyé de mise à jour. Soyez assuré que dès que nous aurons une solution ou de plus amples informations, nous vous en informerons immédiatement par courrier électronique. Surveillez votre boîte de réception pour connaître notre réponse.
Si vous avez d'autres questions ou si vous avez besoin d'aide entre-temps, n'hésitez pas à nous contacter.
Cordialement,
L'équipe du service clientèle d'AliExpress",2026-07-25T02:24:56.000Z
www.aliexpress.com,id:6a63a6c34b1f30367ae77816,native_id,6a63a6c34b1f30367ae77816,3,false,1784922851,07/24/2026 19:54:11,I've been shopping at AliExpress for…,I've been shopping at AliExpress for years now and the experience varies. Easy to find what you need. Keep up the good work!,Aria,6a63a6b2ff3db238b8c21061,US,1,"Dear Valued Customer,
Thank you for sharing your feedback with us—it truly matters and helps us grow. We are dedicated to continuously improving our services to provide you with the best possible shopping experience. Your satisfaction is our top priority, and we assure you that we take your concerns very seriously.
We deeply value your input and are grateful for your support. If you need further assistance or have any additional questions, please don't hesitate to reach out to our Help Center at https://helpcenter.aliexpress.com/s/BuyerHelp.
Warm regards,
AliExpress Customer Service Team",2026-07-25T02:09:44.000Z
www.aliexpress.com,id:6a639aa24674b3217d28e62e,native_id,6a639aa24674b3217d28e62e,1,false,1784919746,07/24/2026 19:02:26,Ich habe am 03.06.26 ein Smartphone…,"Ich habe am 03.06.26 ein Smartphone bestellt das auch am 11.06.26 zugestellt wurde. Am 22.06.26 habe ich es fristgerecht mit Nachweis zurückgeschickt (und auch beim Händler längst angekommen), auch weil der letzte Sicherheitspatch über 6 Monate alt war, trotz Updateversprechen des Herstellers.
Bisher lässt die Rückzahlung trotz unzähliger Nachrichten mit entsprechenden Belegen und Anrufen auf sich warten. Nur Versprechen die nicht eingehalten werden, die Sache ist in Arbeit, wir leiten an das zuständige Team weiter was nur jedes Mal die Standard Antworten ohne Mehrwert gibt und so weiter. Was AliExpress hier mit seinen Kunden veranstaltet ist eine absolute Frechheit, fast schon arglistige Täuschung. Wir reden von einem Warenwert von 290 Euro und nichts passiert, eigentlich ist so eine Transaktion schnell gemacht aber anscheinend nicht hier, wenn überhaupt noch.
Update 1:
Der Verkäufer verlangt 10Prozent des Verkaufspreises, willigen Sie ein und dann kann ich hoffentlich mit diesem Thema abschließen, immerhin ist jetzt mal Bewegung im Spiel.
Update 2: Bisher noch keine Lösung und es wird wieder Versprochen, gesprüft und hingehalten, dass ist aber auch ein Kundenservice den du vergessen kannst, wo bleibt denn seid Wochen mal eine Lösung?",Basti,6a639a8f7b418c832c8c2904,DE,1,"Sehr geehrter Kunde,

wir entschuldigen uns aufrichtig für die Ihnen entstandenen Unannehmlichkeiten. Wir bitten vielmals um Entschuldigung.

Wir haben Ihnen am 27. Juli eine E-Mail zu dem von Ihnen geschilderten Problem gesendet. Bitte lesen Sie den Inhalt dieser E-Mail.

Sollten Sie weitere Fragen haben, können Sie uns gerne direkt über diese E-Mail kontaktieren.

Vielen Dank für Ihr Verständnis. Wir wünschen Ihnen einen schönen Tag!

Mit freundlichen Grüßen, Ihr AliExpress Kundenservice-Team
www.Aliexpress.com",2026-07-25T02:31:10.000Z
www.aliexpress.com,id:6a638e6d5eb4aa9f5ba7b31b,native_id,6a638e6d5eb4aa9f5ba7b31b,1,false,1784916621,07/24/2026 18:10:21,¡CUIDADO,"¡CUIDADO! Producto defectuoso y vendedor deshonesto.Las baterías llegaron totalmente defectuosas y no sirven para nada. El vendedor se lavó las manos y la plataforma cerró la disputa de forma unilateral con un reembolso parcial obligatorio. No gastéis vuestro dinero aquí; si el producto os llega roto o no funciona, perderéis vuestro dinero. Muy mala experiencia.",Enrique Faya,686d148c18a3fc95e7ffd894,ES,2,"Estimado cliente,
Debido a la falta de cumplimentación del formulario de solicitud de información, lamentamos informarle de que no podemos tramitar su caso por falta de información suficiente. Le rogamos acepte nuestras más sinceras disculpas por las molestias que le hayamos podido ocasionar. Si necesita más ayuda o tiene alguna pregunta adicional, no dude en consultar nuestro Centro de Ayuda en AliExpress.
https://helpcenter.aliexpress.com/s/BuyerHelp
Gracias por su comprensión y cooperación.
Un cordial saludo,
Equipo de Atención al Cliente de AliExpress",2026-07-25T02:11:31.000Z
www.aliexpress.com,id:6a6368a6dbfad3cafc9ea9fd,native_id,6a6368a6dbfad3cafc9ea9fd,1,false,1784906950,07/24/2026 15:29:10,Azienda poco seria,"Azienda poco seria, che vende prodotti di scarsa qualità. 
Nel mio caso si tratta di memorie SD spacciate per capacità di 256Gb.
Queste memorie non accettano la Tabella di partizioni in modalità GPT. Inoltre in MBR perdono i dati. Si tratta della solita memoria creata in formato Fat , anziché NTFS o exFat. Pertanto non adatto a capacità superiori ai 32Gb, perché realmente la capacità è  molto inferiore  con file di system falsato.

E quando chiedi il rimborso, fanno mille richieste e inventano un sacco di paletti vari per scoraggiare i clienti insoddisfatti anziché chiedere scusa per il tempo che ci fanno perdere.

AZIENDA INNAFFIDABILE E POCO SERIA ",Carlo,635173b439645c0012cf0763,IT,27,"Gentile cliente,
La ringraziamo per averci contattato e apprezziamo sinceramente la sua pazienza mentre lavoriamo per risolvere questo problema.
Per procedere, le consigliamo gentilmente di contattare direttamente il suo referente del servizio clienti dedicato. È la persona più indicata per assisterla nel suo caso specifico e la guiderà attraverso l'intero processo. La preghiamo di fornire qualsiasi prova o documentazione pertinente a supporto della sua situazione: questo ci aiuterà a comprendere meglio il problema e a trovare una soluzione più efficiente.
La preghiamo di avere fiducia nel nostro impegno sincero ad aiutarla e a garantire una soluzione equa. La sua soddisfazione è importante per noi e faremo tutto il possibile per rispondere alle sue esigenze.
Grazie per la sua comprensione e collaborazione.
Cordiali saluti,
Team del Servizio Clienti di AliExpress",2026-07-25T01:53:23.000Z
www.aliexpress.com,id:6a6364142b452c70a1e58027,native_id,6a6364142b452c70a1e58027,1,false,1784905780,07/24/2026 15:09:40,I attempted to purchase brake caliper…,"I attempted to purchase brake caliper covers for my Goldwing.  I made at least five attempts with ZERO success.  The only available customer service phone just leads one into an endless commercial for some completely unrelated product with no exit available out of their endless, irrelevant menu.  The ad for the product states ""free shipping"", but when one actually goes to the product, they're asking for $16 for shipping.  Complete waste of time, zero customer service, sketchy business model, terribly designed website interactions, and no way to contact anyone by phone.",lance hanson,6661f60b730fbf0bb567377d,US,9,"Dear Customer,
Due to the lack of completed request information form, we regret to inform you that we are unable to process your case due to insufficient information. Please accept our deepest apologies for any inconvenience you've faced. If you need further assistance or have any additional questions, please don't hesitate to consult our Help Center at AliExpress.
https://helpcenter.aliexpress.com/s/BuyerHelp
Thank you for your understanding and cooperation.
Best regards,
AliExpress Customer Service Team",2026-07-25T01:56:05.000Z
www.aliexpress.com,id:6a6363ba34b7b44d435c9407,native_id,6a6363ba34b7b44d435c9407,1,false,1784905690,07/24/2026 15:08:10,They never delivered ,"I ordered in Italy tracking number IM06010000723430, they wrote the package was delivered, but it wasn't. I tried to contact client's service but they have a number in Milan that has no human operator, and an email that has an automatic answer with a link that doesn't work, I tried a lot of times from different devices  so no way to have the money back or to understand which one was the internal courier, because they don't give this information,  the only reference you have is the cinese courier,  so it's impossible to talk or to have a refund.It's a perfect fraud system, I will never again order from Aliexpress,  only with Temu, Temu deliverer everything I ordered ",Bianca D.,65411e9d628d850012eeb3a3,IT,3,"Dear Customer,

We sincerely apologize for any inconvenience this may have caused you. Please accept our heartfelt apologies.

We have already replied to your email on July 27. Please review the content of our response.

If you have any further questions, please feel free to contact us by replying to this email.

Thank you for your understanding. Wishing you a wonderful day!

Best regards,
AliExpress Customer Service Team
www.Aliexpress.com",2026-07-25T02:00:07.000Z
www.aliexpress.com,id:6a635b24d94e76da4b7c4cfb,native_id,6a635b24d94e76da4b7c4cfb,2,false,1784903492,07/24/2026 14:31:32,Terugsturen naar AlieXpress😩,"Zoals al meerdere keren is aangehaald in andere reviews.
Als het geleverde product (smartwatch) niet voldoet aan de beschrijving zou je volgens het retour beleid je product gratis moeten kunnen terugsturen.
Ja nu begint het.Voor dat je contact krijgt met de bevoegde dienst moet je al redelijk wat mailtjes sturen.Je krijgt steeds wel vriendelijk antwoord, maar nergens wordt er iets vermeld hoe en wat en naar waar dat je moet terugsturen.Tot op heden weet ik via hen het nog steeds niet.Inmiddels zijn dan natuurlijk de 15 dagen gepasseerd.
Na inschakelen van Pay Pal krijg je plots wel wat meer info.
Het antwoord dat ik toen kreeg was dat ze akkoord gingen met terugbetaling als ik het product retour zend.Logisch en correct.
Maar dan komt het, de retour moet ik nu zelf betalen, goed gezien natuurlijk mits deze kosten maar net lager liggen dan de aankoop.Vermoedelijk wordt er gedacht die gaat dat toch niet terug sturen ,case close.Nu rechtstreeks iets regelen met AliExpress kan niet meer omdat het nu loopt via PayPal, Als ik deze case annuleer bij PayPal zou ik opnieuw een verzoek kunnen indienen bij Ali.
Ik heb via Pay PAL laten weten hier niet mee akkoord te gaan.Ben eens benieuwd naar wat er nu gaat gebeuren.De bestelling is van begin Juni, we zijn nu einde Juli.
Wordt vervolgd.",Luc Reymen,54c8f3f10000ff0001a72e3e,BE,11,"Geachte klant,

Hartelijk dank voor uw bericht. Onze excuses voor uw onaangename winkelervaring. Onze medewerker heeft u een e-mail gestuurd, wilt u deze alstublieft bekijken? Mocht u nog vragen hebben, aarzel dan niet om ons een e-mail te sturen. Wij zullen zo spoedig mogelijk reageren.

Bedankt voor uw begrip en steun!

Met vriendelijke groet,

AliExpress Klantenservice",2026-07-25T02:07:14.000Z
www.aliexpress.com,id:6a63585b4b66e2522c757ac9,native_id,6a63585b4b66e2522c757ac9,1,false,1784902779,07/24/2026 14:19:39,Compré unas botas de patinaje SR…,"Compré unas botas de patinaje SR primero no tienen la firma autorizada de David simmons como estás publicadas en la plataforma no llegaron empacadas a debidamente a la semana se comenzaron a deformar y para la devolución muchas inconsistencias el envío sale muy costoso es es por parte del comprador solo para un reembolso parcial , no recomiendo para nada los productos deportivos que se venden los demás no se cómo será la calidad ",Jose Obando Obando,6a635851c2526c2b0a98f4e0,CO,1,"Estimado cliente:

Le pedimos disculpas sinceramente por cualquier inconveniente que esto le haya podido causar. Le ofrecemos nuestras más sentidas disculpas.

Le enviamos un correo electrónico el 27 de julio para abordar el problema que experimentó. Por favor, revise el contenido de dicho correo.

Si tiene alguna otra pregunta, no dude en contactarnos respondiendo directamente a este correo electrónico.

Gracias por su comprensión. ¡Que tenga un buen día!

Saludos cordiales,
Equipo de Atención al Cliente de AliExpress
www.Aliexpress.com",2026-07-25T02:11:28.000Z
www.aliexpress.com,id:6a633e801a3e0a1ec9580219,native_id,6a633e801a3e0a1ec9580219,1,false,1784896160,07/24/2026 12:29:20,Marce non ricevuta,"Marce non ricevuta, chiedo rimborso. Mi dicono che servono 2 giorni per dare tempo al venditore di rispondere. li lascio passare e dopo 3 giorni rivado sul sito, il timer delle 48 ore si era azzerato e lo hanno riavviato. Contatto l'assistenza e si arrampicano sugli specchi: mi dicono che avrei dovuto fornire la prova. Quale prova? lo screen della tracciabilità del pacco, ma tranquillo dicono ""ora lo abbiamo fatto noi"". Ma dovevi farlo tu prima non io, io chiedo il rimborso per merce non ricevuta e non devo fornire alcuna prova. Pessima assistenaza",Maurizio Candido,614a0dedbea97200139cdb51,IT,8,"Gentile cliente,
a causa della mancata compilazione del modulo di richiesta informazioni, siamo spiacenti di informarla che non siamo in grado di elaborare il suo caso a causa di informazioni insufficienti. La preghiamo di accettare le nostre più sentite scuse per l'inconveniente che ha dovuto affrontare. Se ha bisogno di ulteriore assistenza o ha altre domande, non esiti a consultare il nostro Centro assistenza di AliExpress.
https://helpcenter.aliexpress.com/s/BuyerHelp
Grazie per la comprensione e la collaborazione.
Cordiali saluti,
Il team del servizio clienti di AliExpress",2026-07-25T02:27:58.000Z
www.aliexpress.com,id:6a632eb5b575c27ab77fdace,native_id,6a632eb5b575c27ab77fdace,1,false,1784892117,07/24/2026 11:21:57,I would give no stars if i could,I would give no stars if i could. Ordered a car part to England. Was informed it was delivered. It isn't. The delivery note quoted a tracking number that refered to four items delivered to south africa. No genuine phone number. No contact information. Just nonsense from a bot. Think I have lost my money. Seems a scam.,Mr Robinson,544c0eb1000064000192561a,GB,19,"Dear Customer.

Thank you for contacting us. 
We have processed a refund for your order, please see our email for details. We apologise for any inconvenience this may have caused you.
If you have any questions or need further assistance, please feel free to contact us by replying to the email. Thank you for your understanding and support!

Sincerely,
AliExpress Customer Service Team",2026-07-25T02:28:56.000Z
www.aliexpress.com,id:6a632e37a49fb83afdd7a51a,native_id,6a632e37a49fb83afdd7a51a,2,false,1784891991,07/24/2026 11:19:51,Used to be great unfortunately now they…,Used to be great unfortunately now they refuse returns. Refuse to refund or let you return damaged items. 100% aliexpress is on a slippery slope to failure. Temu us the new way forward,Mark Pettit,5e4c1fe2bef4a4092071b068,GB,10,"Dear Customer,
Unfortunately, we are unable to process your case as the request information form has not been filled out, and we lack the necessary details to proceed. We apologize for any inconvenience this may have caused. If you need further assistance or have any additional questions, please don't hesitate to reach out to our Help Center at https://helpcenter.aliexpress.com/s/BuyerHelp.
Best regards,
AliExpress Customer Service Team",2026-07-25T02:29:38.000Z
www.aliexpress.com,id:6a632109b31692ee99ca418f,native_id,6a632109b31692ee99ca418f,4,false,1784888617,07/24/2026 10:23:37,Satisfactoria pero no óptima,"Satisfactoria pero no óptima. 

Satisfactoria por conseguir el artículo que necesitaba a tiempo y sin estar en casa. 

Pero no óptima por tener que evitar un punto de recogida virtual publicitado comprobado personalmente que era inexistente y coordinar con el vendedor el servicio de entrega.
Hubiera sido óptima si el punto de recogida ofertado en la página del pago hubiera sido real.

 Perdí tres euros de bonificaciones acumuladas de monedas, etc  por tener que cancelar el pedido solicitado a petición del vendedor al comprobar la inexistencia real del punto de recogida publicitado en la página de gestión de pago y la improvisación que tuve que gestionar con el vendedor no me permitía el tiempo ni atender si el vendedor me facilitaba compensación. ",Manuel Miguel Reina,64311c062271270013cdb8d7,ES,2,"Estimado cliente,
Gracias por contactarnos. Lamentamos mucho que hayas tenido una experiencia de compra desagradable. Nuestro agente te ha enviado un correo electrónico, por favor revísalo. Si tienes alguna pregunta, no dudes en responder a este correo y te responderemos lo antes posible.
Agradecemos tu comprensión y apoyo.
Atentamente,
Equipo de Atención al Cliente de AliExpress",2026-07-25T01:46:38.000Z
www.aliexpress.com,id:6a632034723d34306efae19d,native_id,6a632034723d34306efae19d,1,false,1784888404,07/24/2026 10:20:04,Acquisto di pulitore tappeti Alixpress,Buongiorno ho acquistato un pulitore tappeti da Alixpress!Dopo la seconda volta il vapore non usciva bene.Aperta la contestazione mi hanno mandato l etichetta di spedizione e il pacco del reso è arrivato il 23 gennaio.Dopo varie scuse sono passati 6 mesi e ancora nessun rimborso!La contestazione è ancora aperta  continuo a conttattarli in chat e per telefono!Il team risponde sempre stesso modo esembra bloccato il sistema o è una presa in giro!!Saluti,Linda,68faa1428fbe55a6ba6b988e,IT,3,"Gentile Cliente,

Grazie per averci contattato.
Abbiamo elaborato il rimborso per il tuo ordine; ti preghiamo di consultare la nostra email per i dettagli. Ci scusiamo per qualsiasi inconveniente che ciò possa averti causato.
Se hai domande o necessiti di ulteriore assistenza, non esitare a contattarci rispondendo a questa email. Ti ringraziamo per la tua comprensione e supporto!

Cordiali saluti,
Il Team del Servizio Clienti di AliExpress",2026-07-25T02:30:56.000Z
www.aliexpress.com,id:6a631f644f0a4da6f6bebf7f,native_id,6a631f644f0a4da6f6bebf7f,1,false,1784888196,07/24/2026 10:16:36,CATASTROPHIQUE !,"Nouveau message suite à la réponse (incompréhensible !) d'Aliexpress !
Relance ce jour d'Aliexpress par téléphone car je n'ai pas reçu de réponse de leur part ! Conseillère limite agressive qui me redemande plein de renseignements (je croyais que tous les échanges et conversations étaient enregistrés !) et m'indique qu'un mail m'a été envoyé (pas reçu, ni dans les spam...) me demandant de fournir d'autres preuves prouvant que l'appareil ne fonctionne pas ! Je lui dis que j'ai déjà envoyé des copies d'écran montrant que c'est l'appareil qui ne fonctionne plus et j'ai tout expliqué ! Elle tenait une nouvelle demande et me demande de patienter 48h...sûrement pour qu'Aliexpress me dise qu'ils ne donnent pas suite car pas assez de preuves comme c'est le cas pour les articles d'un certain prix (plusieurs exemples...).
Je lui ai confirmé que le Service Client n'était pas à la hauteur et qu'après des centaines de commandes chez eux, pour des articles électroniques ou d'une certaine valeur, Aliexpress c'est fini !
Je confirme donc mon précédent avis : A FUIR dès que cela dépasse quelques euros !
",Lalu,639b386027e1a90014cd1fda,FR,5,"Cher client,

Nous vous remercions de nous avoir signalé ce problème. Nous vous prions de bien vouloir accepter nos excuses pour la gêne occasionnée.

Nous vous informons que nous examinons activement le problème que vous avez signalé. Cependant, l'enquête étant toujours en cours, nous n'avons pas encore pu conclure ni vous envoyer de mise à jour. Soyez assuré(e) que dès que nous aurons une solution ou de plus amples informations, nous vous en informerons immédiatement par e-mail. Veuillez consulter régulièrement votre boîte de réception.

Si vous avez d'autres questions ou besoin d'assistance, n'hésitez pas à nous contacter.

Cordialement,

L'équipe du service client AliExpress",2026-07-25T02:32:58.000Z
www.aliexpress.com,id:6a631a42451e9970c0a509b8,native_id,6a631a42451e9970c0a509b8,1,false,1784886883,07/24/2026 09:54:43,Quello che mi stupisce,"Quello che mi stupisce, sono i prezzi lievitati in modo spropositato, e se continuano cosi, venderanno sempre meno, io ho sempre comprato, ma oggi mi trovo davanti a prezzi insostenibili.",mario sassu,601adb874184700019a37a86,IT,8,"Gentile Cliente,

La ringraziamo per il suo feedback. I prezzi potrebbero essere aggiornati al momento del pagamento a causa di diversi fattori, tra cui variazioni di prezzo da parte del venditore, fluttuazioni valutarie, tassi di cambio, luogo di spedizione, indirizzo di consegna effettivo (paese/regione), metodo di spedizione selezionato, promozioni, sconti o coupon. Il calcolo dell'IVA verrà aggiornato di conseguenza al momento del pagamento.

Non esiti a contattarci per qualsiasi domanda o ulteriore assistenza.

Cordiali saluti,

Team del Servizio Clienti di AliExpress",2026-07-25T02:35:55.000Z
www.aliexpress.com,id:6a6318762039d4c9b7a31d5d,native_id,6a6318762039d4c9b7a31d5d,1,false,1784886422,07/24/2026 09:47:02,Fake Sterling Silver Jewlery Almost Got Arrested For Aliexpress Incompitence Leaving Seller Sell Fake Products,"I am writing this review to warn other consumers about my experience with AliExpress.

I purchased a chain advertised as 925 Sterling Silver for approximately €85. I also paid import VAT and customs charges when it entered Cyprus because I believed I was purchasing genuine sterling silver jewellery.

When I later took the chain to a professional jeweller and pawnbroker, I was informed that the item was not genuine 925 sterling silver and had no precious metal value. The situation became so serious that the police were called because jewellery falsely represented as precious metal raises obvious concerns. After I explained that I had bought it from AliExpress believing it was genuine, I was allowed to leave without any action being taken against me.

From that moment, I expected AliExpress to protect its customer. Instead, I received generic responses, was told about buyer protection time limits, and was even asked to upload evidence to Google Drive rather than having the item professionally examined.

I have repeatedly asked AliExpress and the seller to:

Provide proof that the chain is genuine 925 sterling silver.
Produce any certificate of authenticity or assay report supporting the ""925"" claim.
Arrange and pay for tracked shipping so the chain can be sent to AliExpress headquarters or an independent laboratory for testing.
Refund my purchase, reimburse my import costs, and take responsibility if the item is proven not to be sterling silver.

Instead of answering these requests directly, my case has simply been passed between departments. It is now being investigated under Case No. 2053808477177295.

In my opinion, this experience demonstrates a serious failure of consumer protection. A marketplace that allows products to be advertised as precious metal should be able to verify those claims when challenged.

I trusted AliExpress, paid approximately €85 for what was advertised as genuine sterling silver, and ended up with an item that, according to the professional who examined it, is not sterling silver.

Until AliExpress either proves the authenticity of the product or fully compensates me, I cannot recommend buying jewellery or precious metals through this platform.

I will update this review once AliExpress reaches a final decision.",Marios Panikos Panayiotou,64c8ae1c091191001245af75,CY,7,"Dear Customer,

We sincerely apologize for any inconvenience this may have caused you. Please accept our heartfelt apologies.

We have sent an email addressing the issue you encountered on July 27. Please review the content of that email.

If you have any further questions, please feel free to contact us by replying directly to this email.

Thank you for your understanding. Wishing you a wonderful day!

Best regards,
AliExpress Customer Service Team
www.Aliexpress.com",2026-07-25T02:41:17.000Z
www.aliexpress.com,id:6a6312d7a9f3f62ad5a292ab,native_id,6a6312d7a9f3f62ad5a292ab,1,false,1784884983,07/24/2026 09:23:03,Worst company ever,"Worst company ever

I have been told to wait for the order for 45 days. I have already waited for 24 days.
So they want me to wait for 60 days for order delivery. Even though at the time of placing order, it suggested delivery window of 21 days.

Dont buy from Ali Express",Andy,6554afd30e86310012d1dc99,AU,7,"Dear Customer,
Unfortunately, we are unable to process your case as the request information form has not been filled out, and we lack the necessary details to proceed. We apologize for any inconvenience this may have caused. If you need further assistance or have any additional questions, please don't hesitate to reach out to our Help Center at https://helpcenter.aliexpress.com/s/BuyerHelp.
Best regards,
AliExpress Customer Service Team",2026-07-25T02:42:07.000Z
www.aliexpress.com,id:6a6311b1acdfa5fe45ba159f,native_id,6a6311b1acdfa5fe45ba159f,1,false,1784884689,07/24/2026 09:18:09,24 ďays from date of payment there is…,"24 ďays from date of payment there is still no update on the tracking, USPS SITE itself says they have no details of the tracking number provided 
Aliexpress today said its enroute to my country but on 11th July they said it departed 
Any attempt to get a constructive answer from the bots have failed 
Compares this company to others I rate them as being the worst of all online services I have dealt with ",Eugene,6a6311a1ff3db263f0c0fe43,AU,1,"Dear Customer,
Due to the lack of completed request information form, we regret to inform you that we are unable to process your case due to insufficient information. Please accept our deepest apologies for any inconvenience you've faced. If you need further assistance or have any additional questions, please don't hesitate to consult our Help Center at AliExpress.
https://helpcenter.aliexpress.com/s/BuyerHelp
Thank you for your understanding and cooperation.
Best regards,
AliExpress Customer Service Team",2026-07-25T02:42:47.000Z
www.aliexpress.com,id:6a63110bac3fabd41f571e08,native_id,6a63110bac3fabd41f571e08,1,false,1784884523,07/24/2026 09:15:23,Truffa ben organizzata,Truffa ben organizzata ,Orazio Anania,68dc0db73603fe476b5e7164,IT,8,"Gentile cliente,
La ringraziamo per aver compilato il modulo di richiesta informazioni. Tuttavia, abbiamo notato che non è stato fornito il numero d'ordine e che l'indirizzo email da lei indicato non corrisponde ad alcun ordine presente nel nostro sistema. Senza ulteriori informazioni valide, al momento non siamo in grado di procedere con la sua richiesta.
Per aiutarci a fornirle un'assistenza migliore, può consultare il suo numero d'ordine e richiedere ulteriore supporto visitando il nostro Centro assistenza:
https://helpcenter.aliexpress.com/s/BuyerHelp
Apprezziamo la sua collaborazione e restiamo a sua disposizione per qualsiasi ulteriore domanda o necessità di assistenza.
Cordiali saluti,
Team del Servizio Clienti di AliExpress",2026-07-25T02:43:38.000Z
www.aliexpress.com,id:6a6303d8e4261bf881bcd2b0,native_id,6a6303d8e4261bf881bcd2b0,1,false,1784881144,07/24/2026 08:19:04,I’ve been promised a refund and they…,"I’ve been promised a refund and they keep sending me in loops to return an item where I have proof that I dont need to send it back AND get a full refund. The AI keeps sending me back in the same return loop. No one reads the proof I sent … such a shame and as a customer I do not feel heard or protected . 
I wouldn’t recommend buying there anymore ! 

Sadly it is not July 27 but June 4th… that’s how long you’ve been sending me in loops. Thank you for proving you don’t read what customers write!!! ",Bart Nys,513b783a0000640001338c3d,BE,15,"Dear Customer,

We sincerely apologize for any inconvenience this may have caused you. Please accept our heartfelt apologies.

We have sent an email addressing the issue you encountered on July 27. Please review the content of that email.

If you have any further questions, please feel free to contact us by replying directly to this email.

Thank you for your understanding. Wishing you a wonderful day!

Best regards,
AliExpress Customer Service Team
www.Aliexpress.com",2026-07-25T02:48:58.000Z
www.aliexpress.com,id:6a62fe76426607e14c1cd28b,native_id,6a62fe76426607e14c1cd28b,1,false,1784879766,07/24/2026 07:56:06,Be careful if you purchase from these…,"Be careful if you purchase from these as i purchased e-bike from this company £685 when it arrived it was scratched, wrong motor and no throttle they offered £100 joke really then a week after only used twice the battery died & to replace it is £298 so I got in touch with aliexpress and they refused to do anything even though the bike has a years warranty inc battery so now im stuck with a bike i can't use unless I buy the battery myself please be warned aliexpress I gave you everything asked of me your just being awkward and injustice ",Mark Bell,651ed832b92927001296df16,GB,11,"Dear Customer,
Due to the lack of completed request information form, we regret to inform you that we are unable to process your case due to insufficient information. Please accept our deepest apologies for any inconvenience you've faced. If you need further assistance or have any additional questions, please don't hesitate to consult our Help Center at AliExpress.
https://helpcenter.aliexpress.com/s/BuyerHelp
Thank you for your understanding and cooperation.
Best regards,
AliExpress Customer Service Team",2026-07-25T02:50:20.000Z
www.aliexpress.com,id:6a62fc057f9147237d456138,native_id,6a62fc057f9147237d456138,1,false,1784879141,07/24/2026 07:45:41,Mauvaise expérience,"Achat de deux projecteurs led 30W ainsi que d'un transformateur  220-12V. Prix bas mais spécifications sur emballage inexistants, qualité moindre et à la limite de l'acceptable.... ",Marra,63301c6b9d1dbc001226310f,FR,4,"Cher client,

Nous vous prions d'accepter nos sincères excuses pour la gêne occasionnée.

Nous vous avons envoyé un courriel concernant le problème rencontré le 27 juillet. Veuillez en consulter le contenu.

Pour toute question, n'hésitez pas à nous contacter en répondant directement à ce courriel.

Nous vous remercions de votre compréhension et vous souhaitons une excellente journée !

Cordialement,

Service client AliExpress
www.Aliexpress.com",2026-07-25T02:53:30.000Z
www.aliexpress.com,id:6a62e6b85c2ee04c1b783d9c,native_id,6a62e6b85c2ee04c1b783d9c,1,false,1784873688,07/24/2026 06:14:48,SCAMMED by this company and no refund…,"SCAMMED by this company and no refund even when I provided the correct formal receipt I received by algerie poste and today when I asked the support to start the dispute and I will be providing another proof because I started a dispute with my shipping company he simply said I can't do that so no point of using a marketplace that can't provide support and even handle it's seller scams, tracking numbers RR022543468DZ RR022543848DZ
Very wrong very bad shopping platform very bad support 😕 doesn't care about customers they literally do this each time ",Med Lemark,69c765188ee1017a39c11825,DZ,6,"Dear Customer, 
Thank you for reaching out, and I truly appreciate your patience as we work to resolve this matter for you.
To move forward, I kindly recommend reaching out to your dedicated customer service representative directly. They are best equipped to assist you with your specific case and will guide you through the process. Please be sure to provide any relevant evidence or documentation that supports your situation—this will help us better understand the issue and find a solution more efficiently.
Please trust that we are genuinely committed to helping you and ensuring a fair resolution. Your satisfaction is important to us, and we’ll do everything we can to address your concerns.
Thank you for your understanding and cooperation.
Best regards,
AliExpress Customer Service Team",2026-07-25T02:56:57.000Z
www.aliexpress.com,id:6a62dd71b966f282d207d614,native_id,6a62dd71b966f282d207d614,1,false,1784871313,07/24/2026 05:35:13,Uważajcie! AliExpress umywa ręce przy reklamacji uszkodzonego towaru.,"Jako wieloletni użytkownik tej platformy jestem po prostu zszokowany i zażenowany tym, jak AliExpress traktuje dzisiaj stałych klientów. Zawsze uważałem, że tutejszy ""Program Ochrony Kupujących"" faktycznie działa. Myliłem się – to jedna wielka farsa.
​Kupiłem używaną płytę główną, która okazała się całkowicie martwym elektrośmieciem. Otworzyłem spór o zwrot pieniędzy i załączyłem twarde, bezsporne dowody: wyraźne zdjęcia i film, na których jak byk widać świecącą się na płycie diodę błędu (zgodnie ze specyfikacją oznacza to fizyczne uszkodzenie i błąd odczytu RAM). Wykluczyłem winę innych podzespołów.
​Co zrobił zespół wsparcia AliExpress? Automatycznie odrzucił mój wniosek, bezczelnie twierdząc, że ""zdjęcia nie pokazują problemu"". Mam wrażenie, że te spory rozstrzygają bezmyślne boty albo pracownicy, którzy w ogóle nie patrzą na załączniki i nie mają elementarnej wiedzy o tym, co oceniają.
​Pierwszy raz spotkała mnie tak absurdalna sytuacja. Zamiast pomóc oszukanemu klientowi w zwrocie niedziałającego towaru, portal staje po stronie nieuczciwego sprzedawcy i pozwala mu ukraść moje pieniądze. Kompletny brak profesjonalizmu i zero realnego wsparcia. Jeśli kupujecie droższy sprzęt, miejcie świadomość, że w razie problemów AliExpress po prostu umyje ręce, a Wy zostaniecie z zepsutym towarem i pustym portfelem. Zdecydowanie odradzam!

Uzupełnienie:

Szanowny Zespole AliExpress,

Doceniam waszą publiczną odpowiedź, jednak dotychczasowe doświadczenia z waszym działem wsparcia każą mi sądzić, że jest to wyłącznie działanie wizerunkowe, mające na celu uspokojenie publiczności.

Od kilku dni próbuję rozwiązać tę sprawę. Wszystkie niezbędne informacje zostały wam już wielokrotnie przekazane za pośrednictwem systemu sporów i czatu. Szczegółowo opisałem problem i dostarczyłem twarde dowody. Wyraźnie zaznaczyłem, że sprzęt był przeze mnie rzetelnie diagnozowany – testowałem płytę główną na dwóch różnych procesorach oraz na różnych zestawach pamięci RAM, aby wykluczyć awarię innych podzespołów. Sprzęt jest ewidentnie martwy.

Zamiast merytorycznej pomocy, wasz zespół robi wszystko, aby mi zaszkodzić i uniknąć odpowiedzialności. W odpowiedzi na moje techniczne dowody, zażądano ode mnie rzeczy absurdalnych: nagrania wideo z momentu wyciągania przesyłki z paczkomatu, zdjęć kartonu, zdjęć etykiety adresowej oraz zdjęć ""etykiety znajdującej się pod pierwszą etykietą"". Te żądania są niedorzeczne w kontekście wewnętrznego uszkodzenia elektroniki i traktuję je jako celowe rzucanie kłód pod nogi, by wymusić na mnie zamknięcie sporu.

Zostałem z niedziałającą, bezużyteczną płytą główną, za którą zapłaciłem 1250 zł. Straciłem masę prywatnego czasu na testy, próby uruchomienia tego elektrośmiecia oraz na kilkanaście bezowocnych rozmów z waszymi konsultantami, które nic nie dały.

Nie wierzę już w wasze zapewnienia o ""chęci pomocy"", jeśli w systemie wciąż spotykam się z murem i botami odrzucającymi dowody. Jeśli ten e-mail to coś więcej niż tylko puste słowa, oczekuję, że sprawa trafi do kompetentnego pracownika (nie bota), który zna się na sprzęcie komputerowym, oraz że natychmiast zwrócicie mi moje pieniądze. 

Czekam na realne czyny, a nie korporacyjne formułki.",Bartłomiej Kamiński,65a6616150198a0012704962,PL,6,"Drogi Kliencie,

Dziękujemy za skontaktowanie się z nami. Przepraszamy za nieprzyjemne doświadczenia związane z zakupami. Nasz przedstawiciel wysłał Ci e-mail – prosimy o sprawdzenie skrzynki odbiorczej. Jeśli masz jakiekolwiek pytania, śmiało odpisz nam na maila, a my postaramy się odpowiedzieć tak szybko, jak to możliwe.

Dziękujemy za Twoje zrozumienie i wsparcie!

Z poważaniem,
Zespół Obsługi Klienta AliExpress",2026-07-25T03:01:21.000Z
www.aliexpress.com,id:6a628202e6176e1d835de4b1,native_id,6a628202e6176e1d835de4b1,1,false,1784847906,07/23/2026 23:05:06,Rubbish,"The item was faulty & when I tried to contact or leave a review I couldn't the site was only responding to purchases & it's not the first time , I've had more faulty items than actual items & I lost my temper using your site & destroyed the item so 🤬 I'm not blaming Ali express because you have always made it write but your sellers are making a mockery of you and me. & It can get pretty confusing  . I'm not sure how the Ali express site works but it's a bit 1 sided, maybe customer service should get involved before rather than later then there's no confusion.ive tried to let you know on your site but I'm only limited to the answers I can give the order number is JJD0002234959690105 ",Antony Wooldridge,6181128962cf410012042b3b,GB,15,"Dear Customer.
Thank you for contacting us. We apologise for your unpleasant shopping experience. Our agent sent you an email, please check it out. If you have any questions, please feel free to reply to us via email and we will respond as soon as possible.
Thank you for your understanding and support!
Sincerely.
AliExpress Customer Service Team",2026-07-24T05:36:10.000Z
www.aliexpress.com,id:6a6276b14c0d21482365a4d7,native_id,6a6276b14c0d21482365a4d7,1,false,1784845009,07/23/2026 22:16:49,order placed for 4 items straight …,"order placed for 4 items straight  after noticed my address was wrong messaged straight away  after 5 days of messaging and being ignored and the help centre being as much help as wet toilet paper nothing has been sorted and now I am being ignored   ,After there comments 2 days ago to my surprise NOT nothing sorted  quick to comment slower than a tortoise to act  no message to me . if you have a problem they dont care they have taken your money now its 7 days after telling them its the wrong address and 4 days after they commented on here .nothing has happened and guess what they  have delivered it to the wrong address what a joke this company is .I have replied to emails and have 7 days of talking to the help desk ",George Green,67c202321541d8ec1861e8dc,GB,3,"Dear customer,

Sincerely apologize for the inconvenience caused. 

Our agent has replied with more detailed information in the email. Please kindly check and reply to our agent. If you have any other questions, please go to our Help center page【https://helpcenter.aliexpress.com/s/BuyerHelp?】 for online customer service.

Your understanding and cooperation are deeply appreciated.

Best regards,
AliExpress Customer Service Team",2026-07-24T05:39:51.000Z
www.aliexpress.com,id:6a62579f61a1906cd045cddb,native_id,6a62579f61a1906cd045cddb,1,false,1784837055,07/23/2026 20:04:15,VAT refusjon,"Bestilte jekk til bil m/batteri. Så får jeg beskjed om at de ikke hadde denne,men jeg kunne få den samme sammen med slagtrekker. Hadde ikke bruk for slagtrekker,men takket likevel ja,noe jeg angrer på i dag. Fikk i alle fall to batterier. Men så var det dette med refusjon av moms som jeg betalte to ganger. Håpløst,selv om jeg la fram dokumenter fra DHL. Får bare svar om at nødvendige dokumenter mangler. Svindel fra ende til annen. Siste handel fra dem. Ferdig snakket.
",Johnny Sundstrøm,68275dd15ad6655d864fa3c6,NO,1,"Kjære kunde.
Takk for at du har kontaktet oss. Vi beklager den ubehagelige handleopplevelsen du har hatt. Vår agent har sendt deg en e-post, vennligst sjekk den ut. Hvis du har spørsmål, er du velkommen til å svare oss via e-post, så svarer vi så snart som mulig.
Takk for din forståelse og støtte!
Med vennlig hilsen.
AliExpress kundeserviceteam",2026-07-24T05:49:55.000Z
www.aliexpress.com,id:6a6253bbfbd3f90c73a5b734,native_id,6a6253bbfbd3f90c73a5b734,1,false,1784836059,07/23/2026 19:47:39,habe defekten Akku erhalten,"habe defekten Akku erhalten, reklamiert und nur 50%ersetzt bekommen. Verkäufer ist nicht zu kontaktieren.",Hans Weilbach,6894a42565125e47ab3ccf30,DE,2,"Sehr geehrter Kunde,
leider müssen wir Ihnen mitteilen, dass wir Ihren Fall aufgrund der unzureichenden Angaben nicht bearbeiten können. Bitte entschuldigen Sie die Unannehmlichkeiten, die Ihnen entstanden sind. Wenn Sie weitere Hilfe benötigen oder zusätzliche Fragen haben, zögern Sie bitte nicht, unser Hilfe-Center bei AliExpress zu konsultieren.
https://helpcenter.aliexpress.com/s/BuyerHelp
Wir danken Ihnen für Ihr Verständnis und Ihre Mitarbeit.
Mit freundlichen Grüßen,
AliExpress-Kundenservice-Team",2026-07-24T05:50:38.000Z
www.aliexpress.com,id:6a624fe0bc9dbd68adb9ae1f,native_id,6a624fe0bc9dbd68adb9ae1f,1,false,1784835072,07/23/2026 19:31:12,I am very disappointed with this…,"I am very disappointed with this purchase. The SD cards I received appear to be fake. They do not provide the advertised storage capacity, the write speed is extremely slow, and they are unreliable for recording data.

To make matters worse, when I requested a return, I was told that I have to pay the return shipping cost, even though the products are defective and not as described. Customers should not have to pay to return counterfeit or faulty items.

I do not recommend buying SD cards from this seller. Be careful before purchasing.",Salam,6366fee4ae062800148198fb,US,5,"Dear Customer,
Due to the lack of completed request information form, we regret to inform you that we are unable to process your case due to insufficient information. Please accept our deepest apologies for any inconvenience you've faced. If you need further assistance or have any additional questions, please don't hesitate to consult our Help Center at AliExpress.
https://helpcenter.aliexpress.com/s/BuyerHelp
Thank you for your understanding and cooperation.
Best regards,
AliExpress Customer Service Team",2026-07-24T06:12:59.000Z
www.aliexpress.com,id:6a6248615e0a22408ac4efb5,native_id,6a6248615e0a22408ac4efb5,1,false,1784833153,07/23/2026 18:59:13,Absolutely horrific !!,Absolutely horrific !!! Still waiting for my order from over 5 weeks ago! Do not use!! No customer service at all ! ,Gareth,6a6248167b418c0bc08a6e84,GB,1,"Dear Customer,
Due to the lack of completed request information form, we regret to inform you that we are unable to process your case due to insufficient information. Please accept our deepest apologies for any inconvenience you've faced. If you need further assistance or have any additional questions, please don't hesitate to consult our Help Center at AliExpress.
https://helpcenter.aliexpress.com/s/BuyerHelp
Thank you for your understanding and cooperation.
Best regards,
AliExpress Customer Service Team",2026-07-24T06:16:20.000Z
www.aliexpress.com,id:6a62246243c3ca3363a13563,native_id,6a62246243c3ca3363a13563,1,false,1784823938,07/23/2026 16:25:38,DONT BUY FROM ALIEXPRESS NEVER EVER ,"DONT BUY FROM ALIEXPRESS NEVER EVER 


Subject: Formal Complaint Regarding Faulty Phone and Inadequate Refund

Dear AliExpress Customer Service,

I am writing to make a formal complaint regarding an iPhone 17 Pro that I purchased through your platform.

The phone I received is faulty. From the first day of use, the mobile network has repeatedly gone on and off, making it impossible to make reliable calls or use mobile data. The phone is not working properly and is not fit for its intended purpose.

I contacted customer service to request a full refund because the product is defective. However, I was only offered a partial refund of £35, even though I paid £90 for the phone.

This partial refund is not a fair resolution. With £35, I cannot purchase a replacement phone. A working phone with similar features would cost at least £70, meaning I would still be left significantly out of pocket because I received a faulty product.

Under consumer protection principles, when a product arrives defective or is not as described, the customer should not be expected to bear the financial loss. I therefore request one of the following resolutions:

A full refund of the £90 purchase price upon returning the faulty phone, or
A replacement phone that is fully functional and matches the description of the item I purchased.
I hope this matter can be resolved promptly and fairly. If a satisfactory solution cannot be reached, I will consider escalating my complaint through the appropriate dispute resolution process and, if applicable, through my payment provider.

I look forward to your prompt response.

Yours faithfully,

Mohammad Mazed D ALam
Order Number:  3071421789104415
Purchase Date: April 2026",mazed alam,5c3174186e816760f373f4f6,GB,4,"Dear Customer.

Thank you for contacting us. We apologise for your unpleasant shopping experience. Our agent sent you an email, please check it out. If you have any questions, please feel free to reply to us via email and we will respond as soon as possible.

Thank you for your understanding and support!

Sincerely.

AliExpress Customer Service Team",2026-07-24T06:29:35.000Z
www.aliexpress.com,id:6a6220cc44fc8dea8bd0d755,native_id,6a6220cc44fc8dea8bd0d755,1,false,1784823020,07/23/2026 16:10:20,Betrug,"Betrug, alle Artikel zurückgeschickt und nur ein Drittel erstattet bekommen, trotz Rücksendung des gesamten Paketes mit einem von der Firma gestellten Etikett",Andrea Bone,5ea3dc9e949c721d90558552,DE,12,"Sehr geehrter Kunde,

vielen Dank für Ihre Geduld. Ich habe festgestellt, dass Ihr persönlicher Kundendienstmitarbeiter sich derzeit um Ihren Fall kümmert. Aufgrund der Komplexität der Situation kann es möglicherweise etwas länger dauern, bis das Problem vollständig gelöst ist. Ich habe jedoch bereits darauf hingewiesen, dass sie Ihre E-Mail so schnell wie möglich beantworten sollen.

Bitte setzen Sie die Kommunikation mit Ihrem persönlichen Kundendienst weiterhin per E-Mail fort, um über weitere Updates informiert zu bleiben.

Vielen Dank für Ihr Verständnis und Ihre Kooperation.

Mit freundlichen Grüßen,
AliExpress Kundenservice Team",2026-07-24T06:31:18.000Z
www.aliexpress.com,id:6a621ed00e22a0f58e5a6356,native_id,6a621ed00e22a0f58e5a6356,1,false,1784822512,07/23/2026 16:01:52,refund beloven maar niet geven,"Order zegt fast delivery maar het artikel is al ruim 7 weken onderweg en is volgens de tracking in een of ander verzameldepot in China blijven hangen.
Ik zou een week geleden al recht hebben op een refund maar ondanks diverse aanvragen nog niets gezien.
Er wordt ook iedere keer weer om info gevraagd uit hun eigen systemen (screenshot van bestelling).

Ik heb hier een paar keer eerder iets gekocht maar als er iets niet goed gaat is de klantenservice om te huilen.
Ik bestel de volgende keer wel ergens anders (of ga naar de Action)

Update, na 4x contact met de klantenservice en 3x een screenshot produceren van info uit hun eigen database heb ik uiteindelijk mijn geld teruggekregen.

En als je bij het bestellen een refund beloofd als het artikel niet voor een bep datum geleverd is, dan zou het het bedrijf sieren als die refund automatisch gedaan werd.",Frans Meulenbroeks,585e2c9d0000ff000a651b06,NL,9,"Geachte Klant,
Door het ontbreken van het ingevulde aanvraagformulier moeten wij u helaas mededelen dat wij uw aanvraag niet kunnen verwerken wegens onvoldoende informatie. Onze welgemeende excuses voor het ongemak. Mocht u verdere hulp nodig hebben of vragen hebben, aarzel dan niet om ons Helpcentrum op AliExpress te raadplegen.
https://helpcenter.aliexpress.com/s/BuyerHelp
Hartelijk dank voor uw begrip en medewerking.
Met vriendelijke groeten,
AliExpress Klantenservice Team",2026-07-24T06:32:59.000Z
www.aliexpress.com,id:6a6211961ffd30cf48e24b8a,native_id,6a6211961ffd30cf48e24b8a,1,false,1784819126,07/23/2026 15:05:26,ik heb pakketje niet ontvangen ,"ik heb pakketje niet ontvangen 
terwijl ik gisteren melding heb gekregen dat het is afgeleverd

Ik was niet thuis, het is niet afgeleverd Drie keer is mijn restitutie afgewezen. Er wordt gezegd contact opnemen met PostNL.

PostNL geeft aan, alleen de verzender kan een onderzoek starten en niet de ontvangen

Dat heb ik aan Ali Express doorgegeven en weer wordt afgewezen",anil,57fe2f280000ff000a4cd929,NL,10,"Geachte Klant,
Wij betreuren het ongemak dat u heeft ondervonden met betrekking tot het niet ontvangen van uw pakket. U kunt er zeker van zijn dat we deze kwestie al hebben onderzocht en dat we alles in het werk stellen om dit zo snel mogelijk op te lossen. We houden je via e-mail op de hoogte van updates en zullen er ook voor zorgen dat deze thread wordt bijgewerkt naarmate de voortgang vordert.
Controleer regelmatig je inbox voor onze berichten, want we streven ernaar om je tijdig van updates te voorzien.
Uw medewerking betekent veel voor ons en wij waarderen uw vertrouwen in AliExpress.
Hartelijke groeten,
AliExpress Klantenservice Team",2026-07-24T02:23:52.000Z
www.aliexpress.com,id:6a6207b1a8e6680e08fd0f7f,native_id,6a6207b1a8e6680e08fd0f7f,1,false,1784816594,07/23/2026 14:23:14,Ce n'ai plus ce que c'était ! ,Client depuis de très nombreuses années chez eux... Tout était parfait jusqu'à quelques temps... J'ai commandé une carte sd sandisk extrême. J'ai reçu un article de contrefaçon et de très mauvaise qualité qui n'a fonctionné que 5 min. J'ai ouvert un litige et Aliexpress refuse le remboursement. Le vendeur me propose 3$ de compensation... Très mauvaise expérience à fuire !!! Cela était ma dernière commande!! ,Client giaco,5cd1702727bc270427268f40,FR,12,"Cher client,
Nous vous prions de bien vouloir nous excuser pour la gêne occasionnée. 
Votre commande a été enregistrée dans le processus de retour et la plateforme vous a fourni l'étiquette de retour. Veuillez télécharger l'étiquette de retour et renvoyer le produit dans les délais impartis. Après avoir renvoyé le produit, veuillez télécharger le reçu de retour dans la rubrique « Litiges » afin que l'équipe chargée des litiges puisse vérifier et vous rembourser.
Notre agent vous a répondu par e-mail avec des informations plus détaillées. Veuillez vérifier. Si vous avez d'autres questions, veuillez répondre directement à l'e-mail de notre agent ou vous rendre sur notre page Centre d'aide【https://helpcenter.aliexpress.com/s/BuyerHelp?】 pour bénéficier du service client en ligne.
Nous vous remercions sincèrement pour votre compréhension et votre coopération.
Cordialement,
L'équipe du service client AliExpress",2026-07-24T02:26:17.000Z
www.aliexpress.com,id:6a6203ea6fea69c15b394d1d,native_id,6a6203ea6fea69c15b394d1d,1,false,1784815626,07/23/2026 14:07:06,I recommend that no one deal with AliExpress again. Their customer service has not resolved my issue despite all the evidence and repeated follow-ups.  ,"I have been receiving the same email for nearly two months with no solution. I have had enough. Please see their email below and my response.
Dear Customer,
Thank you for contacting AliExpress Customer Care. We are committed to providing you with the support you need for your order
8211209687287177.
Please provide evidence of combined returns within 48 hours, including packaging videos and postal weighing.
Thank you for your patience and understanding. If you have any further questions or concerns, please do not hesitate to contact us.
Sincerely,
AliExpress Customer Care

My response 
Dear Customer Service,
I am extremely frustrated with the way this matter has been handled. I have sent the requested link and documents many times, yet I continue to receive the same responses without any clear explanation.
I have attached the link again to this email. Please confirm that you have received it and review it properly.
I want to know exactly what is going on with my case. Why is this still not resolved? I have followed every instruction and provided everything you asked for. There is no reason for these repeated delays.
I have had enough. I expect a clear explanation and a final resolution without any further excuses or requests for information that I have already submitted multiple times.
I look forward to your prompt response.
I recommend that no one deal with AliExpress again. Their customer service has not resolved my issue despite all the evidence and repeated follow-ups. This has been an extremely disappointing and frustrating experience
Kind regards,
Hewida 
",Hewida Rizk,6a5de99c7b418c1d21845811,AU,4,"Dear Customer,
Thank you for bringing this matter to our attention. We sincerely apologize for the inconvenience you have experienced.
We would like to inform you that we are actively looking into the issue you reported. However, as the investigation is still ongoing, we have not yet reached a conclusion or sent you an update. Rest assured, once we have a solution or further information, we will notify you immediately via email. Please keep an eye on your inbox for our response.
If you have any additional questions or require further assistance in the meantime, please don’t hesitate to contact us.
Best regards,
AliExpress Customer Service Team",2026-07-24T02:31:03.000Z
www.aliexpress.com,id:6a61eff1b121ad26887f1ae4,native_id,6a61eff1b121ad26887f1ae4,1,false,1784810513,07/23/2026 12:41:53,Reuní casi 15 euros en créditos de…,"23/7/2026Reuní casi 15 euros en créditos de compra. Invirtiendo mi tiempo que no ha sido poco. Compré un artículo con esos créditos de compra que me salía totalmente gratis. Aliexpress por su propia cuenta ha cancelado ese pedido, según ellos para proteger al comprador. Después de cancelarlo, no me devuelve los 15€ en créditos de compra. En qué me ha protegido eso a mí? Ya son unas cuantas, voy a reclamación cada dos días. No cumple con sus promociones, cancela pedidos sin consultar al comprador, etcétera etcétera. Y encima el equipo de atención al cliente, el equipo superior de atención al cliente te trata como si fueras tonto. A eso se le une la famosa tarifa esa de los paquetes pequeños que ellos te cobran 3,70€ casi. Te cambian los premios en los juegos en cuanto los ganas para darte otros que son prácticamente basura y así con muchas cosas. No compréis en AliExpress, son unos auténticos estafadores. Y encima seguro que ahora me contestarán y me dirán uy ponte en contacto con atención al cliente para que lo podamos resolver como tantas otras veces me lo han hecho no es la primera queja que pongo aquí en truspilot. Mentira, te vuelven a decir lo mismo y te quedas con la cara de tonto. Todo de cara a la galería. Se me olvidaba, tampoco se hacen responsables de las garantías de los productos que compres. Si compras algo que te cueste cierto dinerito y por casualidad no funciona a los dos o tres meses no se hacen responsables y te comes el artículo. 24/07/2026.Bueno como ya adelante en la primera parte del escrito Aliexpress ya me ha contestado, me pide que les proporcione información número de pedidos etcétera. Total para decirme que no me van a dar los créditos de compra porque la política de la empresa no lo permite, lo que la política de la empresa permite es dejar a una persona sin su artículo y sin sus créditos de compra para poder volver a hacer ese pedido y llamarlo protección al comprador. Aliexpress se ahorra 15 pavos en créditos de compra porque le tiene que pagar el producto al vendedor, al vendedor no le pasa nada por haber enviado tarde el artículo y el único que pierde algo es el comprador al que querían proteger. Les voy a proporcionar la información y luego pego el texto con lo que me contesten.ya tenemos respuesta y como ya adelante Aliexpress no me va a dar los 14€ en créditos de compra. Así es como Aliexpress protege a sus compradores. Ellos se ahorran catorce pavos porque no le pagan al vendedor y al vendedor no le va a pasar nada, le van a mandar un aviso. En definitiva todo ganan menos el comprador que es el único que pierde aquí. :
Estimado/a cliente, Oscar

Gracias por contactar con Atención al Cliente de AliExpress.

Nos comprometemos a brindarle la asistencia necesaria para su pedido 3074580003853590.

Le informamos de que, de acuerdo con la política vigente de la plataforma, el crédito de AliExpress no es reembolsable. Por este motivo, no es posible realizar el reembolso del saldo de crédito una vez que ha sido abonado en la cuenta.

Agradecemos su comprensión y le recomendamos utilizar dicho crédito en futuras compras realizadas a través de la plataforma, de acuerdo con las condiciones de uso aplicables.

Gracias por su paciencia y comprensión. Si tiene alguna otra pregunta o inquietud, no dude en contactarnos.

Atentamente,
Atención al Cliente de AliExpress
Y ahora después de haber proporcionado el número de pedido, misteriosamente mi cuenta de Aliexpress ha empezado a funcionar mal. Lo mejor es que me dicen que usé los créditos de manera correcta cuando yo los utilicé de manera correcta y han sido ellos los que han cancelado el pedido sin consultar a nadie. A cuánta gente le habrán hecho lo mismo, porque claro, 15 euritos de aquí, más 15 euritos de allá, más 15 euritos de otro lado son muchos 15 euritos.

",Óscar,634be02ff6e5560012bfc132,ES,10,"Estimado cliente,
Gracias por contactarnos. Lamentamos mucho que hayas tenido una experiencia de compra desagradable. Nuestro agente te ha enviado un correo electrónico, por favor revísalo. Si tienes alguna pregunta, no dudes en responder a este correo y te responderemos lo antes posible.
Agradecemos tu comprensión y apoyo.
Atentamente,
Equipo de Atención al Cliente de AliExpress",2026-07-24T02:32:20.000Z
www.aliexpress.com,id:6a61ebe561eb3ce30469afb2,native_id,6a61ebe561eb3ce30469afb2,1,false,1784809477,07/23/2026 12:24:37,Scam,"Scam, fake weight labels, dark patterns, violating EU consumer rights, forcing return of non-existent missing items",Александра Зарицкая,66e045bc20400d1af4d625b8,DE,4,"Dear customer,
Sorry for the inconvenience and unpleasant shopping experience. 
As you filed a charge back request with paypal, this order has been frozen at present. Our agent has replied with more detailed information in the email. Please kindly check.
Sincerely apologize for the inconvenience caused and we assure the we will do everything possible to avoids such situations in the future.
Best regards,
AliExpress Customer Service Team",2026-07-24T02:35:15.000Z
www.aliexpress.com,id:6a61e1c74f3889814f512e79,native_id,6a61e1c74f3889814f512e79,1,false,1784806887,07/23/2026 11:41:27,AliExpress overcharging customs taxes > Support refuses to refund overcharge and fix their mistakes,"""The products arrived fine, but the platform's tax calculator & customer-support is complete nightmare.

I placed 2 separate orders (total 4 items across 2 product categories). Their previous system inflated the cost as they included flat 3€ custom duty on all products. AliExpress consolidated all items into ONE single package. Under EU/IOSS rules, the flat €3 custom fee should be charged per product category (€3 x 2 = €6). Instead, now their system had charged €3 for every individual item (€3 x 4 = €12), effectively double-charging me on import taxes, which were never refunded.

To make matters worse, customer support is a complete brick wall. Because the package was pre-paid via IOSS, it cleared customs automatically—meaning local customs release invoices & other documents literally do not exist. Yet, same scripted support has already demanded 'these invoices and documents' that don't exist in this universe 5–7 times in a row even after I already provided proof that I was overcharged. 

Buyers beware!!!: You will be trapped in an endless Circus-clown show loop being asked to prove taxes even if they were collected directly by AliExpress in the first place & documents everyone knows aren't real thing"". Whether this is a gross deliberate tactic to pocket extra fees or pure platform incompetence: BE EXTREMELY CAREFUL with AliExpress tax calculations! If their system miscalculates your tax, getting a refund is simply impossible",Rosqa Posti,69de1c050a02e79f7b75f5e2,FI,3,"Dear Customer,
We sincerely apologize for any inconvenience caused. Regarding your issue with customs duties, we are actively following up and will respond to you via email as soon as possible. Please keep an eye on your inbox for our updates.
Thank you in advance for your patience and understanding. If you have any further questions, please feel free to contact us.
Best regards,
AliExpress Customer Service Team",2026-07-24T02:40:34.000Z
www.aliexpress.com,id:6a61de1b7bb8c43d1e0475c6,native_id,6a61de1b7bb8c43d1e0475c6,1,false,1784805947,07/23/2026 11:25:47,"Sold as new, received as faulty and sign of used and repaired ","I bought an item that was listed as brand new and described as being in stock, with 992 units available. I trusted the seller and purchased it for £145, plus shipping.
Unfortunately, the item I received was faulty. It also showed clear signs of having been previously used and repaired. Although I was still able to use it to some extent, it was essentially scrap and certainly not a new product.
I contacted the seller several times and also reported the issue to AliExpress through multiple levels of their dispute and reporting process. However, my claim was rejected. AliExpress replied that the listing did not violate their platform policies.
This means that, according to AliExpress's decision, sellers can advertise an item as brand new while supplying a used, repaired, or faulty product without the listing being considered a violation of the platform's rules.",J M P ENGINEERING LTD,5da04f527c1d9c7780196d38,GB,3,"Dear customer,
Sincerely apologize for the inconvenience caused. 
Since your order is still under protection, please click [Open dispute or Returns/Refunds] on the details page of the order and upload the pictures you took as evidences. 
Kindly make sure you have correctly uploaded proof for your request and selected a refund method. If you're still unable to submit your request, please reply to our agent's email directly or go to our Help center page 【https://helpcenter.aliexpress.com/s/BuyerHelp?】for online customer service.
Your understanding and cooperation are deeply appreciated.
Best regards,
AliExpress Customer Service Team",2026-07-24T02:44:58.000Z
www.aliexpress.com,id:6a61dd9e9b2304c38b37966a,native_id,6a61dd9e9b2304c38b37966a,1,false,1784805822,07/23/2026 11:23:42,The new tax rules from 1st of July are…,"The new tax rules from 1st of July are meant to mislead. Some arbitrary amount is taken, called duties. Not broken down. Also it's almost double the amount of the products in my experience. Customer service assures you can easily apply for refund if you overpaid. And then when I did it was very frustrating and they asked me for 3 documents (they know) I don't have. To top it of, each time an interaction with customer service happens they have a manipulative policy to beg for a good review, because they trust I am a 'kindhearted customer'. And there is no distinction of whether I'm rating the agent or AliExpress. I suspect it's the latter, which is how they get the high scores in the first place. I think it's best to stay clear of AliExpress. ",Liza Derenchenko,635bf74076cdfa0014edc1ce,DK,11,"Dear Customer，
Thank you for contacting us. We apologize for your unpleasant shopping experience. Our agent sent you an email, please check it out. If you have any questions, please feel free to reply to us via email and we will respond as soon as possible.
Thank you for your understanding and support!
Sincerely，
AliExpress Customer Service Team",2026-07-24T02:45:43.000Z
www.aliexpress.com,id:6a61d7a4171d0b290e506a9a,native_id,6a61d7a4171d0b290e506a9a,1,false,1784804292,07/23/2026 10:58:12,har købt en radio ved essgoo car…,"har købt en radio ved essgoo car supplies store
da jeg modtager den virker simkortlæseren ikke ydermere falder den af wifi nettet hele tiden jeg har sendt video og billeder af de problemer jeg har haft. jeg skriver til sælger at den er defekt og at jeg gerne vil bede om en ny radio og at de kan sende en retur label med så jeg kan sende den defekte radio tilbage til dem. skal lige siges at den bliver sendt fra tyskland så deres 1 års reklamtionsret skulle man jo mene gælde, men ak desværre er det en lang kamp nu har jeg brugt over en måned på at få en ny radio men de kommer med alle mulige undskyldninger ( at det er for dyrt at sende radioen tilbage, at jeg kan få rabat ja listen er lang)  er sådan ikke mit problem. 
de tilbød 30% rabat hvis jeg købte en ny og har så endt med at de gik op til 35% men har hele tiden sagt til sælger at jeg ikke vil have deres rabat men jeg vil have en ny radio og nu trækker sælger bare tiden der sker som i absolut intet og de ved godt at når varen bliver sendt fra et eu land skal de sende en ny og tage den gamle tilbage på deres regning men hold op en kamp og har stadig ikke modtaget en ny radio skrev igen med dem den 21/07  og spurgte om de havde tænkt sig at sende en ny og de skriver tilbage at det ville de finde ud af og høre så ikke mere, det er helt sikkert sidste gang jeg bestiller ved det firma igen hvis de prøver at rende fra deres reklamtion som de tydeligvis gør her",Nick Vilhelmsen,5be16c8f5483f4b8a9f7880f,DK,4,"Kære kunde,
Tak fordi du har kontaktet os. Vi beklager din ubehagelige indkøbsoplevelse. Vores agent har sendt dig en e-mail – venligst tjek den. Hvis du har spørgsmål, er du naturligvis altid velkom til at svare på e-mail, og vi vil svare så hurtigt som muligt.
Tak for dit forståelse og støtte!
Bedste hilsner,
AliExpress Kundeservice Team",2026-07-24T02:50:47.000Z
www.aliexpress.com,id:6a61d2e6a3269e35db9e3cde,native_id,6a61d2e6a3269e35db9e3cde,1,false,1784803078,07/23/2026 10:37:58,Frustrating experience with Ali Express,"I ordered a Redmi Pad Pro 2 two days ago from Ireland. Unfortunately I have a second delivery address registered with them in Spain and I requested delivery to that address in error. I spent at least 8 hours online trying to change this and later cancel the order,speaking to a number of AliExpress and Simgrity agents by chat.
Having 'cancelled' twice I then get an email from Ali advising the item will arrive in 2 days. 
I now wonder if Ali Express is too large and lost control of it's systems. I will avoid them in future( and Simgrity,their supplier).",Thomas Casey,51e424d5000064000143e744,IE,23,"Dear Customer,
Please accept our deepest apologies for any inconvenience you've faced. We have taken action to investigate the issue you reported regarding cancel the order. We will respond to you via email and update the progress in this thread. Please kindly pay attention to check your email box.
Thank you for your understanding and cooperation.
Best regards,
AliExpress Customer Service Team",2026-07-24T02:56:33.000Z
www.aliexpress.com,id:6a61d00a7fff7226005a73d7,native_id,6a61d00a7fff7226005a73d7,1,false,1784802346,07/23/2026 10:25:46,Bei einer Reklamation eine absolute…,"Bei einer Reklamation eine absolute Katastrophe. Jedesmal sagt man, die Lösung des Falls, wird 24 - 48 h dauern. Leider geht das jetzt schon seit 3 Wochen so, und man läuft sich in deren System tot. Die Qualität ist absolut unterirdisch. Daher kann ich nur jedem davon abraten, hier etwas zu bestellen, auch wenn es günstig zu sein scheint,  denn das ist es nicht, wenn es Schrott ist oder nicht funktioniert. ",Peter Lustig,5cc00d8af0189ac89fceaa48,DE,14,"Sehr geehrter Kunde,

Vielen Dank, dass Sie uns kontaktiert haben. Wir entschuldigen uns für die Unannehmlichkeiten, die Sie während Ihres Einkaufserlebnisses erfahren haben. Unser Mitarbeiter hat Ihnen eine E-Mail gesendet. Bitte überprüfen Sie diese.

Falls Sie weitere Fragen haben, zögern Sie bitte nicht, uns per E-Mail zu antworten. Wir werden Ihre Anfrage so schnell wie möglich bearbeiten.

Vielen Dank für Ihr Verständnis und Ihre Unterstützung!

Mit freundlichen Grüßen,

AliExpress Kundendienst Team",2026-07-24T02:59:43.000Z
www.aliexpress.com,id:6a61cc9b1a468024118d7c61,native_id,6a61cc9b1a468024118d7c61,1,false,1784801467,07/23/2026 10:11:07,FUYEZ CES GENS VICIEUX ET HYPER MALHONNETES ,"FUYEZ CES GENS VICIEUX ET HYPER MALHONNETES

FUYEZ CES GENS HYPER MALHONNETES QUI ABUSERONT DE VOTRE CONFIANCE : 
JUSTE DE LA  V E R M I N E  SANS PAROLES NI SERVICE, JUSTE DES PROMESSES ET DES EXCUSES POUR ABUSER DE VOTRE CONFIANCE !!!! 

FUYEZ CES PERSONNAGES DE MAUVAISE FOI CONGENITALE !!!

Dossier 3074316484834351 : Articles reçu incomplet. Le vendeur le sait, il ne répond à personne, limite les commentaires sur ses articles avec l’impossibilité de poster des photos. PIRE ? Suite à mon commentaire négatif, qui était le second commentaire négatif d’un Client, le vendeur a posté un faux commentaire positif. E S C R O C état typique de leur mentalité dépravée !

Aliexpress reçoit toutes les preuves dès réception du colis et ne bouge pas (10 jours de silence). De toute façon, avec Aliexpress c’est toujours le Client qui est en tort, ALIEXPRESS défend les abus de confiance et v o l s de ses vendeurs malhonnêtes. Les loups de ne mangent jamais entre eux et c’est plus facile pour bien enc.ler les Clients ! 

SUR CE POUR NOURRIR LEUR MAUVAISE FOI, PLAINTE DEPOSEE AUPRES DU eConsumer.GOV, DOSSIER 204310613 POUR :
> abus de confiance et escroquerie : description erronée
> défaut de service commercial obligatoire
> Absence de garantie légale obligatoire : article livré incomplet et non conforme

Il aura fallut 4 mois pour résoudre la plainte et abus de confiance précédent ! STOP, je ne suis pas là pour faire l'éducation d'Aliexpress et ses vendeurs vo leurs. 

ALIEXPRESS est vraiment en dessous de tout, et nettement plus en petite mentalité d’abuseur de confiance. Il suffit de voir leur score sur Trustpilot, sur les organisme de défense de consommateur et sur Facebook où à  chaque publicité qu’ils mettent sur leur page, ils reçoivent 200 plaintes pour abus de confiance et qualité ! LE SCORE D’ALIEXPRESS EN EUROPE va de 1,2/5 à 2/5 et ces PETITS CHINOIS A R N A Q U E U R S osent vous expliquer la vie dans avec leurs fausses politesses d'E S C R O C S ! 

Aliexpress est le summum de la mauvaise foi et du service exécrable. Pire ça n’existe PAS !!!! Aliexpress, vous êtes sont à vomir !!!! Autant lesJaponais excellent en qualité, autant Aliexpress excelle en médiocrité ! Sales BTARDS va !!!!

N’oubliez pas que mal acquis ne profite jamais BANDE DE MALHONNETES P I N G OU I N S !

>>>>>>>>>>
21 07 2026 : des excuses publiques d’Aliexpress, et en privé, un mail qui nie les faits et refuse la garantie ! E N C U Lés ! 

>>>>>>>>>>>>>>>
22/07/2026 : plainte toujours rejetée et dossier définitivement classé sans recours ! 

>>>>>>>>>>>>>>>
23/07/2026 : impossible de travailler avec la minable petite mentalité d’Aliexpress, je supprime définitivement mon compte privé ouvert en 2015 ainsi que mon compte professionnel ouvert en 2019 !


Aliexpress, en EUROPE, les gens sont honnêtes et respectent leurs engagements. Si c’est pour venir en EUROPE et voler les gens, vu les plaintes et votre pauvre mentalité à vomir, restez en Chine, nous ne vous ne voudrons pas. ICI en EUROPE, nous n’avons pas besoin des V O Leurs jaunes !

>>>>>>>>>>
24 /07
Aliexpress c'est l'art de faire des réponses inutiles et l'art d'entretenir leur image d'immondes   e s c r o c s   au   lieu au lieu de résoudre le problème.
Il n'y a pas que les oiseaux qui volent BANDE DE MALHONNETES PINGOUINS !!!

 >>>>>>>>>>>>>>>>>
24/07 11h07 : vous devriez mettre des ""S"" à expérienceSSSS désagréalbeSSSS, bande d'abominables menteurs de pingouins !

>>>>>>>>>>>
24/07 18h13 : La stupidité made in CHina et Aliexpress à l'état pur : demander la vidéo du déballage du colis car les photos ne sont pas  valables ! Ridicules écervelés, vous trouvez toutes les astuces pour nier ! RIDICULES PINGOUINS, la vidéo d'un déballage est sil longue qu'elle est trop lourde pour votre système et le mail. RIDICULES écervelés : la preuve à la preuve à la preuve, contrôlez vos vendeurs, surtout ceux qui fraudent et se cachent dans leur silence et supprime les articles une fois qu'ils ont arnaqués les Clients. Ecervelés naïfs, mettez la pression à vos vendeurs, pas à vos CLIENTS ! VOUS ME DEGOUTTEZ A EN VOMIR !!!!! 

>>>>>>>>>> 
27/07 = toujours aucune solution : ESCROCS DE BANDITS DE MISERABLES ABUSEURS DE CONFIANCE, PEUPLE DE PINGOUINS INUTILES. JUSTES CAPABLE DE VOLER LES GENS !!! ",DDB,5bbbabd74de5666d348d5110,BE,17,"Cher client,
Merci d’avoir contacté notre service. Nous vous présentons nos excuses pour l’expérience de shopping désagréable que vous avez rencontrée. Notre agent vous a envoyé un e-mail, veuillez svp le consulter. Si vous avez des questions, n’hésitez pas à nous répondre par e-mail et nous vous répondrons dans les plus brefs délais.
Merci pour votre compréhension et votre soutien !
Sincèrement,
L’équipe du Service Client AliExpress",2026-07-24T03:11:10.000Z
www.aliexpress.com,id:6a61cc3161d7cbb5daa2bde4,native_id,6a61cc3161d7cbb5daa2bde4,1,false,1784801361,07/23/2026 10:09:21,limiting purchases to just 1 per…,limiting purchases to just 1 per customer. POINTLESS USING THIS SITE NOW. I dont want a reply aliexpress,Chris House,603e2d914280700019699f1f,GB,25,"Dear Customer,
Due to the lack of completed request information form, we regret to inform you that we are unable to process your case due to insufficient information. Please accept our deepest apologies for any inconvenience you've faced. If you need further assistance or have any additional questions, please don't hesitate to consult our Help Center at AliExpress.
https://helpcenter.aliexpress.com/s/BuyerHelp
Thank you for your understanding and cooperation.
Best regards,
AliExpress Customer Service Team",2026-07-24T03:12:11.000Z
www.aliexpress.com,id:6a61c8292f04e36861f5c6e3,native_id,6a61c8292f04e36861f5c6e3,1,false,1784800329,07/23/2026 09:52:09,Attenzione se comprate da marketplace…,"Attenzione se comprate da marketplace sulla piattaforma vengono venduti prodotti contraffatti, cloni degli originali.
E fare un reso e/o aprire una controversia diventa un odissea perché vi viene chiesto di produrre prove assurde a volta impossibili, vi fanno perdere tempo, vi portano all'esasperazione per poi rispondervi sempre picche. Io da loro non compro più nulla. Sono complici a tutti gli effetti dei truffatori
≠========================
È inutile questa non è la mia prima segnalazione a riguardo mi avete già fatto perdere tempo a fornirvi dati foto video prove ed altro per ricevere la solita risposta a coppia incolla. ""Hai già ricevuto un rimborso non ne può ricevere altri"" quando il primo rimborso era per dei problemi estetici graffi sul telefono. 
Dimostrato che il telefono è un clone non c'è stato niente da fare avete continuato a sostenere la vostra tesi che io vendo ricevuto il primo rimborso anche se per un motivo diverso, non ho diritto ad un'ulteriore rimborso. Mi avete chiesto prove ed altro per oltre un mese che ho regolarmente fornito e che dimostravano il problema chiaramente, Ma voi avete fatto lo gnorri e alla fine avete chiuso il tutto dicendomi che non ho diritto a nulla. 
Quindi questo messaggio non è tanto per avere il mio rimborso quanto per avvisare gli altri di quanto poco seri siete.",Massimo G,62892c20cfecdd0012e21c89,IT,14,"Gentile cliente,
La ringraziamo per la pazienza. Ho notato che il suo caso è attualmente gestito dal suo referente del servizio clienti. Data la complessità della situazione, la risoluzione potrebbe richiedere un po' più di tempo. Tuttavia, ho già sollecitato il referente a rispondere alla sua email il prima possibile.
La preghiamo di continuare a comunicare con il suo referente del servizio clienti via email per ulteriori aggiornamenti.
La ringraziamo per la comprensione e per la collaborazione.
Cordiali saluti,
Team del Servizio Clienti di AliExpress",2026-07-24T03:13:00.000Z
www.aliexpress.com,id:6a61c4e56a200389a877fd38,native_id,6a61c4e56a200389a877fd38,1,false,1784799493,07/23/2026 09:38:13,Quelle bande de baltringues,"Quelle bande de baltringues! 
après m'avoir baladé pendant des semaines pour me rembourser un article défectueux, maintenant ils me demandent: 
""Cher client,
Merci pour votre réponse.
Pourriez-vous cliquer sur le bouton ""Détails"" pour la commande 3074283546998390 et partager une capture d'écran montrant le détail de votre paiement ? Nous avons spécifiquement besoin de voir les détails de tout coupon, bonus ou autre déduction appliquée au paiement.
Nous attendons avec impatience votre réponse.
Meilleures salutations,
Équipe du service client d'AliExpress""
Sauf erreur de ma part, ils ont tous les éléments, non?

Sachez, chers clients de ce site de m.... que lorsque vous retournez un produit, il vous est affecté un ""bonus"" que vous ne pouvez pas encaisser ( contrairement à ce qu'il prétendent sur leur site.
Vous disposez donc d'un bonus/crédit à utiliser ( c'est mon cas) et maintenant il faut justifier je ne sais quoi pour se faire rembourser! 
ALIEXPRESS vous êtes des malhonnêtes ! 
",César,5f50ffe99754ed4f4930808f,FR,18,"Cher client,
Merci de votre patience. J'ai constaté que votre conseiller client est actuellement en charge de votre dossier. Compte tenu de la complexité de la situation, la résolution de votre problème pourrait prendre un peu plus de temps. Cependant, je leur ai déjà demandé de répondre à votre e-mail dans les meilleurs délais.
N'hésitez pas à communiquer avec votre service client par e-mail pour obtenir des informations complémentaires.
Nous vous remercions de votre compréhension et de votre coopération.
Cordialement,
L'équipe du service client d'AliExpress",2026-07-24T03:25:51.000Z
www.aliexpress.com,id:6a61bfd6e86c7e1b587c4005,native_id,6a61bfd6e86c7e1b587c4005,1,false,1784798198,07/23/2026 09:16:38,4 Makita Produkte alles Fälschungen!!!,"4 Makita Produkte von Aliexpress alles Fälschungen!!!! Die EU hat gerade Aliexpress wegen Zertifizierung von Original Produkten eine Strafe in Höhe von 1/2 Milliarde Euro verhängt, dennoch machen sie munter weiter. :-((((",j b,66ccba8ca6d7ea9071de39e7,DE,18,"Sehr geehrter Kunde,

wir entschuldigen uns aufrichtig für die Ihnen entstandenen Unannehmlichkeiten. Wir bitten vielmals um Entschuldigung.

Wir haben Ihnen am 27. Juli eine E-Mail zu dem von Ihnen geschilderten Problem gesendet. Bitte lesen Sie den Inhalt dieser E-Mail.

Sollten Sie weitere Fragen haben, können Sie uns gerne direkt über diese E-Mail kontaktieren.

Vielen Dank für Ihr Verständnis. Wir wünschen Ihnen einen schönen Tag!

Mit freundlichen Grüßen, Ihr AliExpress Kundenservice-Team
www.Aliexpress.com",2026-07-24T03:31:15.000Z
www.aliexpress.com,id:6a61bbdf4be8a89eda5213fb,native_id,6a61bbdf4be8a89eda5213fb,1,false,1784797183,07/23/2026 08:59:43,Extra 2 euro surcharge for each item with no legal base,"Products are ok but aliexpress now charges 2 euro extra for each item, justifying that it's the surcharge imposed by the Netherlands government.  That surcharge was never passed by dutch law, however customer service asks to send invoice and customs paperwork, which ironically is all handled by them and their own carrier. Do not buy products with delivery to The Netherlands as you will get hidden charges besides the 3 euro surcharge imposed by the EU starting July 1st 2026",Juan Carro,5f8063a7515544001ac27c49,NL,18,"Dear Customer,
Thank you for your feedback.
Please visit our Help Center, where our customer service team is ready to assist you further and provide detailed support:
https://helpcenter.aliexpress.com/s/BuyerHelp?
We appreciate your understanding and cooperation.
Best regards,
AliExpress Customer Service Team",2026-07-24T03:34:27.000Z
www.aliexpress.com,id:6a61bba78b7170458a70d2db,native_id,6a61bba78b7170458a70d2db,1,false,1784797127,07/23/2026 08:58:47,Aliexpress c'est plus ça,"Aliexpress depuis les nouvelles taxes ,problème pour les renvois. Les vendeurs font trainé et essayent de vous proposer une mini somme pour que vous gardez les articles défectueux . Pour réduire leur personnel il faut se farcir leur IA ,complètement incohérente .Même plus la possibilités du chat ??. Tout cela cumulé et comme beaucoup  adieu Aliexpress , de tout façon cela n'est plus intéressant. Prix élevé, retour problématiques etc... Pour les retour plus de respect des procédures , je vais faire remonté au CEC et déposer plainte a Paypal (Si jen crois leur mail Aliexpress reprends plus les articles qui arrivent défectueux  )s' il ont des problèmes de taxation ce n'est pas au clients de faire les frais .DONC ATTENTION AVANT DE COMMANDER",Rolland C.,5939552c0000ff000aa15def,FR,24,"Cher client.

Nous sommes désolés pour le dérangement et l'expérience de magasinage désagréable.

Comme vous avez déposé une demande de rétrofacturation avec le canal de paiement d'origine, cette commande a été gelée à l'heure actuelle. Notre agent a répondu avec des informations plus détaillées dans l'email. S'il vous plaît veuillez vérifier votre boîte de réception pour plus de conseils.

Nous nous excusons sincèrement pour tout inconvénient causé et promettons de faire tout son possible pour éviter de telles situations à l'avenir.

Meilleures salutations,
Équipe de service à la clientèle AliExpress",2026-07-24T03:40:44.000Z
www.aliexpress.com,id:6a61a32d6d35ea884633339b,native_id,6a61a32d6d35ea884633339b,1,false,1784790861,07/23/2026 07:14:21,I purchased a splash guard for my 2023…,"I purchased a splash guard for my 2023 Hyundai Sonata for nearly $80.00.  When it arrived it was totally wrong.  Did not fit at all.  I contacted the company, submitted pictures of the purchase and the rep verified the wrong product sent.  She submitted a request for return and refund.  Request approved.  I had to return the splash guard at my expense, despite their error via a non-commercial carrier.  When the splash guard is over 14 pounds in weight it was too expensive.  I took a partial refund of just over $21.00.  This experience is discracedul.  Do they do this deliberately?  I do not know but their return policy is discracedul.  I would never buy from them again or recommend this company to 
anyone else.  Be warned.  Steer clear.
I was sent a response from this company and wanted proof that I was a genuine customer.  Why would someone who is NOT a legitimate customer be offered a partial refund?It makes no sense that I have been given a partial refund if I was not a customer.  If I could submit pictures of the original and replacement splash guard I would but this review does not allow that.  Look at all the negative reviews.  That says something about this company ",Christopher Griffin,650aa0b74305ad0012d63526,US,3,"Dear Customer.

Thank you for contacting us. We apologise for your unpleasant shopping experience. Our agent sent you an email, please check it out. If you have any questions, please feel free to reply to us via email and we will respond as soon as possible.

Thank you for your understanding and support!

Sincerely.

AliExpress Customer Service Team",2026-07-24T03:50:52.000Z
www.aliexpress.com,id:6a618fe5096461670528361b,native_id,6a618fe5096461670528361b,1,false,1784785925,07/23/2026 05:52:05,State alla larga,"State alla larga, mi è stato spedito un pacco di alto valore che è stato ritornato al mittente e nonostante io abbia fornito tutte le prove non mi hanno rimborsato!!!",Daniele Crimi,6a618fdd7b418c7a03894fa3,IT,1,"Gentile Cliente,

Grazie per averci contattato. Ci scusiamo per la spiacevole esperienza di acquisto. Il nostro agente ti ha inviato un'email, per favore controllala. Se hai domande, non esitare a rispondere a questa email e ti risponderemo il prima possibile.

Grazie per la tua comprensione e supporto!

Cordiali saluti,
Team di Assistenza Clienti AliExpress",2026-07-24T03:47:38.000Z
www.aliexpress.com,id:6a618a4aa690e2d03513e828,native_id,6a618a4aa690e2d03513e828,1,false,1784784490,07/23/2026 05:28:10,つい最近だまされた,つい最近、SSDを購入した。今流行りの優れたAIである、claude codeでpcに繋いで、その性能を調査した。結果は偽物。テレビ録画用にSSDが欲しかったのだが、この偽物は書込み速度が極めて遅く、AIの判定によると、ただのフラッシュメモリであるとのこと。alliexpressで売っているSSDはほとんどが偽物とおもわれるので、AIでチェックすることを推奨します。返金を求めましたが、確かな証拠をよこせ！の一点張りで、どんなにくわし詳しい資料を提出しても、知らん顔です。まったく返金要請に応じようとしない。アリエクはそのような悪質な中華プラットフォームです。さすが、中国！とあきれてものも言えません。結局返金はあきらめましたが、このような詐欺中華プラットフォームを放置してはいけないと思い、越境消費者センターに情報提供の手続き中です。アリエクは日本で決して商売させてはいけません。すでにアリエクはヨーロッパで制裁を食らっている、悪質な詐欺集団プラットフォームです。みなさんも気をつけてくださいね。,power_of _love,6a618a42ff3db2082cbf21e0,JP,1,"お客様各位
ご依頼フォームに必要事項がご記入いただけなかったため、情報不足によりお客様のご依頼を処理することができません。ご迷惑をおかけしましたことを深くお詫び申し上げます。ご不明な点やご質問がございましたら、AliExpressのヘルプセンターまでお気軽にお問い合わせください。
https://helpcenter.aliexpress.com/s/BuyerHelp
ご理解とご協力に感謝いたします。
敬具
AliExpressカスタマーサービスチーム",2026-07-24T03:46:48.000Z
www.aliexpress.com,id:6a616e0527ad407bc854711f,native_id,6a616e0527ad407bc854711f,1,false,1784777253,07/23/2026 03:27:33,So tired of trying to purchase a…,"So tired of trying to purchase a product and always getting that product incomplete or AliExpress using subpar delivery companies that don't do their job right and customer service with Ali  they makes it almost impossible get a refund, and they don't want to hold their sellers accountable for misleading details on their products",Edwardnigmah,6306b16295fa150014678b57,US,3,"Dear Customer,
Due to the lack of completed request information form, we regret to inform you that we are unable to process your case due to insufficient information. Please accept our deepest apologies for any inconvenience you've faced. If you need further assistance or have any additional questions, please don't hesitate to consult our Help Center at AliExpress.
https://helpcenter.aliexpress.com/s/BuyerHelp
Thank you for your understanding and cooperation.
Best regards,
AliExpress Customer Service Team",2026-07-23T05:37:09.000Z
thehalara.com,id:6a69970bf0bc0364dd620fbb,native_id,6a69970bf0bc0364dd620fbb,4,false,1785312043,07/29/2026 08:00:43,Didn't fit,"Didn't fit. They very quickly offered a refund or voucher. I chose the voucher and have a replacement on its way. I'm happy with the follow up service. The first product was cheap plastic fabric so it's just another cheap factory pumped out money maker.
Never purchasing again.",Louise,608f4af8bcb4b000195c38f9,US,3,,
thehalara.com,id:6a69929d1178dacf1a734eab,native_id,6a69929d1178dacf1a734eab,5,true,1785310909,07/29/2026 07:41:49,Hervorragende Qualität,"Hervorragende Qualität
Leider passte die Hose nicht ",Brigitte,6a69929bff3db25fc5c83797,DE,1,,
thehalara.com,id:6a69921c0d31f378382dab38,native_id,6a69921c0d31f378382dab38,5,true,1785310780,07/29/2026 07:39:40,Love these 101/10 would recommend! ,I recommend these brand of leggings to everyone I know that ask about them! Love them definitely gonna purchase more soon! ,Kimberly  Nazario,60edc35f85e25d0012ab3320,US,3,,
thehalara.com,id:6a69916cfff794e3c491dbf2,native_id,6a69916cfff794e3c491dbf2,5,true,1785310604,07/29/2026 07:36:44,"Toller Ware, gute Passform","Toller Ware, super Passform, qualitative Verpackung. Preis / Leistung passen",Claudia,6a69916b236e3de1fde9545f,DE,1,,
thehalara.com,id:6a699038d7d9762346e4ad9c,native_id,6a699038d7d9762346e4ad9c,1,false,1785310296,07/29/2026 07:31:36,Leute bitte bitte bestellt nicht dort…,"Leute bitte bitte bestellt nicht dort wenn ihr eurer geld und eure Nerven sparen wollt.
Retoure ist seid 8.7 weg und scheinbar unauffindbar 
Jeden Tag chatte ich mit einem anderen Mitarbeiter habe bereits mit Hermes telefoniert und und und 
Wie es aussieht bleibe icj auf den gesamten Kosten sitzen 
Über die app ist es unmöglich eine Retoure anzumelden alles muss über Email laufen 
Es gibt's keinen Telefon service um sein Problem zu schildern 
Abgesehen davon hat die bestelle jeggins total abgefärbt.
Ich habe noch nie so schlechte Erfahrungen erlebt wie mit diesem Shop 
Und noch nie so wenig Hilfe bekommen wenn man als Kunde ein Problem hat 
NIE WIEDER !",Shanna,6a604a217b418c0cad878ed5,DE,2,,
thehalara.com,id:6a698f9fb8c3636253f293ab,native_id,6a698f9fb8c3636253f293ab,5,true,1785310143,07/29/2026 07:29:03,Der Hosenrock passt prima und sieht…,"Der Hosenrock passt prima und sieht sehr schick aus. 
Bei der Bestellung wurde als zeitigstes Lieferdatum der 26.7.26 benannt, weshalb ich es nicht in den Urlaubsort sondern nach Hause (für nach den Urlaub) bestellt habe. Letztlich kam die Sendung deutlich eher (16.7.26), so dass ich den Rock doch hätte im superheißen Urlaub tragen können. Klarere Angaben wären hilfreich. ",Petra Dresden,67921b717b6339c20e54faaa,DE,2,,
thehalara.com,id:6a698e314986fa97e09a9d02,native_id,6a698e314986fa97e09a9d02,5,true,1785309777,07/29/2026 07:22:57,Ich habe noch nie so leichte und…,"Ich habe noch nie so leichte und gemütliche Hosen  getragen.
Ich werde jederzeit wieder bestellen, auch wenn ich manchmal etwas länger warten musste. 
",Gudrun Tiedemann,645daedfd698590012819a61,DE,4,,
thehalara.com,id:6a698ddeb2e8b2f6191820c0,native_id,6a698ddeb2e8b2f6191820c0,1,true,1785309694,07/29/2026 07:21:34,I used the measurement guide and…,I used the measurement guide and ordered the size it said I would wear. It is way too big and I am being given the run around and not allowed to return it,amanda,6a698ddeff3db212b3c83542,US,1,,
thehalara.com,id:6a698db8fad12fa68d2f06a7,native_id,6a698db8fad12fa68d2f06a7,5,true,1785309656,07/29/2026 07:20:56,Great products and great pricing,Great products and great pricing. Fabrics are soft and launder well.  ,Alice Lynn Feldman,61834c55aeb80c0012126e2f,US,7,,
thehalara.com,id:6a698d77101c46c3cb66eaba,native_id,6a698d77101c46c3cb66eaba,2,true,1785309591,07/29/2026 07:19:51,Retoure nahezu unmöglich ,"Das Erstellen einen Retouretickets ist so umständlich und tief versteckt, dass es fast unmöglich ist, eine Retoure auszufüllen.
Den meisten Kunden wird es nicht gelingen einen Retoure zu beauftragen.",Alexander,6a698d76b06fbf50ddfa99e5,DE,1,,
thehalara.com,id:6a6989f71e2c19d8115626b5,native_id,6a6989f71e2c19d8115626b5,4,true,1785308695,07/29/2026 07:04:55,Arrived late but like the items …,"Order a bunch of items for an upcoming vacation. They didn’t arrive in time for me to take on my trip, but I have since opened up the package and enjoyed the quality and style of each of the items that I purchased.",Karen,6a6989f6b06fbf0e16fa980f,US,1,,
thehalara.com,id:6a6988ade63e01c8d2675c2e,native_id,6a6988ade63e01c8d2675c2e,1,false,1785308365,07/29/2026 06:59:25,Sehr schlechter Kundenservice,"Sehr schlechter Kundenservice
Trotz mehrfacher ausführlicher Erklärungen und bereits zugesandter Retourenliste wird mein Anliegen von HALARA offenbar nicht richtig gelesen oder verstanden. Ich werde immer wieder nach denselben Informationen gefragt, obwohl ich diese bereits mehrfach übermittelt habe.
Die Retoure kann ich nicht über die App anmelden und die zugesagten Rücksendeunterlagen sowie die Rücksendeadresse habe ich bis heute nicht erhalten.
Sehr frustrierend und absolut nicht kundenorientiert.",S.T.,64c67e60b6a35000128fa1c0,DE,1,,
thehalara.com,id:6a6984f83983de94e7e894ae,native_id,6a6984f83983de94e7e894ae,5,true,1785307416,07/29/2026 06:43:36,Good customer service,Good customer service. Clothes fit well,Sara,6a6984f8236e3d798de94e7f,US,1,,
thehalara.com,id:6a69804547589eb8e5bb6059,native_id,6a69804547589eb8e5bb6059,1,true,1785306213,07/29/2026 06:23:33,Kundenservice sehr schlecht,"Kundenservice sehr schlecht. Rückerstattung wurde mehr abgezogen als die Gesagten Versandkosten. Klärung und Rückerstattung dauerten gefühlt ewig. 
Meine Erfahrung...Meine Bewertung. 
Einmal und nicht wieder. ",Vanessa,67ae30ad5aa6b3b88a89b95f,DE,3,,
thehalara.com,id:6a697f37131b1fc849952d02,native_id,6a697f37131b1fc849952d02,1,true,1785305943,07/29/2026 06:19:03,The shorts didn't fit and no one got…,The shorts didn't fit and no one got hack to me about Returning them,Betty Hopper,62328abcda0b2500127c6a87,US,10,,
thehalara.com,id:6a69783d4466481756fd1dde,native_id,6a69783d4466481756fd1dde,5,true,1785304157,07/29/2026 05:49:17,Quick response time ,Clothes are so soft and true to size. Customer service quick response time,Samantha,6a69783cff3db25a7fc82bcd,US,1,,
thehalara.com,id:6a69778814bd2793c572da35,native_id,6a69778814bd2793c572da35,1,true,1785303976,07/29/2026 05:46:16,I got notice the package was delivered,"I got notice the package was delivered, if it was it wasn't to my house.  I was told sometimes carrier's mark delivered when in fact it maybe a few days.  It is now 5 days since I received the message that the package is was delivered.",Sharon,6a697787236e3d8214e94877,US,1,,
thehalara.com,id:6a6976b8e083c576fd35e07c,native_id,6a6976b8e083c576fd35e07c,3,true,1785303768,07/29/2026 05:42:48,Die Qualität ist super,Die Qualität ist super.  Aber die Retoure ist manchmal ein bisschen schwierig. ,Christina,6a6976b7236e3d0010e94830,DE,1,,
thehalara.com,id:6a6974faf429776ab4c56f18,native_id,6a6974faf429776ab4c56f18,1,true,1785303322,07/29/2026 05:35:22,Never received my item,"Never received my item.  Tracking claims delivered, but home all day, and no activity on my camera.  Tried reporting thru the website, to no avail.  None of the links to get help worked well.  Very dissatisied.",Shirley,6a275d42dd910c9ba7876351,US,2,,
thehalara.com,id:6a697485b19e179bc0a249dc,native_id,6a697485b19e179bc0a249dc,1,true,1785303205,07/29/2026 05:33:25,The pants were misdescribed,The pants were misdescribed. I had no idea what was coming from China.,Jill,6a697484ff3db253ffc82a1d,US,1,,
thehalara.com,id:6a6972aea38a3216b465e223,native_id,6a6972aea38a3216b465e223,1,true,1785302734,07/29/2026 05:25:34,I’m missing an item and I’m not getting…,"I’m missing an item and I’m not getting any help at solving my issue 
",Candace,6a6972adb06fbfad9efa8df2,US,1,,
thehalara.com,id:6a6970dcaccec45b2ab7df96,native_id,6a6970dcaccec45b2ab7df96,5,true,1785302268,07/29/2026 05:17:48,I love the fit,I love the fit,Elizabeth LUNIQUE,6938f44300ecba962680b6ca,US,2,,
thehalara.com,id:6a696e6c5484f7276257ad39,native_id,6a696e6c5484f7276257ad39,5,true,1785301644,07/29/2026 05:07:24,Fit perfectly,"Fit perfectly, and very comfortable!",Janine,6a696e6b7b418cd1379251c2,US,1,,
thehalara.com,id:6a696e616672a689e9ad453e,native_id,6a696e616672a689e9ad453e,2,true,1785301633,07/29/2026 05:07:13,I ordered the same size as other pants…,I ordered the same size as other pants but need to exchange. Just a hassle and i might have waited too long but was away on vacation. ,Holly,6a696e607b418c812d9251bb,US,1,,
thehalara.com,id:6a696dfdbc4174afda3302a1,native_id,6a696dfdbc4174afda3302a1,5,true,1785301533,07/29/2026 05:05:33,"Nice, soft shorts with various inseam choices","Halara's site is user friendly. I love that Halara tells us the inseam length, this was a big part of my decision to try Halara shorts.I bought two pair of shorts, in my usual size.I am 5'9 120lbs and the small fits great. The material is very soft and so far, no riding up. I also like that you can easily track your order. Shipping was very fast! I ordered on a pre order sale and agreeded that my order would ship on August 1st, my order was delivered July 26th. Halara also gave me a nice hair scrunchie for free!
",Kathy,5e286b5ffe898963e620ca58,US,4,,
thehalara.com,id:6a696d9bbc68071bf46b3e6c,native_id,6a696d9bbc68071bf46b3e6c,5,true,1785301435,07/29/2026 05:03:55,These pants exceeded my expectations,"These pants exceeded my expectations! The quality of the fabric is fantastic—soft, durable, and not see-through at all. The fit is incredibly flattering and true to the size chart. They are super comfortable to sit, walk, and move in. I will definitely be ordering them in more colors!",Claribel Placeres,60ca2a8b64813d001a5d6610,US,4,,
thehalara.com,id:6a696d8279811136d950649d,native_id,6a696d8279811136d950649d,5,true,1785301410,07/29/2026 05:03:30,Great ,Great service communication and once received great product could not fault anything ,Miss Helen Ball,5abec1764de5666d34672c5b,GB,26,,
thehalara.com,id:6a696d41779972b3bb7c39b8,native_id,6a696d41779972b3bb7c39b8,5,true,1785301345,07/29/2026 05:02:25,Very comfortable to wear even during my…,Very comfortable to wear even during my puffy days. ,Nicole,6a696d40c2526c14d29f96bd,US,1,,
thehalara.com,id:6a696d0b7f742baefca67fcf,native_id,6a696d0b7f742baefca67fcf,4,true,1785301291,07/29/2026 05:01:31,I’m happy with the purchase,I’m happy with the purchase. Shipping was slow,Carole-Ann Seneski,60009bb60fe4a20019bdadd5,US,2,,
thehalara.com,id:6a696c0e40db12f241dc2cbc,native_id,6a696c0e40db12f241dc2cbc,3,true,1785301038,07/29/2026 04:57:18,The two pairs of pants of the same size…,"The two pairs of pants of the same size are actually different, with one being larger and the other smaller.",Situ Sun,65a04c90c599440012594a48,US,2,,
thehalara.com,id:6a6969a5141e1f301d539e17,native_id,6a6969a5141e1f301d539e17,1,true,1785300421,07/29/2026 04:47:01,sizing wrong and horrible to try to…,sizing wrong and horrible to try to find return options.,heidi,6a6969a47b418c16be924fa6,US,1,,
thehalara.com,id:6a69686e53b474a5066729be,native_id,6a69686e53b474a5066729be,5,true,1785300110,07/29/2026 04:41:50,Happy,Great product,Jessica,6a69686dc2526cfcac9f949d,US,1,,
thehalara.com,id:6a6965a4aecbef1e1a540d72,native_id,6a6965a4aecbef1e1a540d72,1,false,1785299396,07/29/2026 04:29:56,Customer service is highly lacking,"Customer service is highly lacking. 
Still waiting for a reply to my message on Live Chat I sent several days ago. They will not refund the $29.99 ""super express"" shipping (5-7 working days) when it obviously is not. Order placed 15/07/26 and was advised that order ETA is 04/08/26. Tried to cancel the order but they could not. Looking at the issues many customers have with returns, I'm not looking forward to that saga! ",Linda Boudville,5b6056f74de5666d342306df,AU,2,"Hello,
We’re sorry to hear about your concerns and understand your hesitation.
To help us properly review your case and provide accurate assistance, could you please kindly share your order number? Alternatively, you may also email your details to us at service@cs.halara.com, and our team will be happy to look into this for you.
We appreciate your feedback and the opportunity to clarify any misunderstandings.",2026-07-29T06:43:34.000Z
thehalara.com,id:6a696345064cbda09cdb99f7,native_id,6a696345064cbda09cdb99f7,4,true,1785298790,07/29/2026 04:19:50,Overall like most of the pants,Overall like most of the pants. The material on light gray pants very wrinkled.,DF,61993a645b1b0d0012c121d2,US,3,,
thehalara.com,id:6a696336fda56e515434ad1f,native_id,6a696336fda56e515434ad1f,5,true,1785298774,07/29/2026 04:19:34,I had my order within about 10 days,I had my order within about 10 days. I ordered size medium in a top and bottom and they both fit very well. The material is really nice quality and looks high end. I will be ordering more. Very satisfied.,Annette Hamm,66759eb9d305a153cb3840a7,US,3,,
thehalara.com,id:6a6960e465973bc0f2e3c3cd,native_id,6a6960e465973bc0f2e3c3cd,5,true,1785298180,07/29/2026 04:09:40,a mi hija le gustan mucho sus…,"a mi hija le gustan mucho sus productos, soy clienta asidua",Susana Trespalacios,5d6d739e8fd5b04ac373460f,MX,2,,
thehalara.com,id:6a69605f713d1615ed5d6f44,native_id,6a69605f713d1615ed5d6f44,5,true,1785298047,07/29/2026 04:07:27,Love to wear for Zumba!,Easy to order. Good updates.,Terrie,6a69605ec2526c9ec69f9083,US,1,,
thehalara.com,id:6a695e240a333f0bfb892e6f,native_id,6a695e240a333f0bfb892e6f,5,true,1785297476,07/29/2026 03:57:56,Will order again,"My order came in a great amount of time. Colors were exactly as expected. Fit was great and length (I'm 5'9"" and ordered tall/long) was perfect. They are very comfortable too. Just missing loops in the back to hold a belt properly, not that a belt is needed but they sometimes help to complete a look. ",Kristen,6a695e237b418c6d859249d3,US,1,,
thehalara.com,id:6a695e0b19d4d8b06b94c99a,native_id,6a695e0b19d4d8b06b94c99a,5,true,1785297451,07/29/2026 03:57:31,Affordable prices and amazing…,Affordable prices and amazing quality!!!!,Joanna,6a695e09ff3db26062c81fde,US,1,,
thehalara.com,id:6a695d17fccaa6af087b06a0,native_id,6a695d17fccaa6af087b06a0,5,true,1785297207,07/29/2026 03:53:27,Shipping was fast...quality material,Shipping was fast...quality material ,Cylvalin,6a695d17236e3dacfde93c76,US,1,,
thehalara.com,id:6a695d0ee8d790f29764efd5,native_id,6a695d0ee8d790f29764efd5,5,true,1785297198,07/29/2026 03:53:18,Orders arrive in a timely fashion and…,Orders arrive in a timely fashion and are true to size and description online,Alyssa,6a695d0eb06fbfa99dfa8417,US,1,,
thehalara.com,id:6a695bb97b9fbf8e3a11ac58,native_id,6a695bb97b9fbf8e3a11ac58,5,true,1785296857,07/29/2026 03:47:37,Ordering was easy love the jeans,Ordering was easy love the jeans,Karen Worthington,6697ff2362ad55e5b20436e7,US,4,,
thehalara.com,id:6a695969cb539134b6410427,native_id,6a695969cb539134b6410427,3,true,1785296266,07/29/2026 03:37:46,Some items do not look or fit the way…,"Some items do not look or fit the way they are shown in the pictures. Some items are nice quality, others are not. Shipping time is excessive.",Katie,6a695968ff3db2fc29c81dcb,US,1,,
thehalara.com,id:6a695954e72a609386e25925,native_id,6a695954e72a609386e25925,5,true,1785296244,07/29/2026 03:37:24,Nice jumpsuits,My order was delivered on time and the clothes are true to size. The jumpsuits are nice and look great.,Luz,6a695953ff3db2eb91c81dc4,US,1,,
thehalara.com,id:6a69588c7b1a281e9a0c41cd,native_id,6a69588c7b1a281e9a0c41cd,5,true,1785296044,07/29/2026 03:34:04,Honestly you all NAILED IT with the…,Honestly you all NAILED IT with the easy peasy line! I love not having to get full naked to use the restroom. CHEF KISS,Cailee,6a69588bc2526c222d9f8c9c,US,1,,
thehalara.com,id:6a69572a64876d63f11bff7b,native_id,6a69572a64876d63f11bff7b,5,true,1785295690,07/29/2026 03:28:10,Quality Clothes ,"I love the quality of these clothes. I appreciate that the sizes are true to size, and they fit perfectly!",Joanna Carlyon,66c3a0afffb4b38162a5d1ce,US,3,,
thehalara.com,id:6a69563c828705da3d7cce2b,native_id,6a69563c828705da3d7cce2b,4,true,1785295452,07/29/2026 03:24:12,Everything that I ordered was great,Everything that I ordered was great. Hopefully the company will add petite sizes. And speed up the delivery. I almost cancelled my order because I thought maybe I was being scammed.,Rhonda,6a69563bb06fbf5d19fa80c9,US,1,,
thehalara.com,id:6a6955da95e03ccaac30aca2,native_id,6a6955da95e03ccaac30aca2,4,true,1785295354,07/29/2026 03:22:34,"Cute, high quality dresses","Shipping was quick and everything ordered was as expected.  The addresses were all super cute, flattering and very high quality.  That said,  I was disappointed with the white halter dress with a bow in the back as the shorts are fully sewn in so you have to take the whole dress off (including untying the bow) to use the restroom.  Annoying as it takes a bit of finesse to get the bow tied so it looks pretty.  May be difficult when out. Overall, very pleased with purchases.  Will just be careful to read descriptions carefully and opt for separate shorts or the easy P version. :)",Lisa,6a6955dac2526c507b9f8b23,US,1,,
thehalara.com,id:6a6955989d2a4d4b02cc6e79,native_id,6a6955989d2a4d4b02cc6e79,5,true,1785295288,07/29/2026 03:21:28,Well at first there were issues when…,Well at first there were issues when trying to return some items but finally Halara contacted me and was able to solve my issue to my complete satisfaction.,Patty,6989a07b45115dccf45c7750,ES,2,,
thehalara.com,id:6a6954e56162391a00423def,native_id,6a6954e56162391a00423def,5,true,1785295109,07/29/2026 03:18:29,Quick,"Quick, responsive, loved the dresses",Allison,6a6954e4ff3db260bcc81bb5,US,1,,
thehalara.com,id:6a6953a5e0988c2a3f729b11,native_id,6a6953a5e0988c2a3f729b11,4,true,1785294789,07/29/2026 03:13:09,Very nice leggings,Very nice leggings. They were a little see thru but over all good leggings & I would buy again. ,Amy,62df4024327477001437e2e5,US,4,,
thehalara.com,id:6a69533599b39a3ffa058099,native_id,6a69533599b39a3ffa058099,3,true,1785294677,07/29/2026 03:11:17,shrunk immediatly,I ordered a pair of pants and they fit perfect. I washed them on low heat and they shrunk so small that they do not fit the same anymore. Very disappointed and I feel like I wasted my money. ,Janelle,6a695334b06fbf7e2ffa7f41,US,1,,
thehalara.com,id:6a6952d01c6a18d8cdc00f17,native_id,6a6952d01c6a18d8cdc00f17,5,true,1785294576,07/29/2026 03:09:36,True to fit - especially for super tall people,Amazing options for tall women. It is so hard to find work pants or jeans that are actually long enough and Halara was a great fit!,Lakshmi,678a7748536c5345303bf7ad,IN,1,,
thehalara.com,id:6a695178586f1a327833b110,native_id,6a695178586f1a327833b110,1,true,1785294232,07/29/2026 03:03:52,I don’t recall this one,I don’t recall this onw,gayle Moseley,673540883879ad9f521a2a19,US,8,,
thehalara.com,id:6a6950bb2a013d0976b212a3,native_id,6a6950bb2a013d0976b212a3,5,true,1785294043,07/29/2026 03:00:43,I love these overalls!,Easy to order. My overalls are adorable! Love this brand!,Linda Tighe,5e0132bcb14ccf0193f482ab,US,5,,
thehalara.com,id:6a6950b7149a31bb3dfbdb1e,native_id,6a6950b7149a31bb3dfbdb1e,3,true,1785294040,07/29/2026 03:00:40,Paid for expedited shipping ,"Paid for expedited shipping 
Ordered items on 7-14 for a trip that I took July 24, 25, 26th.   Items did not come until the 26th, which was the day I got home.   The category of shipping I paid extra for should have delivered before a couple days before I left.   Pretty irritated that I wasted my money and I would like a refund of those extra shipping charges. ",Sad Shipping,6a6950b6c2526cc8ce9f8894,US,1,,
thehalara.com,id:6a694f78737afb7ac13dcf76,native_id,6a694f78737afb7ac13dcf76,5,true,1785293720,07/29/2026 02:55:20,Great experience!,Great experience! ,Beth,57470f090000ff000a23a32b,US,3,,
thehalara.com,id:6a694e9fa00f9129aef88dc6,native_id,6a694e9fa00f9129aef88dc6,5,true,1785293503,07/29/2026 02:51:43,Great shirt,Great shirt! Love the weight and quality!,Jenny K,64711cc61d6a690015a82d29,US,3,,
thehalara.com,id:6a694c7f8d3f012d409f8912,native_id,6a694c7f8d3f012d409f8912,5,true,1785292959,07/29/2026 02:42:39,Love the many selections and ease in…,"Love the many selections and ease in ordering. The items arrive very quickly, in just a few days.",Karen Bocangel,582b5adc0000ff000a57a499,ES,3,,
thehalara.com,id:6a6949de9dc970932a8ab4ee,native_id,6a6949de9dc970932a8ab4ee,5,true,1785292286,07/29/2026 02:31:26,Excellent shopping experience,Excellent shopping experience.  Quick shipping. Quality products. Would definitely shop again.,Judy,6a6949ddc2526c462a9f84df,US,1,,
thehalara.com,id:6a69478462a2f970c0f8af99,native_id,6a69478462a2f970c0f8af99,5,true,1785291684,07/29/2026 02:21:24,Good quality,Good quality. Good price. ,Judye Kanfer,5cb0071fb158a8134e4442db,US,7,,
thehalara.com,id:6a6944a6a22528012c747b7f,native_id,6a6944a6a22528012c747b7f,5,true,1785290950,07/29/2026 02:09:10,The customer service was fantastic,The customer service was fantastic! I needed to return for a different size and they immediately showed me how and sent my new one out! I love the material and fit!  ,Lydia,6a6944a5c2526c32ea9f81c6,US,1,,
thehalara.com,id:6a69431fda29723bbc86676f,native_id,6a69431fda29723bbc86676f,5,true,1785290559,07/29/2026 02:02:39,Fast delivery,Fast delivery. Clothes in all sizes available (not all sold out) and great color options.,Cammy,5fa9f631f7b0ee0019febe52,US,2,,
thehalara.com,id:6a69428aca389dac520c120a,native_id,6a69428aca389dac520c120a,5,true,1785290410,07/29/2026 02:00:10,Clothes are quality and comfortable,"Clothes are quality and comfortable. Shipping is pretty fast. I've gotten dresses, skirts, jumpsuits, shirts and pants. 

I already have my next order planned out.",Roseanna,6a69428aff3db25f61c8114b,US,1,,
thehalara.com,id:6a6941d849ed0bf60d31440b,native_id,6a6941d849ed0bf60d31440b,1,true,1785290232,07/29/2026 01:57:12,Your sizing is completely off in some…,Your sizing is completely off in some items. I need an extra large and others a large. Also the website shows dresses with the same model and claims that they are completely different style number.,Madeline,63aceed24365b00012aab396,US,1,,
thehalara.com,id:6a6941b5fcd60f2a15d9990d,native_id,6a6941b5fcd60f2a15d9990d,1,true,1785290197,07/29/2026 01:56:37,The pants don’t fit and I’m having…,The pants don’t fit and I’m having trouble returning it ,Goldie,6a6941b4236e3d3a1ee92d7f,US,1,,
thehalara.com,id:6a6941b1e40f6256d77bdce9,native_id,6a6941b1e40f6256d77bdce9,5,true,1785290193,07/29/2026 01:56:33,The pants are great i like the material…,"The pants are great i like the material  although i did not get the coco brown color that i needed.  the service was great , the delivery was ontime",ALTHEA,6a6941b17b418c0e66923a42,US,1,,
thehalara.com,id:6a694194176a84b7e47b245c,native_id,6a694194176a84b7e47b245c,5,true,1785290164,07/29/2026 01:56:04,I received my  2nd order from Halara,"I received my  2nd order from Halara.     The ordering and delivery went very smoothly.     I LOVE the pants that I ordered!    My first order was jeans.   They are so nice and when they say that they are like yoga pants, they aren't kidding.    My second order was pants also.   They fit perfectly and the material is so nice and soft.   I will definitely be placing a third order in the near future.  ",Corinne Funk,6862ac2d4e662d4d8855d004,US,6,,
thehalara.com,id:6a693ef6c04d61fa6e3630ea,native_id,6a693ef6c04d61fa6e3630ea,5,true,1785289494,07/29/2026 01:44:54,Love this company ,Fast delivery of the product ,Thelma Au,633fa39464bd5f0011d04053,US,2,,
thehalara.com,id:6a693e3c4d05eb0b6a610033,native_id,6a693e3c4d05eb0b6a610033,5,true,1785289309,07/29/2026 01:41:49,These pants are awesome!,The pants feel buttery soft. So comfortable. The arrived much faster than anticipated too. Great experience all the way around,Susan,6a693e3bb06fbf535efa72cb,US,1,,
thehalara.com,id:6a693d3f0c0682e7ce973b28,native_id,6a693d3f0c0682e7ce973b28,5,true,1785289055,07/29/2026 01:37:35,Bought for my daughter for her…,"Bought for my daughter for her birthday. She absolutely loves it! She said the fabric is so comfortable and the added shorts under dress were really comfortable. Thank you, prompt delivery",Raydene Harvey,65a0af660b34520012010c53,GB,2,,
thehalara.com,id:6a693d054125d2c1b8e4e00c,native_id,6a693d054125d2c1b8e4e00c,5,true,1785288997,07/29/2026 01:36:37,Ordering was easy.,Ordering was easy. ,ztDebbiev. j OQuinn,5e2af34f616781604887b0ea,US,6,,
thehalara.com,id:6a6938ab0d20adfca18f4d89,native_id,6a6938ab0d20adfca18f4d89,5,true,1785287883,07/29/2026 01:18:03,Quality and fast delivery,Quality and fast delivery,June,6a6938aa7b418c679e92337f,US,1,,
thehalara.com,id:6a693814c5c77ff1e00757e8,native_id,6a693814c5c77ff1e00757e8,5,true,1785287732,07/29/2026 01:15:32,Love my skirts....love.them,"Love my skirts....love.them. I now have all colors but the gray one, and I've checked...no stock to date.
Nice packaging, and fast shipping.
Keep up the good work, and I'll keep ordering !!!",customerDreama,69c7f4c31a47fa3984ba0046,US,3,,
thehalara.com,id:6a69379c7f1c5b656e4ef502,native_id,6a69379c7f1c5b656e4ef502,4,true,1785287612,07/29/2026 01:13:32,Todo muy bien solamente tarde el envío…,Todo muy bien solamente tarde el envío un poco. Pero la mercancía perfecta ,Laura,6a69379cc2526c29e29f7844,MX,1,,
thehalara.com,id:6a6937623278ad0e88fc07a5,native_id,6a6937623278ad0e88fc07a5,5,true,1785287554,07/29/2026 01:12:34,It was easy to order from the site,"It was easy to order from the site, however the delivery time was long. I got a few pieces and I ordered based on my usual size and they fit great. ",Natasha,6a693761236e3d0fc8e9260b,US,1,,
thehalara.com,id:6a69305f2edfc9c3c76ca2a3,native_id,6a69305f2edfc9c3c76ca2a3,5,true,1785285759,07/29/2026 00:42:39,Just as imagined!,"Note: Delivery was a bit confusing. It was ordered early to mid July & we received them almost at the end of July.
Other than that, beautiful dress! The material is comfortable and the color is immaculate. We got the 2 dress pack and it is just as extravagant as imagined. My only note would be that inner liner could totally make a pocket work.
Absolutely recommend. ",Anthony Rivera,654af3970fbfc70011f4733a,US,1,,
thehalara.com,id:6a692f30c753ee97955142e9,native_id,6a692f30c753ee97955142e9,1,false,1785285456,07/29/2026 00:37:36,Ordered early July,"Ordered early July. Still haven’t received 
My items and it’s August in a couple of days. ",Cjenna,5faa7ce174c77b001b1b718b,IE,5,"Hello,
We’re sorry to hear about your concerns and understand your hesitation.
To help us properly review your case and provide accurate assistance, could you please kindly share your order number? Alternatively, you may also email your details to us at service@cs.halara.com, and our team will be happy to look into this for you.
We appreciate your feedback and the opportunity to clarify any misunderstandings.",2026-07-29T03:34:51.000Z
thehalara.com,id:6a692eb25847bb92d1b235b2,native_id,6a692eb25847bb92d1b235b2,1,true,1785285330,07/29/2026 00:35:30,OMG!,OMG. Wait. Wait until I have had a chance to try it all on and wear it all. Stop bombarding me with these constant requests to review. Give me at least a week and send me ONE request. Then leave me alone!!!!!,Sheryl,6a692eb2b06fbf7297fa664f,US,1,,
thehalara.com,id:6a692e7cfea6cfae218de096,native_id,6a692e7cfea6cfae218de096,4,true,1785285276,07/29/2026 00:34:36,Thought they would be softer,"I like that the company allegedly makes the clothes upon order, rather than having a warehouse full of clothes. However, it did cause my order to show up 2 weeks after I ordered it. The shorts are alright. I thought they would be a softer lighter material. They’re not super heavy, I just thought they’d be lighter from seeing the video ads. ",Cara,6a692e7bc2526cc7a29f7071,US,1,,
thehalara.com,id:6a692e68e48a84fa449755b6,native_id,6a692e68e48a84fa449755b6,2,true,1785285256,07/29/2026 00:34:16,Products great / service NOT,"I love your products, BUT... large but, you can not reach anyone.. I have tried the 24/7 chat thing and no one answers that, there is no way to get ahold of anyone. I am still needing help with my questions.  I only have 1 thing that didn't fit, but it way my 'free' item so then what happens?  and I really just need a smaller size, but don't feel it's worth it to if I have to pay shipping????",Amy,6a692e68ff3db27e94c801ab,US,1,,
thehalara.com,id:6a692d8453d67632fecf5ea5,native_id,6a692d8453d67632fecf5ea5,5,true,1785285028,07/29/2026 00:30:28,I love the items I bought.,"I love the items I bought.
I would highly recommend Halara 👌",Dawn Owen,64259cf261d50a0015f9fd7f,GB,20,,
thehalara.com,id:6a692aac07fc1e75c625c422,native_id,6a692aac07fc1e75c625c422,1,true,1785284300,07/29/2026 00:18:20,Poor returns you cannot handle it,Your customer service must be run by our current administration! It sucks and I will not order again I'm  extremely disappointed in this company! I know you could care less about one person ! But here we are ...fb Instagram  tick tock  ,Amy,61da6cd865c2820013a87c16,US,2,,
thehalara.com,id:6a6929d236a553f211de43a9,native_id,6a6929d236a553f211de43a9,3,true,1785284082,07/29/2026 00:14:42,I love my petal pushers,I love my petal pushers.  My issue is that I order 3 pairs and only received 2.   Customer Service is helping me at this moment.  ,Bridget,6a6929d1b06fbf6f09fa61c9,US,1,,
thehalara.com,id:6a69294f686d29d947025eb7,native_id,6a69294f686d29d947025eb7,5,true,1785283951,07/29/2026 00:12:31,Comfortable and cute qualitbclothing,"Comfortable and cute qualitbclothing, customer service policy for an exchange was fair. ",Mahriana Robinson,65ca6edd5764ce0011485d40,US,4,,
thehalara.com,id:6a6925cd1262a6080f6f6d09,native_id,6a6925cd1262a6080f6f6d09,1,true,1785283053,07/28/2026 23:57:33,The size I ordered was too big,The size I ordered was too big.  I have been trying to return this order so I can order right size.  I have tried online and can't get thru.  Tried to set up account and it kept asking me to verify a code & every time I re-entered it would ask again!!  If you can help plz call me @615-948-9728,Robin S,5a0cbd070000ff000ae311a8,US,2,,
thehalara.com,id:6a692385faaeda9b3f167258,native_id,6a692385faaeda9b3f167258,5,true,1785282469,07/28/2026 23:47:49,The perfect pant ,This was my first order of the Halara pants and I absolutely love them.  The fit was perfect. I am sure I will be ordering again.   ,Janice,5a2548650000ff000aebb794,US,4,,
thehalara.com,id:6a6921cf4f747b9a9c15fbed,native_id,6a6921cf4f747b9a9c15fbed,5,true,1785282031,07/28/2026 23:40:31,Order and delivery was fast and easy,Order and delivery was fast and easy. Pants were great quality and am very happy but would probably want to try petite sizing instead of regular next time ,Ann,6a6921ce236e3d4810e911b6,US,1,,
thehalara.com,id:6a691f24e3f7df6650b198b1,native_id,6a691f24e3f7df6650b198b1,3,true,1785281348,07/28/2026 23:29:08,I’m giving 3 stars due to your return…,"I’m giving 3 stars due to your return process. 
I’m still waiting on my refund from order 260707140116369815
I don’t know why it takes so long. You don’t even send an updated email on when I will get my refund. ",Thelma Desiena,67cee6ad1c0352f103031a02,US,2,,
thehalara.com,id:6a691eef9aa785df1350670f,native_id,6a691eef9aa785df1350670f,3,true,1785281295,07/28/2026 23:28:15,You cannot return or exchange things…,You cannot return or exchange things that dont fit and one of the items i bought isnt wearable. ,Valerie,6a691eef236e3d74a3e90e92,US,1,,
thehalara.com,id:6a691ee9da46a75670148f8b,native_id,6a691ee9da46a75670148f8b,5,true,1785281289,07/28/2026 23:28:09,Excelente,"Excelente! El
Tiempo de envío debería de ser más
Rápido pero de ahí todo excelente ",Natalia Gómez,658f4edcf49a3a0012cbcd10,MX,2,,
thehalara.com,id:6a691dbf93b36a635301c402,native_id,6a691dbf93b36a635301c402,5,true,1785280991,07/28/2026 23:23:11,very beautiful  evening,very beautiful  evening ,Emmy Then,6a56ded8b06fbf21e0e502a0,US,2,,
thehalara.com,id:6a691da880080f6d89bd42f4,native_id,6a691da880080f6d89bd42f4,5,true,1785280968,07/28/2026 23:22:48,Great experience!,Items are good quality and received in a timely fashion.  I am pleasantly surprised!,Nancy Rossi,58e7a6720000ff000a8ac0c0,US,5,,
thehalara.com,id:6a691d65d0ccb201b1c76e49,native_id,6a691d65d0ccb201b1c76e49,1,true,1785280901,07/28/2026 23:21:41,No respetan promociones,"No respetan promociones, ni establecen reglas para su aplicación. ",Ana,64cdbad94861160012602ff8,MX,4,,
thehalara.com,id:6a691cf8c3e7476676e3cca4,native_id,6a691cf8c3e7476676e3cca4,5,true,1785280792,07/28/2026 23:19:52,The fit and style of these dresses were…,The fit and style of these dresses were perfect! ,Theresa,6a691cf7c2526c3fb89f5de2,US,1,,
thehalara.com,id:6a691ce3effa9295010c1b5f,native_id,6a691ce3effa9295010c1b5f,5,true,1785280771,07/28/2026 23:19:31,Loved the shorts I bought,"Loved the shorts I bought. I liked the design, fit and nice fabric. ",kandy,66e743e5b963e2e797e290ff,US,2,,
thehalara.com,id:6a691c6450512c25107cdc46,native_id,6a691c6450512c25107cdc46,5,true,1785280644,07/28/2026 23:17:24,Schneller Versand,"Schneller Versand 
",Julia,6a691c63c2526c81019f5d2b,DE,1,,
thehalara.com,id:6a69197b8aba7d36c4bb250f,native_id,6a69197b8aba7d36c4bb250f,5,true,1785279899,07/28/2026 23:04:59,Jeans great for travel,"Jeans are comfy and great for travel. Light weight, no wrinkles and stretch fabric makes me feel like I am wearing pjs on long flights but look stylish ",Kristy,6a69197a236e3dd4dae907e5,US,1,,
thehalara.com,id:6a69186f7d77a58e989cd75d,native_id,6a69186f7d77a58e989cd75d,5,true,1785279631,07/28/2026 23:00:31,Good service ,"Ordered, delivered, good service. 
Very satisfied with goods some recent returns due to wrong size but reordered successfully. Would recommend .",Beverly Johnson,607de7fcd3ebb9001a1c91fd,GB,10,,
thehalara.com,id:6a691769e404dd7c03be926b,native_id,6a691769e404dd7c03be926b,5,true,1785279369,07/28/2026 22:56:09,Very comfortable and convenient ,"Very comfortable and the quality of the fabric materials are insane. I’m short and I requested the petite size, they fit perfectly. ",Jesyglorializ,6a6917687b418c7477921162,US,1,,
thehalara.com,id:6a69162d43eed093d425e365,native_id,6a69162d43eed093d425e365,1,true,1785279053,07/28/2026 22:50:53,Horrible experience,"Horrible experience. I bought some athletic shorts based on my size and the chart recommendations and they were not the right size. When I went to return them, they offered me a gift card instead so I thought that I would give them another try. The gift card never came despite me reaching out to support team chat and through email. I keep getting the run around on this. This experience has been completely unnecessary and I wish I wouldn’t have bought anything from this company to begin with. ",Kayla Stelzner,64f5f62e859b880012edd1ba,US,2,,
thehalara.com,id:6a6911edb44f6c7a03df2525,native_id,6a6911edb44f6c7a03df2525,5,true,1785277965,07/28/2026 22:32:45,Super comfy & good looking. Get asked where I got them all the time,Order came quickly...product was as described...great quality ,Jill,6a6911ed236e3d9b62e8fe2f,US,1,,
thehalara.com,id:6a6910cefd0b03a86b3d362b,native_id,6a6910cefd0b03a86b3d362b,5,true,1785277678,07/28/2026 22:27:58,Love the quality,"Love the quality, worth the wait! ",Yessenia,6a6910cd7b418c60dd9208dc,US,1,,
thehalara.com,id:6a6910a4f975267c04107628,native_id,6a6910a4f975267c04107628,4,true,1785277636,07/28/2026 22:27:16,"Fit was go, just a little snug on the waist","Fit was go, just a little smaller on the waist. Arrival was timely,.",Violet  Terawaki,601451169114690019959669,US,4,,
thehalara.com,id:6a69109e3fa584ff116e0d63,native_id,6a69109e3fa584ff116e0d63,2,true,1785277630,07/28/2026 22:27:10,Do not like the pants,Do not like the pants. very tight in waist then big on legs,Nicole,6a69109dff3db210f2c7df4a,US,1,,
thehalara.com,id:6a69103c12b76ba444cba4ef,native_id,6a69103c12b76ba444cba4ef,5,true,1785277532,07/28/2026 22:25:32,Love the pants I ordered...true to…,Love the pants I ordered...true to size. Shipped fast.,Amber,6a69103b7b418c606e9207ec,US,1,,
thehalara.com,id:6a69103b156f469c60bc0e3f,native_id,6a69103b156f469c60bc0e3f,1,true,1785277531,07/28/2026 22:25:31,Never received gift card code for…,Never received gift card code for return.  ,Christa Ziegler,67016f0355434779a1a5f10c,US,2,,
thehalara.com,id:6a69101f0dfdcab27432b607,native_id,6a69101f0dfdcab27432b607,1,true,1785277503,07/28/2026 22:25:03,I am extremely unhappy with your…,"I am extremely unhappy with your company. I have been trying to return my order, and the only feed back I get is that I would hear from you within twenty four hours. That was forty eight hours ago. I have repeatedly asked what the hold up is, and have received no answers!",Kari,6a69101e7b418c32909207bd,US,1,,
thehalara.com,id:6a690f3ce9e36a08d4ad4c0b,native_id,6a690f3ce9e36a08d4ad4c0b,5,true,1785277276,07/28/2026 22:21:16,Quality of the material ,All the items I got are all comfortable to wear,Emmalyn,6a690f3c7b418c05a492067e,US,1,,
thehalara.com,id:6a690b8601ca224824055f85,native_id,6a690b8601ca224824055f85,5,true,1785276326,07/28/2026 22:05:26,Best leggings for the price,Best leggings for the price! I love the tummy control!,Lynn,6a690b85ff3db27ed2c7d8a0,US,1,,
thehalara.com,id:6a6909e6e1f0c9064a149367,native_id,6a6909e6e1f0c9064a149367,5,true,1785275910,07/28/2026 21:58:30,Products are always great,"Products are always great, size is pretty much close to fit. But I did order the high waisted white leg pocket stretchy jeans. The medium fit great but they were very long. There is no petite to get a shorter length.",CN,6356a9066cbae7001256d912,US,3,,
thehalara.com,id:6a6909b2b920d082156411ac,native_id,6a6909b2b920d082156411ac,5,true,1785275858,07/28/2026 21:57:38,I ordered a dress,I ordered a dress. It’s my second one. I love it. The color selection is fabulous. My only complaint is that shipping g takes too long. ,Mary Signorino,5fbc2e59cd6931001943bd00,US,4,,
thehalara.com,id:6a6907e5807c757fef1e849c,native_id,6a6907e5807c757fef1e849c,5,true,1785275397,07/28/2026 21:49:57,Clothes fit great and are so cute!,Clothes fit great and are so cute!,Victoria,6a6907e5236e3d8015e8f0e6,US,1,,
thehalara.com,id:6a6907c0c9d9799f2a873c9d,native_id,6a6907c0c9d9799f2a873c9d,5,true,1785275360,07/28/2026 21:49:20,I love Halara!,"I love Halara!
Perfect  to wear, looks great, feels comfortable!
",Julia Spiegl,5d8d0437ee68217b7c666154,AT,19,,
thehalara.com,id:6a69073660545b7805ce0a3f,native_id,6a69073660545b7805ce0a3f,3,true,1785275222,07/28/2026 21:47:02,Most of what I received were nice,Most of what I received were nice. The first order I ever made were for dresses that I didn’t know we’re gonna take over two months to be received and as of today I still haven’t received them so until I can get what I originally ordered I can’t really rate Your process or Program. ,Gloria Lowe,5c257cc6b1584ac707543f79,US,3,,
thehalara.com,id:6a6907068d7cb76826e73c70,native_id,6a6907068d7cb76826e73c70,2,true,1785275174,07/28/2026 21:46:14,I didn’t see anywhere when purchasing…,I didn’t see anywhere when purchasing that there were no returns. No exchange or return either put a fee and paying mail for the return. I don’t mind one but it’s a huge loss of money to try and shop your things when one can’t exchange or return without penalties! ,KjD,665af64a9e541985dc7ab97c,US,2,,
thehalara.com,id:6a6905fb1e9b94985ffaeaa5,native_id,6a6905fb1e9b94985ffaeaa5,5,true,1785274907,07/28/2026 21:41:47,Great fit,Great fit! Great look! Good compression!  Fabulous quality!,Valerie,6a6905fa236e3d3a38e8ee46,US,1,,
thehalara.com,id:6a690576f8595bdfc267188b,native_id,6a690576f8595bdfc267188b,5,true,1785274774,07/28/2026 21:39:34,Returning items,Received wrong sized item and it was such an easy refund process. I quickly ordered more. ,Dianne,6a690575236e3d4106e8ed9a,US,1,,
thehalara.com,id:6a690561e9ec0b280a0f61c4,native_id,6a690561e9ec0b280a0f61c4,1,true,1785274753,07/28/2026 21:39:13,Did not receive what I expected,"I bought 3 dresses using the sizing chart and taking advice from 3 friends who bought the same dresses and are the same size as me.  None of them fit and in fact were so tight that I could not even get them on.  Since they make these dresses to order despite the fact that the same size dresses looked and fit perfectly on my friends, not sure if they made them incorrectly or what - but I will need to return them.  Also, once you order, they bombard you with many emails per day which is annoying.  I won't be ordering again from this company.  ",Jane,6a690560c2526c94899f3dfd,US,1,,
thehalara.com,id:6a69055ab7912725c99b86df,native_id,6a69055ab7912725c99b86df,3,true,1785274746,07/28/2026 21:39:06,Retoure,Der Kunde muss selber für die Retoure zahlen. Eine kostenlose Retoure ist nur möglich wenn man als Rückerstattung ein Halara Geschenkkarte dafür anwählt.,Marta,6a690559c2526c45d49f3dec,DE,1,,
thehalara.com,id:6a6903e034171316b79ce8d2,native_id,6a6903e034171316b79ce8d2,5,true,1785274368,07/28/2026 21:32:48,Easy to order and good quality,Easy to order and good quality ,Jacqueline,6a6903dfb06fbf2d73fa335c,US,1,,
thehalara.com,id:6a6902fbbed9005dddd9927e,native_id,6a6902fbbed9005dddd9927e,5,true,1785274139,07/28/2026 21:28:59,Love the shorts ,Love the shorts ! Delivering was great ! Highly recommend! ,TERESA BAKER,660acc872ee8c60011f2c668,US,2,,
thehalara.com,id:6a6902f53c7c4f10ad045c7d,native_id,6a6902f53c7c4f10ad045c7d,5,true,1785274133,07/28/2026 21:28:53,Friend bought these Jeans and I loved…,Friend bought these Jeans and I loved them so ordered some. So glad I did they are lovely and arrived eay early as well. ,Rita Osborne,582c8da90000ff000a57fc99,GB,11,,
thehalara.com,id:6a6901d4ed1674f48bdeada5,native_id,6a6901d4ed1674f48bdeada5,5,true,1785273844,07/28/2026 21:24:04,I’m very happy with my order,"I’m very happy with my order, fits my body really well, and the fabric feels soft and comfortable. Everything looks great and is comfortable to wear. ",Nataliia Vova,6a0b69c36219145b7c6eb0c4,US,1,,
thehalara.com,id:6a69014af4c6a770a3cb6f14,native_id,6a69014af4c6a770a3cb6f14,1,false,1785273706,07/28/2026 21:21:46,Der Kundenservice ist quasi nicht vorhanden,"Der Kundenservice ist quasi nicht vorhanden. Egal ob Livechat oder Mail, man bekommt nie eine Antwort. Ich wollte Ware zurücksenden, bekomme aber keine Antwort wohin. Nie wieder würde ich da bestellen. Ich hoffe, dass PayPal das klären kann.",Kunde,5d0f1cba79ad367767ea2844,DE,4,"Sehr geehrter Kunde,
es tut uns leid, von Ihren Bedenken zu hören, und wir verstehen Ihre Zurückhaltung.
Damit wir Ihren Fall ordnungsgemäß prüfen und Ihnen kompetente Hilfe leisten können, würden wir Sie bitten, uns Ihre Bestellnummer mitzuteilen. Alternativ können Sie uns Ihre Angaben auch per E-Mail an service@cs.halara.com senden; unser Team wird sich gerne für Sie darum kümmern.
Wir bedanken uns für Ihr Feedback und die Gelegenheit, eventuelle Missverständnisse auszuräumen.",2026-07-29T03:56:53.000Z
thehalara.com,id:6a6901083db4da5dda961ca3,native_id,6a6901083db4da5dda961ca3,3,true,1785273640,07/28/2026 21:20:40,Not quite what I had expected ,"The experience was wonderful,  the product fell a little short of expectations.  Due to the description,  I felt that it would have more support and ""compression "" than it does. ",Allyson,6a690108c2526cf7319f37d0,US,1,,
thehalara.com,id:6a6900c88e09b2d173bd5330,native_id,6a6900c88e09b2d173bd5330,5,true,1785273576,07/28/2026 21:19:36,I always love finding petite sized…,I always love finding petite sized clothes these are just a tad too long but I like them!,Bella,66b991f4e0eba98e2e638ba2,US,1,,
thehalara.com,id:6a6900b8030a0a244a0b2be7,native_id,6a6900b8030a0a244a0b2be7,5,true,1785273560,07/28/2026 21:19:20,Everything fit perfectly and I loved it…,Everything fit perfectly and I loved it all!,Melanie K.,636ab306e01f360013b29157,US,3,,
thehalara.com,id:6a68ffa5b8a858e78bcf3898,native_id,6a68ffa5b8a858e78bcf3898,5,true,1785273285,07/28/2026 21:14:45,great products and service,great products and service ,Elizabeth,61684ff04ed8a8001278883b,US,3,,
thehalara.com,id:6a68ff947e5c3cc934bb4e01,native_id,6a68ff947e5c3cc934bb4e01,3,true,1785273268,07/28/2026 21:14:28,Excessive delivery time,Love the products but the shipping was excessively long. My account was charged on 6/30 and did not go out for delivery until 7/25,JC,5f8c40442d1fd60019b257d4,US,2,,
thehalara.com,id:6a68ff4275a5b3e516ca3e63,native_id,6a68ff4275a5b3e516ca3e63,5,true,1785273186,07/28/2026 21:13:06,Love the quality and fit of all your…,Love the quality and fit of all your products! (high waisted draw string pants & Soflty zero!)  will be back for more. ,Patricia Kestler,6841b467f0e9f3104c64c0f6,US,2,,
thehalara.com,id:6a68fe2ba08fa79bba212d86,native_id,6a68fe2ba08fa79bba212d86,5,true,1785272907,07/28/2026 21:08:27,Love the feel of the pants and…,Love the feel of the pants and different color options ,Micaela,6a68fe2bc2526c5ae89f3374,US,1,,
thehalara.com,id:6a68fddd7a6bb6bec901632e,native_id,6a68fddd7a6bb6bec901632e,1,true,1785272829,07/28/2026 21:07:09,Don’t like the dress,Don’t like the dress. The fabric is weird,Darci,6a68fddcc2526c24569f32fc,US,1,,
thehalara.com,id:6a68fdbbc5030252bd00d903,native_id,6a68fdbbc5030252bd00d903,2,true,1785272795,07/28/2026 21:06:35,Did not arrive on time ,Did not arrive on time . Poor product quality .,Andrea,6a68fdba7b418c46c691edc2,US,1,,
thehalara.com,id:6a68fdb09ad07b31a2cc2436,native_id,6a68fdb09ad07b31a2cc2436,5,true,1785272784,07/28/2026 21:06:24,This gal LOVES Halara,"This gal LOVES Halara products though, being middle aged, I do wish some of those cuties would come in something other than XL.  You have become my new go-to and I'm loving the quality, comfort and look of all of the new things that come in.  XXL plz?",Connie,6a68fdb07b418c4f4491edb5,US,1,,
thehalara.com,id:6a68fd606ef6766d2d5ab0e6,native_id,6a68fd606ef6766d2d5ab0e6,5,true,1785272704,07/28/2026 21:05:04,great clothes,"great clothes, fast shipping",jan,63a49ce60da58300121e7c3d,US,6,,
thehalara.com,id:6a68fcbd735482ee0cfb2b35,native_id,6a68fcbd735482ee0cfb2b35,1,true,1785272541,07/28/2026 21:02:21,Halara orders take way too long to…,Halara orders take way too long to receive. We'll over a month.,Jeani,6a68fcbcc2526c855f9f3161,US,1,,
thehalara.com,id:6a68fb118666147a75ed0d16,native_id,6a68fb118666147a75ed0d16,5,true,1785272113,07/28/2026 20:55:13,great clothes and delivered  on time,great clothes and delivered  on time ,Jayne,6a68fb11ff3db28188c7c09d,US,1,,
thehalara.com,id:6a68fac80d4d2f58309dc8d3,native_id,6a68fac80d4d2f58309dc8d3,2,true,1785272040,07/28/2026 20:54:00,Would like if it were easier to speak…,Would like if it were easier to speak to someone in customer service.,Azenet,6a68fac7b06fbfaa63fa2644,US,1,,
thehalara.com,id:6a68faa06a0f4f50cdb7ee68,native_id,6a68faa06a0f4f50cdb7ee68,5,true,1785272000,07/28/2026 20:53:20,I love everything I’ve ordered…,I love everything I’ve ordered from the Halara but the jeans are next level!,Carolyn,5ed583c7bb3af16127181559,US,6,,
thehalara.com,id:6a68fa8560be467c7d073122,native_id,6a68fa8560be467c7d073122,5,true,1785271974,07/28/2026 20:52:54,Loved everything about the item except…,"Loved everything about the item except how difficult it is to find information to exchange or if exchange is even possible. I don’t want to return for refund, I just want a smaller size. Believe them when they say the size runs big. ",KLove,6a68fa84c2526c0c329f2df0,US,1,,
thehalara.com,id:6a68fa371e2d76368571c2ff,native_id,6a68fa371e2d76368571c2ff,2,true,1785271895,07/28/2026 20:51:35,The delivery took an extraordinary…,The delivery took an extraordinary amount of days- made me questioned if the site was legit.,Jacqueline,6a68fa36ff3db2190fc7bf54,US,1,,
thehalara.com,id:6a68f99be29b27e3eea641b3,native_id,6a68f99be29b27e3eea641b3,5,true,1785271739,07/28/2026 20:48:59,Customer service in regard to returns.,"Customer service in regard to returns.
Quality of the products",Sejal,6a68f99bff3db27d35c7be8e,US,1,,
thehalara.com,id:6a68f7d0ffb18b9985ca2c33,native_id,6a68f7d0ffb18b9985ca2c33,4,true,1785271280,07/28/2026 20:41:20,Worth it,Slow delivery of this GREAT PRODUCT ,Karen Cess Wlodarek,5d2393167bc731540784ab5d,US,7,,
thehalara.com,id:6a68f753fdfd40c20e3d1ada,native_id,6a68f753fdfd40c20e3d1ada,4,true,1785271155,07/28/2026 20:39:15,The quality and delivery service.,The quality and delivery service.,Lisanne Schuster,6296283648784e0011fa61ca,US,8,,
thehalara.com,id:6a68f712c059abbfe91125d7,native_id,6a68f712c059abbfe91125d7,5,true,1785271090,07/28/2026 20:38:10,Takes a long time to get item,"Great quality, love the dress fit perfect",Cheryl,6a68f7117b418ccc6191e3b2,US,1,,
thehalara.com,id:6a68f6f9fd4307c05dcb557f,native_id,6a68f6f9fd4307c05dcb557f,5,true,1785271065,07/28/2026 20:37:45,Amazing customer support.,Amazing customer support.,Shameka,6a68f6f8236e3db062e8d860,US,1,,
thehalara.com,id:6a68f6ecff1a113e2851063a,native_id,6a68f6ecff1a113e2851063a,5,true,1785271052,07/28/2026 20:37:32,Fit and quality are outstanding!,Fit and quality are outstanding!,Tamar,6a50d835515c4d41465ed2e6,US,2,,
thehalara.com,id:6a68f6afc05f2df8f92db620,native_id,6a68f6afc05f2df8f92db620,5,true,1785270991,07/28/2026 20:36:31,Love your clothes,"Love your clothes, and thank you for including petite sizes!",Customer,575d85810000ff000a287876,US,45,,
thehalara.com,id:6a68f5c9c6c2687432101c6d,native_id,6a68f5c9c6c2687432101c6d,3,true,1785270761,07/28/2026 20:32:41,"Qualität nicht wie erhofft, Service gut","Qualität nicht wie erhofft, dennoch guter Kundenservice, ich konnte alles problemlos reklamieren. ",Frau Anja Engelhart,5331b64600006400016ab005,DE,8,,
thehalara.com,id:6a68f4acd9f5678311d76c2b,native_id,6a68f4acd9f5678311d76c2b,5,true,1785270476,07/28/2026 20:27:56,Love my denim skirt,"The denim skirt I bought was exactly as described and fit perfectly. It is comfortable and stylish.

Delivery was faster than expected. ",Prosecrafter,6796ac32089ebe7563cca1e7,US,2,,
thehalara.com,id:6a68f43b0817ea77487e137e,native_id,6a68f43b0817ea77487e137e,2,true,1785270363,07/28/2026 20:26:03,Order took way too long to arrive,Order took way too long to arrive. I got a confirmation email saying delivery would be July 8 and it wasnt until after July 20th when I got the order,Dani,6a68f43bff3db278bbc7b601,US,1,,
thehalara.com,id:6a68f17020948da74081719a,native_id,6a68f17020948da74081719a,5,true,1785269648,07/28/2026 20:14:08,Excellent !,Excellent !,customer,65dfc699cd26c20012d6995a,US,7,,
thehalara.com,id:6a68f09bd1beb0699f9ab899,native_id,6a68f09bd1beb0699f9ab899,1,true,1785269435,07/28/2026 20:10:35,They didn’t fit and I tried to return…,They didn’t fit and I tried to return but my verification number was never sent to my email ,Jennifer,6a68f09b7b418c50b791d97c,US,1,"Hello,
Thank you for sharing your feedback. We're truly sorry that the items didn't fit and that you were unable to complete your return because the verification code was not sent to your email.
Our team has already reached out to you via email regarding this matter so we can assist you further and work toward the best possible solution. Please kindly check your inbox (including your spam/junk folder) and reply to our email at your convenience.
Thank you for your patience and for giving us the opportunity to make things right.",2026-07-29T07:16:37.000Z
thehalara.com,id:6a68ed1195dba4cfe76fca6e,native_id,6a68ed1195dba4cfe76fca6e,1,true,1785268529,07/28/2026 19:55:29,Incredibly difficult to talk to a human…,Incredibly difficult to talk to a human to resolve customer service issues.  Return process is a joke. Intentionally user unfriendly. Will never ever order from Halara again ,Lindsey,6a68ed10236e3d4f60e8c870,US,1,"Hello,
We’re truly sorry that you found it so difficult to reach a member of our customer service team and that the return process left you feeling frustrated. Please accept our sincere apologies for any inconvenience caused.
We would like to confirm that we have received your email, and our relevant team has processed this matter.
Thank you for your patience and for giving us the opportunity to make things right.",2026-07-29T07:48:51.000Z
thehalara.com,id:6a68ec03ac6d9637ecc75711,native_id,6a68ec03ac6d9637ecc75711,3,true,1785268259,07/28/2026 19:50:59,Ordering was easy,"Ordering was easy, shipping was quick, sizing was not correct. These pants I got are for skinny girls with no booty",Valued Customer,5c3e9f2fe6dd327665c8726e,US,2,,
thehalara.com,id:6a68ebc2baf6db016bb5ff8d,native_id,6a68ebc2baf6db016bb5ff8d,3,true,1785268194,07/28/2026 19:49:54,Die Produkte und Schnitte sind super,"Die Produkte und Schnitte sind super, jedoch habe ich 4 Wochen oder sogar länger auf meine Lieferung gewartet und habe die lockeren Umstandshosen schon sehnlichst erwartet ",Viktoria  Bauer ,60a81763889c8d0019bcccf8,AT,4,,
thehalara.com,id:6a68ead8a2a4c391803aeecb,native_id,6a68ead8a2a4c391803aeecb,5,true,1785267960,07/28/2026 19:46:00,War alles Bestens.,War alles Bestens.,Kunde,6094c321beb8b700194a56a5,DE,6,,
thehalara.com,id:6a68e9b3ab11dd6032221760,native_id,6a68e9b3ab11dd6032221760,5,true,1785267667,07/28/2026 19:41:07,Took a looking time to get them,Took a long time to get them. But the wait was worth it. These tanks are amazing and fit me like a glove!,D. Double,6308e9bdb2fce80012ac71f7,US,2,,
thehalara.com,id:6a68e96dabf45845d8b615c1,native_id,6a68e96dabf45845d8b615c1,5,true,1785267597,07/28/2026 19:39:57,Love the fabric!,Love the fabric! ,Tasha,5818bf2b0000ff000a530fc1,US,2,,
thehalara.com,id:6a68e7a1dc3bbeb8dd3ae3be,native_id,6a68e7a1dc3bbeb8dd3ae3be,3,true,1785267137,07/28/2026 19:32:17,I bought 3 dresses but not the type I wanted,"I bought 3 dresses but it turns out, they didn't have the shorts that you can just pull down without having to remove the entire dress to use the bathroom.  Considering I bought three, this find was very disappointing.",Annette,648cfc29cf3ad800127c543d,US,2,"Hello,
Thank you for sharing your feedback. We’re truly sorry to hear that the dresses did not meet your expectations.
Our team has already reached out to you via email regarding this matter so we can assist you further and work toward the best possible solution. Please kindly check your inbox (including your spam/junk folder) and reply to our email at your convenience.
Thank you for your patience and for giving us the opportunity to make things right.",2026-07-29T07:26:50.000Z
thehalara.com,id:6a68e6b41fe8cf46e1dd5802,native_id,6a68e6b41fe8cf46e1dd5802,5,true,1785266901,07/28/2026 19:28:21,Gute Qualität,Die Qualität der Kleidung entspricht meiner Erwartung.,Yu-Hsuan Lin,669d2c536c223783d71ea307,AT,2,,
thehalara.com,id:6a68e5c07b5500c33311f73d,native_id,6a68e5c07b5500c33311f73d,1,true,1785266656,07/28/2026 19:24:16,Horrible experience,Horrible experience. I want to return but it keeps defaulting to Credit. I don't want you clothes!  ,LaDonna,67bdc16c98acc71e0404d14a,US,2,,
thehalara.com,id:6a68e5b916608ae7553fdaab,native_id,6a68e5b916608ae7553fdaab,1,true,1785266649,07/28/2026 19:24:09,Ganz furchtbar in Bezug auf den…,"Ganz furchtbar in Bezug auf den Rücksendungsprozess,welcher m.M.nach bewusst sehr verkompliziert wird....zudem müssen die Rücksendungskosten komplett selbst getragen werden,was ich so von anderen Versandhändlern auch nicht kenne 
",Ihr Name,660ac57917cfe20012d32d9f,DE,3,,
thehalara.com,id:6a68e4900b69602fd1d3d3c0,native_id,6a68e4900b69602fd1d3d3c0,1,true,1785266352,07/28/2026 19:19:12, Erschwerte Rückgabe,"Die Rückgabe von Waren ist leider sehr umständlich. Auf der Webseite bzw. in der App lässt sich keine eindeutige Möglichkeit für eine Rücksendung finden. Der Kundenservice benötigt zudem jedes Mal mindestens 24 Stunden, um zu antworten. Auf das eigentliche Problem wird dabei nicht eingegangen – stattdessen wird sofort ein Gutschein angeboten, der innerhalb von drei Monaten eingelöst werden muss. Das empfinde ich als keine zufriedenstellende Lösung und bin daher mit dem Rückgabeprozess sehr unzufrieden.
Ich würde nichts mehr bestellen, hab mich nur für die Hosen entschieden da ich sie vorher bei meiner Freundin probieren konnte. ",Nicole,6a66de69b06fbf23ebf7116e,CH,2,,
thehalara.com,id:6a68e4865154c0def7ed9405,native_id,6a68e4865154c0def7ed9405,5,true,1785266342,07/28/2026 19:19:02,Perfecto quality and comfort,Perfecto quality and comfort,Claudia,6a68e485b06fbf29effa02d6,US,1,,
thehalara.com,id:6a68e385672e9c09f846fc15,native_id,6a68e385672e9c09f846fc15,5,true,1785266085,07/28/2026 19:14:45,Besides your products being great,"Besides your products being great, my package was delivered SO quickly!! Thank you!! Now I need to hunt for wrinkle free pants like these linen feel ones that I purchased! ",Regina,6a68e385236e3d9da0e8b915,US,1,,
thehalara.com,id:6a68e25fa956279ac3f7e3d6,native_id,6a68e25fa956279ac3f7e3d6,5,true,1785265791,07/28/2026 19:09:51,Excellent customer service and follow…,"Excellent customer service and follow up 
Impressed 
Thanks so much ! ",Amelia Gewirtz BHS,635b340e49db5f0012358f71,US,3,,
thehalara.com,id:6a68e0ea5ceb6307686da04e,native_id,6a68e0ea5ceb6307686da04e,5,true,1785265418,07/28/2026 19:03:38,Brste online Kauf ohne entzäudch zu…,Brste online Kauf ohne entzäudch zu wrrden mit allem zu frieden ,Ayse,6a3995d09192b7e7128661cf,DE,2,,
thehalara.com,id:6a68dd763fe840ae9493bb1b,native_id,6a68dd763fe840ae9493bb1b,5,true,1785264534,07/28/2026 18:48:54,I like that it gives a pretty accurate…,I like that it gives a pretty accurate sizing information. Check out is pretty straightforward and you have various of options to choose from like Apple Pay,Tania Stenbett,68e3df568a838c3c5a86df63,US,1,,
thehalara.com,id:6a68dd29d34d4d97620f2e69,native_id,6a68dd29d34d4d97620f2e69,4,true,1785264457,07/28/2026 18:47:37,As described. Just slow,"The products are great. The quality is much better than other on line places. The size guides are true. The on line adds (videos) are helpful. 

I had to return a couple things and that was seamless. 

The only thing is they take so long to get to you once ordered.  I klana’d my order and I’d almost paid the 2nd month by the time the order arrived (it was within its window)  ",Annie,62be8dec96481900130c153c,GB,21,,
thehalara.com,id:6a68dcec47e375a63428cdcd,native_id,6a68dcec47e375a63428cdcd,2,true,1785264396,07/28/2026 18:46:36,Poor quality fabric,"Poor quality fabric. I expected it to not be great, but it was worse than my low expectations. 
Fit is okay, shape of the clothes seems to be designed to use as little fabric as possible, even if it doesn't suit the overall design.
We'll see how the clothes hold up over time, I'm not getting my hopes up. Might cut some of them up to use as patterns to create versions with better fabric and more proper shapes",Amy,6a68dcebb06fbf493bf9f5af,US,1,"Hello,
Thank you for sharing your feedback. We’re truly sorry that the fabric quality and overall design did not meet your expectations.
Our team has already reached out to you via email regarding this matter so we can assist you further and work toward the best possible solution. Please kindly check your inbox (including your spam/junk folder) and reply to our email at your convenience.
Thank you for your patience and for giving us the opportunity to make things right.",2026-07-29T06:45:12.000Z
thehalara.com,id:6a68dc3a2df69790ab9a747e,native_id,6a68dc3a2df69790ab9a747e,5,true,1785264218,07/28/2026 18:43:38,Absolutely loved the shorts I got and…,"Absolutely loved the shorts I got and such a great price.  The material is super soft, fit perfectly,  wash perfectly ",Samantha smale,645127b685199d001213d3ff,GB,35,,
thehalara.com,id:6a68db04c8091c76e2066d5f,native_id,6a68db04c8091c76e2066d5f,5,true,1785263909,07/28/2026 18:38:29,Ich bin supi begeistert ,"Ich bin supi begeistert 

Bei einer Größe von 183cm passt perfekt die Länge - ich lieb‘s 

",Mandy,6a68db03ff3db24d99c78c63,DE,1,,
thehalara.com,id:6a68d8cb3a7a8163ad985de6,native_id,6a68d8cb3a7a8163ad985de6,3,true,1785263340,07/28/2026 18:29:00,the shorts were great the tops were a…,the shorts were great the tops were a bit tight and would have sized up if i realized they were so fitted.,Kim,6a68d8cbb06fbf894df9ee95,US,1,"Hello,
Thank you for sharing your feedback. We're truly sorry that the tops were tighter than you expected.
Our team has already reached out to you via email regarding this matter so we can assist you further and work toward the best possible solution. Please kindly check your inbox (including your spam/junk folder) and reply to our email at your convenience.
Thank you for your patience and for giving us the opportunity to make things right.",2026-07-29T07:35:24.000Z
thehalara.com,id:6a68d7f537cedd8c44eb5a74,native_id,6a68d7f537cedd8c44eb5a74,1,false,1785263125,07/28/2026 18:25:25,COMMANDEZ AILLEURS ,"COMMANDEZ AILLEURS ! 
Déjà, je trouve le site mal fait, pas intuitif. 
j'ai commandé 3 articles, ma commande a été divisée en deux colis et je ne l'ai su qu'après la commande  passée, pas au moment de vérifier mon panier... sinon, j'aurai pas poursuivi l'achat... 
Premier colis recu 5 jours après, le livreur est arrivé à 19H30 c'est original. J'ai failli ne pas ouvrir car aucune information avant la livraison, pas de tranche horaire. 
Le second colis arrivé 15 jours après ! 
je n'aime pas la matière, ni la coupe, ni la qualité qui est médiocre pour des prix franchement pas justifiés pour ce que c'est ! 75euro pour 2 tee shirt basiques et un pantalon sans chichi, je trouve ça très cher et j'ai visé les articles les moins onéreux ! 
Ensuite je n'arrivais pas à enregistrer mon retour, plantage du site à cette étape, la personne du chat me donne des renseignements erronés (comme quoi je n'ai pas droit à un bon de retour) et service client que je contacte alors, a été inutile et le site qui plantait toujours à cette étape. Je me suis débrouillée seule et j'ai eu mon bon de retour : bonne surprise supplémentaire : le retour est payant ! 
Voilà maintenant j'espère que je ne vais pas attendre une plombe pour être remboursée... ",binisti,64e3489c56ea1c0012c7d5c8,FR,2,"Cher client,
Merci de nous avoir fait part de vos commentaires. Nous sommes sincèrement désolés d'apprendre ce que vous avez vécu et comprenons à quel point cela a dû être frustrant de rencontrer plusieurs problèmes liés à votre commande, notamment la livraison fractionnée, les retards de livraison, les problèmes sur le site web, la procédure de retour et le service client.
Notre équipe vous a déjà contacté par e-mail à ce sujet afin de vous aider davantage et de trouver la meilleure solution possible. Veuillez vérifier votre boîte de réception (y compris votre dossier spam/courrier indésirable) et répondre à notre e-mail dès que possible.
Merci de votre patience et de nous donner l'occasion de rectifier la situation.",2026-07-29T07:54:31.000Z
thehalara.com,id:6a68d7d71e78ffbf74c6f361,native_id,6a68d7d71e78ffbf74c6f361,5,true,1785263095,07/28/2026 18:24:55,Good communications regarding orders…,Good communications regarding orders and new offers.  Good quality products as well.  Thank you.,Karen,6a68d7d6236e3d8104e8a42d,US,1,,
thehalara.com,id:6a68d6174739d68f974b1886,native_id,6a68d6174739d68f974b1886,1,true,1785262647,07/28/2026 18:17:27,Der Retourenprozess ist sehr aufwendig,"Der Retourenprozess ist sehr aufwendig. 
Der Jumpsuit war nicht wie sonst bei Harlara aus einem elastischen Stoff. Sehr schade",Anita,6a68d617236e3d3545e8a0e1,DE,1,,
thehalara.com,id:6a68d50a065b22e205cc2986,native_id,6a68d50a065b22e205cc2986,5,true,1785262378,07/28/2026 18:12:58,Easy to return and reorder the correct…,"Easy to return and reorder the correct size. Love the shorts and the shirt, quality is fantastic!",MGG,61b20fd0a86a51001288cbff,US,5,,
thehalara.com,id:6a68d5086acbf02f7283c4ee,native_id,6a68d5086acbf02f7283c4ee,4,true,1785262376,07/28/2026 18:12:56,Petite ist etwas kurz,Petite ist etwas kurz,Atiz,63f237782c3e940012e8cf00,DE,7,,
thehalara.com,id:6a68d4daa0338de423c8416f,native_id,6a68d4daa0338de423c8416f,1,false,1785262330,07/28/2026 18:12:10,Order took over 4 weeks to arrive,"Order took over 4 weeks to arrive, despite saying 5-8 days. Had ordered specific items for a holiday, but they arrived while I was away.  Items themselves really disappointing - baggy and shapeless, fabric full of creases and would need endless ironing.  Returns process made deliberately complicated, involving photos of items (never come across another retailer who does that, can't believe they get away with it). Presumably returns made difficult because a lot of people want to use it - will be surprised if they actually pay up.",Katherine Byrne,5f2a5dbc5e6fb0c9e9f95daf,GB,1,"Hello,
Thank you for sharing your feedback. We're truly sorry that your order arrived after your holiday, that the items did not meet your expectations, and that the return process caused you additional frustration.
Our team has already reached out to you via email regarding this matter so we can assist you further and work toward the best possible solution. Please kindly check your inbox (including your spam/junk folder) and reply to our email at your convenience.
Thank you for your patience and for giving us the opportunity to make things right.",2026-07-29T07:58:22.000Z
thehalara.com,id:6a68d4bb4032c850ebfc1139,native_id,6a68d4bb4032c850ebfc1139,5,true,1785262299,07/28/2026 18:11:39,I love your clothes,I love your clothes!  They are stylish and so very comfortable!  Customer service is timely and professional!  Thank you so much!,Deidre,6a2d97f8a71de0a28389c3ae,US,2,,
thehalara.com,id:6a68d1bff13d5c5e814f5966,native_id,6a68d1bff13d5c5e814f5966,1,false,1785261535,07/28/2026 17:58:55,I ordered on 7/11 and was given a…,I ordered on 7/11 and was given a delivery time of 8-10 days. I have yet to receive my order the website says still in transit and I tried to cancel but was told by customer service that it is too late to cancel my order but they still couldn't give me any information on when I should have my delivery. I'm very disappointed with this transaction and I can assure you I will not order from here again. ,Alicia Carr,5ca38de7a8a547347ba42afd,US,3,"Hello,
We’re truly sorry for the delay with your order and for the frustration caused by the lack of clear delivery updates. Please accept our sincere apologies for any inconvenience caused.
We would like to confirm that we have received your email, and our relevant team has processed this matter.
Thank you for your patience and for giving us the opportunity to make things right.",2026-07-29T06:50:23.000Z
thehalara.com,id:6a68d0d5df63e489e3fd31ca,native_id,6a68d0d5df63e489e3fd31ca,5,true,1785261301,07/28/2026 17:55:01,Shorts,A great selection to chose from with numerous color choices and sizes.,Michele Johnson,641f704b481a950013bd2902,US,5,,
thehalara.com,id:6a68d07219c66bdae2657c76,native_id,6a68d07219c66bdae2657c76,5,true,1785261202,07/28/2026 17:53:22,Bought the trousers in grey and green,"Bought the trousers in grey and green. Comfortable and pockets were deep enough to hold my phone.
Wash well. Dry quickly. ",Tracy,53cc290700006400017ff4a5,GB,68,,
thehalara.com,id:6a68cf165cb06bb5c3d54487,native_id,6a68cf165cb06bb5c3d54487,5,true,1785260854,07/28/2026 17:47:34,Easy order and product was actually…,Easy order and product was actually delivered on the first order.,DEBORAH CHILDRESS,675b8d038a0bb67a37b3a8e6,US,2,,
thehalara.com,id:6a68cd92b60935fb90dc4c37,native_id,6a68cd92b60935fb90dc4c37,5,true,1785260466,07/28/2026 17:41:06,Perfect shorts! ,"I was hesitant about ordering because of all the sale prices but wow, I was pleasantly surprised. The shorts are so comfortable and fit so nice. I got so many compliments on them and the pants that are a linen blend & don’t wrinkle are awesome. I’ve been wearing them all summer for dressier nights out. The shipping was quick. The communication was great. I had to exchange and got the new pairs of shorts quickly. Highly recommend. ",Jaclyn Ward,5b5767054de5666d34512ff1,US,5,,
thehalara.com,id:6a68cd5dde1f0c26aa86040a,native_id,6a68cd5dde1f0c26aa86040a,5,false,1785260413,07/28/2026 17:40:13,All the products I have purchased have been high quality ,Well priced clothing that doesn’t break the budget,Susan K,6887939a64d5cf390c7bc759,US,2,,
thehalara.com,id:6a68cb5ab184c5b7eed4f844,native_id,6a68cb5ab184c5b7eed4f844,5,true,1785259898,07/28/2026 17:31:38,They are a lovely fit,"They are a lovely fit, material is so comfy and they look great in",Alison Sneddon,5dfdf8bc6af5026684295a80,GB,6,,
thehalara.com,id:6a68c912fbd65646069aa3e9,native_id,6a68c912fbd65646069aa3e9,5,true,1785259314,07/28/2026 17:21:54,Schnelle Lieferung und die bestellten…,Schnelle Lieferung und die bestellten Artikel sind sehr schön. ,Waltraud Stebler Löw,5e73a2054c154f839b2f6294,CH,3,,
thehalara.com,id:6a68c8f5c6e99c547cd12010,native_id,6a68c8f5c6e99c547cd12010,4,true,1785259285,07/28/2026 17:21:25,Love the cloths,Love the cloths.  Shipping does take a while but worth it.,Lori,69e110edc5d694b610647449,US,2,,
thehalara.com,id:6a68c8607a9792c5f755d16a,native_id,6a68c8607a9792c5f755d16a,5,true,1785259136,07/28/2026 17:18:56,I loved the jeans they are perfect and…,I loved the jeans they are perfect and shipping didn't take long at all,Sarah Hunter,6a52baf64024a45603a0785a,US,2,,
thehalara.com,id:6a68c7a8424f9e3d9023eea9,native_id,6a68c7a8424f9e3d9023eea9,5,true,1785258952,07/28/2026 17:15:52,Hat alles gestimmt,"Hat alles gestimmt, Lieferung, Qualität und Bestellung",Tanja,6a68c7a7236e3da88ae884f0,DE,1,,
thehalara.com,id:6a68c6f3fd99af873770ea2c,native_id,6a68c6f3fd99af873770ea2c,5,true,1785258771,07/28/2026 17:12:51,Halara makes high quality clothing,Halara makes high quality clothing. I haven’t received a pair yet that I haven’t been in love with!,April,6a68c6f27b418c6771918eeb,US,1,,
thehalara.com,id:6a68c686a4ea0425e037ab06,native_id,6a68c686a4ea0425e037ab06,5,true,1785258662,07/28/2026 17:11:02,Very happy with the quality of my…,Very happy with the quality of my trousers sizing was perfect and delivery was on time .,Nicola Baines,62ac852ef456b40013864640,GB,5,,
thehalara.com,id:6a68c65138081248637adce3,native_id,6a68c65138081248637adce3,1,false,1785258609,07/28/2026 17:10:09,Rückgabeprozess funktioniert nicht,"Rückgabeprozess funktioniert nicht, außerdem ist das Material der Kleider ist wie von Sportkleidung. Überhaupt nicht elegant. ",Svenja,6a2087ef6142adacaf362ba2,DE,1,,
thehalara.com,id:6a68c611011a7ba586daaf80,native_id,6a68c611011a7ba586daaf80,5,true,1785258545,07/28/2026 17:09:05,Super comfy just took a long time to be…,Super comfy just took a long time to be delivered. ,Corrine Mauger,5ffded3ce768c1001aa32b79,US,3,,
thehalara.com,id:6a68c597a20d43b2e0610bc0,native_id,6a68c597a20d43b2e0610bc0,1,true,1785258423,07/28/2026 17:07:03,The orders were messed up and I did not…,The orders were messed up and I did not receive the sizes I ordered. I tried to update an order with size change through the Chat box and I was assured it was changed. It was not. Then another order I placed said it ws delivered and there were 10 items in the delivery. There were 2. I am short 8. There is no way to contact this company and when I tried the chat box again there was no answer. Product seems fine. ,Patricia Bramlet,5e04ba606af5022aa52c06aa,US,2,,
thehalara.com,id:6a68c52b1c29fb7742a84f23,native_id,6a68c52b1c29fb7742a84f23,3,true,1785258315,07/28/2026 17:05:15,Ordered a pair of DayStretch high…,"Ordered a pair of DayStretch high waisted pants. The first pair fit perfect, very comfortable. Ordered 2 more pair, and both pair (same size as original order) fit much tighter and not comfortable at all.",Debbie,6a68c52ac2526c60b69ed059,US,1,,
thehalara.com,id:6a68c4ae64563816f5bf66f3,native_id,6a68c4ae64563816f5bf66f3,2,true,1785258191,07/28/2026 17:03:11,I’ve ordered 3 times from you and it…,I’ve ordered 3 times from you and it took about a month to receive them. That’s sad. I’m sorry. Very very disappointed!!!  ,Kristin,6a207ecf4a5f81453d81a0b2,US,2,"Hello,
Thank you for sharing your feedback. We’re truly sorry to hear that your orders took about a month to arrive and understand how disappointing this must have been, especially after ordering from us multiple times.
Our team has already reached out to you via email regarding this matter so we can assist you further and work toward the best possible solution. Please kindly check your inbox (including your spam/junk folder) and reply to our email at your convenience.
Thank you for your patience and for giving us the opportunity to make things right.",2026-07-29T08:03:12.000Z
