domain,dedupe_key,dedupe_key_type,review_id,review_rating,review_verified,review_timestamp,review_datetime_utc,review_title,review_text,author_title,author_id,author_country_code,author_reviews_number,owner_answer,owner_answer_date
www.thepearlsource.com,id:6a5eab67673db7c0e3922f0a,native_id,6a5eab67673db7c0e3922f0a,5,true,1784596359,07/21/2026 01:12:39,The Hanadama Pearl earrings ,The Hanadama Pearl Stud earrings I ordered are so beautiful.  I have been wearing them since they arrived.  The luster on them is remarkable and the 8.5mm size is perfect.  ,Linda B,6a4992ce9371bfa17d72ceca,US,2,,
www.thepearlsource.com,id:6a5d904b8d8cb8d39b5a1799,native_id,6a5d904b8d8cb8d39b5a1799,5,true,1784523883,07/20/2026 05:04:43,First time customer…,"As a first time customer with The Pearl Source, I am extremely pleased and impressed with the product and the company.  The shipping was quick, which was even more impressive.  I look forward to shopping with The Pearl Source in the future.",Human Sun,5e88d6004d2b561defbf5958,US,6,,
www.thepearlsource.com,id:6a5d8b97feb1621e3c0c29fb,native_id,6a5d8b97feb1621e3c0c29fb,5,true,1784522679,07/20/2026 04:44:39,Quality Pearls,"The Pearl Source is a lovely company. They’ll communicate through email or phone if you need them. I ordered the chain station necklace on line, 16 inches, and the Akoya pearls have a lovely luster. The dainty gold chain glistens. I am so happy with it.",Sharon R.,5acd4ecd4de5666d34d121f8,US,8,,
www.thepearlsource.com,id:6a5d536b81959fbde31f1503,native_id,6a5d536b81959fbde31f1503,5,true,1784508299,07/20/2026 00:44:59,Great service,"Great service, I had a question and asked via web chat. Was helped right away",MW,6a5d536bb06fbfe72fec1bbb,US,1,,
www.thepearlsource.com,id:6a5cbee7d15cfd51e3c65e6b,native_id,6a5cbee7d15cfd51e3c65e6b,5,true,1784470279,07/19/2026 14:11:19,Excellent service from ordering to delivery ,"Superb service delivery from LA USA to UK in less than a week. Brilliant
The product is perfect and will make an ideal birthday present to match the pearl neclace I bought in May 2026 for our 30th wedding anniversary. 
Thank you ",Stephen B,5e978a5aa222f44164634d22,GB,14,Thank you for taking the time to share your experience. We're delighted to hear your order arrived in the UK so quickly and that your new piece is the perfect match for the pearl necklace you purchased for your 30th wedding anniversary. We truly appreciate your continued support.,2026-07-19T22:58:42.000Z
www.thepearlsource.com,id:6a5bd97d5eb610b7a756a5b7,native_id,6a5bd97d5eb610b7a756a5b7,5,true,1784411549,07/18/2026 21:52:29,Beautiful Pearls,"The variety of choices made it easy to find that special pearl that touches your heart. I purchased a pendant and was so pleased that I then ordered a pair of pearl earrings to match. They are both beautiful. I was hesitant purchasing online; however, I couldn't be more pleased and definitely recommend The Pearl Source!",Cheryl Morin,6a5bd97dff3db2917eb89b74,US,1,Knowing that you came back for a matching pair of earrings after purchasing your pendant truly means a great deal to us. Thank you for your recommendation and for choosing The Pearl Source.,2026-07-19T23:05:36.000Z
www.thepearlsource.com,id:6a5bd380d4163bbd91fd6b7e,native_id,6a5bd380d4163bbd91fd6b7e,5,true,1784410016,07/18/2026 21:26:56,Fast delivery,"Fast delivery, beautiful packaging. Great luster to AAA pearl. Love this unusual setting, just enough to set the pearl off enough to notice compared to plain stud.",Benjamin Moore fan,5e3c5c46e42748ea9d06bd55,US,3,Thank you for your review. We're delighted to hear your order arrived quickly and beautifully packaged. We hope you enjoy wearing your earrings.,2026-07-19T23:08:55.000Z
www.thepearlsource.com,id:6a5bcd8276d99984532cc115,native_id,6a5bcd8276d99984532cc115,5,true,1784408482,07/18/2026 21:01:22,Obsessed with pearls,My new pearls are absolutely beautiful.  I received them quickly.  I have made 3 purchases and the service and quality were amazing ,Malinda Justice,6a5bcd81236e3d1a91d9a7d7,US,1,Thank you for your review. We're delighted to hear your pearls arrived quickly and that you've been pleased with both the quality and service. We're especially grateful for your continued trust and support.,2026-07-19T23:11:02.000Z
www.thepearlsource.com,id:6a5bcbcc3f8b8d2c994156ca,native_id,6a5bcbcc3f8b8d2c994156ca,5,true,1784408044,07/18/2026 20:54:04,I can’t say enough…,I can’t say enough about the people at Pearl Source. My wife’s beloved pearls were lost and they were willing to help me find the best replacement possible—super responsive and empathetic to our situation. I can’t say enough. ,customer,5e13a8166af502192c3278e6,US,3,Thank you for your thoughtful review. We're grateful our team was able to help you find the best replacement for your wife's pearls. Your kind words about their responsiveness and care truly mean a great deal to us.,2026-07-19T23:13:46.000Z
www.thepearlsource.com,id:6a5bc470664ff294de6efbc1,native_id,6a5bc470664ff294de6efbc1,5,true,1784406160,07/18/2026 20:22:40,Lived the pearls. ,"Easy to order items. Received items as scheduled. The pearls looked great, she really liked them. Great quality. ",Robert Walsh,6a275a154a5f81f8e388f729,US,1,We're so glad to hear the ordering process was easy and your items arrived as scheduled. Thank you for taking the time to share your experience and for choosing The Pearl Source.,2026-07-18T20:29:49.000Z
www.thepearlsource.com,id:6a5bc368b18736d9c5d3faba,native_id,6a5bc368b18736d9c5d3faba,5,true,1784405896,07/18/2026 20:18:16,Everything was great from start to…,Everything was great from start to finish!  My wife of 30yrs loved her pearls.,Ivan Schrock,6a5bc367236e3dc2d6d99db1,US,1,Thank you for sharing your experience. It's wonderful to hear everything went smoothly and that your wife loves her pearls. We appreciate your feedback.,2026-07-18T20:31:56.000Z
www.thepearlsource.com,id:6a5bc29d50cc2fdd2d4e2701,native_id,6a5bc29d50cc2fdd2d4e2701,5,true,1784405693,07/18/2026 20:14:53,"beautiful, quality pearls","shopping experience was effortless, and the quality of the pearls excellent!",ML,6a5bc29c7b418cfff982aed2,US,1,Thank you for your kind feedback. We're delighted to hear the shopping process was seamless and that you were pleased with the quality of your pearls. We truly appreciate you taking the time to share your experience.,2026-07-18T20:35:19.000Z
www.thepearlsource.com,id:6a5a8245b0399c3b3162be83,native_id,6a5a8245b0399c3b3162be83,5,true,1784323685,07/17/2026 21:28:05,Great service,"Great service, very easy!!  Excellent high quality products!! Thank you!",Chris  Kowalewski,6a5a8244ff3db292f4b76d77,US,1,"We're so pleased to hear that you had such an easy experience with us and that the quality of your purchase met your expectations. Thank you for your thoughtful feedback, and we truly appreciate you taking the time to share it.",2026-07-18T02:52:59.000Z
www.thepearlsource.com,id:6a5a6e18e260bc057e2241ef,native_id,6a5a6e18e260bc057e2241ef,5,true,1784318520,07/17/2026 20:02:00,They had what I was looking for at the…,They had what I was looking for at the price I wanted to pay.,Pete Brayton,6a5a6e18236e3d2e5ad86a69,US,1,We're delighted to hear you found the piece you were looking for and had a positive shopping experience with us. Thank you for sharing your feedback.,2026-07-18T02:54:25.000Z
www.thepearlsource.com,id:6a5a3410efd36134cd134c7a,native_id,6a5a3410efd36134cd134c7a,5,true,1784303664,07/17/2026 15:54:24,Pearls were perfect,Pearls were perfect. My wife loved them,Charles MacKinnon,5f174fe7db680268bb2a099c,GB,6,Knowing your wife loved the pearls means a great deal to us. We're grateful you took the time to leave a review.,2026-07-18T02:56:37.000Z
www.thepearlsource.com,id:6a599c64159c799c6ef44540,native_id,6a599c64159c799c6ef44540,5,false,1784264836,07/17/2026 05:07:16,Stunning,"I am absolutely thrilled with my Tahitian pearl pendant. It looks luxurious, elegant and incredibly unique. The pendant arrived on time, in a beautiful box with certification of authenticity. If you're considering a Tahitian pearl pendant , I can confidently say this one exceeded my expectations in every way.   ",Anca,6a599c2f236e3d2aabd73994,US,1,"Thank you for your thoughtful review. It's wonderful to know your Tahitian pearl pendant exceeded your expectations and that it arrived on time, beautifully presented, with its certificate of authenticity. We truly appreciate you taking the time to share your experience.",2026-07-17T05:39:26.000Z
www.thepearlsource.com,id:6a5979aa946477edbc7b0b29,native_id,6a5979aa946477edbc7b0b29,5,true,1784255946,07/17/2026 02:39:06,Fabulous Experience ,I love the pearls I ordered for my future daughter-in-law. They arrived on time and in a gorgeous display box. She loved them. They are beautiful. Well worth the cost. ,Janice,6a5979a9ff3db2e814b60f3e,US,1,Thank you for your wonderful review. It's so nice to know the pearls made such a special gift for your future daughter-in-law and arrived on time in a beautiful presentation box. We're grateful you chose The Pearl Source for such a meaningful gift.,2026-07-17T05:48:40.000Z
www.thepearlsource.com,id:6a58c172f566e87aac055f75,native_id,6a58c172f566e87aac055f75,5,true,1784208786,07/16/2026 13:33:06,Helpful  and good quality 👌,Helpful  and good quality 👌 ,MR KEARNEY,65980e178482530011b98cb0,GB,4,Thank you for your kind review. It's great to know you were happy with both the quality of your pearls and the service you received. We appreciate you taking the time to share your feedback.,2026-07-17T05:49:57.000Z
www.thepearlsource.com,id:6a580d7dbccf03f8526533dc,native_id,6a580d7dbccf03f8526533dc,1,true,1784162717,07/16/2026 00:45:17,Placed my order using PayPal,"Placed my order using PayPal, and when my order hadn't arrived a week later I called Pearl Source... They had no record of my order, despite having received an order number and already being charged through PayPal.  I was asked to reverse the transaction with PayPal and place my order once more, because I couldn't cite the exact necklace and options to equal the amount I was charged.  The customer service rep I spoke with was very polite, but the company's position and process for handling their own issues was disheartening. Ultimately I did receive the necklace, but wished the ""AAAA"" product was a little... More, for the hassle. ",K Spence,6a580d7c236e3dffc5d563c1,US,1,,
www.thepearlsource.com,id:6a57dcb172de25aede3a2f49,native_id,6a57dcb172de25aede3a2f49,2,true,1784150225,07/15/2026 21:17:05,Purchase Review,"Good afternoon,

I recently received the pearl earrings I ordered for my daughter. To ensure I had made a good purchase, I took them to a respected family-owned jeweler in Bethesda, Maryland, that has been in business for more than 70 years.

After examining the earrings, they shared that while the pearls were of acceptable quality, they were not exceptional. They also noted that the pearls appeared to be approximately 8mm, even though I specifically requested the larger size within the advertised range (8.5mm).

When I asked about value, they estimated that, without the branding, packaging, marketing, and online presence, the earrings would likely retail in the $350–$400 range. I even considered purchasing a pair from them and returning yours. However, the jeweler candidly advised that the time and effort involved in making the return likely would not be worth the difference. I appreciated their honesty, particularly since it meant they did not make a sale.

Needless to say, I was disappointed to hear this assessment and equally disappointed with the product I received. I find it difficult to believe that no one has raised similar concerns in the past, although I understand I have no way of knowing.

I wanted to share this feedback in the hope that you will review the quality and sizing of the pearls being sold, as the product I received did not meet the expectations created by your descriptions.",John Kocum,663d4bce63436658c02f0160,US,3,,
www.thepearlsource.com,id:6a56bc54969aff0b98cfe645,native_id,6a56bc54969aff0b98cfe645,3,false,1784076404,07/15/2026 00:46:44,Great Customer Service - Bad Quality Control,"I hate to write a negative review after experiencing such excellent customer service. The email exchange and return process were pleasant, fast, and easy — truly 10/10. However, upon opening the beautiful box, I was shocked to find a broken $450 necklace. Either a damaged necklace was knowingly packed and shipped, or the quality was so poor that it fell apart inside a secure, well‑made box. It was a disappointing surprise.  ",Jackie Brown,62fbd5680384400012fde878,US,3,"Thank you for taking the time to share your feedback. We sincerely appreciate your kind words about our customer service, email communication, and return process. We're truly sorry to hear that your necklace arrived damaged. We understand how disappointing that must have been, especially when opening a piece you had been looking forward to receiving. Please contact us at help@thepearlsource.com so our team can review your order and assist you as quickly as possible.

Best regards,
The Pearl Source",2026-07-15T03:19:21.000Z
www.thepearlsource.com,id:6a56b62466135d8a4ad1798e,native_id,6a56b62466135d8a4ad1798e,5,true,1784074820,07/15/2026 00:20:20,I was able to pick out and receive my…,"I was able to pick out and receive my matching Symphony necklace to my earrings, which I dearly love, within a couple of days. I was notified of where my package was all along the way. I love wearing my beautiful golden pearl earrings and necklace. They are very classy and just what I’ve always wanted.",WerRetired,65fdb45359b26800127c6b7e,US,3,Thank you for sharing your experience. We're so pleased to hear you found the perfect matching piece and that your order arrived promptly with updates every step of the way. Knowing you love wearing your pearl jewelry and that it's exactly what you had been looking for truly means a great deal to us.,2026-07-15T03:21:36.000Z
www.thepearlsource.com,id:6a550db4479907d58c1bea1e,native_id,6a550db4479907d58c1bea1e,4,true,1783966164,07/13/2026 18:09:24,"Great Pearls, Poor Shipping Experience",To clarify - My experience with the PearlSource representative was fantastic.  Great company.  My wife even cried when she opened the box because she was so happy. I deducted a star to catch the attention of the company reps so they can approach FedEx about their incredibly poor service and delivery.  My two day shipping turned into 4 days (during the business week!) and I was about to contact the local PD to report a suspected theft by one of FedEx’s employees. When I called FedEx to track the package that “no delivery was attempted” I was blatantly lied to that it would be delivered that day (day 3 of 2-day shipping) and rushed off the phone. So to conclude: PearlSource great customer service and pearl quality; Shipping was horrendous.  ,S. Semple,6a550db3ff3db2d9e8b01f85,US,1,"Thank you for taking the time to share such thoughtful feedback. We're delighted to hear your wife loved her gift and that you had a positive experience with our team. We also appreciate you bringing your FedEx delivery experience to our attention. Your feedback is valuable, and we'll be sure to share it with our team. Thank you for taking the time to bring this to our attention.",2026-07-14T06:33:58.000Z
www.thepearlsource.com,id:6a54e8e4dec53ec3218067c7,native_id,6a54e8e4dec53ec3218067c7,5,true,1783956740,07/13/2026 15:32:20,excellentQuality of item,"Quality of item, price and the quick delivery very please Thank You",Marius Lachance,6a54e8e315b72e5169ff6771,CA,1,"Thank you for your kind feedback. It's great to know you were pleased with the quality, value, and quick delivery. We appreciate you taking the time to share your experience.",2026-07-14T06:35:32.000Z
www.thepearlsource.com,id:6a54e2d8373b1c1d221607fb,native_id,6a54e2d8373b1c1d221607fb,5,true,1783955192,07/13/2026 15:06:32,I received the parcel quickly and safe…,"I received the parcel quickly and safe & my wife was very happy with her pearls.

Many thanks.",George Prefas,5f95726dcaa554001b5cdcc1,GB,5,"We truly appreciate you taking the time to share your experience. We're pleased your order arrived quickly and safely, and that your wife was so happy with her pearls. Thank you for your trust in The Pearl Source.",2026-07-14T06:39:12.000Z
www.thepearlsource.com,id:6a54a36112802751dd24f6c5,native_id,6a54a36112802751dd24f6c5,2,true,1783938945,07/13/2026 10:35:45,Never recived my puchase,Never recive. Donald put,Christopher Miller,6a54a35f15b72e3b26fedaa5,US,1,We are truly sorry to hear that your order was not received. We understand how frustrating this must be. We are actively investigating this issue to prevent future occurrences. Please return our call at 1-866-877-3275 so we can continue with our lost package protocol.,2026-07-13T21:16:10.000Z
www.thepearlsource.com,id:6a5423fc2ed4a401c16c3436,native_id,6a5423fc2ed4a401c16c3436,5,true,1783906332,07/13/2026 01:32:12,Beautiful baroque pearl necklace,"Beautiful baroque pearl necklace!  I like that you can adjust the length for 16 or 18"".  Just what I was looking for!",Cindy Butler,57ac7d5a0000ff000a39e5ad,US,4,"Thank you for sharing your experience. We're glad the adjustable length was just what you were looking for, and we appreciate you taking the time to leave a review.",2026-07-14T06:41:55.000Z
www.thepearlsource.com,id:6a5419efd2e0d1b891123300,native_id,6a5419efd2e0d1b891123300,5,true,1783903759,07/13/2026 00:49:19,What I ordered was really nice and what…,What I ordered was really nice and what I wanted.  Shipping was was fast and communication was very good.,Vincenzo Pascarelli,6a5419efd7872ae896ecb461,US,1,We truly appreciate your feedback. It's wonderful to know you received exactly what you were looking for and that you were pleased with our fast shipping and communication.,2026-07-14T06:44:02.000Z
www.thepearlsource.com,id:6a53dc333c5d5da814641ab7,native_id,6a53dc333c5d5da814641ab7,5,true,1783887955,07/12/2026 20:25:55,Great communication and customer…,"Great communication and customer support. Friendly, prompt responses to emails were much appreciated!!",Matt,6a53dc33d7872a1404ec7dbc,US,1,"Thank you for taking the time to share your experience. Knowing that our communication, customer support, and prompt email responses were so appreciated means a great deal to our team.",2026-07-14T06:46:16.000Z
www.thepearlsource.com,id:6a53d9a2abd01fd168353d5e,native_id,6a53d9a2abd01fd168353d5e,5,true,1783887298,07/12/2026 20:14:58,Great Baroque Pearl,They absolutely beautiful. The luster and shine out of this world. The strand and silver clasp is a great design.,Esteban Moreno,6012f25555083100191fdef3,US,10,"Thank you for taking the time to share your feedback. We're so pleased you loved the beauty, luster, and craftsmanship of your pearls, and that the sterling silver clasp design stood out to you. It's a pleasure to know our craftsmanship made such a positive impression.",2026-07-14T06:50:03.000Z
www.thepearlsource.com,id:6a53ce125994de4f9f78c26a,native_id,6a53ce125994de4f9f78c26a,5,true,1783884338,07/12/2026 19:25:38,Easy Peasy…,"Easy site navigation, ability to use Apple Pay, fast delivery, and truly beautiful Tahitian stud earrings.",Ann W.,6a53ce104024a41e3aa13d99,US,1,"It's wonderful to know that everything from browsing our website to receiving your Tahitian stud earrings was simple and seamless. Thank you for taking the time to share your feedback, and for choosing The Pearl Source.",2026-07-12T20:28:00.000Z
www.thepearlsource.com,id:6a53b909e143139d8c4d7a16,native_id,6a53b909e143139d8c4d7a16,5,true,1783878953,07/12/2026 17:55:53,Fast delivery ,"Fast delivery , nice product. ",TinaUeckert,58bc34180000ff000a7e3cd9,US,5,Thank you for taking the time to share your feedback. It's great to know your order arrived quickly and that you were pleased with the product. We truly appreciate your kind words.,2026-07-12T20:24:19.000Z
www.thepearlsource.com,id:6a536d1396ec0a6de1d60c93,native_id,6a536d1396ec0a6de1d60c93,5,false,1783859507,07/12/2026 12:31:47,I super loved my pink pearl earrings…,"I super loved my pink pearl earrings they were perfect for any event. The customer service was a top-notch, thank you so much for taking the time to ensure you provide quality products each time. From a very satisfied and happy, repeat customer here :)",Maria Fajardo,6a2bf1e6e33cd1c8c39ea421,AU,2,Thank you for your kind feedback. It's wonderful to know that you love your pink pearl earrings and that our customer service has made each experience a positive one. We truly appreciate your continued trust in The Pearl Source.,2026-07-12T20:23:29.000Z
www.thepearlsource.com,id:6a52abccada38f6887416bd0,native_id,6a52abccada38f6887416bd0,5,true,1783810028,07/11/2026 22:47:08,I received beautiful gold pearl…,I received beautiful gold pearl earrings and a necklace.  They are beautiful and just as described!,customer,611657fbccdf3b0012ef03c4,US,4,We truly appreciate your feedback. It's great to know your gold pearl earrings and necklace matched the description. Thank you for placing your trust in The Pearl Source.,2026-07-12T20:16:05.000Z
www.thepearlsource.com,id:6a529a033d1b788f2dab2bbe,native_id,6a529a033d1b788f2dab2bbe,5,true,1783805475,07/11/2026 21:31:15,"Great service,Beautiful piece of jewellary","Service was great
 Jewellary piece is beautiful as displayed",Vasundhara Kain,6a529a0215b72ea7f9fd4ac7,US,1,Thank you for your kind feedback. It's wonderful to hear you had a great experience with our service and that your jewelry was just as beautiful as expected. Thank you for choosing The Pearl Source.,2026-07-12T20:03:38.000Z
www.thepearlsource.com,id:6a518649b5d325a213d626d6,native_id,6a518649b5d325a213d626d6,5,false,1783734889,07/11/2026 01:54:49,Great company ,Great company with high quality products. Bought a pair of pearl earrings with diamonds that met my expectations. Even the display case is stylish. I highly recommend. ,Clara,59a4782f0000ff000ac14081,US,8,Thank you for your thoughtful review. We're delighted to hear your pearl and diamond earrings met your expectations and that the presentation made such a positive impression. Your recommendation means a great deal to us.,2026-07-11T05:32:43.000Z
www.thepearlsource.com,id:6a5148c675606a69b8fddf42,native_id,6a5148c675606a69b8fddf42,5,true,1783719142,07/10/2026 21:32:22,I’ve ordered several items from here…,I’ve ordered several items from here and have been happy with all. The only thing l wish the backs were a little larger. ,Alta Ennen,6a5148c624460e00a92e348c,US,1,Thank you for your continued support. It's wonderful to know you've been happy with every purchase. We also appreciate your suggestion about larger earring backs and will keep it in mind.,2026-07-11T05:40:22.000Z
www.thepearlsource.com,id:6a50e3f3392a7f525c8060eb,native_id,6a50e3f3392a7f525c8060eb,5,true,1783693331,07/10/2026 14:22:11,Easy to order and swift delivery 👍…,Easy to order and swift delivery 👍 beautiful product and value for money 👏,Leslee Durn,671616d74bc993e4e15aa4dc,GB,5,"Thank you for your kind feedback. We're delighted to hear you enjoyed an easy ordering experience, fast delivery, and beautiful quality. Thank you for choosing The Pearl Source.",2026-07-11T05:45:46.000Z
www.thepearlsource.com,id:6a4f5e646e019eea1968178e,native_id,6a4f5e646e019eea1968178e,5,true,1783593604,07/09/2026 10:40:04,I loved the quality of my pearls and…,I loved the quality of my pearls and the great customer service. ,Teri Roth,6a4f5e6224460e35052b55ea,TW,1,It's wonderful to know you were pleased with both the quality of your pearls and the customer service. Thank you for taking the time to leave a review.,2026-07-10T02:23:25.000Z
www.thepearlsource.com,id:6a4f25ebd713fa93c2e4c902,native_id,6a4f25ebd713fa93c2e4c902,1,true,1783579147,07/09/2026 06:39:07,Pearls broke first time putting them…,"Pearls broke first time putting them on.  And to top it all off, I had to pay for the return shipping and insurance at $140 plus.  Not a great experience so far.  Still waiting for our refund.",Richard MULHALL,6935acea31cbb94df0619f03,CA,2,,
www.thepearlsource.com,id:6a4eba3b102f3b768fe1f52b,native_id,6a4eba3b102f3b768fe1f52b,5,true,1783551579,07/08/2026 22:59:39,Quick delivery with tracking…,Quick delivery with tracking communication the entire time,Pleased in Dallas,6a4eba3a24460e76172aca7b,US,1,Thank you for your feedback. We're pleased to hear your order arrived quickly and that the tracking updates kept you informed throughout the delivery process. We appreciate you choosing The Pearl Source.,2026-07-09T05:31:58.000Z
www.thepearlsource.com,id:6a4e63f83200616a08ea7a2f,native_id,6a4e63f83200616a08ea7a2f,5,true,1783529496,07/08/2026 16:51:36,Great service,Great service. Good value.,Sally Ward,6a4e63f7000ce34015a389f2,US,1,We appreciate your feedback. It's great to know you were happy with both our service and the value of your purchase. Thank you for your support.,2026-07-09T05:34:47.000Z
www.thepearlsource.com,id:6a4da0286711ef032f53cbc2,native_id,6a4da0286711ef032f53cbc2,1,true,1783479368,07/08/2026 02:56:08,Package never received,"Package never received, even if Fed Ex said it is been delivered. Package left outside door, no attempt to call to collect.
Package disappeared ",Marco Buono,6a4da0270a188f78199e6130,GB,1,We're very sorry to hear your package wasn't received despite the delivery notification. We understand your frustration and are looking into this immediately. Please return our call so we can complete our lost package protocol and proceed with the next steps for you. Our number is 1-866-877-3275.,2026-07-13T21:17:15.000Z
www.thepearlsource.com,id:6a4d5456b056072e44a780f0,native_id,6a4d5456b056072e44a780f0,5,true,1783459958,07/07/2026 21:32:38,Beautiful bracelet and sizing to match…,Beautiful bracelet and sizing to match a ring I already had was easy. ,Virginia,66e1f8ddb64adbc3446ae793,US,2,Thank you for taking the time to share your feedback. It's wonderful to hear you found the bracelet beautiful and that finding the right size to match your ring was easy. We truly appreciate your support.,2026-07-08T01:33:34.000Z
www.thepearlsource.com,id:6a4d44218be4f5495f0e3f7d,native_id,6a4d44218be4f5495f0e3f7d,3,true,1783455809,07/07/2026 20:23:29,I received my pearl necklace,"I received my pearl necklace, but it is the wrong size. I ordered the 17 inch length. I received the 16 inch length instead. Also it has been three days since I sent you my first message. 
Please respond ",LaDean Johns-Johnson,688d73c004313e730d420e4d,US,2,"We're truly sorry to hear your necklace arrived in the wrong length and that you weren't able to get the assistance you needed. We understand how disappointing that must have been. If this issue has not yet been resolved, please contact us at help@thepearlsource.com with your order number so we can look into it and assist you. Thank you for bringing this to our attention.",2026-07-08T01:50:13.000Z
www.thepearlsource.com,id:6a4d43a5a8f0a42bfe4e233e,native_id,6a4d43a5a8f0a42bfe4e233e,5,true,1783455685,07/07/2026 20:21:25,Great beautiful bracelet,Great beautiful bracelet.  Was a 70th birthday gift and she loved it. Outstanding quality,David Sabo,687afbae285b6c0cff86aa3c,US,2,Thank you for taking the time to share your feedback. It's wonderful to hear the bracelet was loved as a 70th birthday gift and that you were pleased with its outstanding quality. Thank you for choosing The Pearl Source.,2026-07-08T01:55:56.000Z
www.thepearlsource.com,id:6a4bda99fd820b26a3359e0d,native_id,6a4bda99fd820b26a3359e0d,5,true,1783363257,07/06/2026 18:40:57,Easy to transact and the earrings are…,Easy to transact and the earrings are beautiful!,KKS,6a4bda99000ce32587a02eca,US,1,Thank you for your feedback. We're glad you had an easy shopping experience and love your earrings. We appreciate your support.,2026-07-07T02:47:10.000Z
www.thepearlsource.com,id:6a4bab83c1738330b3b12618,native_id,6a4bab83c1738330b3b12618,5,true,1783351203,07/06/2026 15:20:03,Great customer service,"Great customer service. Fast shipping and fast processing of product returns.
I shop with confidence!",Nadia Cruz,6a4bab800a188f36619b9d9e,US,1,"Knowing you shop with confidence means so much to us. Thank you for recognizing our customer service, fast shipping, and return process. We truly appreciate your trust.",2026-07-07T02:49:04.000Z
www.thepearlsource.com,id:6a4ba21b56069229f50253cc,native_id,6a4ba21b56069229f50253cc,5,true,1783348795,07/06/2026 14:39:55,This is the second purchase I've made,"This is the second purchase I've made.  The first was a traditional pearl necklace for my daughter's 18th birthday,. They were lovely.  This year is my 60th, so I thought I  would treat myself to a traditional bracelet and traditional choker. I was not disappointed.  The color, luster, and service...*chef's kiss*",customer,60be3c27932032001b75834d,US,5,Thank you for your kind words. Knowing you've returned to The Pearl Source for another meaningful purchase means so much to us. We truly appreciate your continued trust.,2026-07-07T02:51:30.000Z
www.thepearlsource.com,id:6a4975e77631d6677f4e87c6,native_id,6a4975e77631d6677f4e87c6,5,true,1783206408,07/04/2026 23:06:48,Arrived fast & highest quality,"Arrived so fast, was shocked. Very impressed. Quality exceptional and boxed beautifully. ",Sam Jones,6a4975e69371bf6f3572b9eb,GB,1,Thank you for your review. We're so pleased your order arrived so quickly and that the quality and presentation left such a positive impression. Thank you for choosing The Pearl Source.,2026-07-07T03:01:03.000Z
www.thepearlsource.com,id:6a494dbb6103cb4c305a1437,native_id,6a494dbb6103cb4c305a1437,5,true,1783196123,07/04/2026 20:15:23,I had a great experience with the Pearl Source.…,"I had a great experience with the Pearl Source. I first purchased the necklace for my mom, and delivery was fast and smooth. Next I purchased a ring for myself, had a wrong size ordered and had to return and purchase another size. Everything went smoothly and the customer support was amazing. Highly recommend this online store. The jewels look pretty!",Natalia Vasylieva,6a494dbab90f9de7451b56a9,US,1,"We're pleased to hear both your purchases and your exchange experience went so smoothly. Thank you for recommending The Pearl Source, and we hope you enjoy your new ring.",2026-07-07T03:03:07.000Z
www.thepearlsource.com,id:6a48fbb4bf50a140db36ec38,native_id,6a48fbb4bf50a140db36ec38,4,true,1783175124,07/04/2026 14:25:24,I received the black pearl bracelet,I received the black pearl bracelet.  I really like the look but the clasp is hard to use alone. I require help to get it fastened.,LE ANNE CAMPBELL,590dc7500000ff000a9525f0,US,13,"Thank you for your review. We're glad to hear you like the look of your black pearl bracelet, though we're sorry the clasp has been difficult to fasten on your own. We want you to be completely happy with your purchase, so if there's anything we can do to help, please don't hesitate to contact us at help@thepearlsource.com.",2026-07-07T03:07:00.000Z
www.thepearlsource.com,id:6a485ea239c3ee78d340c7c6,native_id,6a485ea239c3ee78d340c7c6,5,true,1783134914,07/04/2026 03:15:14,Bought my daughter a pearl ring,Bought my daughter a pearl ring. She loved it! I am pleased at the quality and beauty. ,Angela,603ee5cb3ef755001b927acd,US,7,Thank you for your kind review. It's wonderful to hear your daughter loved the pearl ring and that you were pleased with its quality and beauty. Thank you for choosing The Pearl Source.,2026-07-04T03:46:32.000Z
www.thepearlsource.com,id:6a481bd99ae80b3fdabe5d5e,native_id,6a481bd99ae80b3fdabe5d5e,5,true,1783117817,07/03/2026 22:30:17,The pearls are exquisite,The pearls are exquisite! and the ordering process was a breeze. I will definitely order from The Pearl Source again!,Shannon Such,6a481bd99371bf3a3c718b54,US,1,Thank you for your wonderful feedback. It's great to hear you loved the pearls and found the ordering process so easy. We look forward to welcoming you back to The Pearl Source.,2026-07-04T03:50:26.000Z
www.thepearlsource.com,id:6a46bde7052fc82197d496fa,native_id,6a46bde7052fc82197d496fa,5,true,1783028231,07/02/2026 21:37:11,Thirtieth anniversary is apparently…,"Thirtieth anniversary is apparently pearls, great buy, my wife loves her necklace ",Geoff Fleming,65a451051151a6001251a828,US,2,Thank you for your review. We're so pleased to hear your wife loves her necklace. We hope it will be treasured for many years to come.,2026-07-03T03:41:23.000Z
www.thepearlsource.com,id:6a469ad7c69caf767e4d0206,native_id,6a469ad7c69caf767e4d0206,5,true,1783019255,07/02/2026 19:07:35,Great experience shopping,Great experience shopping. Beautiful products : ),Noel Pacheco,6a469ad6b90f9de35a186255,US,1,We're so glad you had a great shopping experience and enjoyed our products. Thank you for your kind words.,2026-07-03T03:44:53.000Z
www.thepearlsource.com,id:6a45de1ab6d4467a3fa52384,native_id,6a45de1ab6d4467a3fa52384,5,true,1782970938,07/02/2026 05:42:18,Beautiful pearls as usual!,"Beautiful pearls as usual!
Am 100% satisfied with all aspects of the pearl source. ",Susan,6a45de1a000ce36223998832,US,1,We're so pleased to hear you're 100% satisfied with every aspect of your experience. Thank you for your continued trust and support.,2026-07-03T03:46:30.000Z
www.thepearlsource.com,id:6a456c8c47f3a4a26818b427,native_id,6a456c8c47f3a4a26818b427,5,true,1782941868,07/01/2026 21:37:48,The pearls are just as advertised,"The pearls are just as advertised. I am very happy roth the purchase, the packaging and the awesome customer experience.",Arnie Kaplan,5ae711b84de5666d348d4c1e,US,2,"Thank you for your feedback. It's wonderful to hear that the pearls were just as advertised and that you were happy with your purchase, the packaging, and your customer experience. Thank you for choosing The Pearl Source.",2026-07-02T04:38:56.000Z
www.thepearlsource.com,id:6a44ecb45e1da5db05ffe504,native_id,6a44ecb45e1da5db05ffe504,5,true,1782909141,07/01/2026 12:32:21,Beautiful pearls,"Beautiful pearls, packaging was first class and arrived on date promised",EDWARD MAHON,676f134549d21007ab29efb0,US,2,"It's great to know that you were pleased with the pearls, the packaging, and that your order arrived on time as promised. We truly appreciate your support.",2026-07-02T04:44:52.000Z
www.thepearlsource.com,id:6a4347c2310af4718352dbbb,native_id,6a4347c2310af4718352dbbb,5,true,1782801378,06/30/2026 06:36:18,Great quality and service,Great products,Pankhuri Gupta,6a4347c1000ce32bc096224f,US,1,Thank you for taking the time to leave a review. We're delighted to know you were pleased with both our products and service. We appreciate you sharing your experience.,2026-07-02T04:51:38.000Z
www.thepearlsource.com,id:6a432155c0c7c79dbfff5725,native_id,6a432155c0c7c79dbfff5725,5,true,1782791541,06/30/2026 03:52:21,I received my pearls well in time,I received my pearls well in time. The discount was pretty good too. ,Warda Adeel,69be22d78ee10178bbb6be14,US,5,Thank you for sharing your experience. It's great to hear your pearls arrived on time and that you were pleased with the discount. We hope you enjoy your pearls.,2026-07-02T04:57:13.000Z
www.thepearlsource.com,id:6a42dd9fcbc7e73e9f8df62d,native_id,6a42dd9fcbc7e73e9f8df62d,5,false,1782774207,06/29/2026 23:03:27,They have great customer service and my…,They have great customer service and my products were beautiful! ,Mercedes Miller,6a42dd9a0a188fd1f391b203,US,1,Thank you for your kind words. It's wonderful to hear you were pleased with both our customer service and your products. We appreciate your review.,2026-07-02T04:59:10.000Z
www.thepearlsource.com,id:6a42940e70e3dbceaff1ee27,native_id,6a42940e70e3dbceaff1ee27,5,true,1782755374,06/29/2026 17:49:34,very good customer service;,very good customer service; ,Hoa Nguyen,6a42940d5334ac23d7075241,US,1,Thank you for your review. We're pleased to hear you had a very good experience with our customer service. We appreciate you taking the time to share your feedback.,2026-07-02T05:01:15.000Z
www.thepearlsource.com,id:6a41aaf3ce1f60e538ca3cfd,native_id,6a41aaf3ce1f60e538ca3cfd,5,true,1782695699,06/29/2026 01:14:59,Safe fast delivery,"Safe fast delivery, beautiful product, first class packaging. Great experience all around ",Terry,645ba89fd2cfce0011cb8ca0,US,4,"Thank you for your kind words. It's wonderful to hear your order arrived safely and that you were pleased with the product, packaging, and your overall experience. We appreciate you taking the time to leave a review.",2026-07-02T05:04:14.000Z
www.thepearlsource.com,id:6a419320a09588ef6bc7f3f6,native_id,6a419320a09588ef6bc7f3f6,5,true,1782689600,06/28/2026 23:33:20,I have been in love with golden pearls…,"I have been in love with golden pearls for years! My husband bought me a ring with a golden pearl and diamonds, now I have the Symphony earrings which I love so much I have ordered the Symphony necklace. I am so pleased with the color, quality of the pearls and quality of the craftsmanship.",A very happy lady,6a41931f0a188f30498ffd31,US,1,"Thank you for sharing your experience. It's wonderful to hear how much you love your Symphony earrings and that you're so pleased with their color, quality, and craftsmanship. We're delighted that you've also chosen the Symphony necklace. Thank you for choosing The Pearl Source.",2026-07-02T05:08:29.000Z
www.thepearlsource.com,id:6a417770241859cdc4615834,native_id,6a417770241859cdc4615834,5,true,1782682512,06/28/2026 21:35:12,Delivery of service and product was…,Delivery of service and product was exceptional. My wife was very pleased with her 40th wedding anniversary gift and that’s all that matters ! ,Lafayette G. Jones,6a41776f5334acf97405f86e,US,1,Thank you for your kind feedback. It's wonderful to hear our product and service helped make your wife's 40th wedding anniversary gift so special. We're delighted your wife was so pleased with her gift. We hope she enjoys wearing it for years to come.,2026-07-02T05:17:17.000Z
www.thepearlsource.com,id:6a4174e88a632b62b498e511,native_id,6a4174e88a632b62b498e511,5,true,1782681864,06/28/2026 21:24:24,This is the site for perfection!,This is the site for perfection!! From ordering to opening the beautiful pearls inside!!! Just awesome.. you won’t be disappointed!!! My new Pearl store!!! Daughters and granddaughters will now get items from the Pearl store!! Makes this momma look awesome!!,Maureen Harris,6a19f8e3dd910c1ba178fd51,US,3,"Thank you for sharing such a wonderful review. It's fantastic to hear you enjoyed every step of your experience, from ordering to opening your beautiful pearls. We're honored to have become your new pearl store and truly appreciate your recommendation.",2026-07-02T05:33:42.000Z
www.thepearlsource.com,id:6a416b2994e5db895de220ca,native_id,6a416b2994e5db895de220ca,5,true,1782679369,06/28/2026 20:42:49,The pearl earrings I bought for my wife…,"The pearl earrings I bought for my wife was beautiful.  Very elegant .
     Im not great with online ordering. I made a mistake and ordered 2 pairs of the same identical earrings.   When I realized this they were already shipped.  I contacted customer service, immediately they answered the phone.  Customer service was very professional understood my mistake and instantly sent me a return label.
   I immediately sent the extra pair of earrings back and within 5 days I received an email stating my money was placed back on my card.      
                 Very happy with the ordering , the quality, customer service and the quick response of the returned item.      Thank You.  Will definitely order again and recommend.",Michael Luncsford,6a416b289371bf38c068f2a7,US,1,"Thank you for sharing your experience. We're delighted to hear you were pleased with the pearl earrings and that our customer service team was able to quickly help resolve the ordering issue. It's wonderful to know you were happy with the return process, refund, and overall experience. We truly appreciate your recommendation and look forward to welcoming you back.",2026-07-02T05:38:05.000Z
www.thepearlsource.com,id:6a416ab2079c25382f7deaba,native_id,6a416ab2079c25382f7deaba,5,false,1782679250,06/28/2026 20:40:50,I bought a triple string of pearls for…,"I bought a triple string of pearls for my wife's birthday. The ordering process was simple and excellent with multiple choices right down to the clasp. The delivery was eye-wateringly fast. From Los Angeles to London (UK) IN LESS THAN A WEEK! The quality of the pearls is truly excellent in both size and appearance. The colour matches my specification perfectly and suits my wife's colouring to perfection. My wife is absolutely delighted...and therefor, so am I. Thank you to The Pearl Source",Rodger Slape,4f48ad18000064000114d2ff,GB,62,"Thank you for sharing such a thoughtful review. It's wonderful to hear the pearls made such a special birthday gift for your wife and that you were pleased with the ordering process, fast delivery, and quality of the pearls. We're especially happy to know your wife was delighted with her gift. Thank you for choosing The Pearl Source.",2026-07-02T05:39:58.000Z
www.thepearlsource.com,id:6a4169f9a6674229ef6efeeb,native_id,6a4169f9a6674229ef6efeeb,4,true,1782679065,06/28/2026 20:37:45,Loved the pearls but the clasp very…,Loved the pearls but the clasp very small and hard to fasten,Jerry kapoor,68bb46d5cc7c948924539d6a,US,2,"Thank you for your feedback. We're glad to hear that you loved the pearls. We're sorry to hear that you found the clasp difficult to fasten. If there's anything we can do to help, please contact us at help@thepearlsource.com. We'd love the opportunity to assist.",2026-07-02T04:37:11.000Z
www.thepearlsource.com,id:6a41666a05722837484478e8,native_id,6a41666a05722837484478e8,5,true,1782678154,06/28/2026 20:22:34,Fabulous product,"Fabulous product.  Third item I’ve purchased, all were great. Needed help with one of them, customer service is prompt, attentive, listened and resolved my question completely.  Extremely satisfied",Debbie Weiss,6a416669b90f9dab6811b82b,US,1,We're delighted to hear you've had such consistently positive experiences with The Pearl Source. It's especially wonderful to know our customer service team was able to quickly resolve your question. We truly appreciate your continued trust and support.,2026-07-02T05:41:43.000Z
www.thepearlsource.com,id:6a4067d5b3338ad1f6789933,native_id,6a4067d5b3338ad1f6789933,5,true,1782612981,06/28/2026 02:16:21,Fast delivery and what appears to be…,Fast delivery and what appears to be Quality fresh water pearls . Of course they are not mine . I bought them for my wife’s birthday. She seem authentically pleased with them . My only concern is fresh water pearls don’t hold any investment value. ,Howard Otton,69a6c1bd2dcf0fcd4f055695,US,2,Thank you for sharing your experience. It's wonderful to hear the pearls arrived quickly and that your wife was pleased with them. We truly appreciate your feedback.,2026-07-02T05:52:51.000Z
www.thepearlsource.com,id:6a4023f34f99c4290ff2584e,native_id,6a4023f34f99c4290ff2584e,5,true,1782595603,06/27/2026 21:26:43,These are for my granddaughter,"These are for my granddaughter. The packaging, presentation and care information is wonderful. She is thrilled!!!! ",TrishBC,5b86ff9b4de5666d3409deb2,US,4,"Thank you for your lovely review. It's wonderful to hear you appreciated the packaging, presentation, and care information. We hope your granddaughter enjoys her gift for years to come.",2026-07-02T05:56:21.000Z
www.thepearlsource.com,id:6a4016ee215309a128056d9b,native_id,6a4016ee215309a128056d9b,5,true,1782592270,06/27/2026 20:31:10,I bought a pearl bracelet for my…,I bought a pearl bracelet for my granddaughter’s high school graduation. The first bracelet was too small. Of course I found this out on last day of 60 day return policy. I was able to return the bracelet for refund. I reordered larger size. My granddaughter loved it!  Thank you!  The bracelet is gorgeous!!,Joanne Haigler,66fc353e773a3f2d7c26f6eb,US,4,It's wonderful to hear your granddaughter loved her high school graduation gift. We hope she enjoys wearing her bracelet for years to come. Thank you for choosing The Pearl Source.,2026-07-02T06:06:48.000Z
www.thepearlsource.com,id:6a4013d0ac16cf46ccc9d98e,native_id,6a4013d0ac16cf46ccc9d98e,5,true,1782591472,06/27/2026 20:17:52,Exactly as described,Exactly as described. Perfect pendant size. Great quality. Prompt delivery. Doesn't get better than that.,Rene Daudelin,6a4013cf000ce35ac6930530,US,1,"Thank you for your review. It's wonderful to hear your pendant was exactly as described and that you were pleased with its quality, size, and prompt delivery. We're grateful you took the time to share your experience.",2026-07-02T06:16:07.000Z
www.thepearlsource.com,id:6a3ed15eaf445f30793220a5,native_id,6a3ed15eaf445f30793220a5,5,true,1782508926,06/26/2026 21:22:06,The pearl necklace,"The pearl necklace, earring set I received is absolutely beautiful. ",Diane,61369f648f3e9700127e2949,US,3,We're delighted to hear you love your pearl necklace and earring set. Thank you for sharing your review.,2026-07-02T06:20:05.000Z
www.thepearlsource.com,id:6a3ec87d8d04e4b85e6527b2,native_id,6a3ec87d8d04e4b85e6527b2,5,true,1782506653,06/26/2026 20:44:13,Great Variety of Earrings,"The site is quite well populated with descriptions and sizes of the pearls.
I purchased the earrings for my granddaughter who recently started earrings earrings. She loved them and they are the perfect size for her 12-yr old earlobes.",Robin,66c76cc0c4ae42a39ca97ef8,US,5,Thank you for your review. It's wonderful to hear you appreciated the detailed product descriptions and pearl sizing information. We're so glad your granddaughter loved the earrings and that they were the right size for her. We hope she enjoys wearing them for years to come.,2026-07-02T06:23:41.000Z
www.thepearlsource.com,id:6a3c6926ae2b2266a022d749,native_id,6a3c6926ae2b2266a022d749,5,true,1782351174,06/25/2026 01:32:54,I got them so quickly,I got them so quickly!  And they are exactly what I wanted. Very happy customer,Karen Costallos,63b3120d1cfeb90012a446e5,US,2,It's wonderful to know that your order arrived so quickly and was exactly what you wanted. Thank you for your support.,2026-06-26T05:08:06.000Z
www.thepearlsource.com,id:6a3c4bcf5c40526c0db35cc7,native_id,6a3c4bcf5c40526c0db35cc7,1,false,1782343663,06/24/2026 23:27:43,Buyer beware!,"Buyer beware!! This company is a joke. I’ve have a pearl bracelet from them that I have not owned even three years and I went to put it on Father’s Day and it just broke. The string where a pearl was between the knots frayed and broken in to. I called to file a complaint report and a new bracelet. I as told I had to pay $37.00 for a restring. Cha-Ching!, that’s where they get more money at. It is blatant manufacturing defect in the string of the bracelet. I have pictures of the bracelet.",Meredith M. Cook-Stevens,6a3c4bae5334ac704a00db55,US,1,We are truly sorry to learn about the issue with your pearl bracelet. We understand your frustration regarding the string breaking and the re-stringing fee. We are reviewing your feedback to improve our product quality and service.,2026-06-25T21:14:57.000Z
www.thepearlsource.com,id:6a3c38d9b83db2bc471beed4,native_id,6a3c38d9b83db2bc471beed4,5,true,1782338809,06/24/2026 22:06:49,My girlfriend loves it.,My girlfriend loves it.,Brady Murray,6a3c38d80a188f33988ab169,FR,1,Thank you for your feedback. It's great to hear that your girlfriend loves it. Thank you for choosing The Pearl Source.,2026-06-25T00:08:14.000Z
www.thepearlsource.com,id:6a3c2c0a88aeb94f909521ac,native_id,6a3c2c0a88aeb94f909521ac,5,false,1782335530,06/24/2026 21:12:10,Great Pearls,"Great pearls, purchased for my wedding day! Love that they offer different length bracelets. ",Karolina Reczek,6a3c2c05000ce3514e8ec56f,US,1,We're so pleased that you chose our pearls for your wedding day. It's wonderful to know that you appreciated the variety of bracelet lengths we offer. Thank you for your support.,2026-06-25T00:22:50.000Z
www.thepearlsource.com,id:6a3c1f6850de1ee644170915,native_id,6a3c1f6850de1ee644170915,5,true,1782332296,06/24/2026 20:18:16,Great quality and quick service,Great quality and quick service,Lynn Parks,60b7f928adeb930019d25319,US,6,It's great to hear that you were pleased with both the quality and the quick service. Thank you for choosing The Pearl Source.,2026-06-25T00:24:03.000Z
www.thepearlsource.com,id:6a3afb56e74783f782a1edfc,native_id,6a3afb56e74783f782a1edfc,5,true,1782257527,06/23/2026 23:32:07,Pearls,Product looks just as I predicted. Giving it to my wife for our anniversary July 5.  Hope she loves it.,Ron Markow,53b978de00006400017d6362,US,3,"Thank you for taking the time to share your feedback. It's nice to know that the product looks just as you expected, and we hope your wife loves your anniversary gift.",2026-06-25T00:26:56.000Z
www.thepearlsource.com,id:6a3aa9fae5236f6aebb10a40,native_id,6a3aa9fae5236f6aebb10a40,5,true,1782236698,06/23/2026 17:44:58,Beautiful pearls,Had a great experience! The quality is amazing the packaging is too cute and delivery Was on time. Will be purchasing more items ,Saima Khalid,6a3aa9f90a188f4f8188a9f4,US,1,"We appreciate you taking the time to share your feedback. It's wonderful to know that you had a great experience, from the quality of your purchase to the packaging and on-time delivery. We look forward to welcoming you back again in the future.",2026-06-25T00:27:54.000Z
www.thepearlsource.com,id:6a3994e49d553c027a98cf6b,native_id,6a3994e49d553c027a98cf6b,5,true,1782165764,06/22/2026 22:02:44,So pleased!,"The pink pearl necklace is beautiful. It had the highest freshwater rating on this site and the pearls are softly luminous and glowing, especially under a bright light.  I cannot see any blemishes either.  A very fair price for such lovely, large pearls.  I will enjoy wearing them!",A.A.,6a3994e3da1197031e9c7009,US,1,"We're delighted that your experience with The Pearl Source left you so pleased. It's wonderful to hear that you appreciated the quality, beauty, and value of the pearls. We hope you enjoy wearing them for many years to come.",2026-06-23T01:10:41.000Z
www.thepearlsource.com,id:6a39876b07589e22e447ded9,native_id,6a39876b07589e22e447ded9,5,true,1782162315,06/22/2026 21:05:15,Thank you so much for a lovely yellow…,Thank you so much for a lovely yellow pearl! ,S. Nilsen,5baae8a74de5666d34f24e10,VI,4,It's wonderful to know that you are enjoying your yellow pearl. Thank you for choosing The Pearl Source.,2026-06-23T01:53:33.000Z
www.thepearlsource.com,id:6a3980476f35e38fe0a4f502,native_id,6a3980476f35e38fe0a4f502,5,true,1782160487,06/22/2026 20:34:47,I bought a single pearl on a delicate…,I bought a single pearl on a delicate gold chain as anniversary gift for my wife.  She loved it. A very elegant little piece of jewelry. I hope it holds up over time. The shipping was amazingly fast. California to Florida in just a few days. I would definitely recommend this product/supplier if you’re in the market for reasonably priced jewelry to make your misses smile. ,Ryan Sherwood,6a3980469192b74cdf86431c,US,1,Thank you for taking the time to share your experience. We're glad to hear that your order arrived quickly and that you were pleased with both the value and overall experience. We appreciate your recommendation.,2026-06-23T01:55:03.000Z
www.thepearlsource.com,id:6a397fd6079adc7512bbd5c2,native_id,6a397fd6079adc7512bbd5c2,5,true,1782160374,06/22/2026 20:32:54,Bought this necklace for my wife for…,Bought this necklace for my wife for our 30th anniversary. She loves it. The website was easy to use and shipment was very quick. Great job. Thank you.,JK,6a397fd53d358bd12e529f95,US,1,We appreciate your feedback. It's great to know that the ordering process was smooth and that your shipment arrived quickly. Thank you for your support.,2026-06-23T01:56:17.000Z
www.thepearlsource.com,id:6a396dc0e833387f0761fd13,native_id,6a396dc0e833387f0761fd13,5,true,1782155744,06/22/2026 19:15:44,My Granddaughter loved it an knew it…,"My Granddaughter loved it an knew it was very special,so very happy i got it for her graduation and i know she'll treasure it forever!!  When i need more i will be coming back to Pearl Source,the price fit my budget better than a jewelry store!  Thank you for making a special moment for her!!",Gail Luckenbaugh,6a396dbf264c5427e07afac2,US,1,Thank you for your review. Knowing that your granddaughter loved her graduation gift means a lot to us. We look forward to welcoming you back again in the future.,2026-06-23T01:59:24.000Z
www.thepearlsource.com,id:6a39129a9d38dde2f18dba53,native_id,6a39129a9d38dde2f18dba53,5,true,1782132410,06/22/2026 12:46:50,My Pearl Source purchase.,"The inventory of the Pearl Source products, ease in the selection process and the prompt delivery of the purchased merchandise were excellent. Lastly, upon delivery, the quality of the merchandise was outstanding. Ordering online can be “hit and miss”, but not so with Pearl Source!",Tony - verified customer,5ea1fe09a9b71c47354b018a,US,3,We're pleased to know that you enjoyed the selection process and prompt delivery of your order. Thank you for sharing your experience and for your kind words about shopping with The Pearl Source.,2026-06-23T02:01:29.000Z
www.thepearlsource.com,id:6a3911d63493e249523aeeea,native_id,6a3911d63493e249523aeeea,5,true,1782132214,06/22/2026 12:43:34,Stunning!,The pearls are simply stunning. ,Diane McGarity,6a3911d6da11972f779b7e2c,US,1,Your feedback is greatly appreciated. It's wonderful to know your purchase left such a positive impression. Thank you for your support.,2026-06-23T02:05:31.000Z
www.thepearlsource.com,id:6a38bff8474a3178dd2981ae,native_id,6a38bff8474a3178dd2981ae,5,true,1782111256,06/22/2026 06:54:16,Bought my daughter a necklace and ring…,"Bought my daughter a necklace and ring for her 18th birthday.  She previously had a necklace like the one I bought for her, but it was lost and she was upset.  
She is thrilled about her new necklace and ring.  I was very impressed because of the care and attention that went into the packaging and inserts, as well as the jewelry.  Its beautiful.  ",customer,6345a77ed10fdd001286a239,US,3,Knowing that your daughter loved her birthday gift means a lot to us. We're glad that the care and attention put into the packaging and presentation left such a positive impression. We look forward to welcoming you back again in the future.,2026-06-23T02:08:34.000Z
www.thepearlsource.com,id:6a38953bc1d847168637c923,native_id,6a38953bc1d847168637c923,5,true,1782100315,06/22/2026 03:51:55,The necklace is beautiful,The necklace is beautiful. Well made. ,Fredna  Manney,65d67131464c3700138e7798,US,2,We're pleased that you were happy with your purchase. Thank you for choosing The Pearl Source.,2026-06-23T02:12:15.000Z
www.thepearlsource.com,id:6a3862b98f131aa0f00e9c5c,native_id,6a3862b98f131aa0f00e9c5c,5,true,1782087385,06/22/2026 00:16:25,Wide selection and ease of ordering,Wide selection and ease of ordering ,Nancy,6441f7bd66615b0013b44681,US,2,It's nice to hear that our wide selection and easy ordering process stood out to you. Thank you for your feedback.,2026-06-23T02:13:56.000Z
www.thepearlsource.com,id:6a3845fd2ae1c4a4e6aa477c,native_id,6a3845fd2ae1c4a4e6aa477c,5,true,1782080029,06/21/2026 22:13:49,The pearl bracelet is beautiful.,The pearl bracelet is beautiful.,BJ Eubanks,5ea8138599486b18c1e66c88,US,2,Thank you for your feedback. We're pleased to know that you were happy with your purchase and appreciate you taking the time to leave a review.,2026-06-23T02:16:09.000Z
www.thepearlsource.com,id:6a383d74bf1f873a13211f43,native_id,6a383d74bf1f873a13211f43,5,true,1782077844,06/21/2026 21:37:24,The pearls are beautiful,The pearls are beautiful! Our god daughter loved them!,Franklin,5aa0544a4de5666d343784a3,US,15,Thank you for your review. Knowing that your goddaughter loved the pearls means a great deal to us. We look forward to welcoming you back again in the future.,2026-06-23T02:17:27.000Z
www.thepearlsource.com,id:6a37cf1a73279fcb5e29c930,native_id,6a37cf1a73279fcb5e29c930,5,true,1782049594,06/21/2026 13:46:34,Beautiful!,"Beautiful! 
",Michelle Morris,6a37cf19da119727339a5dd4,US,1,It's wonderful to hear such positive feedback. Thank you for your review.,2026-06-23T02:19:23.000Z
www.thepearlsource.com,id:6a3707d1283a5bef943e0797,native_id,6a3707d1283a5bef943e0797,5,true,1781998577,06/20/2026 23:36:17,The earrings and necklace are beautiful…,The earrings and necklace are beautiful and look exactly as the picture.  Delivery was on time and status communicated throughout.  ,Carri,6829eb2d5ad6657aa151a875,US,3,We're pleased to hear that your purchase looked exactly as pictured and that your order arrived on time. It's also great to know that you felt well informed throughout the process. Thank you for sharing your experience with us.,2026-06-23T02:22:22.000Z
www.thepearlsource.com,id:6a36f9cfa4c69e029aaabb81,native_id,6a36f9cfa4c69e029aaabb81,3,true,1781994991,06/20/2026 22:36:31,Modern Pearl Pendant,I agree with the first review. I would have liked to have a choice of chain lengths. The pendant design is perfect for my outfits. Most pearl pendants are in dainty settings. This one is unique and has a modern look. The pearl was a perfect size and quality. The shipping was incredibly fast. Your  edge on the online market is optional settings and pearl quality choices. This is my second purchase from this site. . Usually I have to take online purchases to the jewler to have the pearl replaced for better quality. Not this time.      ,Jenna,6a36f9cea71de03ff0943495,US,1,"Thank you for your detailed review. We're pleased to hear that you appreciated the modern design, pearl quality, and fast shipping. We also appreciate your feedback regarding chain length options and are glad that your second experience with us was such a positive one. We look forward to welcoming you back again in the future.",2026-06-23T02:25:17.000Z
www.thepearlsource.com,id:6a36f5c2791e28ced9a7aee8,native_id,6a36f5c2791e28ced9a7aee8,5,true,1781993954,06/20/2026 22:19:14,The pearl earrings were elegant but…,The pearl earrings were elegant but simple enough for daily wear. The quality of the pearls was excellent and the price was very reasonable. ,Lidia  Pousada ,594911580000ff000aa5d784,US,3,We're glad to hear that you were pleased with the quality and value of your purchase. Thank you for sharing your experience with us.,2026-06-23T02:26:18.000Z
www.thepearlsource.com,id:6a36efab86704424a1248812,native_id,6a36efab86704424a1248812,5,true,1781992395,06/20/2026 21:53:15,The Pearls seem to make people happy so…,The Pearls seem to make people happy so why not.,Gregory Yancey,6167a36bcae80900131cd320,US,4,Thank you for your review. We're glad to hear that your experience with The Pearl Source was a positive one. We look forward to welcoming you back again in the future.,2026-06-23T02:28:45.000Z
www.thepearlsource.com,id:6a36e8a88cdfc52f84600446,native_id,6a36e8a88cdfc52f84600446,5,true,1781990600,06/20/2026 21:23:20,Great quality,Great quality ,Yiphua Zhang,6a36e8a719f15e1e727a47c2,US,1,We're pleased to hear that you were happy with the quality of your purchase. Thank you for your feedback.,2026-06-23T02:31:02.000Z
www.thepearlsource.com,id:6a36e537a159d7ba3b8e4ff0,native_id,6a36e537a159d7ba3b8e4ff0,5,true,1781989719,06/20/2026 21:08:39,I splurged a little to buy 7mm Akoya…,"I splurged a little to buy 7mm Akoya AAA studs, and I couldn’t be happier with them: the color, the sheen, the 18 kt backings:  these are earrings I will wear and wear and wear, dressed in jeans or a silk suit.",Lucille Schultz,6a36e5363d358b09235025a4,US,1,"We're delighted to hear that you couldn't be happier with your purchase. Knowing that these are earrings you'll enjoy wearing again and again, whether with jeans or a silk suit, is especially rewarding. We hope you enjoy wearing them for years to come.",2026-06-23T02:39:28.000Z
www.thepearlsource.com,id:6a36dfaa94c022af9d5bf037,native_id,6a36dfaa94c022af9d5bf037,5,true,1781988298,06/20/2026 20:44:58,Prompt service,"Prompt service, good customer service, Love their products and they are reasonably priced!
I have purchased several gifts from them.",Grace Sorg,6a36dfa98c034d1d42c23593,US,1,Thank you for your continued support. We're glad to hear that you've had positive experiences with our customer service and products over multiple purchases. We look forward to welcoming you back again in the future.,2026-06-23T02:41:15.000Z
www.thepearlsource.com,id:6a36db2c233d454dcae941c6,native_id,6a36db2c233d454dcae941c6,5,true,1781987148,06/20/2026 20:25:48,This is my second purchase of the pearl…,This is my second purchase of the pearl necklace. We get so many compliments on it. We got one for our daughter-in-law and our future granddaughter in law. They’re beautiful high-quality and we will be purchasing again.,Cleo Bertisux,6a36db2ca71de0473a9417f4,US,1,Thank you for your review. It's wonderful to hear that the necklaces have received so many compliments and that you've returned to purchase them again for your family. We appreciate you sharing your experience with us.,2026-06-23T02:48:21.000Z
www.thepearlsource.com,id:6a36d9725fc5abf953792e6d,native_id,6a36d9725fc5abf953792e6d,5,true,1781986706,06/20/2026 20:18:26,Beautiful product,"Beautiful product, great price, excellent customer service.  My ""go to"" for pearls!",John GAREY,67587d39eaf8e830b8ff142c,US,4,"Thank you for your review. We're delighted to know that we've become your go-to source for pearls. We're glad you've been pleased with our products, pricing, and customer service. Thank you for your continued support.",2026-06-23T02:50:34.000Z
www.thepearlsource.com,id:6a36d59d0861826d8efff17d,native_id,6a36d59d0861826d8efff17d,5,true,1781985725,06/20/2026 20:02:05,Beautiful necklace,"Beautiful necklace, very high quality. Lovely packaging. and fast delivery. ",alice yao,56d3259f0000ff000a0a2f49,GB,20,Thank you for your review. It's wonderful to hear that you were pleased with the quality of your purchase and that it arrived quickly and beautifully presented. Your feedback is greatly appreciated.,2026-06-23T02:56:41.000Z
www.thepearlsource.com,id:6a36c4725bfc63a826c9c335,native_id,6a36c4725bfc63a826c9c335,5,true,1781981330,06/20/2026 18:48:50,You were very efficient in shipping,You were very efficient in shipping. The packaging was beautiful and the pearls were stunning. Exceeded my expectations!,Robert Hodous,64592a989600510012da7242,US,2,We're pleased to hear that the shipping was efficient and that you were impressed with both the packaging and the pearls. Knowing the purchase exceeded your expectations makes this feedback especially meaningful.,2026-06-23T02:59:24.000Z
www.thepearlsource.com,id:6a36b1d82d66cca82de75b80,native_id,6a36b1d82d66cca82de75b80,5,true,1781976568,06/20/2026 17:29:28,Fast  and soon to be my FAVS!,Fast and my one set of pearls arrived quickly!!  Just ordered 4mm 18” Pearls and Pink Tourmalines in between each Pearl!!  It’s coming in about 10 days!!,Sammye Auman,60c4cdf285a12500195138b0,US,3,It's wonderful to hear that your pearls arrived quickly and that you've already placed another order. We hope you enjoy your new purchase when it arrives.,2026-06-23T03:07:43.000Z
www.thepearlsource.com,id:6a36ae1df39f00cc0fd8a01a,native_id,6a36ae1df39f00cc0fd8a01a,5,true,1781975613,06/20/2026 17:13:33,Ease of working through process,"Ease of working through process.  

Disappointed in size of pearls which is on me but some photos on models might have kept me from making this mistake.   just not what I thought I was ordering.",Paul,5e495adb9ecf740d9b3b2d27,US,3,Thank you for your feedback. We're glad to hear that the ordering process was easy to navigate. We appreciate your comments regarding pearl size and product photos and understand how details like these can make a difference when choosing the right piece. Your perspective is truly appreciated.,2026-06-23T03:15:58.000Z
www.thepearlsource.com,id:6a36a698311de8543c8c4cbc,native_id,6a36a698311de8543c8c4cbc,5,true,1781973689,06/20/2026 16:41:29,Easy to view and order,Easy to view and order,Byrce Vandiver,6a36a697a71de046ef93de19,US,1,We're pleased to hear that browsing our selection and placing your order was quick and easy. Thank you for your feedback and support.,2026-06-23T03:17:31.000Z
www.thepearlsource.com,id:6a369db919d40abfeea1b1d0,native_id,6a369db919d40abfeea1b1d0,5,true,1781971417,06/20/2026 16:03:37,The extraordinary quality of the pearls…,The extraordinary quality of the pearls and clasp along with the expedited delivery.,Patrick ,5eac8e610c79cd42bbc984f0,US,3,"We're delighted to hear that you were pleased with the quality of the pearls and clasp, as well as the expedited delivery. Your feedback is truly appreciated.",2026-06-23T03:18:32.000Z
www.thepearlsource.com,id:6a368538b62c32855980038f,native_id,6a368538b62c32855980038f,5,true,1781965144,06/20/2026 14:19:04,Stunning Luxury Gift,"I bought color pearls for my wife 30yrs anniversary, necklace and bracelet. I opened them to check and they look absolutely amazing and the display packaging is also amazing and beautiful design. The pair  look stunning. I've packaged them up again to give to her in Fuerteventura on our anniversary and where we had our honeymoon. Delivery was prompt, couple of days. Hope they last well and she likes them. Thanks to The Pearl Source, highly recommended 👌 ",John Bergin,51e1113b000064000143a301,GB,36,Thank you for sharing your experience. It's wonderful to hear that the necklace and bracelet looked even more beautiful in person and that the presentation exceeded your expectations. Knowing that they were chosen for such a meaningful gift makes your feedback especially appreciated. We hope your wife loves them.,2026-06-23T03:30:22.000Z
www.thepearlsource.com,id:6a35c2c27f4d7749a2b3144a,native_id,6a35c2c27f4d7749a2b3144a,5,true,1781915362,06/20/2026 00:29:22,Nice packaging and fast shipping.,"Nice packaging and fast shipping.

Great quality pearls at affordable / reasonable price.


",Genuine Pearl Enthusiasts,6a2dabbba71de07f8989d86d,US,2,"We're pleased to know that you were happy with the quality of the pearls, the packaging, and the prompt delivery, and that you found them to be a great value. Thank you for sharing your feedback.",2026-06-20T03:32:05.000Z
www.thepearlsource.com,id:6a35afa4c0f60eebbbc0b732,native_id,6a35afa4c0f60eebbbc0b732,5,true,1781910468,06/19/2026 23:07:48,The Pearl Necklace of My Dreams!,Superior quality of many types of pearls. Highly acclaimed pearl jewelry. I bought the pearl pendant of my dreams from The Pearl Source l.,Carol Peacock,6a35afa38c034d0b66c14750,US,1,It's wonderful to know that you found the pearl pendant of your dreams. Thank you for your kind words about the quality of our pearl jewelry. We hope you enjoy wearing it for many years to come.,2026-06-20T03:35:10.000Z
www.thepearlsource.com,id:6a3593091d690e437a4bcf3d,native_id,6a3593091d690e437a4bcf3d,5,true,1781903145,06/19/2026 21:05:45,Beautiful Ring!,"Easy to order on your website, and the product arrived quickly.",Norma Rodriguez,64dfc450ad2b1c001324b25d,US,2,Thank you for your feedback. It's great to hear that ordering on our website was easy and that your ring arrived quickly. We appreciate you taking the time to share your experience.,2026-06-20T03:41:10.000Z
www.thepearlsource.com,id:6a35896a12986f9cdfff3428,native_id,6a35896a12986f9cdfff3428,5,true,1781900682,06/19/2026 20:24:42,Spectacular pieces!,"Gorgeous pieces (even more beautiful in person).
These special pieces arrived on time and were well packed.
Communication was great… quick response time.
A++++++++ I highly recommend this seller!
Thank you for creating such wonderful wearable art🤩",Sue,6a25c76f8dd5c41b9c998110,US,2,"Thank you for sharing such wonderful feedback. It's great to know that the pieces were even more beautiful in person and that your experience, from communication to delivery, was such a positive one. We truly appreciate your recommendation.",2026-06-20T03:45:32.000Z
www.thepearlsource.com,id:6a35882d5676c3eed826860e,native_id,6a35882d5676c3eed826860e,5,true,1781900365,06/19/2026 20:19:25,Item was stunning,Item was stunning!   Prompt mailing. Packing was beautiful.   ,Diane W,6a35882d6d6d710f4df6f498,US,1,"It's wonderful to hear that the item was stunning, arrived promptly, and was beautifully packaged. Thank you for sharing your feedback.",2026-06-20T03:49:20.000Z
www.thepearlsource.com,id:6a35848eeeb98187a8e0f5ca,native_id,6a35848eeeb98187a8e0f5ca,5,true,1781899438,06/19/2026 20:03:58,Lovely,"Lovely, perfect color and size. High Quality.
Very Fast Delivery!!!",Beth Venuto,6a131411dd910c46ad710c7c,US,1,"Thank you for taking the time to leave a review. We're delighted that you were pleased with the color, size, and quality of your purchase, and that it arrived so quickly. Thank you for choosing The Pearl Source.",2026-06-20T03:57:44.000Z
www.thepearlsource.com,id:6a358468858c604749d54390,native_id,6a358468858c604749d54390,5,true,1781899400,06/19/2026 20:03:20,Amazing quality and exceptional…,Amazing quality and exceptional customer service. Thank you!,Paulami Banerjee,6a358467e33cd1537ca99b8d,US,1,Thank you for your kind words. Knowing that you were happy with both the quality of our pearls and the service you received means a great deal to us.,2026-06-20T04:00:24.000Z
www.thepearlsource.com,id:6a355667b59578ce51556795,native_id,6a355667b59578ce51556795,5,true,1781887623,06/19/2026 16:47:03,I ordered items early Monday and had my…,"I ordered items early Monday and had my pearls on Wednesday. Attractive,secure package",Esther Jankey,5fda2003c839220019eb539a,GB,6,Thank you for your review. We're pleased that your pearls arrived so quickly and that you appreciated the secure packaging. Thank you for choosing The Pearl Source.,2026-06-20T04:04:05.000Z
www.thepearlsource.com,id:6a353f62371a10012cbd984b,native_id,6a353f62371a10012cbd984b,5,true,1781881730,06/19/2026 15:08:50,The level of service and speed of…,"The level of service and speed of delivery, very nice earrings.",David walls,56d9776a0000ff000a0bb353,GB,24,"Thank you for your kind words. We're happy to know that you were pleased with the service, prompt delivery, and your earrings. It means a lot to receive such positive feedback.",2026-06-20T04:09:45.000Z
www.thepearlsource.com,id:6a353e83250eed7ce2933553,native_id,6a353e83250eed7ce2933553,5,true,1781881507,06/19/2026 15:05:07,"AAA...QUALITY; SERVICE, DELIVERY ","Wonderful experience with every aspect! Pearls are beautiful, great luster and quality, service was great, and delivery was prompt.",Donna F,68f079e08fb1d64cb3ff0955,US,2,"It's wonderful to know that the beauty and quality of the pearls, along with our service and prompt delivery, contributed to such a positive experience. Your kind words are truly appreciated.",2026-06-20T04:14:36.000Z
www.thepearlsource.com,id:6a352f92fc7358e8efcf2b9e,native_id,6a352f92fc7358e8efcf2b9e,5,true,1781877682,06/19/2026 14:01:22,Fast delivery,"Fast delivery, easy to order, great price quality product. ",jorge alvarado,671178267a39c6a1fdd42bed,US,1,"We're happy to know that the fast delivery, easy ordering process, and value of your purchase stood out to you. Thank you for your kind review.",2026-06-20T04:17:25.000Z
www.thepearlsource.com,id:6a351a445fb702bb5d49e560,native_id,6a351a445fb702bb5d49e560,4,false,1781872228,06/19/2026 12:30:28,love them,love them! kind and sweet service ,Janice,6a3519afa71de01250923bdc,US,6,We're so pleased to know that you love your purchase and enjoyed the service you received. Thank you for taking the time to leave a review.,2026-06-20T04:21:12.000Z
www.thepearlsource.com,id:6a350c754b773732d6132f13,native_id,6a350c754b773732d6132f13,5,true,1781868693,06/19/2026 11:31:33,Beautiful pearls,Bought these pearls for my mums birthday and I know she will love them!! ,Claire and Rob ,5c096d3b5149eb68ee487103,GB,14,What a thoughtful birthday gift. We hope your mum loves the pearls and enjoys wearing them.,2026-06-20T04:23:30.000Z
www.thepearlsource.com,id:6a35019d8116120a09040007,native_id,6a35019d8116120a09040007,5,true,1781865917,06/19/2026 10:45:17,Arrive in mazing packaging,"Arrive in mazing packaging, pearls looks perfect. Wife exited nearly cry. ",customer,646c879c3ea2510012286a50,GB,4,We're so pleased that the pearls and presentation made such a special impression. Hearing how excited your wife was is especially meaningful. We hope she enjoys them for years to come.,2026-06-20T04:27:04.000Z
www.thepearlsource.com,id:6a346526e376b1b9b04923c3,native_id,6a346526e376b1b9b04923c3,5,true,1781825862,06/18/2026 23:37:42,Great gift for my Granddaughter sweet 16thservice and quality pearl bracelet,"Good service and quality pearl bracelet
Double strang silver lock.",Blanca Morales,6a346526e33cd12ad8a84826,US,1,A sweet 16 is such a special occasion. We're so pleased that the bracelet was chosen for your granddaughter's celebration and that you were happy with both its quality and the service you received.,2026-06-20T04:31:20.000Z
www.thepearlsource.com,id:6a345539cd1ad7d00988d34d,native_id,6a345539cd1ad7d00988d34d,5,true,1781821785,06/18/2026 22:29:45,Elegant Pearl Necklace,"The pearls are just gorgeous. This purchase was bittersweet, to wear at our mother’s funeral today.  Classic, timeless and fast delivery! 🤍💜🪽",Regina Castillo Bates,6a3455385d63d44cd7ba5c8d,US,1,We're pleased that the necklace arrived in time and that its classic beauty was appreciated on such a meaningful day. Your review is truly appreciated.,2026-06-20T04:36:32.000Z
www.thepearlsource.com,id:6a331438e4859d0b3f82b75e,native_id,6a331438e4859d0b3f82b75e,5,true,1781739608,06/17/2026 23:40:08,These pearls are so pretty,These pearls are so pretty. I got the freshwater pearls in the pastel colors. I got a 20 inch necklace and a 7 inch bracelet with a magnet closure so I’m able to put them together to make a longer necklace. You can barely see the Sterling silver closures it matches so great. I just love it. They feel so heavy and substantial. ,Lori Kim,5da63fb7ef6d620e6a601df4,US,2,It's wonderful to know how much you're enjoying your pastel Freshwater pearls. We're pleased that the necklace and bracelet work so beautifully together. Your comments about the sterling silver closures and the substantial feel of the pearls are truly appreciated.,2026-06-20T04:49:25.000Z
www.thepearlsource.com,id:6a32e50c7e30164c8aecd845,native_id,6a32e50c7e30164c8aecd845,5,true,1781727532,06/17/2026 20:18:52,The pearls are beautiful and are…,The pearls are beautiful and are presented in a special way. It will make a truly beautiful present. ,Susan Sparks,58c74de90000ff000a8144e2,US,3,Thank you for your review. We're pleased that you appreciated both the beauty of the pearls and their special presentation. Thank you for choosing The Pearl Source.,2026-06-20T04:55:09.000Z
www.thepearlsource.com,id:6a32b73328d91a954fcd03ad,native_id,6a32b73328d91a954fcd03ad,5,true,1781715795,06/17/2026 17:03:15,Pearls are beautiful and shipping was…,Pearls are beautiful and shipping was quick. Packaging looks pretty,Aruna Balakrishnaraja,6a32b7326d6d71dfaef3640e,US,1,"We're delighted that the pearls, quick shipping, and presentation all stood out to you. We truly appreciate your feedback.",2026-06-20T05:01:13.000Z
www.thepearlsource.com,id:6a321ebd32cd9b03cc27395c,native_id,6a321ebd32cd9b03cc27395c,5,true,1781676765,06/17/2026 06:12:45,I couldn't be happier with my purchase,"I couldn't be happier with my purchase! The pearl bracelet is absolutely beautiful, so well made. The packaging was exquisite and made the whole experience feel very special. Delivery was fast, and everything arrived perfectly. Excellent quality and service — I highly recommend this company!",Kathy,5cde61d934e82919158375f3,AU,4,"Knowing that you couldn't be happier with your purchase means a great deal to us. We're delighted that the bracelet, beautiful presentation, and fast delivery helped make the experience so special. Thank you for your recommendation.",2026-06-20T05:07:26.000Z
www.thepearlsource.com,id:6a31ea1c858df4277b6589d6,native_id,6a31ea1c858df4277b6589d6,5,true,1781663292,06/17/2026 02:28:12,Pleasure doing business with The Pearl Source,"Beautiful pearls, fast shipping, and excellent customer service~ 5-stars all the way! ",JV,68dc93f8412e4c4c0d59d156,US,3,"Thank you for your kind words. We're glad to hear that you were pleased with the quality of our pearls, fast shipping, and customer service. We truly appreciate your support.",2026-06-17T03:07:51.000Z
www.thepearlsource.com,id:6a318d488531356ccdc1b7a8,native_id,6a318d488531356ccdc1b7a8,5,true,1781639528,06/16/2026 19:52:08,Very fast delivery,"Very fast delivery. 
Beautiful product",Linda Rechtsman,6a318d478c034de61cbc2162,CA,1,We appreciate your feedback. It's great to know that your order arrived quickly and that you were pleased with your purchase.,2026-06-17T03:12:46.000Z
www.thepearlsource.com,id:6a3161534db3206fe3fa3c22,native_id,6a3161534db3206fe3fa3c22,5,true,1781628275,06/16/2026 16:44:35,Graduation gift,A beautiful necklace that arrived quickly. I was looking for a more modern version of pearls and the Tincup Molly necklace was perfect.,Cheryl Sheffield,6a3161528c034d4131bbcfb6,US,1,Thank you for your review. We're pleased that the Tincup Molly Necklace was the perfect fit for the modern pearl look you had in mind and that it arrived quickly. Thank you for choosing The Pearl Source for such a special occasion.,2026-06-17T03:16:09.000Z
www.thepearlsource.com,id:6a3137af68b0d8d3f557f03d,native_id,6a3137af68b0d8d3f557f03d,1,true,1781617615,06/16/2026 13:46:55,I have already returned the pearl to…,"I have already returned the pearl to you for more than ten days, why haven't you refunded me yet",fazong ye,6a3137aea71de0a0a98d5cd6,US,1,"We appreciate your feedback. We are happy to confirm your refund was processed on June 16th, as your return was delivered back on June 15th.",2026-06-25T21:14:14.000Z
www.thepearlsource.com,id:6a312aeb6b44a9da7423f8ad,native_id,6a312aeb6b44a9da7423f8ad,5,true,1781614347,06/16/2026 12:52:27,A wonderful anniversary gift,"Following some research I sourced some pearl jewellery from here as a 30th wedding anniversary gift. The ordering process was clear and easy to follow with swift and efficient delivery. My wife is delighted with the quality of the pearls. 
I’d happily recommend this company to friends and family. ",Chris,59391a080000ff000aa144fe,GB,27,"We appreciate your thoughtful review. It's wonderful to know that your wife was delighted with the pearls and that the entire experience, from ordering to delivery, went smoothly. Thank you for your recommendation.",2026-06-17T03:17:58.000Z
www.thepearlsource.com,id:6a3077ec80ed71d42ebb5689,native_id,6a3077ec80ed71d42ebb5689,5,true,1781568524,06/16/2026 00:08:44,I was taking a chance selecting…,"I was taking a chance selecting beautiful pearls for myself for my 80th birthday and I want you to know that it did not disappoint at all. The pearls are lovely. The white that I wanted and the length is perfect. It’s it’s everything that I was hoping for thank you so much, Kathy",Kathy Castaldi Margolis,6519bbed999ec20012f17503,US,2,Thank you for sharing your experience. It's wonderful to know that the pearls were everything you had hoped for and that the color and length were just right. We truly appreciate your kind words.,2026-06-17T03:23:26.000Z
www.thepearlsource.com,id:6a304c8a78c26c9bee5763bf,native_id,6a304c8a78c26c9bee5763bf,5,true,1781557418,06/15/2026 21:03:38,The pearls arrive ahead of schedule and…,The pearls arrive ahead of schedule and they are absolutely beautiful 😍 ,Lisa Spears,6a304c8ae33cd1c7dba30f87,US,1,Thank you for your review. We're pleased that your pearls arrived ahead of schedule and that you found them absolutely beautiful. We appreciate your feedback.,2026-06-17T03:25:17.000Z
www.thepearlsource.com,id:6a3048cd59e7a036bfb13a50,native_id,6a3048cd59e7a036bfb13a50,5,true,1781556461,06/15/2026 20:47:41,Both bracelet and necklace are lovely,"Both bracelet and necklace are lovely. Took me some time to figure out the clasp on the necklace!
Very happy with my purchase..
Thank you!",Virginia Jacobsen,5913d7880000ff000a96d8dd,US,17,Thank you for sharing your experience. We're glad to know that you're enjoying both your bracelet and necklace. It means a lot to hear that you're so happy with your purchase.,2026-06-17T03:27:36.000Z
www.thepearlsource.com,id:6a303ef43ef606a2abf88506,native_id,6a303ef43ef606a2abf88506,5,true,1781553940,06/15/2026 20:05:40,Customer Service,Customer Service is top tier. Easy to speak with someone to get your concerns addressed. Great selection of pearl offerings. This is my second time ordering from The Pearl Source and will order again and again! ,Shawn,6a303ef35d63d455a0b52329,US,1,We appreciate your continued trust in The Pearl Source. It's wonderful to know that our customer service team was able to address your concerns and make your experience a positive one. Your support means a great deal to us.,2026-06-17T03:32:07.000Z
www.thepearlsource.com,id:6a300bb7bda0a6524f1bf712,native_id,6a300bb7bda0a6524f1bf712,4,false,1781540823,06/15/2026 16:27:03,Beautiful genuine cultured pearl jewelry,I had a lovely experiene shopping with The pearl source. The have beautiful genuine cultured pearl jewelry and customer service is also responsive and helpful.,Rosy,6a221175c1f598bb8a1eb5ec,GB,3,We appreciate your feedback. We're pleased to know that you enjoyed our cultured pearl jewelry and had a positive experience with our customer service team. Thank you for taking the time to share your thoughts.,2026-06-17T03:36:17.000Z
www.thepearlsource.com,id:6a2f385b07f14ddb423f69bb,native_id,6a2f385b07f14ddb423f69bb,5,true,1781486715,06/15/2026 01:25:15,I found the quality to be what was…,I found the quality to be what was represented and the delivery time was prompt. The product was packaged nicely and made a great presentation. ,will rhodarmer,6a2f385ae33cd1cc06a1a35c,US,1,"Thank you for your review. We're pleased to know that the quality was exactly as represented, your order arrived promptly, and the presentation was well received. Thank you for choosing The Pearl Source.",2026-06-17T03:43:04.000Z
www.thepearlsource.com,id:6a2f2dc10e2ab64db189ac8d,native_id,6a2f2dc10e2ab64db189ac8d,3,true,1781484001,06/15/2026 00:40:01,Smaller than expected and not graduated,Smaller than expected and not graduated,Ronald Botelho,63a9020390b3dc0013f98fdf,US,8,"Hello Ronald,
Thank you for your feedback. We're sorry to hear that the pearls were smaller than expected and did not meet your expectations regarding graduation. Please contact us at help@thepearlsource.com so we can learn more about your experience and work toward a suitable solution.

Best regards,
The Pearl Source",2026-06-17T03:48:33.000Z
www.thepearlsource.com,id:6a2f0e81f4b75f6adc319bc2,native_id,6a2f0e81f4b75f6adc319bc2,5,true,1781476001,06/14/2026 22:26:41,I recieved the perfect little Akoya…,"I recieved the perfect little Akoya Pearl stud earrings that i ordeeed om time, very well packaged.  The pearls are beautiful, just right for my diamond earring jackets.  Very happy with this purchase and will buy from The Pearl Source again in the future.
",Nanasnotes,6a2f0e806d6d71acd0eedcec,US,1,We're so pleased to hear that your order arrived on time and was beautifully packaged. It's wonderful to know that you were happy with your purchase and plan to shop with The Pearl Source again in the future. Thank you for taking the time to share your experience.,2026-06-14T22:37:14.000Z
www.thepearlsource.com,id:6a2ef9e1b3753633a66c318f,native_id,6a2ef9e1b3753633a66c318f,5,true,1781470721,06/14/2026 20:58:41,Great service and excellent quality,Great service and excellent quality,Sonya Damewood,6a2ef9e0e33cd1153ca1708c,US,1,Thank you for your feedback. It's great to know that both our service and the quality of your purchase made  a positive impression. We appreciate you taking the time to share your experience.,2026-06-14T22:40:34.000Z
www.thepearlsource.com,id:6a2ef78885a42022b2d2504f,native_id,6a2ef78885a42022b2d2504f,5,true,1781470120,06/14/2026 20:48:40,The bracelet is beautiful everything I…,The bracelet is beautiful everything I was hoping for. Thanks,Diane Walton,6a2ef7888c034d4ab9b8e348,US,1,Thank you for your review. We're so pleased to hear that the bracelet was everything you were hoping for. We hope you enjoy wearing it.,2026-06-14T22:44:07.000Z
www.thepearlsource.com,id:6a2ef43655cafcc6a8b4af57,native_id,6a2ef43655cafcc6a8b4af57,5,true,1781469270,06/14/2026 20:34:30,The hardest part of buying the I  was…,The hardest part of buying the I  was deciding what I wanted to buy for my granddaughter’s high school graduation. I bought the double stranded pearls with the gold class. They are absolutely beautiful and I can’t wait to give them to her. I’m sure she’ll enjoy them for many years to come.,Sarah M,62a22eee9a16c900119d249a,US,2,"What a special gift for your granddaughter's graduation. We're so glad the pearls will be part of such an important milestone, and we hope she treasures them for years to come.",2026-06-14T22:49:18.000Z
www.thepearlsource.com,id:6a2ef08c04eb85956ebc06f2,native_id,6a2ef08c04eb85956ebc06f2,5,true,1781468332,06/14/2026 20:18:52,Exactly as promised,Exactly as promised. Communication was accurate.  Pearl is  beautiful. Very happy with purchase,Teresa,6758c4f2eaf8e86a85ff41dc,US,2,It's great to know that your experience was exactly as promised and that our communication was clear and accurate. We're so glad you were happy with your purchase. Thank you for sharing your experience with us.,2026-06-14T22:53:03.000Z
www.thepearlsource.com,id:6a2ed04d0a3530613e048e10,native_id,6a2ed04d0a3530613e048e10,5,true,1781460077,06/14/2026 18:01:17,The pearls arrived spectacularly…,"The pearls arrived spectacularly packaged and they look great on my wife. She has endured some extra stress and I just wanted to make a small gesture to her so that she knows that I have her back. Great product, service, and fast shipping!",Mark Mandurano,66be85598a6e86a002a91737,US,3,"Thank you for your kind words. It's great to know that the pearls arrived beautifully packaged and that you were pleased with the product, service, and fast shipping. We appreciate your feedback.",2026-06-14T22:59:18.000Z
www.thepearlsource.com,id:6a2e1d912f6cf1e398c4aa8e,native_id,6a2e1d912f6cf1e398c4aa8e,5,true,1781414321,06/14/2026 05:18:41,Delivery service is good and the…,Delivery service is good and the quality of the pearl is excellent,Carol Y,6a2e1d906d6d71217dee1c22,US,1,Thank you for your feedback. We're glad you were satisfied with both the delivery service and the quality of the pearls. We appreciate your support.,2026-06-14T23:01:28.000Z
www.thepearlsource.com,id:6a2e0090f86da23f96247911,native_id,6a2e0090f86da23f96247911,5,true,1781406896,06/14/2026 03:14:56,As promised,As promised. Very easy to deal with.,tom heinsch,60ce16cc132b940019cfd3f0,US,2,It's great to know that everything was exactly as promised and easy to deal with. Thank you for your kind feedback.,2026-06-14T23:04:19.000Z
www.thepearlsource.com,id:6a2de0c5d8d6aa1dbbeff1c8,native_id,6a2de0c5d8d6aa1dbbeff1c8,5,true,1781398757,06/14/2026 00:59:17,Great experience and delight with my…,Great experience and delight with my pearls, Mrs Lisa Graves,5e235cdce5a4c77135836b33,US,4,We're so glad you had a great experience and are enjoying your pearls. Thank you for your kind words.,2026-06-14T23:06:41.000Z
www.thepearlsource.com,id:6a2ddef846240bebb0061938,native_id,6a2ddef846240bebb0061938,5,true,1781398296,06/14/2026 00:51:36,Great value and quantity ,My daughter's loved the AAAA 6.5-7mm freshwater pearls. High luster and very round for less than every other company I have found that charge for A - AA quality.,CARL BRAUN,6998ce5b2dcf0f811df66c62,US,2,It's wonderful to know that your daughter loved the pearls. We're glad you were pleased with their quality and value. Thank you for your kind review.,2026-06-14T23:10:56.000Z
www.thepearlsource.com,id:6a2ddecce37afb593de1e4f2,native_id,6a2ddecce37afb593de1e4f2,5,false,1781398252,06/14/2026 00:50:52,The pearl necklace we received was…,The pearl necklace we received was beautiful. the luster was very evident when we opened the box. I would highly recommend this company for quality and service.,Adrian Davis,6a2ddebfa71de0397d8a023b,SE,1,We're so glad the necklace's luster stood out to you when you opened the box. Thank you for recommending The Pearl Source for both quality and service.,2026-06-14T23:13:24.000Z
www.thepearlsource.com,id:6a2dd429ddeaf39f3bd667aa,native_id,6a2dd429ddeaf39f3bd667aa,5,true,1781395529,06/14/2026 00:05:29,Truly the best customer service I have ever received!,"Truly the best customer service I have ever had and the pearls are breathtaking! I purchased my wife her first pearl necklace, bracelet and earrings for her 50th birthday. I selected them separately instead of a set, but didn’t think about them coming in 3 different gift boxes, which would be nice for the Wow effect, but challenging to take on her birthday cruise. I reached out to customer service to see if I could purchase a gift set box so that I could combine everything, and not only did they respond quickly, they also had the gift box in the mail and delivered to me in couple of days, free of charge. And, did I mention that the pearls are BEAUTIFUL! Truly heirloom pieces. Hoping I have “Husband of the Year” in the bag (or should I say “gift box”)… Their dedication to excellence has made The Pearl Source my go-to for every pearl I purchase from here on out. Thank you.",Chris Thompson,6a2dd4285d63d43a39b2c9f1,US,1,"Thank you for your thoughtful review. We're delighted that the pearls, gift box, and customer service all helped make your wife's 50th birthday even more special. Thank you for your generous recommendation and support.",2026-06-14T23:24:31.000Z
www.thepearlsource.com,id:6a2dd1ef43ae12b451b79e64,native_id,6a2dd1ef43ae12b451b79e64,5,true,1781394959,06/13/2026 23:55:59,Knew what I wanted,Knew what I wanted.  Just ordered it no problems.  Received the earrings. Even more BEAUTIFUL than the picture which does not always happen.  Received tons of compliments. ,cj,6a2dd1ee6d6d715673edf9bf,US,1,Thank you for your review. We're glad the ordering process was simple and that the earrings were even more beautiful in person. We hope you continue to enjoy wearing them.,2026-06-14T23:28:54.000Z
www.thepearlsource.com,id:6a2daf284d003cc352160c0b,native_id,6a2daf284d003cc352160c0b,5,true,1781386056,06/13/2026 21:27:36,Delivery was expected and received in 2…,"Delivery was expected and received in 2 days, excellent. The pearls are beautiful and of the best quality. I am so very satisfied with my purchase. All my pearls will be purchased  from The Pearl Source in the future.",Joanne Humbles,6a2daf285d63d461f1b2aa6e,US,1,Thank you for your feedback. We're glad your pearls arrived quickly and that you were pleased with their quality. We truly appreciate your confidence in The Pearl Source and look forward to welcoming you again in the future.,2026-06-14T23:32:02.000Z
www.thepearlsource.com,id:6a2d9f76328099ab920e584a,native_id,6a2d9f76328099ab920e584a,5,true,1781382039,06/13/2026 20:20:39,Gorgeous color and quality!,"Beautiful, quality, well constructed pearl earrings! I ordered the Akoya white pearls and they match my necklace perfectly. Originally ordered the size 6.0-6.5 and they were too small so I replaced with the 8.0-8.5 and they were just right. ",Heather Eaton,6999c4453cdc4941bec98517,US,2,Finding the perfect size can make all the difference. We're glad the 8.0-8.5mm earrings turned out to be just right and that everything worked out perfectly in the end. Thank you for choosing The Pearl Source.,2026-06-14T23:40:23.000Z
www.thepearlsource.com,id:6a2d47eb86785e9d3df8a611,native_id,6a2d47eb86785e9d3df8a611,5,true,1781359627,06/13/2026 14:07:07,My order arrived fast,My order arrived fast.  The neckace is so beautiful.  I also love the packaging.  I bought this as a gift for my friend and I know that she will just love it.,Debra Clawson,66e1a0e77035ba05b13235b5,US,6,We're so glad your order arrived quickly and that you were pleased with the necklace and its presentation. We hope your friend loves her gift as much as you do.,2026-06-14T23:43:29.000Z
www.thepearlsource.com,id:6a2c623992a7decf63ed8253,native_id,6a2c623992a7decf63ed8253,5,true,1781300825,06/12/2026 21:47:05,Pearl Source is now on my go-to list!,"Ordering was easy. The earrings are exactly as described and more beautiful in person, and the presentation is classy. As to the communication and delivery: superb! I will surely be keeping the Pearl Source on my go-to list of businesses.",Julie Davis,6a2c62386d6d71382becc3fa,US,1,Thank you for your wonderful review. We're delighted that the earrings were even more beautiful in person and that you enjoyed a smooth ordering experience. It's especially rewarding to know that The Pearl Source has earned a place on your go-to list. Thank you for choosing The Pearl Source.,2026-06-13T04:55:24.000Z
www.thepearlsource.com,id:6a2c4dd6a1ee026557bf1446,native_id,6a2c4dd6a1ee026557bf1446,5,true,1781295606,06/12/2026 20:20:06,They are the Best,"They are the Best, Customer service is 1st class! I Love my Beautiful Pearls 💕💕",QueenP,689e82b404313e7bd65536e4,US,2,Thank you for your lovely feedback. Knowing that you love your pearls and consider our customer service first class means so much to our team. We appreciate your support.,2026-06-13T04:58:18.000Z
www.thepearlsource.com,id:6a2c4daa444019a35cf0c37b,native_id,6a2c4daa444019a35cf0c37b,5,true,1781295562,06/12/2026 20:19:22,Great information,"Great information, pearl photos exacting, very nice presentation. Look as photographed. Fast delivery. Fair return policy. 
Gift not yet given so can yet give recipient’s remarks.",John M,6a2c4da98c034d5ab4b6c51e,US,1,We're pleased to hear that the pearls arrived exactly as pictured and that you were happy with the presentation. It's also great to know that the delivery process and return policy met your needs. We appreciate you taking the time to leave a review.,2026-06-13T05:02:47.000Z
www.thepearlsource.com,id:6a2c36a4e90fa904d6d8abf3,native_id,6a2c36a4e90fa904d6d8abf3,5,true,1781289668,06/12/2026 18:41:08,Amazing service. Really good quality product.,"Amazing service. I accidently paid twice. The friendly staff picked that up and issued a refund immediately.
Within 3 days, my order arrived at my door in the UK. 
The AAA+ quality pearl necklace is perfect and in an excellent presentation box.
I intend ordering matching ratings.
When these guys advertise that they give excellent customer service, they really mean it.",John Gowers,59576a990000ff000aaa441d,GB,7,"Thank you for such a thoughtful review. We're especially pleased that our team was able to quickly resolve the duplicate payment issue and provide a positive experience throughout the process. It's wonderful to hear that you were happy with the quality of your pearl necklace, its presentation, and the fast delivery to the UK. We look forward to your next order.",2026-06-13T05:09:13.000Z
www.thepearlsource.com,id:6a2bf10b88e9da58c7fa6c56,native_id,6a2bf10b88e9da58c7fa6c56,5,true,1781271851,06/12/2026 13:44:11,Amazing experience,Amazing experience!  I ordered the wrong length for a necklace.  They immediately provided return instructions and quickly sent out the correct item.  Completely my error but they handled it as if it were their own.  Beautiful product and packaging.  5 stars all the way.  Thank you! ,Timothy MacMillan,5d2a2264f944e32f82c51f6c,US,3,"We're so pleased that the necklace exchange process was quick and easy, and that everything worked out smoothly. It's wonderful to hear that you were happy with the product, packaging, and overall experience. We appreciate you taking the time to share your feedback.",2026-06-13T05:13:49.000Z
www.thepearlsource.com,id:6a2bf029c96f6652bbc6d9b1,native_id,6a2bf029c96f6652bbc6d9b1,5,true,1781271625,06/12/2026 13:40:25,Good product,"Good product, speedy delivery.👍",Customer,5bb51f384de5666d34d23f02,GB,8,Thank you for your review. We're glad to hear that you were pleased with the product and the speedy delivery. Thank you for choosing The Pearl Source.,2026-06-13T05:17:16.000Z
www.thepearlsource.com,id:6a2b87d2494de0c7b18dcdb8,native_id,6a2b87d2494de0c7b18dcdb8,5,false,1781244914,06/12/2026 06:15:14,I am absolutely delighted with my purchase ,"I am absolutely delighted with my experience with The Pearl Source.

Their customer service and communication were exceptional from start to finish, making the entire purchasing process easy and enjoyable. My freshwater pearl necklace arrived quickly, was beautifully presented, the quality is stunning, and it looks absolutely amazing when worn.

It is refreshing to deal with a company that takes such pride in both its products and customer care. Thank you for providing such beautiful pieces and for delivering such a fantastic shopping experience. I would happily recommend The Pearl Source to anyone looking for quality pearls and outstanding service.",Lina Sacco,6247c9bfb4f76f0012ae59a5,AU,3,"Thank you for your wonderful feedback. It's incredibly rewarding to know that you enjoyed every part of your experience, from customer service and communication to the quality and presentation of your necklace. We sincerely appreciate your recommendation.",2026-06-13T05:19:01.000Z
www.thepearlsource.com,id:6a2b2f21ac920b8fe457969b,native_id,6a2b2f21ac920b8fe457969b,5,true,1781222209,06/11/2026 23:56:49,The bracelet is perfect and the…,The bracelet is perfect and the customer service is exceptional! Highly recommend!,Oakville ,5d8921882bfdf5533f29db20,CA,3,We're pleased to hear that you found our customer service exceptional and that you love your bracelet. We truly appreciate your recommendation.,2026-06-12T04:16:53.000Z
www.thepearlsource.com,id:6a2affefc470be272c9e1c8e,native_id,6a2affefc470be272c9e1c8e,5,true,1781210127,06/11/2026 20:35:27,Great price,"Great price, fast service and the pearls were a perfect gift",Tim Riemensnider,6a2affee8c034d1285b52057,US,1,We're happy to know the pearls made the perfect gift and that you were pleased with both the value and service. We truly appreciate your support.,2026-06-12T04:21:48.000Z
www.thepearlsource.com,id:6a2aff5fa534897b54a0b014,native_id,6a2aff5fa534897b54a0b014,5,true,1781209983,06/11/2026 20:33:03,Everything I have ordered has been just…,Everything I have ordered has been just as presented.  I am a repeat customer.  A bonus is the beautiful packaging that the jewelry has with it.  ,JUDITH BROWNE,568e75cb0000ff0001fa29a8,US,5,Thank you for your continued support. We're delighted to hear that each purchase has arrived just as presented and that the packaging continues to stand out.,2026-06-12T04:36:19.000Z
www.thepearlsource.com,id:6a2af252d09caa1b6eb7763a,native_id,6a2af252d09caa1b6eb7763a,5,true,1781206642,06/11/2026 19:37:22,The most beautiful pearls,"The most beautiful pearls! Quality, will order another pair soon. Service to us was within 2 days, which is when I needed them for a special event. I am very happy with the purchase!",Pamela Perez,6a2af2515d63d4d72eafba32,US,1,Thank you for your kind words. We're so pleased that the pearls arrived in time for your special event and that you're happy with both the quality and service. We appreciate your support.,2026-06-12T04:38:07.000Z
www.thepearlsource.com,id:6a29da534f35b383bfeceb50,native_id,6a29da534f35b383bfeceb50,5,true,1781134963,06/10/2026 23:42:43,The Pearl Source website was easy to navigate.  There was a beautiful selection of pearls to choose from.,"In looking for a pearl bracelet, the Pearl Source ended up being a great resource in providing quality pearls.  The delivery was fast, the packaging was elegant and the bracelet is absolutely beautiful.",Marian Masters,637bcd2b8e71c80013b33ba5,US,2,"We appreciate your feedback. It's especially nice to hear that you found our website easy to navigate and enjoyed browsing our pearl selection. We're glad your bracelet arrived quickly, was beautifully packaged, and met your expectations in both quality and appearance. Enjoy your new bracelet.",2026-06-11T02:44:43.000Z
www.thepearlsource.com,id:6a29c51598a2447be647b2fe,native_id,6a29c51598a2447be647b2fe,4,true,1781129525,06/10/2026 22:12:05,Just a whisper shy of perfection!,"Service gets a tiny deduction. To be fully transparent, my minor issue appears to be fedex related. This was a college grad gift. I ordered and would have gladly expedited the shipping if I had realized it might not make it as promised. But, the promised delivery date was 2 days before I needed it. The shipment was delayed, likely by Fedex and didn’t arrive when promised. But, the tracking also didn’t update. So, both myself and customer service were left in limbo. The package wound up arriving to my address the afternoon of the graduation ceremony. Two hours away from campus. The graduate left for her trip of a lifetime graduation gift from her parents the next day. Without her gorgeous gift from her godmother (me). Just a disappointing experience for timing only. However, the PearlSource was gracious and went way above and beyond to apologize and offered ways to make it right (including offering to ship a second pair for overnight delivery). I cannot compliment them and their response more favorably! In the end, she will get her gift when she returns and will have a keepsake for hopefully generations to come. The earrings are exquisite! The gift box and just the general presentation is exquisite! They are on par with pricing at chain jewelry stores that don’t offer the same quality and service! If FedEx would have seen this through it would have been a flawless review. I will absolutely order again! I highly recommend the PearlSource for quality, price and customer satisfaction! Just a warning to err on the side of caution if you have a tight turnaround for delivery.",KathyT,677becaf7022c66ae795544b,US,1,"Thank you for taking the time to share your experience. We're sorry the delivery did not arrive as promised and understand how disappointing that must have been for such an important graduation gift. Knowing that our team was able to support you throughout the process and that you were ultimately pleased with the earrings, presentation, and overall experience is especially rewarding.
We hope the earrings remain a meaningful keepsake for years to come.",2026-06-11T02:56:05.000Z
www.thepearlsource.com,id:6a29a4764eea63f7f8364803,native_id,6a29a4764eea63f7f8364803,5,true,1781121174,06/10/2026 19:52:54,well pleased,the black akoya  pearl necklace and matching studs are beautiful! I'm giving them to my wife on June 29th celebrating an hour 54th anniversary. I can't wait to see her reaction and if she likes them as much as I do.,customer,60d4d2098d6ff90011469840,US,2,We're happy to hear that you were pleased with the Black Akoya pearl necklace and matching stud earrings. What a special gift for your wife's 54th anniversary. We hope she loves them just as much as you do and that they make the occasion even more special.,2026-06-11T02:58:10.000Z
www.thepearlsource.com,id:6a297c9aa5cb4df325d10cd1,native_id,6a297c9aa5cb4df325d10cd1,5,true,1781110970,06/10/2026 17:02:50,These are lovely Pearls,"These are lovely Pearls. Very thin chain, but the pearls are top notch. I got the 18” yellow gold filled. I’ll save them for my granddaughter, but I’ll enjoy them for years before they go to her. ",Pamela Stanley,6a297c996142ada5ec403153,US,1,It's wonderful to know that you were pleased with the quality of the pearls. We appreciate your honest feedback regarding the chain and are glad the overall experience left a positive impression. Thank you for sharing your experience with us.,2026-06-11T03:06:38.000Z
www.thepearlsource.com,id:6a285bb09753b6693a72fb9d,native_id,6a285bb09753b6693a72fb9d,5,true,1781037008,06/09/2026 20:30:08,Awesome product and experience. ,"Their website was really easy to navigate, with good pics of the products, which I really appreciate as an older person with bad vision. The description of the products were very detailed and accurate. The delivery was fast and the packaging was outstanding. But what stood to me was the customer service. I was back and forth with emailing them several questions I had and wanted (a different clasp) something they did not offer as an option on their website. They were able to answer all of my questions and make it happen. My wife is very happy to say the least. Would definitely purchase from them again without hesitation.",Samuel Chin,677d6628058f83287960ae80,US,2,Thank you for taking the time to share such detailed feedback. We're glad our team could help with your clasp request and answer your questions throughout the process. It's especially nice to hear that your wife is so happy with her purchase. We look forward to welcoming you back.,2026-06-10T04:56:51.000Z
www.thepearlsource.com,id:6a282ce69c7111f1944627a8,native_id,6a282ce69c7111f1944627a8,5,true,1781025030,06/09/2026 17:10:30,What made my experience great is i gave…,What made my experience great is i gave my wife a three strand set of pearls and she loved them!!!,Adrien Hebert,6a282ce56142ad17673e7df3,DE,1,We're delighted to hear your wife loved her three-strand pearl set. Thank you for sharing your experience with us.,2026-06-10T05:00:44.000Z
www.thepearlsource.com,id:6a281fb371027005a87f392e,native_id,6a281fb371027005a87f392e,5,true,1781021651,06/09/2026 16:14:11,Beautiful jewelry from a great company,"This is my second order and both times, I was floored opening the box.  What wonderful quality.  My wife was even happier than I was.  Fantastic company with fantastic products.  Buy your pearls here.",Steve,5f495d04a34d3b4e328a608f,US,4,We're grateful for your continued trust. It's especially nice to hear that your wife loved the pearls and that your second experience was just as memorable as the first. Your kind words are truly appreciated.,2026-06-10T05:18:20.000Z
www.thepearlsource.com,id:6a27f77fb2a475728e6a9684,native_id,6a27f77fb2a475728e6a9684,5,true,1781011359,06/09/2026 13:22:39,The product and the packing are great,The product and the packing are great. But there were issues with delivery and communication around it. It finally arrived and pleased with the product. ,Salah K,6753f0d309d403a0855e5719,QA,2,"Thank you for sharing your feedback. We're pleased to hear you were happy with the product and packaging. We're sorry there were issues with the delivery and communication surrounding your order, but we're glad everything arrived safely and that you were pleased with the product in the end.",2026-06-10T05:24:22.000Z
www.thepearlsource.com,id:6a2715498fbe932ef8218191,native_id,6a2715498fbe932ef8218191,5,true,1780953450,06/08/2026 21:17:30,The 8mm freshwater pink pearl strand…,The 8mm freshwater pink pearl strand necklace is gorgeous! I bought a pair of the pink pearl earrings to match. The arrived earlier than I anticipated which was a pleasant surprise. They look great with my mother of the groom dress. I can’t wait to wear them. I’m very pleased  and would highly recommend The Pearl Source. ,Sara Pederson,6a271548dd910cfa52871472,US,1,Thank you for your wonderful review. We're delighted you love your 8mm Freshwater Pink Pearl Strand Necklace and matching earrings. It's lovely to know they arrived earlier than expected and pair so beautifully with your mother-of-the-groom dress. We hope you enjoy wearing them on the special day.,2026-06-09T02:33:44.000Z
www.thepearlsource.com,id:6a2710bcf3cfb5cbe5a4f287,native_id,6a2710bcf3cfb5cbe5a4f287,5,true,1780952284,06/08/2026 20:58:04,I bought this for my wife's birthday…,"I bought this for my wife's birthday June 2nd. It's one of her birth stones and I found this company on social media. I did my do diligence to make sure of the legitimacy, quality etc. Everything checked out so I bought a pearl with a rose overtime instead basic white. I'm glad I did. It's beautiful, and the color shows very nicely. The quality is excellent the pendant is sturdy and well constructed. The size is just right too. 8-8.5 mm AA+ quality. Would highly recommend this company and it's products. Will be buying the matching earrings. Delivery was efficient, updates to know where and when delivery is coming. ",jklem,57d047b10000ff000a42402c,US,4,"Thank you for sharing your experience. We’re delighted the rose overtone pearl was the perfect choice for your wife’s birthday and that you were pleased with its color, quality, and craftsmanship. We're also glad the delivery process was smooth and kept you informed every step of the way. Thank you for choosing The Pearl Source, and we look forward to welcoming you back in the future.",2026-06-09T02:43:17.000Z
www.thepearlsource.com,id:6a27083a9d1a368c030f235a,native_id,6a27083a9d1a368c030f235a,5,true,1780950106,06/08/2026 20:21:46,"Stunning,exactly as pictured and the…","Stunning,exactly as pictured and the packaging is beautiful. They are for my Granddaughter's 16 th birthday. Can't wait to see her face.
",Mabel Debastiani,6a270839c1f5982c4723ad32,US,1,Thank you for your lovely review. We're delighted to hear everything arrived exactly as pictured and that you were pleased with the presentation. What a special gift for your granddaughter's 16th birthday. We hope she loves it and that it makes her birthday even more memorable.,2026-06-09T02:47:59.000Z
www.thepearlsource.com,id:6a26f3899d448b68a536c2a3,native_id,6a26f3899d448b68a536c2a3,5,true,1780944810,06/08/2026 18:53:30,Hi luster 9 91/2 pearls are delightful!,Hi luster 9 91/2 pearls are delightful!,Alice,6a26f3896142ad0b5b3cef66,US,1,Nothing makes us happier than knowing you love your pearls. Their luster truly is something special. Thank you for your kind words.,2026-06-09T02:58:17.000Z
www.thepearlsource.com,id:6a26977019d2bb07545c5a34,native_id,6a26977019d2bb07545c5a34,5,true,1780921232,06/08/2026 12:20:32,Glad I’ve found The Pearl Source,"I’m a picky buyer and they do have a really good return policy which allows buyers to shop with confidence especially when not being able to physically see the item before purchase. The PS figured this out which is part of their success over other retailers. Quality and price, unbeatable. Hanadama pearls - absolutely beautiful and worth the extra spend. Super fast Fedex delivery and love how the earring posts are nickel free for sensitive ears. ",TT2014,5e75789e062aad266eca682c,AU,5,"Finding the right pearls is important, especially when shopping online. We're glad our return policy gave you the confidence to shop comfortably and that your Hanadama pearls lived up to your expectations. It's also wonderful to know the nickel-free earring posts and fast delivery made a difference. Thank you for sharing such thoughtful feedback.",2026-06-09T03:02:38.000Z
www.thepearlsource.com,id:6a25fb0090c2b8014979c996,native_id,6a25fb0090c2b8014979c996,5,true,1780881184,06/08/2026 01:13:04,Fast delivery,Fast delivery.  Product was better than I expected. ,Barbara Moscarillo,6a25faff6142adc76b3ba650,US,1,"Fast delivery and a product that exceeded expectations, exactly what we like to hear. Thank you for sharing your feedback.",2026-06-09T03:05:03.000Z
www.thepearlsource.com,id:6a25cc57583514884ca757aa,native_id,6a25cc57583514884ca757aa,5,true,1780869239,06/07/2026 21:53:59,Full information on the product so I…,Full information on the product so I new what I was getting. Fast shipping only took a couple days. The quality was excellent and as soon as my wife put it on she fell in love with it. ,Donald Ennis,6a25cc568dd5c47c43998619,US,1,Knowing your wife fell in love with it the moment she put it on is wonderful. We're glad the detailed product information helped you feel confident in your choice and that the quality made such a great impression.,2026-06-09T03:08:24.000Z
www.thepearlsource.com,id:6a25c484ece2b40ce399ddd1,native_id,6a25c484ece2b40ce399ddd1,5,true,1780867236,06/07/2026 21:20:36,Arrived right on time and the product…,Arrived right on time and the product is worth the price. ,Refugio Martinez,6a25c4838dd5c42784997dda,US,1,It's great to know your order arrived on time and proved to be worth the price. Thank you for your review.,2026-06-09T03:18:55.000Z
www.thepearlsource.com,id:6a25b6af94f7fbf97c7cdb2f,native_id,6a25b6af94f7fbf97c7cdb2f,5,true,1780863695,06/07/2026 20:21:35,There isn’t enough stars to represent…,There isn’t enough stars to represent the ease of ordering and the customer service when there was a little glitch in the shipping. ,Blake Jones,6a25b6ae8dd5c4bdff996f75,US,1,Hearing that five stars aren't enough truly means a lot. We're glad the ordering process was easy and that our team could quickly help when a shipping issue came up. We appreciate your trust and support.,2026-06-09T03:28:42.000Z
www.thepearlsource.com,id:6a25b6557c194e89b87a492c,native_id,6a25b6557c194e89b87a492c,5,true,1780863605,06/07/2026 20:20:05,Perfect birthday gift,"Perfect birthday gift, my girlfriend loved her set.",Aina Jordan,6305d4ba0b9c240013794b30,US,2,Knowing your girlfriend loved her set is wonderful to hear. Thank you for letting us be part of such a special birthday celebration.,2026-06-09T03:45:42.000Z
www.thepearlsource.com,id:6a2584350e872890c4f9d7cd,native_id,6a2584350e872890c4f9d7cd,5,true,1780850773,06/07/2026 16:46:13,Clear communication and beautiful product as promised ,Delivered so quickly. Packaged beautifully. Pearls are stunning. Communication about delivery first rate. ,Carlos Abril,6a258435c1f59802b021d5b6,US,1,"Thank you for sharing your experience. We're happy to hear the delivery was quick, the communication was clear, and that the pearls arrived beautifully packaged. We truly appreciate your kind words.",2026-06-07T17:31:57.000Z
www.thepearlsource.com,id:6a256d0a6ef1a9a32aae6b1e,native_id,6a256d0a6ef1a9a32aae6b1e,5,true,1780844842,06/07/2026 15:07:22,Lovely pearls and arrived very quickly.,Lovely pearls and arrived very quickly.,Mr Walker,578530960000ff000a313895,FR,21,We're glad the pearls arrived quickly and met your expectations. Thank you for your review.,2026-06-07T17:34:52.000Z
www.thepearlsource.com,id:6a2486887e11966f832b97bf,native_id,6a2486887e11966f832b97bf,4,true,1780785832,06/06/2026 22:43:52,Poorly  Packed for Shipping,"I deducted one start because of the way the pearls were found upon arrival. I am very fussy about pearls and did not appreciate the right top clip being open so the entire trip my pearls were rubbing against each other. There needed to be a cushion layer above the pearls to hold them firmly in place to prevent rubbing against the box and each other. Otherwise, the purchase was fine.",Alisa V. Petrovich,66be9d17d64907a8e956247b,US,1,"Hello,
Thank you for taking the time to share such detailed feedback. We're sorry to hear the packaging did not meet your expectations upon arrival. Your comments regarding the clasp and the need for additional cushioning to better protect the pearls during transit will be shared with our team. We're glad the rest of your purchase experience was a positive one.

Best regards,
The Pearl Source",2026-06-06T23:48:31.000Z
www.thepearlsource.com,id:6a235f3e94094a483912ea38,native_id,6a235f3e94094a483912ea38,1,false,1780710238,06/06/2026 01:43:58,Terrible Company,"This company does not stand by their product. My fiance bought me a very expensive pearl ring and one year later the pearl fell off of the post. I sent it back and  they said that it was fixed and a couple months later it fell off for a second time. I pleaded for them to just replace the ring at this point; but they didn’t.   They guaranteed me for the SECOND time that it wouldn’t happen another time.  I was incredibly lucky that it fell off in front of me both times.  Well, a month ago, it happened again in the middle of a grassy field! This time the pearl was not to be found! They said they would repair  it for $278. Unfortunately, I no longer have the pearl anymore!!!! Not good enough for the third time! Extremely disappointing! I would NEVER recommend this company!!",jennifer Love,6a235f376142addbc239a57f,US,1,"We are truly sorry to hear about the repeated issues with your pearl ring and the frustration this has caused, especially losing the pearl. We understand how disappointing this experience has been. We are committed to improving our product quality and repair processes. We appreciate you bringing this to our attention.",2026-06-25T21:14:51.000Z
www.thepearlsource.com,id:6a23381ced8b7c15bd3f9c95,native_id,6a23381ced8b7c15bd3f9c95,5,true,1780700220,06/05/2026 22:57:00,Arrive super fast quality is amazing,Arrive super fast quality is amazing,Daniel Dixon,6a23381bc1f5987bc220222d,US,1,Thank you for your kind feedback. We're pleased to hear that your order arrived quickly and that you are happy with its quality. We appreciate you taking the time to share your experience.,2026-06-06T04:14:35.000Z
www.thepearlsource.com,id:6a2334edc40208bf8ca942c9,native_id,6a2334edc40208bf8ca942c9,5,true,1780699405,06/05/2026 22:43:25,The shipping was quick,The shipping was quick.  The packaging was very nice.  I got the black freshwater pearls.  I was contemplating between the choker and the princess length.  The princess length was definitely not too long.  The choker must be pretty short.,Dustin Coffel,5f356a31335acc9b9e9748db,US,2,It's wonderful to hear that your order arrived quickly and that you were pleased with the packaging. We're also happy that the princess length worked so well for you. Thank you for taking the time to share your thoughts.,2026-06-06T04:17:37.000Z
www.thepearlsource.com,id:6a23084f924b771d943b275e,native_id,6a23084f924b771d943b275e,5,true,1780687984,06/05/2026 19:33:04,"""A vision of pure elegance","""A vision of pure elegance. The quality is simply superb—marvelous, gorgeous, and possessing a breathtaking luster that has already captured so many compliments. I am truly impressed by The Pearl Source, and I am already looking forward to my next purchase... perhaps a bracelet to match this timeless perfection.""",ANDRE  MUHAMMAD,551d3b8b0000ff0001b5b2bd,US,3,"Thank you for your kind words. Your comments about the quality, luster, and elegance truly mean a great deal to us. Knowing that your purchase has already received so many compliments makes your feedback even more special. We sincerely appreciate your support.",2026-06-06T04:32:43.000Z
www.thepearlsource.com,id:6a22fa396a28e1e93585f3cc,native_id,6a22fa396a28e1e93585f3cc,5,true,1780684377,06/05/2026 18:32:57,Everything is always easy here.,Everything is always easy here.,321,5b017dee4de5666d348ea82b,US,8,We're grateful for your kind feedback. It's wonderful to know that every experience with us continues to be smooth and easy.,2026-06-06T04:35:57.000Z
www.thepearlsource.com,id:6a22f9bb8b0dd02b96581acb,native_id,6a22f9bb8b0dd02b96581acb,5,true,1780684251,06/05/2026 18:30:51,Beautiful bracelet loved by my wife…,"Beautiful bracelet loved by my wife delivered on time in perfect condition by a wonderful company.

Can not speak highly enough of the help I received.",Mr. Leslie Mitchell ,58f5c9070000ff000a8e279e,GB,14,We're honored by your generous feedback. Knowing that your wife loves her bracelet and that it arrived on time in perfect condition means a great deal to us. We especially appreciate your comments about the assistance you received. Thank you for your support.,2026-06-06T04:40:02.000Z
www.thepearlsource.com,id:6a22ec4d2d7792a2e9ca2d0e,native_id,6a22ec4d2d7792a2e9ca2d0e,5,true,1780680813,06/05/2026 17:33:33,I ordered 2 strand of pearls for2 of …,I ordered 2 strand of pearls for2 of  my granddaughters graduations. They are so beautiful and the packaging is perfect too. They were delivered quickly with no issues . I can’t wait to give them to them ,jacque penninger,6a22ec4c6142ad82d9391579,US,1,"What a wonderful gift for your granddaughters' graduations. We're so happy to hear that the pearls arrived quickly, looked beautiful, and were packaged perfectly. We hope they enjoy them for many years to come.",2026-06-06T04:45:54.000Z
www.shein.com,id:6a5f536e4d634111fbf72aac,native_id,6a5f536e4d634111fbf72aac,1,false,1784639374,07/21/2026 13:09:34,SHEIN DONT CARE,Brpught from Shein and never had a problem... HOWEVER received my order with 5 items missing. I believe my package had been tampered with as there was sellotape wrapped around the top of the packaging. I informed SHEIN of this and the 5 items that were missing. They had no interest at all and didnt want to know.  Not even an offer of replacing maybe half the missing items ... So disappointed that I will no longer shop from there. ,Jennifer Campbell,5667de910000ff0001f1a84e,GB,59,,
www.shein.com,id:6a5f4cc8814315059372e962,native_id,6a5f4cc8814315059372e962,5,true,1784637672,07/21/2026 12:41:12,Molto bene servizio,"Molto bene servizio
Bello
",Kikka,6a5f409ac2526cf5ad936b91,IT,3,,
www.shein.com,id:6a5f48a48c53ca00f9b7d094,native_id,6a5f48a48c53ca00f9b7d094,5,true,1784636612,07/21/2026 12:23:32,Perfetto sheib,Perfetto sheib,CLAUDIA,6a2312bbdd910c8232834300,IT,3,,
www.shein.com,id:6a5f3765ec90004f989623b0,native_id,6a5f3765ec90004f989623b0,1,false,1784632197,07/21/2026 11:09:57,Pacco mai ricevuto nonostante risulti…,"Pacco mai ricevuto nonostante risulti consegnato. Per ricercare il pacco bisogna buttare una mattinata in inutili ricerche, mentre dovrebbe la Shein stessa responsabile della mancata consegna. Con me ha chiuso. Non fidatevi!",sandro valdinoci,66b5fc9a7db96778f629ad53,IT,3,,
www.shein.com,id:6a5f372e91f64ff84e78873f,native_id,6a5f372e91f64ff84e78873f,5,true,1784632142,07/21/2026 11:09:02,tutto a posto,tutto a posto,sonia,66506c79de9353d5dbfd5693,IT,5,,
www.shein.com,id:6a5f35263ae633784116ec7a,native_id,6a5f35263ae633784116ec7a,5,true,1784631622,07/21/2026 11:00:22,Très bon produit article correspond…,Très bon produit article correspond comme décrit ,flo mauguin,5dca9faf4c20eb5d8267885b,FR,9,,
www.shein.com,id:6a5f2bdba2f028e55a576dfb,native_id,6a5f2bdba2f028e55a576dfb,1,false,1784629243,07/21/2026 10:20:43,J’ai déjà mis un mauvais commentaire et…,"J’ai déjà mis un mauvais commentaire et vous m’avez envoyé un email pour plus d’infos pour que vous traitiez ma demande. Et depuis y a pas de retour 
Donc je vais mettre des mauvais commentaires chaque jours jusqu’à ce que vous traitez ma demande ",SIWAR,649c5e062906af0012f152ac,FR,5,,
www.shein.com,id:6a5f2bcca3c5402a24c9b204,native_id,6a5f2bcca3c5402a24c9b204,1,false,1784629228,07/21/2026 10:20:28,Another scam site exactly like Temu,Another scam site exactly like Temu. I was told I would receive my three free gifts once the order I paid for after it's shipped. And there absolutely no way to gain those gifts I ordered. Another bait and switch site that caused me to do a one star review on Temu and never used them again. I spent a lot of money on Temu and like this site it's getting paid and giving you nothing. Shop at your own risk ,Bryan Collins,639d15aa9ba6370012fae08b,US,7,,
www.shein.com,id:6a5f254320c989032cb6104b,native_id,6a5f254320c989032cb6104b,1,false,1784627555,07/21/2026 09:52:35,I returned the item(s) according to…,"Business Commitment: Delivery of ordered items, including the right to return items and receive a full refund in accordance with the merchant’s official return policy.

Nature of Dispute and Description of the Issue:

On 24/05/2026, I submitted an official return request within the timeframe permitted by SHEIN's policy. The merchant issued a return request and a pickup label via their designated courier company, HFD 

The package was prepared for pickup on time; however, the courier service acting on behalf of the merchant failed to arrive and never collected the package. As a result, the items remain in my possession.

Attempts to Resolve with the Merchant:

I repeatedly contacted SHEIN's customer support to request a rescheduled pickup or an alternative return label. The merchant refused to provide a solution, disclaimed responsibility for the courier’s failure, and insisted that a refund can only be issued once the items arrive at their warehouse—a condition made impossible solely due to their own courier’s failure. Subsequently, customer support ceased responding, stalled without offering any resolution, and ultimately blocked me from accessing their support channels entirely.

Summary:

I have exhausted all attempts to resolve this directly with the merchant. This constitutes a clear non-delivery/failure of service (loss of return rights guaranteed by contract). I request a chargeback / full refund for this transaction.",שובל דגמי,6a5f25397b418c378c85f2ef,IL,1,,
www.shein.com,id:6a5ec7253cf3621b3359d49b,native_id,6a5ec7253cf3621b3359d49b,1,false,1784603461,07/21/2026 03:11:01,Very disappointed with my experience,Very disappointed with my experience. This is the third time my SHEIN package has gone missing after placing an order. It is frustrating to keep waiting for items I paid for and then have to deal with missing deliveries. ,Taboka,68d4da05412e4c9b94528857,US,1,"Hello！
According to the information you provided, we noticed our team has sent a solution regarding your order. Please check your email for updates. If no email was received, it may have been filtered to the spam folder. We hope to hear from you. :)",2026-07-21T08:21:33.000Z
www.shein.com,id:6a5ea1d3509546f4baa22f16,native_id,6a5ea1d3509546f4baa22f16,2,false,1784593907,07/21/2026 00:31:47,Habe einiges bestellt ,"Habe einiges bestellt , immer fehlte etwas.
Die letze Bestellung war eine große .. 4 Sachen fehlten , shein Service reagierte nicht,
Paypal hört einem nicht richtig zu.. und bringt selbst mit köuferschutz nichts.. man bleibt auf den Kosten leider sitzen.
3 Pakete 4 Sachen fehlten , shein behauptet es wurde verpackt.. aber trotz pp köuferschutz, die sind auf der Seite von shein.. habe den Inhalt fotografiert .. 
einmal ging ich gegen vor .. keine Chance
Shein Service reagiert garnicht, außer bei pp reagieren die sofort.

Mehrere Bestellungen immer fehlte etwas.
Aber das man aufeinmal Probleme hat auf Rückerstattung is Crazy.. 

Mach ich nicht mehr . Schnauze voll 

Das was angekommen ist , ist ganz okey.
Zu viel erwarten braucht man natürlich nicht bei den Preisen.
",jule messing,6a5ea1aeb06fbf5413edd0aa,DE,3,"Hallo!

Den von dir bereitgestellten Informationen zufolge hat unser Team bereits eine Lösung zu deiner Bestellung gesendet. Bitte überprüfe deine E-Mails auf Updates. Falls du keine E-Mail erhalten hast, könnte sie im Spam-Ordner gelandet sein. Wir freuen uns auf deine Rückmeldung. :)",2026-07-21T01:58:42.000Z
www.shein.com,id:6a5e99bd3b6421fb10991cdf,native_id,6a5e99bd3b6421fb10991cdf,1,false,1784591837,07/20/2026 23:57:17,J'ai reçu un colis non fermé,"J'ai reçu un colis non fermé, Resultat il manque 2 articles. Cela fait plusieurs jours que je contacte le service client qui est incompétent. Ils ne comprennent rien, on me dit qu'il y avait bien tout les articles lors de l'emballage alors que je leur ai bien expliqué avec photos à l' appui que le colis n'était pas fermé du tout ! Inadmissible 😡",Misa,629c4d5984677800135041eb,FR,9,"Bonjour !

Nous vous présentons nos sincères excuses pour tout désagrément occasionné—votre expérience compte énormément pour nous 💝

Selon les informations que vous avez fournies, nous avons identifié votre demande soumise via l’application SHEIN. Notre agent dédié accélère la résolution, et nous vous garantissons une réponse claire sous 24 heures. Vous pouvez suivre les mises à jour en temps réel à tout moment dans « Historique du service ».

🔹 Étapes d’accès :
Ouvrez l’application SHEIN → Touchez « Moi » en bas → « Service client » → « Historique du service »

Vos retours éclairent notre chemin—nous avons hâte de pouvoir vous aider davantage.",2026-07-21T01:54:22.000Z
www.shein.com,id:6a5e94e362b58b1fbb808dec,native_id,6a5e94e362b58b1fbb808dec,1,false,1784590595,07/20/2026 23:36:35,They claimed they're gonna give you…,They claimed they're gonna give you five dollars credit if the package doesn't arrive in time but what they do is change the original delivery time and give themselves more time. This has happened to me at least four times.,Desiree Nickle,64d8348bbb4e710012cd9b02,US,4,"Hello!

We are truly sorry for the unpleasant experience.

In order to better resolve your concerns, we need you to provide specific information, such as your order number. We have sent you an email with the subject ""Request for information about your experience."" Please check your inbox (and spam folder), and reply to that email with the information we need.

Your feedback is our driving force for continuous improvement, and we truly value your opinion. We look forward to providing you with further assistance as soon as we receive your response. :)",2026-07-21T01:44:24.000Z
www.shein.com,id:6a5e92a0149ca20b62c3d071,native_id,6a5e92a0149ca20b62c3d071,5,true,1784590016,07/20/2026 23:26:56,Affidabile e consegna  più rapida ,"L, esperienza. con Shein é sempre positiva nel senso che riesco a trovare ciò che mi serve e alla moda a prezzi accessibili. Se qualcosa non va risolve sempre la situazione andando incontro alle esigenze dell'utente. Sto apprezzando molto anche la rapidità delle spedizioni. ",Mariateresa Cinanni,6210ebbf4ae4fc001290dc11,IT,17,,
www.shein.com,id:6a5e796d24b88377a3dbaa57,native_id,6a5e796d24b88377a3dbaa57,1,false,1784583565,07/20/2026 21:39:25,Eksem efter användning av bikini,"Köpte en vacker bikini förra året, började använda den först nu i år. Efter 2 strandbesök och simning fick kontakt eksem på brösten och på magen under bikinin. Bikinin verkar vara fullpackad med kemikalier som släpper vid användning. Slängdes och inga mer Shein köp för mig.",Nikita,69160ae234d80c2649741eab,SE,2,,
www.shein.com,id:6a5e6f4000dffd03f0d91450,native_id,6a5e6f4000dffd03f0d91450,1,false,1784580960,07/20/2026 20:56:00,Ho fatto un reso di 75€ roba che la mia…,"Ho fatto un reso di 75€ roba che la mia bimba ha fatto per errore di taglia l ho portato in un centro inpost il mio pacco è sparito senza Ricevere una mail di reso .
Ho comunicato il tutto a shein ma mi continuano a dire che vogliono la mail di reso...ladri e vergognosi hanno perso un cliente...mai più un acquisto!!!addios
",cliente,622909f7ebe80c0012a8666c,IT,2,"Ciao!

Siamo davvero dispiaciuti per la spiacevole esperienza.

Per poter risolvere meglio le sue preoccupazioni, abbiamo bisogno che ci fornisca informazioni specifiche, come il numero dell’ordine. Le abbiamo inviato un’e-mail con oggetto “Richiesta di informazioni sulla sua esperienza”. La preghiamo di controllare la sua casella di posta (e la cartella dello spam) e di rispondere a quella e-mail fornendo le informazioni richieste.

Il suo feedback è la nostra forza motrice per un miglioramento continuo e apprezziamo davvero la sua opinione. Saremo lieti di fornirle ulteriore assistenza non appena riceveremo la sua risposta. :)",2026-07-21T02:19:13.000Z
www.shein.com,id:6a5e6de9a6752704fe73c4d7,native_id,6a5e6de9a6752704fe73c4d7,1,false,1784580617,07/20/2026 20:50:17,Scammers,"Scammers! 
Item never received. 
SHEIN and FedEx agreed that SHEIN made my label incorrect. SHEIN promised a refund but refuse to process it. It has an “error” or is “declined” last minute. Repeated contact of customer service gives me run around and more apologies and promises of refund that never comes. I have tried 4 times to submit a claim and they deny it last minute after admitting fault. This is a scam site. ",CJ Townsend,63bdd3b64a176f00128c7d5a,US,4,"Hello!

We are truly sorry for the unpleasant experience.

In order to better resolve your concerns, we need you to provide specific information, such as your order number. We have sent you an email with the subject ""Request for information about your experience."" Please check your inbox (and spam folder), and reply to that email with the information we need.

Your feedback is our driving force for continuous improvement, and we truly value your opinion. We look forward to providing you with further assistance as soon as we receive your response. :)",2026-07-21T01:51:41.000Z
www.shein.com,id:6a5e6245ef25056be81ab953,native_id,6a5e6245ef25056be81ab953,1,false,1784577637,07/20/2026 20:00:37,The customer service is appalling,"The customer service is appalling. Impossible to communicate with a human. Plus, they use a terrible delivery company. I have still not received my order.

Re their reply to this review: they sent their email to me from a no-reply account so my reply automatically bounced back. Typically hopeless service. ",Tim Pain,5f6e1f7d4a9120063a949233,GB,8,"Hello!

We are truly sorry for the unpleasant experience.

In order to better resolve your concerns, we need you to provide specific information, such as your order number. We have sent you an email with the subject ""Request for information about your experience."" Please check your inbox (and spam folder), and reply to that email with the information we need.

Your feedback is our driving force for continuous improvement, and we truly value your opinion. We look forward to providing you with further assistance as soon as we receive your response. :)",2026-07-21T01:52:25.000Z
www.shein.com,id:6a5e57d2209d48743751cd97,native_id,6a5e57d2209d48743751cd97,5,true,1784574962,07/20/2026 19:16:02,J’adore!,"J’adore!
Les articles, le site, tout est top! La livraison est un peu longue mais ça vaut le coup d’attendre ☺️",caro,51ef5cde000064000145063f,FR,11,,
www.shein.com,id:6a5e4c9d8e3e0de4c7603f05,native_id,6a5e4c9d8e3e0de4c7603f05,3,true,1784572093,07/20/2026 18:28:13,Subieron los precios como en las…,"Subieron los precios como en las tienda, antes compensaba comprar, ahora ya no tanto.",Sra Retamosa Rivera,5c552260b6450560f7053422,ES,3,,
www.shein.com,id:6a5e4905b58292e0d6506d70,native_id,6a5e4905b58292e0d6506d70,2,false,1784571173,07/20/2026 18:12:53,Disappointed with the delivery,"The clothes took way longer to arrive than I expected. Quality wasn't great either, sadly.",Marita Derksen,6a3c00fd000ce3741f8e81c7,US,2,"Hello!

We are truly sorry for the unpleasant experience.

In order to better resolve your concerns, we need you to provide specific information, such as your order number. We have sent you an email with the subject ""Request for information about your experience."" Please check your inbox (and spam folder), and reply to that email with the information we need.

Your feedback is our driving force for continuous improvement, and we truly value your opinion. We look forward to providing you with further assistance as soon as we receive your response. :)",2026-07-21T02:19:41.000Z
www.shein.com,id:6a5e3fd39c9cb07fbba3045c,native_id,6a5e3fd39c9cb07fbba3045c,1,false,1784568819,07/20/2026 17:33:39,Article manquant dans mon colis,"Article manquant dans mon colis. Shane me certifie que le colis était complet. Il n'y a aucun recours juste un chat sur mon écran qui m'explique qu'il est désolé pour moi mais qui ne peut rien faire. Service après-vente déplorable et pas sérieux pour une entreprise commeSHEIN, ce service est vraiment a revoir!!!",Vanessa Henin,5eea1be7bac47d21dbaafb0d,FR,7,"Bonjour,

Nous sommes vraiment désolés pour cette expérience désagréable.

Afin de mieux répondre à vos préoccupations, nous vous demandons de bien vouloir nous fournir des informations spécifiques, telles que votre numéro de commande. Nous vous avons envoyé un e-mail avec pour objet ""Request for information about your experience."" Merci de vérifier votre boîte de réception (et le dossier des courriers indésirables) et de répondre à cet e-mail avec les informations demandées.

Vos retours sont notre moteur pour une amélioration continue et nous attachons une grande importance à votre avis. Nous sommes impatients de pouvoir vous aider davantage dès réception de votre réponse. :)",2026-07-21T08:49:19.000Z
www.shein.com,id:6a5e3409763b5dec7b2f8e33,native_id,6a5e3409763b5dec7b2f8e33,5,true,1784565801,07/20/2026 16:43:21,Je ne suis jamais déçue,"Je ne suis jamais déçue, peut-être un peu pour la livraison qui est un peu longue parfois. ",Cathy Boury,6a5de38a7b418c373a844cb7,FR,2,,
www.shein.com,id:6a5e31fdd62944149d77c2e0,native_id,6a5e31fdd62944149d77c2e0,5,true,1784565277,07/20/2026 16:34:37,Tutto ok,"Perfetto 






Tutto ok ",Gentile Cliente Michela,60c22a97384d84001a426ced,IT,23,,
www.shein.com,id:6a5e1838861915a8fb540f68,native_id,6a5e1838861915a8fb540f68,1,false,1784558681,07/20/2026 14:44:41,Pure junk. Just polluting the planet. ,"I thought as every time I order from Temu they sell my credit card details to criminal's plus nothing has ever worked. 
I ordered 2 neck fans & they both broke within seconds. Literally once I pressed the button the button fell off & the cheap junk just fell apart. I will never use this site ever again. 🤬🤮",Jeremy Howard,5d233c6631033989f15c58ed,GB,11,,
www.shein.com,id:6a5e1817dccaa15ef2788c81,native_id,6a5e1817dccaa15ef2788c81,1,false,1784558647,07/20/2026 14:44:07,Zeer slechte aftersales,"Zeer slechte aftersales. Ik heb voor bijna € 600,00 besteld waarvan 1 artikel (zwarte hakschoenen/pumps) niet in de bestelling erbij zaten. Voor de rest is wel alles geleverd. Shein blijft volhouden dat het wel geleverd is maar ze kunnen (of willen) me hiervan geen bewijs leveren. Ik bestel nooit meer bij Shein! Ik zal zelf vervolgstappen moeten ondernemen om mijn artikel toch nog geleverd te krijgen. ",Ingrid Looijmans-Van Bree,60919e41cf2203001d62b5a9,NL,5,"Hallo!
Onze excuses voor het ongemak. Uw ervaring is erg belangrijk voor ons 💝
Op basis van de informatie die u heeft verstrekt, hebben we uw vraag via de SHEIN-app ontvangen en onze medewerker van de klantenservice werkt hard aan een oplossing. We garanderen een duidelijk antwoord binnen 24 uur en u kunt de status van uw servicegegevens op elk moment live volgen in ""Servicegegevens"".
🔹 Stappen om toegang te krijgen:
Open de SHEIN-app → Tik onderaan op ""Mijn account"" → ""Klantenservice"" → ""Servicegegevens""
Uw feedback is waardevol voor ons. We kijken ernaar uit u verder te helpen.",2026-07-21T01:52:50.000Z
www.shein.com,id:6a5dff5005787bcb0a46270e,native_id,6a5dff5005787bcb0a46270e,1,false,1784552304,07/20/2026 12:58:24,Bad customer services,Once again I have tried to get an answer regarding my withdrawal that shien have NOT returned.  I have contacted my bank & they definitely have not received the refund.  Shein are not helping sort this matter out. Customer services are an absolute joke giving me the same reply everytime.  Be careful when shopping at shein! I have purchased some lovely items but when you have a problem you can't get help!!,Sally Gill,6012d1ad819660001b3f5941,GB,3,"Hello!

We are truly sorry for the unpleasant experience.

In order to better resolve your concerns, we need you to provide specific information, such as your order number. We have sent you an email with the subject ""Request for information about your experience."" Please check your inbox (and spam folder), and reply to that email with the information we need.

Your feedback is our driving force for continuous improvement, and we truly value your opinion. We look forward to providing you with further assistance as soon as we receive your response. :)",2026-07-21T01:57:10.000Z
www.shein.com,id:6a5dfe9f372ff74d7ceffcf7,native_id,6a5dfe9f372ff74d7ceffcf7,1,false,1784552127,07/20/2026 12:55:27,This site lies and is annoying with…,This site lies and is annoying with their false advertising for winnings. They claim if you spend an x amount of money you win free items but they never honor it. This is false advertisement and is illegal ,Amy Sanders,6a5dfe96b06fbfe60eecb962,US,1,"Hello！

According to the information you provided, we noticed our team has sent a solution regarding your order. Please check your email for updates. If no email was received, it may have been filtered to the spam folder. We hope to hear from you. :)",2026-07-21T02:09:11.000Z
www.shein.com,id:6a5df0b4587d21412d7cb90b,native_id,6a5df0b4587d21412d7cb90b,1,false,1784548564,07/20/2026 11:56:04,Kundenservice geht nicht auf Fragen ein,"Leider eine sehr enttäuschende Erfahrung mit dem Kundenservice. Es geht mir inzwischen nicht mehr um den defekten Artikel, sondern darum, wie mit Kunden umgegangen wird. Seit vier Tagen versuche ich, mein Anliegen zu klären, doch statt konkreter Antworten erhalte ich immer wieder dieselben Standardnachrichten. Auf meine eigentlichen Fragen wird überhaupt nicht eingegangen.

Als Entgegenkommen wurde mir ein Gutscheincode angeboten. Dieser ließ sich jedoch trotz mehrfacher Versuche nicht einlösen. Ich habe den Code sogar mit einem Warenkorb von über 200 € getestet, trotzdem wurde angezeigt, dass der Mindestbestellwert nicht erreicht sei. Auf meine mehrfachen Nachfragen, warum der Gutschein nicht funktioniert und welche Bedingungen gelten, habe ich bis heute keine konkrete Antwort erhalten. Stattdessen wurden mir immer wieder allgemeine Textbausteine geschickt, die mein Anliegen überhaupt nicht beantwortet haben.

Besonders enttäuschend finde ich, dass ich den Eindruck hatte, dass meine Nachrichten gar nicht richtig gelesen wurden. Ich musste dieselben Informationen mehrfach erklären und bekam dennoch Antworten, die überhaupt nicht zu meinen Fragen passten. So fühlt man sich als Kunde leider nicht ernst genommen.

Fehler können passieren – entscheidend ist jedoch, wie ein Unternehmen damit umgeht. Ich möchte meinen Fall nach wie vor klären und hoffe weiterhin auf eine faire und konkrete Lösung. Bis heute wurde mir diese jedoch leider nicht angeboten. Statt einer individuellen Bearbeitung erhielt ich immer wieder Standardantworten. Das ist für mich kein kundenorientierter Service. Ich hoffe, dass mein Anliegen nun endlich ernsthaft geprüft und eine nachvollziehbare Lösung gefunden wird.

Nachtrag: Leider muss ich meine Bewertung ergänzen. Nach mehreren Tagen wurde mir endlich mitgeteilt, dass der Gutschein erst ab einem Mindestbestellwert von 239 € gilt. Ich habe den Code daraufhin sogar mit einem Warenkorb von über 250 € getestet – trotzdem funktioniert er weiterhin nicht. Für mich ergibt ein solcher Gutschein keinen Sinn, wenn ich erst für einen so hohen Betrag einkaufen muss und der Gutschein selbst dann nicht eingelöst werden kann. Ich bin inzwischen wirklich verärgert, weil ich seit Tagen nur Standardantworten erhalte und mir bis heute keine funktionierende Lösung angeboten wurde. Ich hoffe weiterhin, dass mein Anliegen ernst genommen und endlich fair geklärt wird.

Nachtrag: Leider wird mein Anliegen immer absurder. Zuerst wurde mir ein Gutschein angeboten, dessen Wert mir trotz mehrfacher Nachfrage nicht mitgeteilt wurde. Danach wurde ein Mindestbestellwert von 239 € genannt, später plötzlich 199 €. Nun habe ich Artikel im Wert von 205 € im Warenkorb und der Gutschein funktioniert trotzdem nicht. Es erscheint die Meldung, dass er nur für bestimmte Artikel gilt und der Mindestbestellwert nicht erreicht sei. Welche Artikel das sind und welchen Wert der Gutschein überhaupt hat, wird mir bis heute nicht mitgeteilt. So ist dieser Gutschein für mich völlig wertlos. Ich fühle mich als Kundin nicht ernst genommen und habe den Eindruck, dass man mich mit Standardantworten nur hinhält, anstatt mein Anliegen endlich konkret zu lösen. Das ist für mich kein kundenorientierter Service.",Susi,6884ce8e96006950dae652dc,DE,2,"Hallo!

Es tut uns wirklich leid, dass Sie eine unangenehme Erfahrung gemacht haben.

Um Ihr Anliegen besser bearbeiten zu können, benötigen wir von Ihnen einige spezifische Informationen, wie beispielsweise Ihre Bestellnummer. Wir haben Ihnen eine E-Mail mit dem Betreff „Request for information about your experience“ gesendet. Bitte überprüfen Sie Ihren Posteingang (und auch Ihren Spam-Ordner) und antworten Sie auf diese E-Mail mit den benötigten Informationen.

Ihr Feedback ist unser Antrieb für kontinuierliche Verbesserungen, und wir schätzen Ihre Meinung sehr. Sobald wir Ihre Antwort erhalten haben, werden wir Ihnen gerne weiterhelfen. :)",2026-07-21T12:49:56.000Z
www.shein.com,id:6a5deb39eb3b94a3befa2d08,native_id,6a5deb39eb3b94a3befa2d08,3,true,1784547161,07/20/2026 11:32:41,Un po' delusa ," Ho sempre acquistato su shein , soprattutto abiti di cotone o migliorie per la casa ecc .. ma ultimamente non mi sto trovando molto bene ,tra che i prezzi sono aumentati la qualità la trovo peggiorata... ",Valentina Travascio,69b9747f157f7bfe6b477c76,IT,4,"Salve!

Secondo le informazioni fornite, abbiamo notato che il nostro team ha già inviato una soluzione riguardante il tuo ordine. Ti preghiamo di controllare la tua email per gli aggiornamenti. Se non hai ricevuto alcuna email, potrebbe essere finita nella cartella spam. Speriamo di ricevere tue notizie. :)",2026-07-21T02:11:25.000Z
www.shein.com,id:6a5dcef325d3722678e9095b,native_id,6a5dcef325d3722678e9095b,1,false,1784539923,07/20/2026 09:32:03,Very bad service 8 July se every 24 hrs…,"Very bad service 8 July se every 24 hrs ke baad refund hojaiga bolte hai shein ke workers lekin unka 24 hrs hota hi nhi .
Itni ghatiya service hai sab chor hai shein me. 
Jhoothe log .
Shein ke chor bande .
Parcel bhi delivery boy leke gaya aur shein ko yeh bhi nhi pta delivery boy kon hai parcel kaha diya .
Chor company faltu company ",Rehana Ashraf,6a5b87e3b06fbf71a4eaa29b,IN,2,"Hello!

We are truly sorry for the unpleasant experience.

In order to better resolve your concerns, we need you to provide specific information, such as your order number. We have sent you an email with the subject ""Request for information about your experience."" Please check your inbox (and spam folder), and reply to that email with the information we need.

Your feedback is our driving force for continuous improvement, and we truly value your opinion. We look forward to providing you with further assistance as soon as we receive your response. :)",2026-07-21T02:04:29.000Z
www.shein.com,id:6a5db50b87aa3dcc47d6dc7a,native_id,6a5db50b87aa3dcc47d6dc7a,1,false,1784533291,07/20/2026 07:41:31,I do not recommend purchasing from Shein,"I do not recommend purchasing from this site ""Shein"" based on my experience. When I tried to return a product, I had to raise the return request multiple times, but no one came to pick it up. Customer support was also unhelpful—they kept citing ""logistics issues"" without providing a resolution.

This has been one of the most disappointing online shopping experiences I've had. The repeated delays, lack of support, and unresolved return process have been extremely frustrating. Based on my experience, I'd rather shop from physical stores where returns and customer service are more reliable.",Swe Sahu,6a5db503c2526c7289915245,IN,1,"Hello!

We are truly sorry for the unpleasant experience.

In order to better resolve your concerns, we need you to provide specific information, such as your order number. We have sent you an email with the subject ""Request for information about your experience."" Please check your inbox (and spam folder), and reply to that email with the information we need.

Your feedback is our driving force for continuous improvement, and we truly value your opinion. We look forward to providing you with further assistance as soon as we receive your response. :)",2026-07-20T08:44:31.000Z
www.shein.com,id:6a5d6a66bff50c2d926ec813,native_id,6a5d6a66bff50c2d926ec813,1,false,1784514182,07/20/2026 02:23:02,If I could give zero stars I would,If I could give zero stars I would. Customer service is a joke. My order was delivered on a pathway not at an area at covered porch but in full view of passerby on a main road. Of course it was stolen.i have a box at the front door with a delivery sign. I contacted them and the photo from courier shows where he threw it.i have not had one email or any messages from customer service . Never will I use SHEIN again. Disgusted.,Liz VanDyken,60b8f67badeb930019d2fdeb,AU,4,"Hello!

We are truly sorry for the unpleasant experience.

In order to better resolve your concerns, we need you to provide specific information, such as your order number. We have sent you an email with the subject ""Request for information about your experience."" Please check your inbox (and spam folder), and reply to that email with the information we need.

Your feedback is our driving force for continuous improvement, and we truly value your opinion. We look forward to providing you with further assistance as soon as we receive your response. :)",2026-07-20T08:59:05.000Z
www.shein.com,id:6a5d55aa828868f57d04d3a2,native_id,6a5d55aa828868f57d04d3a2,3,false,1784508874,07/20/2026 00:54:34,Mixed Feelings.,"I have mixed feelings about Shein. While most of the time the bought products are good, clothing is very hard to buy on there. Sometimes buying size M feels like buying L. I also dislike the way it shows when your package arrives. It gives a very big timeslot. Around 2 weeks most of the time. It also poorly shows where your items are when it is being shipped.

What is good about Shein however, is the store itself. It is easy to understand most things and it has a wide variety of products to choose from. The products are shown well in the pictures most of the time. ",Artemis R.,697e179be90c6e94e226bf5e,NL,4,"Hello!

We are truly sorry for the unpleasant experience.

In order to better resolve your concerns, we need you to provide specific information, such as your order number. We have sent you an email with the subject ""Request for information about your experience."" Please check your inbox (and spam folder), and reply to that email with the information we need.

Your feedback is our driving force for continuous improvement, and we truly value your opinion. We look forward to providing you with further assistance as soon as we receive your response. :)",2026-07-20T01:42:24.000Z
www.shein.com,id:6a5d41a4121e3067301c9f21,native_id,6a5d41a4121e3067301c9f21,2,false,1784503748,07/19/2026 23:29:08,Non capisco perché il mio pacco mi dice…,"Non capisco perché il mio pacco mi dice da due giorni che ancora non ha superato la dogana!!! Per favore è da una settimana che ho ordinato, ho bisogno di questo pacco al più presto possibile!!!!! 
numero pacco: GFIT26196158200432",nessuno,5fde10b31ca4d70019c15f71,IT,10,"Salve!

Secondo le informazioni fornite, abbiamo notato che il nostro team ha già inviato una soluzione riguardante il tuo ordine. Ti preghiamo di controllare la tua email per gli aggiornamenti. Se non hai ricevuto alcuna email, potrebbe essere finita nella cartella spam. Speriamo di ricevere tue notizie. :)",2026-07-20T02:58:52.000Z
www.shein.com,id:6a5d4135dd6ea91d8582d019,native_id,6a5d4135dd6ea91d8582d019,5,true,1784503637,07/19/2026 23:27:17,Très bonne expérience avec ce site,Très bonne expérience avec ce site,Elfy Vlp,6a5d40df236e3df14ddac542,FR,2,,
www.shein.com,id:6a5d2956a30bcf4bae154474,native_id,6a5d2956a30bcf4bae154474,5,true,1784497526,07/19/2026 21:45:26,Me encanta Shein,Me encanta Shein,cliente,5e7b3e86baa5185af71cdc90,ES,5,,
www.shein.com,id:6a5d1869846f790c24081132,native_id,6a5d1869846f790c24081132,1,false,1784493193,07/19/2026 20:33:13,Useless customer service ,Why oh why can’t SHEIN sort my problem out for me.  Customer service is absolutely useless. They have closed my account now for two months and can’t explain why . Ihave done nothing wrong and only wish to purchase items from them as I have in the past. I have tried and tried to get a resolution from customer service but to no avail.,Eileen Murray,6a5938fdc2526ce5838d3dd1,GB,2,"Hello!

We are truly sorry for the unpleasant experience.

In order to better resolve your concerns, we need you to provide specific information, such as your order number. We have sent you an email with the subject ""Request for information about your experience."" Please check your inbox (and spam folder), and reply to that email with the information we need.

Your feedback is our driving force for continuous improvement, and we truly value your opinion. We look forward to providing you with further assistance as soon as we receive your response. :)",2026-07-20T01:53:47.000Z
www.shein.com,id:6a5ce34a5fc86874f4f97f38,native_id,6a5ce34a5fc86874f4f97f38,1,false,1784479594,07/19/2026 16:46:34,Ce sont des voleurs,"Ce sont des voleurs. Je reçois un article cassé, ils ne font pas d'échange donc il faut renvoyer pour être remboursé, Re commander, payer des frais de port et en plus l'article est devenu plus chère. C'est une honte, ils sont en tort. 2 fois que je me fais avoir, je renvoie, j'attends mon remboursement et je me désabonne. A fuir.",Aurélie vallier,653b678b4ed5050011905ca9,FR,2,"Bonjour,

Nous sommes vraiment désolés pour cette expérience désagréable.

Afin de mieux répondre à vos préoccupations, nous vous demandons de bien vouloir nous fournir des informations spécifiques, telles que votre numéro de commande. Nous vous avons envoyé un e-mail avec pour objet ""Request for information about your experience."" Merci de vérifier votre boîte de réception (et le dossier des courriers indésirables) et de répondre à cet e-mail avec les informations demandées.

Vos retours sont notre moteur pour une amélioration continue et nous attachons une grande importance à votre avis. Nous sommes impatients de pouvoir vous aider davantage dès réception de votre réponse. :)",2026-07-20T01:55:03.000Z
www.shein.com,id:6a5cc541a6c23c3c8901b290,native_id,6a5cc541a6c23c3c8901b290,1,false,1784471905,07/19/2026 14:38:25,Robe achetée en septembre 2025 mais pas…,"Robe achetée en septembre 2025 mais pas eu l'occasion de la porter car aucune journée suffisamment chaude après cet achat. Je la porte pour la 1ere fois le 14 juillet cette année. Je viens de la laver et elle s'est déchirée à différents endroits, le fil n' a pas tenu ... Direction poubelle car impossible d' avoir une personne sur le site pour expliquer le problème ! Je ne recommande ce site.",Brigitte,52205b8500006400014a10b6,FR,21,"Bonjour,

Nous sommes vraiment désolés pour cette expérience désagréable.

Afin de mieux répondre à vos préoccupations, nous vous demandons de bien vouloir nous fournir des informations spécifiques, telles que votre numéro de commande. Nous vous avons envoyé un e-mail avec pour objet ""Request for information about your experience."" Merci de vérifier votre boîte de réception (et le dossier des courriers indésirables) et de répondre à cet e-mail avec les informations demandées.

Vos retours sont notre moteur pour une amélioration continue et nous attachons une grande importance à votre avis. Nous sommes impatients de pouvoir vous aider davantage dès réception de votre réponse. :)",2026-07-20T09:24:53.000Z
www.shein.com,id:6a5cab8d85e642126e019333,native_id,6a5cab8d85e642126e019333,2,false,1784465325,07/19/2026 12:48:45,Shein isn't what it used to be,"Shein isn't what it used to be, frustrating experience. 

​I’ve been a loyal customer for a long time, but Shein is honestly not what it used to be. Lately, the service has gone downhill completely.
​Inaccurate Stock: I keep finding that products are listed incorrectly regarding their actual availability.
​Shipping & Lost Packages: Delivery times are now painfully long, and to make matters worse, packages frequently get lost in transit.
​Terrible Customer Support: Trying to get help is a nightmare. There is virtually no real customer support anymore.
​No Refunds: If your package goes missing, it is now incredibly difficult to actually get a refund. They make you jump through endless hoops.
​While I still find many items that interest me, the constant headaches mean I will think twice before ordering from them again. Proceed with caution.",kat_kat,5fafb74fb97938001a1684e5,GR,4,"Hello!

We sincerely apologize for any inconvenience caused—your experience is incredibly important to us 💝

According to the information you provided, we've identified your inquiry submitted via the SHEIN app and our dedicated support agent is expediting the resolution.We guarantee a clear response within 24 hours, and you can monitor real-time updates anytime in ""Service Records"".

🔹 Steps to Access:
Open SHEIN APP → Tap ""Me"" at bottom → ""Customer Service"" → ""Service Records""

Your feedback lights our path forward—we look forward to assisting you further.",2026-07-20T01:48:24.000Z
www.shein.com,id:6a5c9b144a426743e76ce246,native_id,6a5c9b144a426743e76ce246,1,false,1784461108,07/19/2026 11:38:28,SAV sans valeur ni éthique ,"J’ai commandé quatre maillots de bain chez SHEIN. Les 4 ne m'allant pas j'ai demandé le retour. Les articles ont donc  jamais été portés et j’ai effectué le renvoi avec l’étiquette de retour fournie par SHEIN, les 4 maillots ensemble.

Quelques jours plus tard, j'ai eu un remboursement partiel pour un seul article (1,51€ pour 10€...) car soit disant pas le bon retour (peut-être que j'ai inversé les sachets d'emballage) mais aucune nouvelle des autres maillots alors qu'ils étaient tous ensemble.
Le service client n'entend rien à ma possible erreur et ne me répond pas à savoir ce que deviennent les 3 autres maillots de bain, réponses essentiellement par des messages automatisés, sans répondre réellement aux preuves apportées. Et le numéro du service client fourni sur le site ne fonctionne pas.
Plus de 30€ qu'ils ne m'ont pas remboursé.

Alors fuyez, ne commandez jamais sur ce site car renvoyer 4 articles dans un même emballage et s'en faire rembourser qu'un seul, et encore partiellement, sans argument, avec une seule photo d'un maillot plié dans un emballage dont on ne voit même pas à quoi il ressemble, sans nouvelles des autres articles qui ont dû aussi être reçus par logique, n'a aucun sens.

Je vais contacter mon assurance juridique pour m'aider dans cette requête car je ne compte pas me laisser faire.



Sur la réponse de shein, ils indiquent m'avoir contacté par email ce qui est vrai mais pas de solution trouvée, soit disant ils disent que PayPal n'a pas clôturé le dossier ce qui est faux.....",Lexa,5fea30cf9ef789001a82cb44,FR,3,"Bonjour !

D’après les informations fournies, nous avons constaté que notre équipe a déjà envoyé une solution concernant votre commande. Veuillez vérifier votre boîte mail pour les mises à jour. Si vous n’avez rien reçu, il se peut que le message soit dans le dossier des spams. Nous espérons avoir de vos nouvelles. :)",2026-07-20T03:01:11.000Z
www.shein.com,id:6a5c8cf57bbbde405ee5935b,native_id,6a5c8cf57bbbde405ee5935b,1,false,1784457493,07/19/2026 10:38:13,Desatención al cliente ,"Tienen un servicio de atención al cliente nefasto, lo que diferencia a las empresas que valoran al cliente de las que no es precisamente este departamento. Desde el 6/07 no se actualiza la información de mi pedido, está a la espera de ser entregado al agente de aduanas, se traduce esa falta de seguimiento que no saben dónde está el pedido ya que no se ha escaneado la etiqueta…intento hablar con atención al cliente y es un bot el que te contesta y si consigues hablar con una persona, son ineficaces e ineficientes, solo te dan largas para que esperes más tiempo…señores de Shein investiguen dónde está mi pedido, hagan llamadas, solventen el problema, no quiero puntos extra, quiero mi dinero o el pedido…tbn me he intentado poner en contacto con quickrabbit y con el mismo éxito, no saben, no contestan…cuando no hay problemas las reseñas son maravillosas y también deberían serlo cuando hay incidencias, porque ustedes entienden y atienden al cliente, cosa que NO hacen. Devuélvanme  mi dinero!!!!
Actualización respuesta Shein 20/07. Me parece de vergüenza que me digan que ya me han contestado. Mandar una mail diciendo que el 22 de julio les vuelva a contactar para ver qué hacen con mi pedido?!!!?? En vez de preocuparse por ver que es lo que ha ocurrido? No voy a esperar al 22 de julio. Quiero mi dinero ya! Un pedido que no se actualiza desde el 6 de julio no saben dónde está. Van a ser denunciados y jamás volveré a comprar. Hay mucha competencia.",carmen requerey izquierdo,6a5c8ad87b418c6469832294,ES,1,"¡Hola!

Según la información que nos proporcionaste, notamos que nuestro equipo ya ha enviado una solución relacionada con tu pedido. Por favor, revisa tu correo electrónico para ver las actualizaciones. Si no recibiste ningún correo, puede que haya sido filtrado a la carpeta de spam. Esperamos tu respuesta. :)",2026-07-20T09:31:07.000Z
www.shein.com,id:6a5c542a7653275b3e2ec634,native_id,6a5c542a7653275b3e2ec634,1,false,1784442954,07/19/2026 06:35:54,Very poor experience with SHEIN’s…,"Very poor experience with SHEIN’s refund process.

I placed an order in December 2025, but the package never arrived. After reporting the issue, I had to go through a refund process that took almost a month, with several emails, incomplete responses, and repeated requests for information.

From the beginning, I asked for the refund to be issued as SHEIN Wallet credit, because I had already experienced problems with bank refunds before. Later, their support team asked me for an alternative account to process the refund, so I provided my PayPal account.

However, only a small portion of the refund, around USD 15, was sent to PayPal. The rest was sent in several split amounts to my bank account, which was exactly the method I had asked them to avoid.

The biggest issue is that I originally paid for the order in one single transaction, not in separate payments. Therefore, if SHEIN decided to refund the original card, they should have refunded the exact amount corresponding to the original card transaction, not several fragmented amounts. Because of this, my bank is not properly recognizing or releasing part of the refund, since the amounts do not match the original purchase transaction.

This makes the situation even more frustrating. Why ask me where I wanted the refund to be sent if, in the end, they were going to process it however they wanted, without following the refund method I provided?

As a result, after almost a month of emails, claims, and additional paperwork with my bank, I still cannot access a significant part of my money.

This has been a very frustrating and poorly managed refund process. SHEIN should have respected the refund method I requested, or at least processed the refund correctly according to the original transaction.

Unfortunately, based on this experience, I cannot recommend SHEIN’s customer service or refund process.

The report number is: 57232576.",Carlos Matute,6a16d2f46142adf1f62b1398,VE,4,"Hello!
We are truly sorry for the unpleasant experience.
In order to better resolve your concerns, we need you to provide specific information, such as your order number. We have sent you an email with the subject ""Request for information about your experience."" Please check your inbox (and spam folder), and reply to that email with the information we need.
Your feedback is our driving force for continuous improvement, and we truly value your opinion. We look forward to providing you with further assistance as soon as we receive your response. :)",2026-07-19T13:05:00.000Z
www.shein.com,id:6a5bf571d238166b7a52dbf8,native_id,6a5bf571d238166b7a52dbf8,5,true,1784418705,07/18/2026 23:51:45,Perfecto  todo lo que he pedido ha…,Perfecto  todo lo que he pedido ha llegado el perfectas condiciones ,Lolita,5ed38e0aa2d947181aabd08f,ES,4,,
www.shein.com,id:6a5bf3ead6591756106bc0a1,native_id,6a5bf3ead6591756106bc0a1,1,false,1784418314,07/18/2026 23:45:14,EXTREMELY DISAPPOINTED: Month long delays and poor customer service,"I placed an order on July 4, 2026, which had an original delivery window of July 12–19. The order will not arrive by my birthday on July 25, 2026, and is now not expected until as late as August 1—nearly a month after the original date.
I spent over $100 on this order. When I reached out to customer support regarding the significant, unmanaged shipping delays and the missed delivery guarantees, they refused to escalate the issue to a supervisor and only offered me a standard 15% off coupon (requiring a $29+ spend), which is an insulting resolution for such a service failure.
It is unacceptable to treat customers this way when a time-sensitive order is delayed for this long. I will not be shopping with this company again.",Alyssa Hansen,6a5bf3cfff3db222beb8b2d0,US,1,"Hello!

We are truly sorry for the unpleasant experience.

In order to better resolve your concerns, we need you to provide specific information, such as your order number. We have sent you an email with the subject ""Request for information about your experience."" Please check your inbox (and spam folder), and reply to that email with the information we need.

Your feedback is our driving force for continuous improvement, and we truly value your opinion. We look forward to providing you with further assistance as soon as we receive your response. :)",2026-07-19T02:30:57.000Z
www.shein.com,id:6a5bf05ec5b78d69f38175db,native_id,6a5bf05ec5b78d69f38175db,1,false,1784417406,07/18/2026 23:30:06,I had a poor experience with them after…,"I had a poor experience with them after sending photos and measurements of socks that were misleading in description. The socks advertised said size 39 to 42, which is my size but it could not even go on my foot. They also falsely described them as mid calf but they were instead ankle socks. I will no longer be purchasing from them in future as they refused to take them back and refund me, despite the fact that I was mislead about sizing of the socks.",Stephanie S,6a5bf041c2526c38a6901bd0,ZA,1,"Hello！

According to the information you provided, we noticed our team has sent a solution regarding your order. Please check your email for updates. If no email was received, it may have been filtered to the spam folder. We hope to hear from you. :)",2026-07-19T02:34:54.000Z
www.shein.com,id:6a5beffa42a77a9273150c12,native_id,6a5beffa42a77a9273150c12,3,false,1784417306,07/18/2026 23:28:26,Grand for basics.,Grand for basics. ,Hollie,60043c23001c43001961f667,IE,13,"Hello,

We are very happy to receive your evaluation, if you are satisfied with us, please feel free to adjust the star rating you think is suitable for our service, thank you! 💖️",2026-07-19T02:31:46.000Z
www.shein.com,id:6a5bdea27c34abb97d16c700,native_id,6a5bdea27c34abb97d16c700,1,false,1784412866,07/18/2026 22:14:26,Locked account for over 2 months,"I wrote a review the other day and shein replied that it had been resolved. However, that is not the case .  I want to update my experience but sent the reply too soon,  I was wondering whether SHEIN could contact me again so I can explain more.",Eileen Murray,6a5bde9eff3db23d54b8a073,GB,1,"Hello！

According to the information you provided, we noticed our team has sent a solution regarding your order. Please check your email for updates. If no email was received, it may have been filtered to the spam folder. We hope to hear from you. :)",2026-07-19T02:32:31.000Z
www.shein.com,id:6a5bb6835984cbf6ef74f5ed,native_id,6a5bb6835984cbf6ef74f5ed,3,true,1784402595,07/18/2026 19:23:15,Shein ,Ya no es lo que era antes. Todo ha subido de precio como era de esperar por la aplicación de impuestos y te fraccionan los pedidos en demasiadas partes. ,sa fresne,6a5915bc7b418c339c7fc4c3,ES,2,"¡Hola!

Según la información que nos proporcionaste, notamos que nuestro equipo ya ha enviado una solución relacionada con tu pedido. Por favor, revisa tu correo electrónico para ver las actualizaciones. Si no recibiste ningún correo, puede que haya sido filtrado a la carpeta de spam. Esperamos tu respuesta. :)",2026-07-19T02:39:18.000Z
www.shein.com,id:6a5ba57949d4cb7a709cce63,native_id,6a5ba57949d4cb7a709cce63,1,false,1784398233,07/18/2026 18:10:33,Un parcours client désastreux : merci à PayPal d’avoir dû réparer la situation,"J’ai commandé un maillot de bain chez SHEIN. Dès la réception, la protection hygiénique du bas du maillot était déjà décollée. L’article n’a jamais été porté ni essayé et j’ai effectué le retour le jour même, avec l’étiquette de retour fournie par SHEIN.

Malgré cela, SHEIN a refusé mon remboursement en affirmant que l’article avait été retourné sans protection hygiénique. J’ai pourtant fourni une photo montrant la protection en place avant l’envoi du retour, ainsi que tous les éléments prouvant ma bonne foi.

S’en sont suivis de nombreux échanges avec un service client qui répondait essentiellement par des messages automatisés, sans répondre réellement aux preuves apportées. Les arguments ont changé au fil du temps, mais aucune solution concrète n’a été proposée.

Le plus aberrant : alors que SHEIN avait bien reçu et conservé l’article retourné, il m’a ensuite été demandé de renvoyer le produit à une autre adresse. Une situation totalement incohérente pour un client qui avait pourtant suivi la procédure indiquée par le vendeur.

Au final, c’est PayPal qui a tranché en ma faveur et m’a remboursée. Je remercie PayPal pour son intervention, mais je trouve regrettable que cette situation ait dû aller jusque-là et que SHEIN n’ait pas assumé directement ses responsabilités.

Après cette expérience, je ne commanderai plus chez SHEIN. Une politique de retour n’a de valeur que si elle est appliquée de manière transparente et équitable.",IMD,616f3757fbdb800013b324f0,FR,21,"Bonjour !

Nous vous présentons nos sincères excuses pour tout désagrément occasionné—votre expérience compte énormément pour nous 💝

Selon les informations que vous avez fournies, nous avons identifié votre demande soumise via l’application SHEIN. Notre agent dédié accélère la résolution, et nous vous garantissons une réponse claire sous 24 heures. Vous pouvez suivre les mises à jour en temps réel à tout moment dans « Historique du service ».

🔹 Étapes d’accès :
Ouvrez l’application SHEIN → Touchez « Moi » en bas → « Service client » → « Historique du service »

Vos retours éclairent notre chemin—nous avons hâte de pouvoir vous aider davantage.",2026-07-19T02:41:51.000Z
www.shein.com,id:6a5b9e6c65ea5626f468c077,native_id,6a5b9e6c65ea5626f468c077,1,false,1784396428,07/18/2026 17:40:28,Ik had badpakken besteld en netjes…,"Ik had badpakken besteld en netjes terug gestuurd met hygiene stickers, na een week kreeg ik bericht dat ik een gedeeltelijke terugbetaling kreeg omdat de stickers zogenaamd misten. Ik plaats van een gedeeltelijke terugbetaling kreeg ik helemaal niks terug! Waardeloze service!",Dalia Lamzira,61b3080caefb8f00131f1f19,ES,7,"Hallo!

Het spijt ons oprecht dat u een onaangename ervaring heeft gehad.

Om uw probleem beter te kunnen oplossen, hebben we specifieke informatie van u nodig, zoals uw bestelnummer. U heeft een e-mail ontvangen met als onderwerp ""Request for information about your experience."". Controleer uw inbox (en spammap) en beantwoord deze e-mail met de benodigde informatie.

Uw feedback is onze drijfveer voor continue verbetering en we stellen uw mening zeer op prijs. We kijken ernaar uit u zo snel mogelijk verder te helpen zodra we uw reactie hebben ontvangen. :)",2026-07-19T09:07:26.000Z
www.shein.com,id:6a5b9cb4141a4917a3e06ba4,native_id,6a5b9cb4141a4917a3e06ba4,1,false,1784395988,07/18/2026 17:33:08,I bought 14 articles and only 4 came,"I bought 14 articles (clothes) and only 4 came. 10 are missing. I contacted support but they keep telling me everything is in order, it's not. I only have 1 tracking code. It's my first time using Shein so I'm not sure if the package has been delivered like this or if it has been tampered with.",Julia Capanegra,6a5b9bfbc2526c94798fc6a5,AR,2,"Hello!

We sincerely apologize for any inconvenience caused—your experience is incredibly important to us 💝

According to the information you provided, we've identified your inquiry submitted via the SHEIN app and our dedicated support agent is expediting the resolution.We guarantee a clear response within 24 hours, and you can monitor real-time updates anytime in ""Service Records"".

🔹 Steps to Access:
Open SHEIN APP → Tap ""Me"" at bottom → ""Customer Service"" → ""Service Records"" 

Your feedback lights our path forward—we look forward to assisting you further.",2026-07-19T09:10:25.000Z
www.shein.com,id:6a5b963618cb4ab83fef7e10,native_id,6a5b963618cb4ab83fef7e10,3,true,1784394326,07/18/2026 17:05:26,Shein ,"J'aime beaucoup acheter chez SHEIN, mais souvent des articles défectueux et des livraisons très longues..,",Bibichedudesert,5a6b499e0000ff000b06ae4b,FR,16,"Bonjour !

Nous vous présentons nos sincères excuses pour tout désagrément occasionné—votre expérience compte énormément pour nous 💝

Selon les informations que vous avez fournies, nous avons identifié votre demande soumise via l’application SHEIN. Notre agent dédié accélère la résolution, et nous vous garantissons une réponse claire sous 24 heures. Vous pouvez suivre les mises à jour en temps réel à tout moment dans « Historique du service ».

🔹 Étapes d’accès :
Ouvrez l’application SHEIN → Touchez « Moi » en bas → « Service client » → « Historique du service »

Vos retours éclairent notre chemin—nous avons hâte de pouvoir vous aider davantage.",2026-07-19T09:10:03.000Z
www.shein.com,id:6a5b94f2c2b8497973543950,native_id,6a5b94f2c2b8497973543950,1,false,1784394003,07/18/2026 17:00:03,They only care about our wallets not…,"They only care about our wallets not about us. I wish I could give 0 stars. I have reached out so many times through email, what’s app and chat options.I am having such extreme issues getting my package delivered. I have reached out to SHEIN to no avail as well as reached out to their partnering courier SpeedX and cannot get a real response from a real person. A failed delivery and delivery address update has caused so much anxiety and mental health distress. I’ve been trying to get my issues resolved since May. I will never do business with SHEIN or SpeedX again because they only value their consumers wallets not their quality and loyalty. I will be advocating for my friends, loved ones and social following to not do business with them. It should not be this hard to get my merchandise delivered to me or a refund issued. I would like media coverage about my experiences and have reached out to several entities and garnered response. This is not a singularly issue a lot of people are experiencing issues and we are stronger together.
",Rem Cee,6a2754c74a5f81876188f3c7,US,8,"Hello!

We are truly sorry for the unpleasant experience.

In order to better resolve your concerns, we need you to provide specific information, such as your order number. We have sent you an email with the subject ""Request for information about your experience."" Please check your inbox (and spam folder), and reply to that email with the information we need.

Your feedback is our driving force for continuous improvement, and we truly value your opinion. We look forward to providing you with further assistance as soon as we receive your response. :)",2026-07-19T09:08:27.000Z
www.shein.com,id:6a5b91da3e2a32658e6e3bc3,native_id,6a5b91da3e2a32658e6e3bc3,1,false,1784393210,07/18/2026 16:46:50,I placed my 1st order from Shein…,I placed my 1st order from Shein recently & received it yesterday. Excitedly when I opened it 4 items( necklaces) were smaller than what was pictured on the models neck. Of course there were no measurements listed either. They barely fit our 8 year old. I was extremely disappointed.Also 1 item was missing from the order so I checked to see if it was coming separately though the website said everything was delivered. It was to be a small gift for a co-worker. Again very disappointed.There was no packing slip to compare what I bought so I’m out of luck. Learned my lesson. Won’t be ordering from Shein again & will tell friends & business associates not to also. Granted my not ordering from them along with 10-12 others isn’t going to make a dent in their business though I also don’t like being scammed. I paid through PayPal and will reach out to them about the missing item. The necklaces are my fault for trusting an AI photo and buying something without a size listed.I’ll continue to stick to purchasing through Temu.   I’ve never had a problem with them. ,Russell,6877bbbb192bd38a29c473d4,US,3,"Hello!

We sincerely apologize for any inconvenience caused—your experience is incredibly important to us 💝

According to the information you provided, we've identified your inquiry submitted via the SHEIN app and our dedicated support agent is expediting the resolution.We guarantee a clear response within 24 hours, and you can monitor real-time updates anytime in ""Service Records"".

🔹 Steps to Access:
Open SHEIN APP → Tap ""Me"" at bottom → ""Customer Service"" → ""Service Records"" 

Your feedback lights our path forward—we look forward to assisting you further.",2026-07-19T02:55:16.000Z
www.shein.com,id:6a5b83786bc7563d5f410897,native_id,6a5b83786bc7563d5f410897,3,false,1784389528,07/18/2026 15:45:28,Déçu de ma dernière commande ,"Déçu de ma dernière commande , shein travail avec des transporteur qui ne respecte pas les délais de livraison,  Shein ne se bouge pas de leur côté pour faire accélérer les choses , a par recevoir 200 points de leur part.
Si j ai passé commande c est que je voulais les articles,  voilà plus de 10ans que je commande mais je pense que je vais m arrêter là,  vu qu ils ne font rien pour que je puisse être livré !!!!
Que des mauvais avis sur le transporteur GOFO mais ils continuent à bosser avec eux , chercher l erreur !!!
Un mensonge de GOFO , le vendredi 17juillet , pas trouvé l adresse , ils ont tout , coordonnées téléphonique , personne ne m a contacté !!!",Crystal,5b4c8da44de5666d34db5a57,FR,26,"Bonjour,

Nous sommes vraiment désolés pour cette expérience désagréable.

Afin de mieux répondre à vos préoccupations, nous vous demandons de bien vouloir nous fournir des informations spécifiques, telles que votre numéro de commande. Nous vous avons envoyé un e-mail avec pour objet ""Request for information about your experience."" Merci de vérifier votre boîte de réception (et le dossier des courriers indésirables) et de répondre à cet e-mail avec les informations demandées.

Vos retours sont notre moteur pour une amélioration continue et nous attachons une grande importance à votre avis. Nous sommes impatients de pouvoir vous aider davantage dès réception de votre réponse. :)",2026-07-19T02:50:24.000Z
www.shein.com,id:6a5b7fb46719bb274ce36754,native_id,6a5b7fb46719bb274ce36754,1,false,1784388564,07/18/2026 15:29:24,I recently placed an order for 35…,I recently placed an order for 35 items. I received 33 - missing 2 coats and a pair of jeans. I contacted the online call centre and was told to recheck. I I contacted them and confirmed they aren’t in the box all they can say is they were shipped. They are unable to provide proof or and escalation process. The only people you can deal with is the call centre who can’t actually do anything.,Chantel Harrison,6a5b7fadb06fbf3fd6ea98e4,ZA,1,"Hello!

We are truly sorry for the unpleasant experience.

In order to better resolve your concerns, we need you to provide specific information, such as your order number. We have sent you an email with the subject ""Request for information about your experience."" Please check your inbox (and spam folder), and reply to that email with the information we need.

Your feedback is our driving force for continuous improvement, and we truly value your opinion. We look forward to providing you with further assistance as soon as we receive your response. :)",2026-07-19T02:46:30.000Z
www.shein.com,id:6a5b6fc650941f5f13312414,native_id,6a5b6fc650941f5f13312414,1,false,1784384486,07/18/2026 14:21:26,Me roban el reembolso y el chat no me ayuda,"Devolví dos eyeliners juntos en el mismo paquete de GLS (Ref 319581136129). El almacén abrió el paquete y solo me reembolsó uno, diciendo que el otro no ha llegado. Es mentira: el resguardo oficial de GLS marca un peso de 0.10 kg (100 gramos). Un solo eyeliner no pesa eso; el peso demuestra que envié los dos. El chat me da respuestas automáticas diciendo que espere a que llegue, cuando el paquete ya fue entregado y abierto. Exijo mi dinero.",Carmen,6a5b6e747b418c0b05824ee9,ES,1,"¡Hola!

Lamentamos sinceramente cualquier inconveniente causado—tu experiencia es increíblemente importante para nosotros 💝

Según la información que proporcionaste, hemos identificado tu consulta enviada a través de la app de SHEIN, y nuestro agente de soporte dedicado está acelerando la resolución. Te garantizamos una respuesta clara en un plazo de 24 horas, y puedes monitorear las actualizaciones en tiempo real en ""Registros de servicio"".

🔹 Pasos para acceder:
Abre la aplicación SHEIN → Pulsa ""Yo"" en la parte inferior → ""Atención al cliente"" → ""Registros de servicio""

Tus comentarios iluminan nuestro camino—esperamos poder ayudarte aún más.",2026-07-19T02:47:08.000Z
www.shein.com,id:6a5b58ceeaa7e439f8b7c545,native_id,6a5b58ceeaa7e439f8b7c545,1,false,1784378606,07/18/2026 12:43:26,"Lost parcel, endless excuses and terrible customer service","After wasting countless hours contacting both SHEIN and BoxNow, BoxNow finally confirmed that the parcel had already been returned to SHEIN. Only then did SHEIN acknowledge the issue.

What is most disappointing is that I had warned them from the beginning that something was wrong, but they repeatedly dismissed my concerns and kept blaming the carrier instead of investigating.

These items were meant for my son's birthday, and because of their lack of action I was left without them on time. This caused unnecessary stress and frustration that could have been avoided if they had simply listened to their customer.

A company should not be judged by how it performs when everything goes smoothly, but by how it handles problems. In my case, SHEIN failed completely. Instead of taking responsibility, they wasted my time with generic replies and passed the blame to someone else.

I have completely lost confidence in SHEIN's customer service and will seriously reconsider placing any future orders.

Update: SHEIN replied with a generic message stating that a solution had been sent by email. However, this does not address the real issue: my concerns were repeatedly dismissed until BoxNow confirmed that the parcel had already been returned to SHEIN. The refund was never the main issue—the way my case was handled was.",Chris,62bfe6175eb62f001218a872,GR,7,"Hello！

According to the information you provided, we noticed our team has sent a solution regarding your order. Please check your email for updates. If no email was received, it may have been filtered to the spam folder. We hope to hear from you. :)",2026-07-19T09:13:59.000Z
www.shein.com,id:6a5b4cea9723ebfdd5b48b3c,native_id,6a5b4cea9723ebfdd5b48b3c,1,false,1784375562,07/18/2026 11:52:42,They stole my money ,"I have always been a loyal customer to Shien, consistently shopping but recently I bought very expensive hair extensions which I had to return. It has now been almost 2 months since the return, royal mail has given me proof that the return has been delivered since the 20th of June and yet when I contacted the customer service they kept saying they cannot process the return because ""their warehouse has not processed it"". How is this my fault? Very poor customer service, will never shop and will recommend you not to shop here

The reply underneath is just a waste of time, I have checked it has been 2 days now and there has been no response on my app or any resolution, very poor customer service",Gurleen Kaur,6a5b4cda236e3d0aeed91623,GB,1,"Hello!

We sincerely apologize for any inconvenience caused—your experience is incredibly important to us 💝

According to the information you provided, we've identified your inquiry submitted via the SHEIN app and our dedicated support agent is expediting the resolution.We guarantee a clear response within 24 hours, and you can monitor real-time updates anytime in ""Service Records"".

🔹 Steps to Access:
Open SHEIN APP → Tap ""Me"" at bottom → ""Customer Service"" → ""Service Records"" 

Your feedback lights our path forward—we look forward to assisting you further.",2026-07-19T02:53:03.000Z
www.shein.com,id:6a5b462e1e47c198c4d427df,native_id,6a5b462e1e47c198c4d427df,4,true,1784373838,07/18/2026 11:23:58,Délais raisonnable de livraison,Délais raisonnable de livraison,Judy b,6a5b45cbff3db25828b7f68d,FR,2,,
www.shein.com,id:6a5b3f7d78a284eea6b2c122,native_id,6a5b3f7d78a284eea6b2c122,1,false,1784372125,07/18/2026 10:55:25,Arnaque j'ai acheté une robe longue.,"Arnaque j'ai acheté une robe longue.
Sur la photo elle arrive a la cheville du mannequin et bien faux elle arrive en haut du mollet.
Et de plus un vrai chiffon impossible de la mettre. 
Super c'était pour un mariage.",jeandeau alicia,6456a4f64cca0b001375ec93,FR,5,"Bonjour !

Nous vous présentons nos sincères excuses pour tout désagrément occasionné—votre expérience compte énormément pour nous 💝

Selon les informations que vous avez fournies, nous avons identifié votre demande soumise via l’application SHEIN. Notre agent dédié accélère la résolution, et nous vous garantissons une réponse claire sous 24 heures. Vous pouvez suivre les mises à jour en temps réel à tout moment dans « Historique du service ».

🔹 Étapes d’accès :
Ouvrez l’application SHEIN → Touchez « Moi » en bas → « Service client » → « Historique du service »

Vos retours éclairent notre chemin—nous avons hâte de pouvoir vous aider davantage.",2026-07-19T02:54:27.000Z
www.shein.com,id:6a5b3aa4b3105ad44823774f,native_id,6a5b3aa4b3105ad44823774f,5,true,1784370884,07/18/2026 10:34:44,Muy bien siempre con esta aplicación,Muy bien siempre con esta aplicación,flor becerril,5f73c6113849dd209da69b95,ES,5,,
www.shein.com,id:6a5b1e78a7446f97ad99cd40,native_id,6a5b1e78a7446f97ad99cd40,1,false,1784363672,07/18/2026 08:34:32,Shein si rifiuta di rimborsare un…,"Shein si rifiuta di rimborsare un ordine  ricevuto vuoto e consegnato aĺtrove da mesi mesiii

V6A",Daniela ,5f5de7d6ec01bb26100d5425,IT,102,"Ciao!

Ci scusiamo sinceramente per qualsiasi inconveniente questo possa aver causato: la tua esperienza è molto importante per noi 💝

In base alle informazioni che ci hai fornito, abbiamo identificato la tua richiesta inviata tramite l'app SHEIN. Il nostro agente dedicato sta accelerando il processo di risoluzione e garantiamo una risposta chiara entro 24 ore. Puoi monitorare gli aggiornamenti in tempo reale in qualsiasi momento nella tua ""Cronologia dei servizi"".

🔹 Procedura di accesso:
Apri l'app SHEIN → Tocca ""Io"" in basso → ""Servizio clienti"" → ""Cronologia dei servizi""

Il tuo feedback ci aiuta a migliorare: non vediamo l'ora di aiutarti ulteriormente.",2026-07-19T02:47:27.000Z
www.shein.com,id:6a5b1d52e159945332abaa1e,native_id,6a5b1d52e159945332abaa1e,1,false,1784363378,07/18/2026 08:29:38,Sono ladri,"Sono dei ladri e bugiardi! Da giorni non mi funziona il gioco Casa dei cuccioli e l'assistenza mi scrive le risposte stupide. Oggi parto con la denuncia. Non è la prima volta che ho problema con loro assistenti. Mirko e Giulio sono stati addirittura scostumati. Mai più comprare su Shein. 

Visto che non posso rispondere alla risposta di Shein scrivo sempre qui. Io da più di una settimana gli scrivo e sempre mi rispondono nel modo astratto e fanno finta che non capiscono il problema. Perciò siete anche ipocriti!!! Lunedì gli faccio una bella segnalazione. ",Nadiia Basaraba,60817fd1be11220013e1e775,IT,5,"Ciao!

Siamo davvero dispiaciuti per la spiacevole esperienza.

Per poter risolvere meglio le sue preoccupazioni, abbiamo bisogno che ci fornisca informazioni specifiche, come il numero dell’ordine. Le abbiamo inviato un’e-mail con oggetto “Richiesta di informazioni sulla sua esperienza”. La preghiamo di controllare la sua casella di posta (e la cartella dello spam) e di rispondere a quella e-mail fornendo le informazioni richieste.

Il suo feedback è la nostra forza motrice per un miglioramento continuo e apprezziamo davvero la sua opinione. Saremo lieti di fornirle ulteriore assistenza non appena riceveremo la sua risposta. :)",2026-07-19T02:48:45.000Z
www.shein.com,id:6a5b16cd55b1863edba2fdc1,native_id,6a5b16cd55b1863edba2fdc1,1,false,1784361721,07/18/2026 08:02:01,Good day everyone I am a first time…,Good day everyone I am a first time user on SheIn app as I was introduced by friend. I made an order worth about  26 dollars on the SheIn app(36000  naira) only to discover after placing the order that size I picked for an (item) was wrong I took a size M instead of a size XL I tried modifying the order as it had not been shipped I couldn't . I had to contact their customer agent who cancel the item and  the money was refunded to my shein wallet asked me to reorder as the claim the don't modify their orders.  Only to discover that I could no no longer order the item as a ridiculous shipping fee of 35000  naira had been added to an item of 4242 naira. I tried  pleading them to waive off the shipping fee as all the items were supposed to come together the refused and I had already paid the first amount the refused. The can't be trusted as their prices are not consistent with what is written in the app 🥺 I can't ever trust shein again . One Agent went as far cancelling all my orders with me asking him to do so,Della Obiosio,6a5b16c0c2526c9d468f3d90,NG,1,"Hello!

We sincerely apologize for any inconvenience caused—your experience is incredibly important to us 💝

According to the information you provided, we've identified your inquiry submitted via the SHEIN app and our dedicated support agent is expediting the resolution.We guarantee a clear response within 24 hours, and you can monitor real-time updates anytime in ""Service Records"".

🔹 Steps to Access:
Open SHEIN APP → Tap ""Me"" at bottom → ""Customer Service"" → ""Service Records""

Your feedback lights our path forward—we look forward to assisting you further.",2026-07-19T02:49:06.000Z
www.shein.com,id:6a5aea75cd762c01d79a175e,native_id,6a5aea75cd762c01d79a175e,1,false,1784350357,07/18/2026 04:52:37,Don’t recommend,"I ordered a crunchy peanut squishy and instead I got a mini square mochi and then I ordered an coconut oil squishy, but it was a big square mochi I also ordered a cheese Vaseline squishy, but it turned out to be blue paper, not even close to a cheese squishy😤😤😤😤
I do not recommend. I want my money back😭😭😭",Shakara Anderson,6a5aea347b418c303f81eb89,US,1,"Hello!

We are truly sorry for the unpleasant experience.

In order to better resolve your concerns, we need you to provide specific information, such as your order number. We have sent you an email with the subject ""Request for information about your experience."" Please check your inbox (and spam folder), and reply to that email with the information we need.

Your feedback is our driving force for continuous improvement, and we truly value your opinion. We look forward to providing you with further assistance as soon as we receive your response. :)",2026-07-18T08:49:57.000Z
www.shein.com,id:6a5ae1686c898e31ae34970c,native_id,6a5ae1686c898e31ae34970c,1,false,1784348040,07/18/2026 04:14:00,Malísimo,"Malísimo! Compré, me tuvieron más de un mes esperando. Jamás me llegó el paquete y todavía no me reintegraron la plata. Son una mentira! ",Joaquin Bajerle,6a5ae15aff3db28352b7bd47,AR,1,"Hola:

Lamentamos mucho la experiencia desagradable.

Para poder resolver mejor sus inquietudes, le solicitamos que nos proporcione información específica, como su número de pedido. Le hemos enviado un correo electrónico con el asunto ""Request for information about your experience."". Por favor, revise su bandeja de entrada (y la carpeta de spam) y responda a ese correo con la información solicitada.

Sus comentarios son nuestro motor para la mejora continua y realmente valoramos su opinión. Esperamos poder ayudarle aún más tan pronto como recibamos su respuesta. :)",2026-07-18T08:19:54.000Z
www.shein.com,id:6a5ab60f4c156a72d5049565,native_id,6a5ab60f4c156a72d5049565,5,true,1784336943,07/18/2026 01:09:03,Siempre bien,"Siempre bien,  llega antes de tiempo,  sin problemad",estimado cliente,609a6c55187c58001a844347,ES,8,,
www.shein.com,id:6a5a8aaa04f6affba941cc58,native_id,6a5a8aaa04f6affba941cc58,2,false,1784325834,07/17/2026 22:03:54,This was one of my more frustrating…Would not order again,"This was one of my more frustrating online shopping experiences recently. The product did not match the description or photos on the website. Sizing was off compared to the chart listed on the product page. The item arrived with visible damage, which was disappointing given the price. Overall the experience felt disorganised from checkout through to delivery. It took several emails before I got a useful response from support. I expected better and came away disappointed.",Mao Clarkson,6a350818a71de06737921eb6,US,3,"Hello!

We are truly sorry for the unpleasant experience.

In order to better resolve your concerns, we need you to provide specific information, such as your order number. We have sent you an email with the subject ""Request for information about your experience."" Please check your inbox (and spam folder), and reply to that email with the information we need.

Your feedback is our driving force for continuous improvement, and we truly value your opinion. We look forward to providing you with further assistance as soon as we receive your response. :)",2026-07-18T03:00:54.000Z
www.shein.com,id:6a5a765c49e37ca2a23c8125,native_id,6a5a765c49e37ca2a23c8125,1,false,1784320636,07/17/2026 20:37:16,Esperienza negativa ,Ho fatto un reso il giorno 20 giugno e ancora non ho ricevuto mio rimborso ho contattato la assistenza e mi danno le solite risposte robotiche non sono in grado di aiutarmi e non so cosa fare assistenza veramente un degrado .,Malu santos,5e0d09a431bb5a49489393b9,IT,25,"Salve!

Secondo le informazioni fornite, abbiamo notato che il nostro team ha già inviato una soluzione riguardante il tuo ordine. Ti preghiamo di controllare la tua email per gli aggiornamenti. Se non hai ricevuto alcuna email, potrebbe essere finita nella cartella spam. Speriamo di ricevere tue notizie. :)",2026-07-18T01:33:04.000Z
www.shein.com,id:6a5a432fb4e89f25c290fe1f,native_id,6a5a432fb4e89f25c290fe1f,1,false,1784307535,07/17/2026 16:58:55,I used to highly trust Shein and other…,"I used to highly trust Shein and other online shopping platforms, but honestly, over the last two months, not so much. They are engaging in sketchy practices—or maybe their customer support is just completely irresponsible. Either way, I would advise all users to be extremely careful before making any payments on Shein, specifically Shein US.

Here is what happened:
On June 10, 2026, I placed an order for a total of $496.49 USD. Days passed, and I noticed the order was still marked as ""pending payment,"" and I couldn't even see all the items from my purchase. I contacted support to ask what was going on, and they told me I had to contact my bank because they had no record of any payment related to that order. Even though I sent them proof of payment, they kept insisting they hadn't received anything. I contacted my bank, and they confirmed the payment went through successfully; I could also see it marked as ""completed"" in my banking app.

I went back to Shein support, and this time they told me I should open a dispute/chargeback with my bank since they hadn't received the money. Once I filed the dispute, support suddenly changed their story and said they did see the payment and that it was linked to my order. I told them that was fine and to please just process what I ordered. After some time, they asked me to confirm the payment by uploading the receipt through a link. I did this about 5 times until they finally told me the payment was confirmed.

However, a few days later, I saw the purchase was still pending. I contacted Shein support again, and now they claim that because the payment is under dispute, they cannot process my order. Mind you, it was their own support team that told me to open the dispute in the first place because they claimed they didn't have the money! Now they refuse to process it because of the dispute.

Frustrated but still trying to cooperate, I contacted my bank to cancel the dispute. I was furious, but I honestly thought Shein was trustworthy and wouldn't engage in these kinds of dirty tactics. $496 might be a lot to me, but it's nothing to a massive company like Shein. I didn't think they would ruin their reputation over this amount. They have millions of customers, so losing one means nothing to them, which is exactly why I am leaving this review here—so the rest of you can be aware of this practice.

To make matters worse, every time I contact support now, it feels like they've flagged me as spam. They keep sending automated messages even when I'm supposedly talking to a human, acting as if I'm bothering them. Finally, my bank confirmed that the dispute was officially closed. I contacted support and told them the dispute is closed, so they should either proceed with the order or refund my money. They keep denying it, claiming the dispute is still open. To this day, they tell me the same thing: no refund, no products.

If anyone knows what else I can do so I don't lose my money, I would truly appreciate your help. About 5 days ago, they asked for proof that the dispute was closed. I sent it, and they told me to wait 3 days for their system to update so they could proceed with the refund. Today, they changed their story again, saying it's still open. I honestly don't know what else to do. I am going to keep posting on social media comments to see if anyone else has gone through this and can help me, please.",Metide Etiene,6a5a431c7b418ce7bc813105,MX,1,"Hello!

We sincerely apologize for any inconvenience caused—your experience is incredibly important to us 💝

According to the information you provided, we've identified your inquiry submitted via the SHEIN app and our dedicated support agent is expediting the resolution.We guarantee a clear response within 24 hours, and you can monitor real-time updates anytime in ""Service Records"".

🔹 Steps to Access:
Open SHEIN APP → Tap ""Me"" at bottom → ""Customer Service"" → ""Service Records"" 

Your feedback lights our path forward—we look forward to assisting you further.",2026-07-18T02:57:08.000Z
www.shein.com,id:6a5a42cc6931b2bd1695ff62,native_id,6a5a42cc6931b2bd1695ff62,5,false,1784307436,07/17/2026 16:57:16,This app is the best everything I buy…,This app is the best everything I buy from there. I am satisfied with their clothes last a long time. They also wash well.,Moonchild,67f5a0ca2076b5558353fba2,US,3,,
www.shein.com,id:6a5a32b275e72e5ee32a557f,native_id,6a5a32b275e72e5ee32a557f,1,false,1784303314,07/17/2026 15:48:34,After waiting more than two weeks for…,"After waiting more than two weeks for my item to ship, I received an email with no explanation that a refund was issued",ROSS LAPASH,64a4124759f49b0012f0f2d3,US,2,"Hello！

According to the information you provided, we noticed our team has sent a solution regarding your order. Please check your email for updates. If no email was received, it may have been filtered to the spam folder. We hope to hear from you. :)",2026-07-18T09:21:44.000Z
www.shein.com,id:6a5a1cc767bbbf7050caebe3,native_id,6a5a1cc767bbbf7050caebe3,1,false,1784297703,07/17/2026 14:15:03,SHEIN US is so expensive,"SHEIN US is so expensive. The price is double to 5x the prices in other countries. Example the curtain is $33 in shein US and it is sold at $17.30 in another country. A trolley in shein us $51.70 in another country it is $19.19. they are of the same item, same item code, same SKU, same brand. The price in SHEIN US is exclusive of taxes yet. So it is way more expensive.",Ela,6a5a1cbf7b418c2bf580e545,PH,1,"Hello，

We've lowered our prices across a wide range of styles, which means more big savings on summer deals!
Save big on summer outfits, daily essentials, beauty picks, kidswear, home decor, and most everything else at low SHEIN prices.
Whether you've been holding off or just haven't checked in lately, now's the perfect time to find your next summer fit!

Learn more: https://us.shein.com/ark/5065?src_module=topBanner&src_identifier=on%3DIMAGE_COMPONENT%60cn%3Dtopbanner%60hz%3DhotZone_3%60ps%3D1_3%60jc%3DwebLink_https%3A%2F%2Fus.shein.com%2Fark%2F5065&src_tab_page_id=page_activity_factory1748918751573&ici=CCCSN=topBanner_ON=IMAGE_COMPONENT_OI=73137611_CN=ONE_IMAGE_COMPONENT_TI=50000_aod=0_PS=1-3_ABT=0",2026-07-21T08:16:52.000Z
www.shein.com,id:6a5a1a1ce710cd740fc1c57d,native_id,6a5a1a1ce710cd740fc1c57d,5,true,1784297020,07/17/2026 14:03:40,Prodotti come nella descrizione,"Prodotti come nella descrizione, niente male la vestibilitatea e i tessuti si lavano bene . Gli accessori non mi hanno dato nessuna allergia e non sono anneriti . ",Gabry Ene,6062ab3c2d361e0019c7e9a4,IT,13,,
www.shein.com,id:6a5a185ffd64a8cb11f84373,native_id,6a5a185ffd64a8cb11f84373,1,false,1784296575,07/17/2026 13:56:15,Eine Katastrophe!,"Eine Katastrophe!

Defektes Paket erhalten, Artikel fehlen...
Aber kein Schwein bei Shein interessiert das. Immer die gleiche sch.... standard Antwort... 

Niemand interessiert es und niemand hilft.

Was für ein Saftladen.",M. Büchel,5b7bd93e4de5666d3443143a,CH,41,"Hallo!

Den von dir bereitgestellten Informationen zufolge hat unser Team bereits eine Lösung zu deiner Bestellung gesendet. Bitte überprüfe deine E-Mails auf Updates. Falls du keine E-Mail erhalten hast, könnte sie im Spam-Ordner gelandet sein. Wir freuen uns auf deine Rückmeldung. :)",2026-07-18T01:33:33.000Z
www.shein.com,id:6a59f55a40eeb3755aea2f05,native_id,6a59f55a40eeb3755aea2f05,5,true,1784287610,07/17/2026 11:26:50,Mejores precios,"Siempre que necesito algo (sin urgencia) lo compro en Shein, los precios son los mejores. Intento armar mi carrito para tener varias cosas para llegar al envío gratis y ahí hago la compra. Antes molaba más porque había mas cupones y mas descuentos. Ahora hay cupones de marcas específicas, no aplica a todo. Pero igual lo sigo recomendando",Eliana,6357d1c2156bd00017a40840,ES,12,,
www.shein.com,id:6a59e6ad62c4abf369376938,native_id,6a59e6ad62c4abf369376938,1,false,1784283853,07/17/2026 10:24:13,Absolutely terrible company,"Absolutely terrible company. Promising free items if you place an order and not fulfilling this. Also I paid an extra £9 for express delivery as needed items sooner. Express delivery isn’t happening so why did I pay the extra. Tried chatting on live chat with the company but they weren’t helpful at all. Be cautious they are very misleading and untrustworthy 
My order number is #GSO18747A000SH0. The delivery date is 22-24 July when I paid for express delivery. Also when I chatted with your live chat they couldn’t help me unless I could provide a screenshot of the free items I’d picked. I hadn’t screenshot it as I believed I would just receive the items without any trouble. 
",Sgregs ,5e13a68331bb5ae17c96a641,GB,27,"Hello！

According to the information you provided, we noticed our team has sent a solution regarding your order. Please check your email for updates. If no email was received, it may have been filtered to the spam folder. We hope to hear from you. :)",2026-07-18T01:35:11.000Z
www.shein.com,id:6a59e077f09d282d15f37c1e,native_id,6a59e077f09d282d15f37c1e,2,false,1784282263,07/17/2026 09:57:43,De beaux produits pour une qualité de…,"De beaux produits pour une qualité de matière très souvent moyenne mais qui fait l'affaire, mais avec des prix aujourd'hui presque aussi chers que pour des magasins normaux, et cerise sur le gateau, désormais quand vous faites un panier et que vous attendez, le prix ne cesse d'augmenter, 
Je me suis fait un panier a 7 articles pour 102€, le lendemain il était a 120€ et le jour suivant a 130€,
Ç'en est dégoutant,
Étant un consommateur occasionnel chez eux, ça ne me donne pas envie de revenir",Elgatturo,5ff89c7a8a1cd9001b788a3b,FR,3,"Bonjour,

Nous sommes vraiment désolés pour cette expérience désagréable.

Afin de mieux répondre à vos préoccupations, nous vous demandons de bien vouloir nous fournir des informations spécifiques, telles que votre numéro de commande. Nous vous avons envoyé un e-mail avec pour objet ""Request for information about your experience."" Merci de vérifier votre boîte de réception (et le dossier des courriers indésirables) et de répondre à cet e-mail avec les informations demandées.

Vos retours sont notre moteur pour une amélioration continue et nous attachons une grande importance à votre avis. Nous sommes impatients de pouvoir vous aider davantage dès réception de votre réponse. :)",2026-07-18T03:13:42.000Z
www.shein.com,id:6a59aa7632afa041b3dafd59,native_id,6a59aa7632afa041b3dafd59,1,false,1784268438,07/17/2026 06:07:18,Terrible ,Im missing an item from this order,Maria Shokoya,60114e587a863f0019edc501,GB,155,"Hello!

We are truly sorry for the unpleasant experience.

In order to better resolve your concerns, we need you to provide specific information, such as your order number. We have sent you an email with the subject ""Request for information about your experience."" Please check your inbox (and spam folder), and reply to that email with the information we need.

Your feedback is our driving force for continuous improvement, and we truly value your opinion. We look forward to providing you with further assistance as soon as we receive your response. :)",2026-07-17T08:03:35.000Z
www.shein.com,id:6a597d7302e9b8b1341d3fb5,native_id,6a597d7302e9b8b1341d3fb5,1,false,1784256915,07/17/2026 02:55:15,Very poor quality,Very poor quality.  My blouse looked nothing like the photo and was more like a size for a child than a grownup.  Very disappointing.,Debbie Segich,6a597d697b418cc4d2803d62,US,1,"Hello！

According to the information you provided, we noticed our team has sent a solution regarding your order. Please check your email for updates. If no email was received, it may have been filtered to the spam folder. We hope to hear from you. :)",2026-07-17T08:20:54.000Z
www.shein.com,id:6a594b88d00c68a3e3e1e5cd,native_id,6a594b88d00c68a3e3e1e5cd,1,false,1784244136,07/16/2026 23:22:16,Aldrig mere SHEIN,Jeg bestilte d. 5. Juli 2026 da de tidligere har kunnet levere hurtigt men fordi der er strammet op på toldregler bliver min ordre nu udsat. Den har dog ligget stille i en lufthavn i 6 dage. Nu er den så taget i Tolden. Ligner efterhånden SCAM shopping så find et andet sted at handle. Amazon.de har dag til dag levering… OPDATERING : ingen mails fra Shein,Anders Green,54b6441f0000ff0001a404fa,DK,29,"Hej!

Ifølge de oplysninger, du har givet os, har vores team sendt dig en løsning vedrørende din ordre. Tjek venligst din e-mail for opdateringer. Hvis vi ikke har modtaget nogen e-mail, kan den være blevet filtreret til spam-mappen. Vi håber at høre fra dig. :)",2026-07-17T01:57:05.000Z
www.shein.com,id:6a59262bab0b03ccb118cf27,native_id,6a59262bab0b03ccb118cf27,1,false,1784234571,07/16/2026 20:42:51,I am extremely disappointed with the…,"I am extremely disappointed with the service I have received.

I returned my package, but it was sent back to me from Dublin by Victoria. I have also been in contact with a human being through the SHEIN chat, but every time I explained the situation, my messages were either ignored or completely misunderstood. It feels like no one is actually reading what I am saying.

I have already provided proof and photos showing exactly what happened. I still have the package, even though I followed the return process correctly. This is completely unacceptable.

I expect this issue to be resolved immediately and my refund to be processed without any further delays. I should not be left with the package because of problems outside of my control. This level of customer service is not acceptable.",Rosenna n,6a592625c2526c890e8d21e2,DK,1,"Hello!

We sincerely apologize for any inconvenience caused—your experience is incredibly important to us 💝

According to the information you provided, we've identified your inquiry submitted via the SHEIN app and our dedicated support agent is expediting the resolution.We guarantee a clear response within 24 hours, and you can monitor real-time updates anytime in ""Service Records"".

🔹 Steps to Access:
Open SHEIN APP → Tap ""Me"" at bottom → ""Customer Service"" → ""Service Records""

Your feedback lights our path forward—we look forward to assisting you further.",2026-07-17T01:58:00.000Z
www.shein.com,id:6a5924d3bb256ec9240113f9,native_id,6a5924d3bb256ec9240113f9,1,false,1784234227,07/16/2026 20:37:07,Betaling gedaan en niks geleverd ,"Betaling gedaan , een polo shirt nooit ontvangen !! Gemaild en geen reactie 
Een sms verzonden en geen reactie , berichten verstuurd met de chat bot en komt geen oplossing !!!

Ik bestel er nooit niks meer !!!

Let op met deze site ",Van Meeteren Mercedes,69de5c490653b7837963aa36,NL,2,"Hallo!

Op basis van de informatie die u heeft verstrekt, heeft ons team een ​​oplossing voor uw bestelling gestuurd. Controleer uw e-mail voor updates. Als u geen e-mail heeft ontvangen, is deze mogelijk in uw spammap terechtgekomen. We hopen snel van u te horen. :)",2026-07-17T01:53:45.000Z
www.shein.com,id:6a592170b071011a4b98d87e,native_id,6a592170b071011a4b98d87e,5,false,1784233360,07/16/2026 20:22:40,J'ai passé une première commande sur…,"J'ai passé une première commande sur SHEIN, la livraison a été très très rapide cinq jours car c'est sur les entrepôts locaux. L'article reçu est une jupe en jean de bonne qualité bien coupé. Je suis plutôt contente. malheureusement, elle était un peu grande pour moi, mais j'ai eu un remboursement extrêmement rapide.",Cora Mayer,6a2036594a5f81acf1811bba,FR,4,,
www.shein.com,id:6a591de5ead328b603beb749,native_id,6a591de5ead328b603beb749,2,false,1784232453,07/16/2026 20:07:33,Done,"OK, so after all of the issues I've had with Shein.  I have decided to shut my account down. Cannot believe all the stress they put me through. For their vendors sending out fake products . took me weeks to get things straightened out. Sending them pictures and videos over and over. Them refusing videos where I could've proven my point very easily. Acting like they never got my videos or pictures . handed off from one customer service person to another.I swore this time if I got a refund, I was done and I am shutting my account down with them. Wish you all the best if you decide to keep ordering from them. (The only reason they're getting two stars is because I got a refund.)  nothing but stress and disappointment with this particular shopping experience.",Christina Reese,65a9a26a8a2c210012a5db39,US,8,"Hello!

We are truly sorry for the unpleasant experience.

In order to better resolve your concerns, we need you to provide specific information, such as your order number. We have sent you an email with the subject ""Request for information about your experience."" Please check your inbox (and spam folder), and reply to that email with the information we need.

Your feedback is our driving force for continuous improvement, and we truly value your opinion. We look forward to providing you with further assistance as soon as we receive your response. :)",2026-07-17T01:54:25.000Z
www.shein.com,id:6a5911084046e72ae661efcd,native_id,6a5911084046e72ae661efcd,1,false,1784229160,07/16/2026 19:12:40,Keurig retour gestuurd met geprint…,"Keurig retour gestuurd met geprint label en krijg geen geld retour 
T gaat om 18 euro maar toch! Pure oplichterij die Chinese troep ",Mayke Peeters,69a6a22c2dcf0ffc600521c4,NL,2,"Hallo!

Het spijt ons oprecht dat u een onaangename ervaring heeft gehad.

Om uw probleem beter te kunnen oplossen, hebben we specifieke informatie van u nodig, zoals uw bestelnummer. U heeft een e-mail ontvangen met als onderwerp ""Request for information about your experience."". Controleer uw inbox (en spammap) en beantwoord deze e-mail met de benodigde informatie.

Uw feedback is onze drijfveer voor continue verbetering en we stellen uw mening zeer op prijs. We kijken ernaar uit u zo snel mogelijk verder te helpen zodra we uw reactie hebben ontvangen. :)",2026-07-17T02:26:23.000Z
www.shein.com,id:6a590d6fb375c2fdde2b664b,native_id,6a590d6fb375c2fdde2b664b,1,false,1784228239,07/16/2026 18:57:19,Do not buy from Shein,Do not buy from Shein! I purchased a bikini which didn't come with the protective sanitary pad. I returned the item and they wouldn't refund me because of this even though they sent it like that. Very disappointed!,Janine South,5ddaa7a23f49ce81c39c41d6,GB,3,"Hello！

According to the information you provided, we noticed our team has sent a solution regarding your order. Please check your email for updates. If no email was received, it may have been filtered to the spam folder. We hope to hear from you. :)",2026-07-17T02:26:32.000Z
www.shein.com,id:6a5906c6a52405a62f84a76b,native_id,6a5906c6a52405a62f84a76b,5,true,1784226534,07/16/2026 18:28:54,Utile e comodo,"Utile e comodo per la consegna del prodotto, facile da utilizzare, puntuale sulla consegna ",Andrea,685d67998a5375d0197cf1ff,IT,4,,
www.shein.com,id:6a5904e5c1898d830f2b24df,native_id,6a5904e5c1898d830f2b24df,4,true,1784226053,07/16/2026 18:20:53,Qualité et taille aléatoires,Qualité et taille aléatoires. Tarifs très interessants. Envoi rapide. Satisfaite dans la globalité et je commande de temps en temps ,Raquel,6836de42f0e9f36a3358e8dd,FR,3,,
www.shein.com,id:6a58f9cebf3d5524fd18ef4a,native_id,6a58f9cebf3d5524fd18ef4a,3,true,1784223214,07/16/2026 17:33:34,Tous les produits ne sont pas super…,"Tous les produits ne sont pas super mais pour l'usage, ça peut aller ",Christine molinié-xuereb ,558db6a70000ff0001c8b63c,FR,18,"Bonjour !

D’après les informations fournies, nous avons constaté que notre équipe a déjà envoyé une solution concernant votre commande. Veuillez vérifier votre boîte mail pour les mises à jour. Si vous n’avez rien reçu, il se peut que le message soit dans le dossier des spams. Nous espérons avoir de vos nouvelles. :)",2026-07-17T02:01:02.000Z
www.shein.com,id:6a58dbb632ed710a6a807679,native_id,6a58dbb632ed710a6a807679,1,false,1784215510,07/16/2026 15:25:10,Pas på!,"Jeg bestilte tøj d. 22 for 1500kr. Jeg sidder nu en måned efter, og jeg har stadig ikke fået mine varer. De kommer med nye undskyldninger hele tiden. Men de ved intet om pakken, og jeg kan heller ikke få mine penge tilbage. Pas på! ",Cecilie Andersen,6362d09172ae1800139ebc85,DK,4,"Hej!

Vi beklager ulejligheden. Din oplevelse er meget vigtig for os 💝

Baseret på de oplysninger, du har givet, har vi modtaget dit spørgsmål via SHEIN-appen, og vores kundeservicemedarbejder arbejder hårdt på en løsning. Vi garanterer et klart svar inden for 24 timer, og du kan til enhver tid spore status for dine serviceoplysninger live i ""Serviceoplysninger"".

🔹 Trin til adgang:

Åbn SHEIN-appen → Tryk på ""Min konto"" nederst → ""Kundeservice"" → ""Serviceoplysninger""

Din feedback er værdifuld for os. Vi ser frem til at hjælpe dig yderligere.",2026-07-17T02:02:24.000Z
www.shein.com,id:6a58d50e402b5219cf0ee87f,native_id,6a58d50e402b5219cf0ee87f,5,true,1784213806,07/16/2026 14:56:46,Satisfaite de Shein,"Toujours aussi satisfaite de Shein, livraison rapide et conforme à la description des produits 
Je recommande 😊😊",Maryvonne,58e347680000ff000a894f67,FR,38,,
www.shein.com,id:6a58cc4dfcdc53102ed4cc9b,native_id,6a58cc4dfcdc53102ed4cc9b,1,false,1784211565,07/16/2026 14:19:25,Der gesamte Ablauf - von der Lieferung bis zum Kundenservic,"Ich habe schon lange nicht mehr bei SHEIN bestellt, aber das war eine der frustrierendsten Erfahrungen mit einem Kundenservice, die ich je gemacht habe.

Ich habe mehrere Artikel bestellt, darunter vier Kleider.

Am Tag der Lieferung habe ich ein kleines Paket erhalten und nur für ein Paket unterschrieben. Darin befanden sich drei Kleider. Zwei davon waren die richtigen Kleider, die ich bestellt hatte. Das dritte Kleid war jedoch völlig falsch. Ich erhielt ein anderes braunes Kleid aus Synthetikmaterial, das ich nie bestellt hatte. Der Markenname stimmte zwar, aber im Lager wurde eindeutig das falsche Kleid eingepackt.

Das vierte Kleid sollte zusammen mit meinen Haargummis und meiner Unterwäsche in einem größeren Paket geliefert werden. Dieses Paket habe ich nicht erhalten. Die Haargummis und die Unterwäsche habe ich ebenfalls nicht erhalten.

Das größte Problem ist jedoch, dass das SHEIN-System nicht mit dem übereinstimmt, was tatsächlich passiert ist.

In der Lieferbestätigung per E-Mail wurde eindeutig angezeigt, dass an diesem Tag ZWEI Kleider geliefert werden sollten. Tatsächlich habe ich jedoch drei Kleider erhalten. Offenbar wurde ein Kleid aus einer späteren Lieferung in das falsche Paket gelegt – und genau dieses Kleid war das falsche.

Als ich anschließend meine Bestellungen in der App überprüfte, waren die Artikel völlig anders gruppiert. Das System zeigte an, dass an diesem Tag zwei Pakete zugestellt wurden und ich beide angenommen habe. Das ist schlichtweg falsch. Ich habe nur ein Paket erhalten und nur für ein Paket unterschrieben.

Außerdem zeigte das System ein weiteres Paket an, das nur einen Haargummi enthalten sollte. Gleichzeitig stand in den Lieferdetails, dass die Artikel zu einer gemeinsamen Lieferung zusammengefasst werden. Keine dieser Informationen stimmt mit der ursprünglichen Lieferbestätigung, meiner Bestellung oder der tatsächlich erhaltenen Lieferung überein.

Der Versuch, Hilfe zu bekommen, war noch frustrierender.

Der automatische Support war völlig nutzlos, weil er sich ausschließlich auf die falschen Informationen im System stützte. Da das System selbst fehlerhaft war, gab es keine Möglichkeit, mein tatsächliches Problem zu melden.

Anschließend kontaktierte ich den Live-Chat. Leider hörten die Mitarbeiter überhaupt nicht auf meine Erklärung. Sie wiederholten lediglich die Informationen aus ihrem System, anstatt zu verstehen, was tatsächlich passiert war. Ich erklärte mehrmals, dass die Angaben im System falsch seien, dennoch verließen sie sich ausschließlich auf diese Angaben.

Außerdem wurde mir mehrfach gesagt, ich solle die Sprache der App ändern. Das war jedoch gar nicht möglich. In meinem Konto standen mir nur Deutsch und Arabisch als Sprachoptionen zur Verfügung. Englisch war nicht verfügbar, obwohl ich versuchte, den Kundenservice auf Englisch zu kontaktieren.

Noch schlimmer war, dass ich nach dem Chat eine E-Mail erhielt, in der mein Fall als „Beschädigte/Verschmutzte Artikel“ eingestuft wurde. Genau das hatte ich jedoch nie gemeldet. Mein Anliegen war, dass ich das falsche Kleid erhalten habe und dass die Lieferinformationen in Ihrem System falsch sind. Sogar mein Support-Fall wurde also falsch kategorisiert.

Außerdem fiel mir auf, dass die Uhrzeiten in den Lieferbenachrichtigungen und den E-Mails des Kundenservice nicht meiner Ortszeit entsprachen, was die ohnehin schon verwirrende Situation zusätzlich verschärfte.

Ich musste schließlich eine ausführliche E-Mail mit Screenshots der Lieferbestätigung, meiner Bestellung, der fehlerhaften Gruppierung der Artikel in der App sowie Fotos des falsch gelieferten Kleides erstellen, um einen eigentlich einfachen Fehler bei der Kommissionierung zu erklären. Zusätzlich ließ sich die E-Mail zunächst nicht versenden, weil die Anhänge angeblich zu groß waren.

Fehler im Lager können passieren. Enttäuschend war jedoch nicht der ursprüngliche Fehler, sondern dass die Lieferinformationen, die Gruppierung der Bestellung, die Kategorisierung meines Support-Falls und der Kundenservice selbst die tatsächliche Situation in keiner Weise widerspiegelten. Anstatt das Problem zu lösen, musste ich stundenlang alles selbst dokumentieren und erklären.

Diese Erfahrung war völlig unnötig stressig, und die Qualität des Kundenservice ist deutlich schlechter, als ich sie von früheren Bestellungen in Erinnerung habe.

Außerdem wurde mir für meinen Fall keine Referenznummer mitgeteilt. Was für ein Witz.",Marion,5e72f7c2062aad8e84c929fd,DE,18,"Hallo!

Den von dir bereitgestellten Informationen zufolge hat unser Team bereits eine Lösung zu deiner Bestellung gesendet. Bitte überprüfe deine E-Mails auf Updates. Falls du keine E-Mail erhalten hast, könnte sie im Spam-Ordner gelandet sein. Wir freuen uns auf deine Rückmeldung. :)",2026-07-17T01:56:24.000Z
www.shein.com,id:6a58c6279809a2a9d193ff59,native_id,6a58c6279809a2a9d193ff59,5,true,1784209991,07/16/2026 13:53:11,Ottimo servizio,Ottimo servizio ,cliente Augustina Ogwuche,67b64d546336764e08f584d4,IT,4,,
www.shein.com,id:6a58c40e687c1f52eb9861c8,native_id,6a58c40e687c1f52eb9861c8,1,false,1784209454,07/16/2026 13:44:14,Keine Rückerstattung obwohl Retour erhalten,Es wird nicht auf das Problem eingegangen. Anscheinend hat man Artikel welche im gleichen Paket retourniert wurden teilweise erhalten und teilweise nicht. Mangelhafte Bearbeitung auf Seiten von Shein führt dann dazu dass der Kunde keine Rückerstattung erhält? Sehr schwacher Service.,M.,6a58c3fb7b418c10bd7f2638,CH,1,"Hallo!

Es tut uns wirklich leid, dass Sie eine unangenehme Erfahrung gemacht haben.

Um Ihr Anliegen besser bearbeiten zu können, benötigen wir von Ihnen einige spezifische Informationen, wie beispielsweise Ihre Bestellnummer. Wir haben Ihnen eine E-Mail mit dem Betreff „Request for information about your experience“ gesendet. Bitte überprüfen Sie Ihren Posteingang (und auch Ihren Spam-Ordner) und antworten Sie auf diese E-Mail mit den benötigten Informationen.

Ihr Feedback ist unser Antrieb für kontinuierliche Verbesserungen, und wir schätzen Ihre Meinung sehr. Sobald wir Ihre Antwort erhalten haben, werden wir Ihnen gerne weiterhelfen. :)",2026-07-17T02:00:56.000Z
www.shein.com,id:6a58c2a45f9e28c64672fe97,native_id,6a58c2a45f9e28c64672fe97,1,false,1784209092,07/16/2026 13:38:12,Ik heb al 6 dagen niks vernomen in de…,Ik heb al 6 dagen niks vernomen in de ticket. Geen antwoord niks. Ik heb letsel opgelopen brandwonden en je word zo behandeld. Ik ben het zat nu en ben aan het denken om stappen te ondernemen. Ik heb netjes gewacht en jullie een kans gegeven ik krijg geen antwoord niks. Ik heb niks aan een tegoed van 20 euro als ik letsel heb opgelopen. Jullie lichten slachtoffers zoals ik gewoon op. ,Anoniem,6a462dd1000ce377e099d585,NL,5,"Hallo!

Onze excuses voor het ongemak. Uw ervaring is erg belangrijk voor ons 💝

Op basis van de informatie die u heeft verstrekt, hebben we uw vraag via de SHEIN-app ontvangen en onze medewerker van de klantenservice werkt hard aan een oplossing. We garanderen een duidelijk antwoord binnen 24 uur en u kunt de status van uw servicegegevens op elk moment live volgen in ""Servicegegevens"".

🔹 Stappen om toegang te krijgen:
Open de SHEIN-app → Tik onderaan op ""Mijn account"" → ""Klantenservice"" → ""Servicegegevens""

Uw feedback is waardevol voor ons. We kijken ernaar uit u verder te helpen.",2026-07-17T02:27:29.000Z
www.shein.com,id:6a58c160e5626f47c20ed4c0,native_id,6a58c160e5626f47c20ed4c0,1,false,1784208768,07/16/2026 13:32:48,VOLEURS ,"Si je pouvais mettre 0 c est HONTEUX  j ai fais une commande mais il me manque un article dans le colis. Le service client ne veut rien savoir et n a apporté aucune solution, le discours tenu était que rien de manquait aucune anomalie lors de la préparation du colis. C est des VOLEURS",Anonyme,694ef6c06148eaca621a1230,FR,2,"Bonjour !

D’après les informations fournies, nous avons constaté que notre équipe a déjà envoyé une solution concernant votre commande. Veuillez vérifier votre boîte mail pour les mises à jour. Si vous n’avez rien reçu, il se peut que le message soit dans le dossier des spams. Nous espérons avoir de vos nouvelles. :)",2026-07-17T02:32:34.000Z
www.shein.com,id:6a58a9fa47aeea7901584483,native_id,6a58a9fa47aeea7901584483,1,false,1784202779,07/16/2026 11:52:59,Se potessi darei zero--------- Ho Ann…,". Non ho trovato  nessuna EMAIL. A CHE INDIRIZZO L AVETE SPEDITA??????? CIO' CHE SCRIVETE NON CORRISPONDE AL VERO. SCHEIN NON VI RIMBORSANO....!!!!!!!!Se potessi darei zero--------- Ho annullato un acquisto  immediatamente mi hanno scritto che rimborsavano c era la data  e tutto. Trascorso quasi un mesetto mi accorgo che non  c 'era l 'accredito sulla Postepay con cui avevo pagato.  Chiedo a poste italiane  di verificare e mi dicono che sulla carta non c e' nessun accredito
 Poste mi dice di farmi dare il codice ARN da loro: Il codice ARN e' la prova provata che l accredito e' stato fatto ed e' univoco. A parte l 'assistenza cliente che non capiscono un tubo ma a loro piacimento!!!! . Alla fine dopo messaggi online ti senti ripetere sempre le stesse cose dai vari robot ,  dopo insistenze ti passano un operatore umano???? (forse), che non capisce o non vuole CAPIRE sono riuscita a spiegarle che mi dovevano dare il codice ARN, mi dice la tipa che non lo trova......... Sono solo 6,38 che ho perso... Spero voi perdiate tanto di piu' e i clienti come me che non comprero' mai piu' da voi. Ma ritorno a braccia aperte da TEMU CHE. In quanto a precisione e puntualita'  voi nemmeno le scarpe gli fate!!!!!.",GRAZIA SPARTA',59e8e99c0000ff000ad722d1,IT,94,"Salve!

Secondo le informazioni fornite, abbiamo notato che il nostro team ha già inviato una soluzione riguardante il tuo ordine. Ti preghiamo di controllare la tua email per gli aggiornamenti. Se non hai ricevuto alcuna email, potrebbe essere finita nella cartella spam. Speriamo di ricevere tue notizie. :)",2026-07-17T02:04:41.000Z
www.shein.com,id:6a58a84cbb6d7ae3a2e3918f,native_id,6a58a84cbb6d7ae3a2e3918f,1,false,1784202348,07/16/2026 11:45:48,Refund issues - beware,"I have ordered from SHEIN a few times, sometimes the material isn’t as advertised, poor quality.
However, I ordered two tankinis, only tried the tops on, both were too tight. So I returned the items, they only refunded one, so after going into chat customer service, they told me the hygiene pad had been removed and so they would not refund me.  I told them I hadn’t even looked at the bottoms, they told me next time pay attention to goods received but no refund.  They only refunded the cheapest tankini, it was an expensive £25 one.  I did say I wouldn’t shop with them again and they just said still no refund… I have deleted my account now, but wanted to make others aware",Gilliano,5929ffd70000ff000a9d0d97,GB,14,"Hello!

We are truly sorry for the unpleasant experience.

In order to better resolve your concerns, we need you to provide specific information, such as your order number. We have sent you an email with the subject ""Request for information about your experience."" Please check your inbox (and spam folder), and reply to that email with the information we need.

Your feedback is our driving force for continuous improvement, and we truly value your opinion. We look forward to providing you with further assistance as soon as we receive your response. :)",2026-07-17T02:31:57.000Z
www.shein.com,id:6a589c7cadec4db4c66301f9,native_id,6a589c7cadec4db4c66301f9,1,false,1784199324,07/16/2026 10:55:24,Poveri gattini,"Morte all'inquinamento, l'inquinamento danneggia i gattini e questo sito produce inquinamento",Giovanni,6a589c6aff3db270ccb4b60d,IT,4,,
www.shein.com,id:6a5894e2a8208ea4693a1438,native_id,6a5894e2a8208ea4693a1438,1,false,1784197378,07/16/2026 10:22:58,PELIGRO PARA NIÑOS,"Mi experiencia con el Servicio al cliente de Shein y en especial con YENNY BEDOYA, ha sido PÉsima. Compé una piscina para un niño de 2 años y unos juguetes acuáticos. Todo ha llegado dañado, la piscina rota como reembalada sin caja, los juguetes sin funcionar y las cajas destrozadas. NO hacen reembolso. Un peligro para los niños. NO COMPREN no hagan el mismo error que yo. Compré en TEMU y todo muy bien. YENY BEDOYA en servicio al cliente NEFASTA",Piedad Iglesias Asensio,6a5894d8236e3df6bcd5c402,ES,1,"¡Hola!
SHEIN se toma muy en serio la seguridad de sus productos. Contamos con estrictas normas y procedimientos de inspección de calidad, y exigimos a nuestros proveedores que cumplan con estos estándares. Según la información que nos proporcionaste, notamos que nuestro equipo ya ha enviado una solución relacionada con tu pedido. Por favor, revisa tu correo electrónico para ver las actualizaciones. Si no recibiste ningún correo, puede que haya sido filtrado a la carpeta de spam. Esperamos tu respuesta. :)",2026-07-17T02:01:12.000Z
www.shein.com,id:6a589318fb62f9df7c5af90c,native_id,6a589318fb62f9df7c5af90c,1,true,1784196920,07/16/2026 10:15:20,El reparto fatal más.de una vez me…,El reparto fatal más.de una vez me dicen que han dejado el pedido y no es verdad el último pedido nunca llego de hecho,Mjose,65a31dbd0b34520012025a95,ES,3,"¡Hola!

Según la información que nos proporcionaste, notamos que nuestro equipo ya ha enviado una solución relacionada con tu pedido. Por favor, revisa tu correo electrónico para ver las actualizaciones. Si no recibiste ningún correo, puede que haya sido filtrado a la carpeta de spam. Esperamos tu respuesta. :)",2026-07-17T02:06:44.000Z
www.shein.com,id:6a588f465231a03248cab347,native_id,6a588f465231a03248cab347,1,false,1784195942,07/16/2026 09:59:02,Colis retour perdu,"Je suis extrêmement déçue par le service client de SHEIN.
Je me suis trompée d’étiquette de retour, mais la Poste m’a confirmé que mon colis avait bien été livré et réceptionné par YunExpress à Mendrisio. Malgré cette preuve, SHEIN refuse de traiter correctement mon dossier.
Depuis plus d’une semaine, je tourne en rond avec le service client. À chaque nouveau message, c’est un nouvel interlocuteur qui me répond avec des réponses manifestement automatiques, me répétant simplement d’attendre que mon retour soit reçu pour être remboursée… alors que le colis a bien été réceptionné.
À un moment, un conseiller m’a demandé de fournir des preuves (ticket de dépôt, poids du colis, photos, etc.). J’ai transmis tous les documents demandés, mais au lieu d’obtenir une réponse concrète, j’ai de nouveau été renvoyée vers un autre conseiller qui m’a fait repartir de zéro.

J’ai l’impression que personne ne prend réellement en charge mon dossier. Toutes les preuves ont été fournies, le colis est arrivé à destination, mais SHEIN ne fait rien et je ne suis toujours pas remboursée.

",Camille Grn,6a32da96e33cd1a948a64de4,CH,2,"Bonjour !

Nous vous présentons nos sincères excuses pour tout désagrément occasionné—votre expérience compte énormément pour nous 💝

Selon les informations que vous avez fournies, nous avons identifié votre demande soumise via l’application SHEIN. Notre agent dédié accélère la résolution, et nous vous garantissons une réponse claire sous 24 heures. Vous pouvez suivre les mises à jour en temps réel à tout moment dans « Historique du service ».

🔹 Étapes d’accès :
Ouvrez l’application SHEIN → Touchez « Moi » en bas → « Service client » → « Historique du service »

Vos retours éclairent notre chemin—nous avons hâte de pouvoir vous aider davantage.",2026-07-17T02:47:17.000Z
www.shein.com,id:6a588a7bc7b3009aedbd69c2,native_id,6a588a7bc7b3009aedbd69c2,1,false,1784194715,07/16/2026 09:38:35,Vorsicht! Lieferversprechen werden nicht eingehalten!,"Ich habe hier gezielt ein Kleid und Sandalen bestellt, weil auf der Website ausdrücklich garantiert wurde, dass die Lieferung innerhalb von drei Werktagen – also spätestens am 15.07. – ankommt. Ich habe diese Bestellung ausschließlich wegen dieses Lieferdatums aufgegeben, da ich die Sachen dringend für einen bestimmten Anlass brauchte.
​Das Paket kam am 15.07. nicht an. Völlig egal, dass es heute ""nur"" einen Tag zu spät ist: Wenn dort steht, dass die Lieferung am 15. stattfindet, dann erwarte ich die Zustellung auch an genau diesem Tag! Auf Lieferversprechen ist hier absolut kein Verlass. Kundenservice schickt nur unbrauchbare, automatische Standardantworten. ",Ivona Filipović,6a588a73c2526c5d8d8c0647,DE,1,"Hallo!

Es tut uns wirklich leid, dass Sie eine unangenehme Erfahrung gemacht haben.

Um Ihr Anliegen besser bearbeiten zu können, benötigen wir von Ihnen einige spezifische Informationen, wie beispielsweise Ihre Bestellnummer. Wir haben Ihnen eine E-Mail mit dem Betreff „Request for information about your experience“ gesendet. Bitte überprüfen Sie Ihren Posteingang (und auch Ihren Spam-Ordner) und antworten Sie auf diese E-Mail mit den benötigten Informationen.

Ihr Feedback ist unser Antrieb für kontinuierliche Verbesserungen, und wir schätzen Ihre Meinung sehr. Sobald wir Ihre Antwort erhalten haben, werden wir Ihnen gerne weiterhelfen. :)",2026-07-17T02:44:45.000Z
www.shein.com,id:6a585334489d7ecaa6479ce7,native_id,6a585334489d7ecaa6479ce7,5,true,1784180564,07/16/2026 05:42:44,Colis arrivé en temps et en heure pas…,Colis arrivé en temps et en heure pas de soucis particulier ,RALLOT Aurelie,64db1703459dbf00124b27fc,RE,8,,
www.shein.com,id:6a5817cb5923d5ef482153b1,native_id,6a5817cb5923d5ef482153b1,1,false,1784165355,07/16/2026 01:29:15,Math isn't mathing,"No one really mentions this. But they play around with the numbers a lot. They will offer you a price, then ""fake discount"" it. Go to check out, totally different price. If you take the time do the math. It doesn't add up. The same with Temu. Disappointing 😞 ",PRECIOUS BERRY,69e1238bc5d694acb66493ae,US,2,"Hello!

We are truly sorry for the unpleasant experience.

In order to better resolve your concerns, we need you to provide specific information, such as your order number. We have sent you an email with the subject ""Request for information about your experience."" Please check your inbox (and spam folder), and reply to that email with the information we need.

Your feedback is our driving force for continuous improvement, and we truly value your opinion. We look forward to providing you with further assistance as soon as we receive your response. :)",2026-07-16T08:17:55.000Z
www.shein.com,id:6a57f73b7f20fe8d5cddd772,native_id,6a57f73b7f20fe8d5cddd772,1,false,1784157019,07/15/2026 23:10:19,Suite à la perte de mon colis,"Suite à la perte de mon colis, j’ai été remboursé des articles, mais pas des frais de livraison, qui s’élèvent tout de même à 4 €. Je trouve cela injuste, car je me retrouve sans mes articles alors que cette commande était urgente.

La seule solution proposée a été des bons d’achat pour recommander chez eux, alors qu’après une telle expérience, je n’ai aucune envie de passer une nouvelle commande. Un geste commercial plus adapté aurait été apprécié.

Très déçu par la gestion de cette situation. Après cette expérience, je ne suis pas près de racheter chez ce vendeur.",Lisa,60ed4d7a6222490011bc6f8a,FR,7,"Bonjour !
D’après les informations fournies, nous avons constaté que notre équipe a déjà envoyé une solution concernant votre commande. Veuillez vérifier votre boîte mail pour les mises à jour. Si vous n’avez rien reçu, il se peut que le message soit dans le dossier des spams. Nous espérons avoir de vos nouvelles. :)",2026-07-16T01:57:04.000Z
www.shein.com,id:6a57db8c7cd0784e591a5f48,native_id,6a57db8c7cd0784e591a5f48,5,true,1784149932,07/15/2026 21:12:12,Rapide et efficace ,Articles toujours conforme et très bien ,VEGA Sabine,698496cee90c6e787f2e9116,FR,3,,
www.shein.com,id:6a57ce5bc38ac4548e3a5d9c,native_id,6a57ce5bc38ac4548e3a5d9c,1,false,1784146555,07/15/2026 20:15:55,Toujours pas de retour de votre part…,"Toujours pas de retour de votre part après m’avoir demandé le 20 juin 2026,  s’il s’agit bien de l’article GSO14A14A00MQ3W, j’ai répondu que c’était bien le cas le 29 juin 2026. 
J’attends avec impatience de pouvoir faire les démarches nécessaires pour un retour et remboursement intégral 😡😡",ForeverYoung,61cc604c1507a40012a93876,FR,27,"Bonjour !
D’après les informations fournies, nous avons constaté que notre équipe a déjà envoyé une solution concernant votre commande. Veuillez vérifier votre boîte mail pour les mises à jour. Si vous n’avez rien reçu, il se peut que le message soit dans le dossier des spams. Nous espérons avoir de vos nouvelles. :)",2026-07-16T09:19:45.000Z
www.shein.com,id:6a57bdb2e652f9c90c423ba0,native_id,6a57bdb2e652f9c90c423ba0,1,false,1784142290,07/15/2026 19:04:50,Livraison nulle mon colis était ouvert et ma moitié de la commande était manquante !!!!,"Nul! Mon colis était déjà ouvert et la moitié de la commande était manquante, j’essaie de faire un remboursement mais l’application ne me propose que des retours.
Je ne peux pas faire des retours sur un colis que je n’ai pas reçu, c’est du n’importe quoi. Lorsqu’on appelle le Service client il ne travaille pas aujourd’hui. Bravo le Service client",KHEIRA BELGHIT,5d1b745740bca6987dac525f,FR,2,"Bonjour,

Nous sommes vraiment désolés pour cette expérience désagréable.

Afin de mieux répondre à vos préoccupations, nous vous demandons de bien vouloir nous fournir des informations spécifiques, telles que votre numéro de commande. Nous vous avons envoyé un e-mail avec pour objet ""Request for information about your experience."" Merci de vérifier votre boîte de réception (et le dossier des courriers indésirables) et de répondre à cet e-mail avec les informations demandées.

Vos retours sont notre moteur pour une amélioration continue et nous attachons une grande importance à votre avis. Nous sommes impatients de pouvoir vous aider davantage dès réception de votre réponse. :)",2026-07-16T01:34:25.000Z
www.shein.com,id:6a57a1be52730ca2fd93ed8c,native_id,6a57a1be52730ca2fd93ed8c,4,false,1784135134,07/15/2026 17:05:34,EU Warehouse ,"I have never had any problems with Shein, always been a reliable source for different occasions. I was just wondering with the new custom prices and stuff, If i order my basket now will it be here by the 30th of July? All the clothing is from Eu Warehouse and it says on the app it should take up to 4-7 days. Is that reliable information?",aoibhin brogan,6a57a1b8236e3dcf18d4beba,IE,1,,
www.shein.com,id:6a57953d7ec1df3804cd18af,native_id,6a57953d7ec1df3804cd18af,1,false,1784131933,07/15/2026 16:12:13,dieven! ,"Ik had voor 70 euro aan bikini's teruggestuurd, en ik kreeg in de app van shein foto's te zien waarop zogezegd de bikini's beschadigd zijn, terwijl dit niet het geval is. Foto's zijn onduidelijk. Meerdere malen klantendienst gecontacteerd zonder resultaat. 70 euro betaald voor bikini's die correct werden teruggestuurd. 70 euro de vuilbak in. NOOIT MEER!",Delphine Deltombe,6a579533c2526cb0478af50a,BE,1,"Hallo!

Het spijt ons oprecht dat u een onaangename ervaring heeft gehad.

Om uw probleem beter te kunnen oplossen, hebben we specifieke informatie van u nodig, zoals uw bestelnummer. U heeft een e-mail ontvangen met als onderwerp ""Request for information about your experience."". Controleer uw inbox (en spammap) en beantwoord deze e-mail met de benodigde informatie.

Uw feedback is onze drijfveer voor continue verbetering en we stellen uw mening zeer op prijs. We kijken ernaar uit u zo snel mogelijk verder te helpen zodra we uw reactie hebben ontvangen. :)",2026-07-16T01:45:46.000Z
www.shein.com,id:6a579161266f9732cbd5d21e,native_id,6a579161266f9732cbd5d21e,1,false,1784130945,07/15/2026 15:55:45,Parcel says delivered but has not been…,"Parcel says delivered but has not been received.

Lack of customer service is a total shambles and very stressful.
My refund got declined because they say I received parcel.  Hence the review I need my refund to be rectified as a matter of urgency.   Thanks 
Hopefully someone will get back to me.
Db",Debi Bent,62e821c1b6b8ff00124d68ff,GB,12,"Hello!
We are truly sorry for the unpleasant experience.
In order to better resolve your concerns, we need you to provide specific information, such as your order number. We have sent you an email with the subject ""Request for information about your experience."" Please check your inbox (and spam folder), and reply to that email with the information we need.
Your feedback is our driving force for continuous improvement, and we truly value your opinion. We look forward to providing you with further assistance as soon as we receive your response. :)",2026-07-16T01:43:44.000Z
www.shein.com,id:6a57844954346e386678c507,native_id,6a57844954346e386678c507,1,false,1784127593,07/15/2026 14:59:53,Scammers,"Scammers, friend bought and paid for items that were missing from her package, customer service denied everything blamed her and won’t do anything to solve the issue, no refund or re-shipping what she ALREADY PAID FOR.
Scammers and thieves BEWARE AND DO NOT BUY FROM THEM!!!!!!",Lola Hdh,6a5784457b418c75477d8ea8,IL,1,"Hello!

We are truly sorry for the unpleasant experience.

In order to better resolve your concerns, we need you to provide specific information, such as your order number. We have sent you an email with the subject ""Request for information about your experience."" Please check your inbox (and spam folder), and reply to that email with the information we need.

Your feedback is our driving force for continuous improvement, and we truly value your opinion. We look forward to providing you with further assistance as soon as we receive your response. :)",2026-07-16T02:26:34.000Z
www.shein.com,id:6a577f594026c804841ccf81,native_id,6a577f594026c804841ccf81,5,true,1784126329,07/15/2026 14:38:49,Amore incondizionato ,Ormai è da ann8 che acquisto su shein e non ne posso fare a meno😻😻😻,Sonia,6a577f08b06fbf5616e5c0f1,IT,2,,
www.shein.com,id:6a577c2318c870eb3ad7397b,native_id,6a577c2318c870eb3ad7397b,1,false,1784125507,07/15/2026 14:25:07,Horrible service,"Horrible service, had ordered a package that arrived missing four items i already paid for, tried to reach the customer service via email and the website, most awful service I have ever encountered, denied everything, robotic responses, DO NOT BUY FROM THEM, these are CROOKS and you will eventually get scammed just like I did.",Dalia Geries,6a577c1eb06fbf1f1ee5bb00,IL,1,"Hello!

We are truly sorry for the unpleasant experience.

In order to better resolve your concerns, we need you to provide specific information, such as your order number. We have sent you an email with the subject ""Request for information about your experience."" Please check your inbox (and spam folder), and reply to that email with the information we need.

Your feedback is our driving force for continuous improvement, and we truly value your opinion. We look forward to providing you with further assistance as soon as we receive your response. :)",2026-07-16T02:29:04.000Z
www.shein.com,id:6a5772fe83f38ccbc528449e,native_id,6a5772fe83f38ccbc528449e,1,false,1784123166,07/15/2026 13:46:06,Servicio de entrega fatal,"Servicio de entrega fatal, sin soluciones efectivas cuando incumplen el periodo de entrega asegurado, entregas en direcciones equivocadas...",Pepi Estupino,6a5772f7b06fbf4970e5a8ea,ES,1,"¡Hola!

Según la información que nos proporcionaste, notamos que nuestro equipo ya ha enviado una solución relacionada con tu pedido. Por favor, revisa tu correo electrónico para ver las actualizaciones. Si no recibiste ningún correo, puede que haya sido filtrado a la carpeta de spam. Esperamos tu respuesta. :)",2026-07-16T02:32:28.000Z
www.shein.com,id:6a576a033ee5fa66b7920354,native_id,6a576a033ee5fa66b7920354,5,true,1784120867,07/15/2026 13:07:47,Toujours ponctuel ,Ponctualité et respect des consignes ,Adja,64b027fbce6a6a0012200efe,FR,3,,
www.shein.com,id:6a576617f0a3944eb000c4ab,native_id,6a576617f0a3944eb000c4ab,1,false,1784119863,07/15/2026 12:51:03,Cuándo haces una devolución como el…,"Cuándo haces una devolución por correos se envía al almacen en la calle Garzas 22 no lo recoge se queda en correos así pasan los días y la respuesta es hasta que llegue al almacén. Les he explicado mil veces que el repartidor ha ido y no lo han recogido que ahora está en correo los artículos que tienen que ir a buscarlo y siguen poniendo excusas,les envío lo que me dice correos y nada y no te hacen el reembolso ya que no van a buscar el pedido a correos una estafa y así desde junio a 15 de julio 2026 y siguen de atención al cliente diciéndo hasta que no llegue el pedido al almacén y yo que está en correos xq en el almacén nadie lo recibió y ni caso se han quedado con mi dinero ",Rafaela García,638632b34b277a0012eaf2cd,ES,3,"Hola:

Lamentamos mucho la experiencia desagradable.

Para poder resolver mejor sus inquietudes, le solicitamos que nos proporcione información específica, como su número de pedido. Le hemos enviado un correo electrónico con el asunto ""Request for information about your experience."". Por favor, revise su bandeja de entrada (y la carpeta de spam) y responda a ese correo con la información solicitada.

Sus comentarios son nuestro motor para la mejora continua y realmente valoramos su opinión. Esperamos poder ayudarle aún más tan pronto como recibamos su respuesta. :)",2026-07-16T02:01:45.000Z
www.shein.com,id:6a575a9cbe59347336ccca11,native_id,6a575a9cbe59347336ccca11,5,false,1784116924,07/15/2026 12:02:04,I like what I have order they come at…,I like what I have order they come at it is,Sophia Balene,6a575a847b418cbc6e7d3e47,ZA,1,,
www.shein.com,id:6a575880ff3dc962b57b1d1b,native_id,6a575880ff3dc962b57b1d1b,1,false,1784116384,07/15/2026 11:53:04,My order GSO18Y420001UXB was supposed…,"My order GSO18Y420001UXB was supposed to be delivered to my home address. However, it was redirected to an InPost locker at ALDI Neston without my consent. I do not drive, and the locker is 21 minutes away by car, making it impossible for me to collect. I have contacted customer support multiple times, and they have failed to resolve this, despite promising me a home delivery. I am requesting a full refund as the service failed to meet the delivery agreement",Nabila Alami,6065a325e02941001b60c27e,GB,15,"Hello!

We sincerely apologize for any inconvenience caused—your experience is incredibly important to us 💝

According to the information you provided, we've identified your inquiry submitted via the SHEIN app and our dedicated support agent is expediting the resolution.We guarantee a clear response within 24 hours, and you can monitor real-time updates anytime in ""Service Records"".

🔹 Steps to Access:
Open SHEIN APP → Tap ""Me"" at bottom → ""Customer Service"" → ""Service Records"" 

Your feedback lights our path forward—we look forward to assisting you further.",2026-07-16T01:57:50.000Z
www.shein.com,id:6a574b9dda814f2838f8c8b7,native_id,6a574b9dda814f2838f8c8b7,5,false,1784113085,07/15/2026 10:58:05,Mi piace il modo in cui shein sta gestendo i dazi,Mi piace il modo in cui shein sta gestendo i dazi da pagare sui pacchi sotto la foto di ogni articolo è scritto chiaramente prezzo incluso di iva e dazio oppure esente da dazio quindi se comprk un articolo da 6 euro al pagamento è 6 euro brava shein questa è una bella lezione per i concorrenti,Ester,69282d71ef3d6cc742d922e6,IT,19,,
www.shein.com,id:6a574504bc9e6d99320c952a,native_id,6a574504bc9e6d99320c952a,5,true,1784111396,07/15/2026 10:29:56,Jamais déçu,"Jamais déçu, un SAV au top, quand la taille ne va pas je le renvoi gratuitement soit il me rembourse soit ils m’envoi à ma taille, même si la matière ne me plaît pas ou la taille ne me va pas j’ai la possibilité de renvoyer mes achats et ils me rembourse très rapidement.",Marie Celine,51a5bfd400006400013d9486,FR,11,,
www.shein.com,id:6a5734ea9523455fcdc6b252,native_id,6a5734ea9523455fcdc6b252,1,false,1784107274,07/15/2026 09:21:14,    Seit über zwei Wochen keine Lieferung und keine klare Auskunft,"Ich bin seit 2020 Kundin bei SHEIN und habe dort viele Bestellungen aufgegeben. Leider bin ich mittlerweile an einem Punkt angekommen, an dem ich ernsthaft überlege, dort nicht mehr zu bestellen.

Meine aktuelle Bestellung habe ich am 30.06.2026 aufgegeben, da ich die Artikel benötige. Mittlerweile sind über zwei Wochen vergangen, der angegebene Lieferzeitraum wurde überschritten und ich weiß bis heute nicht, wo sich mein Paket tatsächlich befindet.

Der größte Kritikpunkt ist jedoch der Kundenservice. Ich habe mehrfach nachgefragt und jedes Mal unterschiedliche Antworten erhalten. Mal hieß es, die Zollabfertigung sei bereits abgeschlossen und das Paket befinde sich bei DHL. Danach wurde mir wieder mitgeteilt, dass sich das Paket noch in der Zollabfertigung befindet. Anschließend hieß es erneut, das Paket sei unterwegs. Auf meine eigentliche Frage, wo sich mein Paket aktuell befindet, habe ich nie eine konkrete Antwort erhalten. Stattdessen wurde ich immer wieder vertröstet.

Besonders verwirrend ist, dass der Kundenservice mir interne Tracking-Informationen und neuere Status gezeigt hat, die ich selbst in meinem Tracking überhaupt nicht sehen kann. Mein Tracking steht seit Tagen unverändert auf demselben Status, während der Kundenservice angeblich andere Informationen sieht. Dadurch weiß man als Kunde überhaupt nicht mehr, welche Angaben überhaupt stimmen.

Auch meine Retoure bereitet Probleme. Laut Versanddienstleister wurde sie bereits vor über einer Woche im Lager zugestellt. Bis heute wurde sie jedoch weder bearbeitet noch bestätigt. Auch hier erhält man lediglich Standardantworten und keine konkrete Auskunft.

Ich habe Verständnis dafür, dass es zu Lieferverzögerungen kommen kann. Was ich jedoch nicht akzeptieren kann, ist ein Kundenservice, der auf konkrete Fragen keine konkreten Antworten gibt und bei jedem Kontakt andere Informationen liefert.

Nach mehreren Jahren als Kundin bin ich leider sehr enttäuscht. Sollte sich an diesem Service nichts ändern, werde ich künftig nicht mehr bei SHEIN bestellen und das Unternehmen auch nicht weiterempfehlen.",Josephine Rein,696763cd4698845652626b04,DE,2,"Hallo!

Wir entschuldigen uns aufrichtig für etwaige Unannehmlichkeiten—deine Erfahrung ist uns sehr wichtig 💝

Gemäß den von dir bereitgestellten Informationen haben wir deine Anfrage über die SHEIN-App erkannt und unser engagierter Supportmitarbeiter arbeitet schnell an der Lösung. Wir garantieren innerhalb von 24 Stunden eine klare Antwort, und du kannst jederzeit Echtzeit-Updates unter „Serviceprotokolle“ verfolgen.

🔹 So greifst du darauf zu:
Öffne die SHEIN App → Tippe unten auf „Ich“ → „Kundenservice“ → „Serviceprotokolle“

Dein Feedback weist uns den Weg—wir freuen uns darauf, dir weiterzuhelfen.",2026-07-16T02:01:32.000Z
www.shein.com,id:6a57325375b5825d5852a03e,native_id,6a57325375b5825d5852a03e,5,true,1784106611,07/15/2026 09:10:11,Affidabile,"Affidabile, puntuale, onesta anche nei resi. Nonostante sia effettivamente fast fashion, nulla da dire sul servizio clienti e velocità della spedizione ",Federica Mirabella,6a573208236e3d834dd3eaa9,IT,3,,
www.shein.com,id:6a572a8d0a09a13998be8e82,native_id,6a572a8d0a09a13998be8e82,5,true,1784104621,07/15/2026 08:37:01,Como comprar en tienda,"Me resulta muy fácil comprar en esta plataforma, a veces demasiado fácil. JAJAJAJAJA
Llega todo según previsto, normalmente antes de lo previsto y acorde con las tallas o especificaciones que veo. En las pocas ocasiones en las no se ajusta a tu talla o no es lo que esperabas, lo pones en la misma bolsa y lo llevas al punto de recogida según las instrucciones. Importe devuelto en días.
Insisto, demasiado fácil.
",María,62e396f6248fbe0013fe28a0,ES,4,,
www.shein.com,id:6a5715d2faa19041054e6c4d,native_id,6a5715d2faa19041054e6c4d,1,false,1784099314,07/15/2026 07:08:34,Niet te vertrouwen,"Niet te vertrouwen. Ik heb 21 dagen geleden een pakketje geretourneerd, heb bewijs van DHL tracking dat het pakketje netjes bij hun magazijn in Utrecht is bezorgd, het staat zelfs in de SHEIN app, medewerkers van hun klantenservice zeggen gewoon dat ik mijn geld niet terugkrijg, want ze hebben geen bewijs dat ze mijn pakketje hebben ontvangen. 21 dagen lang!!!! ",Saskia Baldew,5d0b40ff0419003131d4da83,NL,2,"Hallo!

Het spijt ons oprecht dat u een onaangename ervaring heeft gehad.

Om uw probleem beter te kunnen oplossen, hebben we specifieke informatie van u nodig, zoals uw bestelnummer. U heeft een e-mail ontvangen met als onderwerp ""Request for information about your experience."". Controleer uw inbox (en spammap) en beantwoord deze e-mail met de benodigde informatie.

Uw feedback is onze drijfveer voor continue verbetering en we stellen uw mening zeer op prijs. We kijken ernaar uit u zo snel mogelijk verder te helpen zodra we uw reactie hebben ontvangen. :)",2026-07-15T08:24:59.000Z
www.shein.com,id:6a5706f1c40b0f9328d9a7c8,native_id,6a5706f1c40b0f9328d9a7c8,1,false,1784095505,07/15/2026 06:05:05,Paid for an order and had some items…,Paid for an order and had some items accidentally delivered to an old address even after I requested to change the address. They use gofo delivery service( cheap and also horrible) Customer service is unhelpful and will just talk in circles and will do absolutely nothing to fix problems. ,Elizabeth,69f681bf2c172775337ef14c,US,6,"Hello!

We sincerely apologize for any inconvenience caused—your experience is incredibly important to us 💝

According to the information you provided, we've identified your inquiry submitted via the SHEIN app and our dedicated support agent is expediting the resolution.We guarantee a clear response within 24 hours, and you can monitor real-time updates anytime in ""Service Records"".

🔹 Steps to Access:
Open SHEIN APP → Tap ""Me"" at bottom → ""Customer Service"" → ""Service Records""

Your feedback lights our path forward—we look forward to assisting you further.",2026-07-15T08:33:49.000Z
www.shein.com,id:6a56e63fd03183f6627cae2c,native_id,6a56e63fd03183f6627cae2c,1,false,1784087135,07/15/2026 03:45:35,SHEIN uses a courier that fabricates…,"Update 7/15/26 ‼️ They still have not delivered the package. They continue to push the delivery date out further knowing Speedx is falsely claiming no access, failed delivery, and wrong address. They have in the tracking that I need to organize a way to get the package knowing SpeedX has no real customer service. SHEIN still hasn’t taken responsibility when they know it wasn’t delivered on time, there were no delivery attempts, and my correct address is in the system. I will now file a claim with my bank to get a refund. I will not be purchasing anything from this company moving forward. 

.
.
.

SHEIN uses a courier that fabricates delivery data and then uses a legal bot to ignore your request for a refund. I placed an order that was promised for delivery and SHEIN used a third-party courier called SpeedX that systematically falsified the tracking updates. Every morning at 6 AM they send automated alerts claiming a ""failed delivery attempt"" due to a ""wrong address"" or ""no access."" They also tried to claim that nobody was home to accept the package. This is completely false, and the package does not require any type of signature to be delivered. My address is correctly entered inside my profile and perfectly matches my billing. There are no gates, bars, or barriers blocking access to my property, and packages are explicitly instructed to be left on the front porch.When you try to contact SHEIN customer service, an agent named Issa tries to pass the merchant responsibilities onto this third-party courier. SpeedX has no direct customer phone line and their own policy states they do not accept recipient claims. When you try to escalate the matter to SHEIN Legal and their executive team, they route you directly to an automated email bot that repeatedly copies and pastes the exact same generic links to keep you trapped in a customer service loop.They continuously shift the delivery windows to stall while holding your funds. Today was the last day for them to deliver and what they did was extended it to an additional day and they are going to keep trying to push it out. They even tried to say one of the reasons for the failure might be an incorrect address which is false and Issa refuses to refund my money. I have been getting the runaround with SpeedX and people named Julia and Kathy are all emailing but they are all trying to give the runaround.This is a violation of consumer protection laws, including the FTC Mail Order Rule and Unfair and Deceptive Trade Practices Acts. They accept your payment and then cut off all human communication so they do not have to issue a refund. Do not trust this company if your package goes missing because their entire support system is a deceptive. After five years of loyal patronage, I will no longer do business with SHEIN and am immediately initiating a merchant dispute through my financial institution. I possess comprehensive documentation, including chat logs where a customer representative admitted that couriers routinely trigger false system alerts whenever processing high-volume loads. I will allow my bank to recover the funds directly. Prospective consumers should be aware that ordering from this platform carries a substantial risk of non-delivery.",iambcuzofu,6a52542ad7872a7173eb32be,US,2,"Hello!

We sincerely apologize for any inconvenience caused—your experience is incredibly important to us 💝

According to the information you provided, we've identified your inquiry submitted via the SHEIN app and our dedicated support agent is expediting the resolution.We guarantee a clear response within 24 hours, and you can monitor real-time updates anytime in ""Service Records"".

🔹 Steps to Access:
Open SHEIN APP → Tap ""Me"" at bottom → ""Customer Service"" → ""Service Records""

Your feedback lights our path forward—we look forward to assisting you further.",2026-07-15T09:56:57.000Z
www.shein.com,id:6a56bd16c3fc4a114c31f5b1,native_id,6a56bd16c3fc4a114c31f5b1,1,false,1784076598,07/15/2026 00:49:58,Don't expect a refund or replacement,"Don't expect a refund or replacement, no matter what the website says. Highly recommend you shop elsewhere. ",Matt Williams,69b6b3c9513e81dd09815134,GB,2,"Hello!

We are truly sorry for the unpleasant experience.

In order to better resolve your concerns, we need you to provide specific information, such as your order number. We have sent you an email with the subject ""Request for information about your experience."" Please check your inbox (and spam folder), and reply to that email with the information we need.

Your feedback is our driving force for continuous improvement, and we truly value your opinion. We look forward to providing you with further assistance as soon as we receive your response. :)",2026-07-15T01:36:23.000Z
www.shein.com,id:6a56abe72f9f56cf16cf17b6,native_id,6a56abe72f9f56cf16cf17b6,1,false,1784072199,07/14/2026 23:36:39,I ordered from Shien thinking they were…,"I ordered from Shien thinking they were like Temu. Temu refunds your total amount paid back , so if there’s a quality issue you can return items no problem. Shien is horrible. Only offered partial refund . I ordered a set of two pair of shorts and only received one. And it was terrible quality. Nothing like advertised . Will never order from them again. ",Karissa Dugas,627a8463ad44e300114df8a9,US,4,"Hello!

We are truly sorry for the unpleasant experience.

In order to better resolve your concerns, we need you to provide specific information, such as your order number. We have sent you an email with the subject ""Request for information about your experience."" Please check your inbox (and spam folder), and reply to that email with the information we need.

Your feedback is our driving force for continuous improvement, and we truly value your opinion. We look forward to providing you with further assistance as soon as we receive your response. :)",2026-07-15T01:40:55.000Z
www.shein.com,id:6a568ef7f7932e506f28108b,native_id,6a568ef7f7932e506f28108b,1,false,1784064791,07/14/2026 21:33:11,Shein is a scam,"Shein wrongfully rejected my refund claiming the hygiene sticker from the swimsuits was removed. However, the items arrived defective! The glue on the hygiene liners were completely dried out, causing it to detach on its own inside the packaging before I even opened it. Under consumer protection laws, I am not responsible for manufacturing defects or poor quality adhesives. And not only they do not adhere to the Law and refund me, they do not even bother to notify me for over a month! They received the package and they didn't even email me to say anything about the refund! Unbelievably awful experience, girls save your money and never buy swimsuits from this scam company!",Evang,643aa8a93aa5ae00126cc737,GR,6,"Hello！

According to the information you provided, we noticed our team has sent a solution regarding your order. Please check your email for updates. If no email was received, it may have been filtered to the spam folder. We hope to hear from you. :)",2026-07-15T01:47:10.000Z
www.shein.com,id:6a566ac68d5dd6ee73d82a9c,native_id,6a566ac68d5dd6ee73d82a9c,1,false,1784055526,07/14/2026 18:58:46,The quality is terrible and once you…,"The quality is terrible and once you try to get a refund, it’s next to your impossible they locked you out of your account by email and mobile device",Melissa Handy,6a566abb236e3d5169d32432,CA,1,"Hello！

According to the information you provided, we noticed our team has sent a solution regarding your order. Please check your email for updates. If no email was received, it may have been filtered to the spam folder. We hope to hear from you. :)",2026-07-15T01:38:24.000Z
www.shein.com,id:6a5657911d3ebac90efdbd7d,native_id,6a5657911d3ebac90efdbd7d,1,false,1784050609,07/14/2026 17:36:49,Fiz pedido de devolução de artigos…,Fiz pedido de devolução de artigos errados número # GSO1YJ23F002XMR foi me enviado código para fazer devolução e fiz a devolução da mesma encomenda em conversa com chat da shein disseram que produtos estavam certos e que eu não devia ter devolvido ou seja ficaram os os produtos errados e não me devolvem o dinheiro sim deram a resposta para devolver o que já foi devolvido ,Ruben Martins,6726994cf537df7f70f51c4a,PT,4,"Olá!

De acordo com as informações que você forneceu, notamos que nossa equipe já enviou uma solução referente ao seu pedido. Por favor, verifique seu e-mail para as atualizações. Se não houver recebido nenhum e-mail, ele pode ter sido filtrado para a pasta de spam. Esperamos seu retorno. :)",2026-07-15T01:41:00.000Z
www.shein.com,id:6a5652fd0044539cc31fcafe,native_id,6a5652fd0044539cc31fcafe,1,false,1784049437,07/14/2026 17:17:17,Ordinato un profumo mai arrivato e…,"Ordinato un profumo mai arrivato e scritto più volte per il rimborso, shein mi scrive di contattare la mia banca ma cosa c'entra la banca?è Shein che mi deve rimborsare rimettendo i soldi dentro la mia carta di credito.non mi fido più a comprare da loro e toglierò anche l'app e sconsigliero' questo sito a tutti quelli che conosco ,bugiardi ,falsi ",Marianna  Vicentini,5d5bdaffc50640bb71a4bb13,IT,23,"Salve!

Secondo le informazioni fornite, abbiamo notato che il nostro team ha già inviato una soluzione riguardante il tuo ordine. Ti preghiamo di controllare la tua email per gli aggiornamenti. Se non hai ricevuto alcuna email, potrebbe essere finita nella cartella spam. Speriamo di ricevere tue notizie. :)",2026-07-15T01:44:25.000Z
www.shein.com,id:6a5643afe40cb3f0e4660546,native_id,6a5643afe40cb3f0e4660546,1,false,1784045519,07/14/2026 16:11:59,You’ll never get money back and it’s all trash,"They send you broken stuff and stuff you never ordered, and never give you your money back. You have to dispute it though the bank. It’s really not worth it. and what you do get is such trash never like pictured. ",xxwolfxx bqdwolf,6817e6e94db5a091d2e8cbd2,US,2,"Hello!

We are truly sorry for the unpleasant experience.

In order to better resolve your concerns, we need you to provide specific information, such as your order number. We have sent you an email with the subject ""Request for information about your experience."" Please check your inbox (and spam folder), and reply to that email with the information we need.

Your feedback is our driving force for continuous improvement, and we truly value your opinion. We look forward to providing you with further assistance as soon as we receive your response. :)",2026-07-15T01:45:11.000Z
www.shein.com,id:6a563805252af2d99ee062e5,native_id,6a563805252af2d99ee062e5,3,true,1784042533,07/14/2026 15:22:13,Shein,Bueno llegó bien pero tratan los paquetes de unas maneras,Isabel Casado Lopez,5f384248b78309988390a9c9,ES,11,"¡Hola!

Lamentamos sinceramente cualquier inconveniente causado—tu experiencia es increíblemente importante para nosotros 💝

Según la información que proporcionaste, hemos identificado tu consulta enviada a través de la app de SHEIN, y nuestro agente de soporte dedicado está acelerando la resolución. Te garantizamos una respuesta clara en un plazo de 24 horas, y puedes monitorear las actualizaciones en tiempo real en ""Registros de servicio"".

🔹 Pasos para acceder:
Abre la aplicación SHEIN → Pulsa ""Yo"" en la parte inferior → ""Atención al cliente"" → ""Registros de servicio""

Tus comentarios iluminan nuestro camino—esperamos poder ayudarte aún más.",2026-07-15T02:34:54.000Z
www.shein.com,id:6a562b348f437f8bb441cb40,native_id,6a562b348f437f8bb441cb40,5,true,1784039252,07/14/2026 14:27:32,FANTASTICO!!!,Compro su SHEIN da molto tanto e sono rimasta sempre soddisfatta! È capitato di ricevere capi di un tessuto che in foto sembrava diverso ma sono casi rari. A volte la consegna è super veloce! Super consigliato!!!,Ele 😎,6a562ac0c2526c1b9a88f303,IT,2,,
www.shein.com,id:6a562537bff254ed3c46a21c,native_id,6a562537bff254ed3c46a21c,1,false,1784037719,07/14/2026 14:01:59,SHEIN refund and return policy is…,"SHEIN refund and return policy is trash. 

Please stop asking for more details when you will do nothing about it. I have provided more details for you. 
You return an item and the warehouse claims not to receive it. How do you make refunds for some items when they were returned together. If you can’t offer free return then say it instead of lies. SHEIN is big time SCAM ",Lotu Yoma,6a55b7edc2526c11f488531b,GB,3,"Hello!

We are truly sorry for the unpleasant experience.

In order to better resolve your concerns, we need you to provide specific information, such as your order number. We have sent you an email with the subject ""Request for information about your experience."" Please check your inbox (and spam folder), and reply to that email with the information we need.

Your feedback is our driving force for continuous improvement, and we truly value your opinion. We look forward to providing you with further assistance as soon as we receive your response. :)",2026-07-15T01:36:33.000Z
www.shein.com,id:6a56167dd16bd2b305e34380,native_id,6a56167dd16bd2b305e34380,1,false,1784033949,07/14/2026 12:59:09,Odmowa zwrotu za nieużywane produkty - próba wyłudzenia,"Sklep odmawia zwrotu środków za NOWE, nieprzymierzane stroje. Naklejki higieniczne były wadliwe fabrycznie, miały słaby klej i odklejały się od razu po wyjęciu z paczki. Odesłałam je natychmiast. Sklep zrzuca na mnie winę za swój wadliwy towar, każe płacić za zwrócone rzeczy i absurdalnie żąda ode mnie zdjęć lub filmów z momentu otwierania przesyłki jako dowodu! Obsługa klienta to zautomatyzowane boty, które wklejają formułki. Ostrzegam przed zakupami!",Oliwia,6a56159fb06fbf3467e3c46f,PL,1,"Witaj!

Przepraszamy za wszelkie niedogodności — Twoje doświadczenie jest dla nas niezwykle ważne 💝

Na podstawie podanych przez Ciebie informacji zidentyfikowaliśmy Twoje zapytanie przesłane za pośrednictwem aplikacji SHEIN, a nasz dedykowany konsultant ds. wsparcia przyspiesza jego rozwiązanie. Gwarantujemy jasną odpowiedź w ciągu 24 godzin, a aktualizacje w czasie rzeczywistym możesz śledzić w dowolnym momencie w „Rejestrze Serwisowym”.

🔹 Kroki dostępu:
Otwórz aplikację SHEIN → Dotknij „Ja” na dole → „Obsługa klienta” → „Rejestr Serwisowy”

Twoja opinia wskazuje nam drogę naprzód — z przyjemnością pomożemy Ci dalej.",2026-07-15T02:46:44.000Z
www.shein.com,id:6a560aafd8ca1d49fbbc2898,native_id,6a560aafd8ca1d49fbbc2898,5,false,1784030927,07/14/2026 12:08:47,Great order,Great order - all a perfect fit and so much choice thanks ,R Buckleigh,67fe4bb1959ac34c292f0860,GB,12,,
www.shein.com,id:6a56074c27e7201063ffe014,native_id,6a56074c27e7201063ffe014,1,false,1784030060,07/14/2026 11:54:20,Geen geld terug na ontvangen retour,"Bikini's gekocht en ook weer geretourneerd omdat de kwaliteit tegenviel en ze zagen er heel klein uit (niet gepast). De hygienestickers zaten dubbel gevouwen (bij levering) en daardoor accepteert Shein geen retour. Dus ik betaal voor items die ik heb teruggestuurd en ze houden de items ook nog, zonder compensatie...ik zie het maar als les dat ik nooit meer bij dit soort bedrijven moet bestellen.",Sanne Zoë Prins,62dfa4842b02d40013a6f1dc,NL,11,"Hallo!
Het spijt ons oprecht dat u een onaangename ervaring heeft gehad.
Om uw probleem beter te kunnen oplossen, hebben we specifieke informatie van u nodig, zoals uw bestelnummer. U heeft een e-mail ontvangen met als onderwerp ""Request for information about your experience."". Controleer uw inbox (en spammap) en beantwoord deze e-mail met de benodigde informatie.
Uw feedback is onze drijfveer voor continue verbetering en we stellen uw mening zeer op prijs. We kijken ernaar uit u zo snel mogelijk verder te helpen zodra we uw reactie hebben ontvangen. :)",2026-07-15T01:48:33.000Z
www.shein.com,id:6a55ffb21310603b91f502dc,native_id,6a55ffb21310603b91f502dc,5,false,1784028114,07/14/2026 11:21:54,Great,Great! Really good quality clothes. Fast delivery. Very good prices. Easy returns. ,KLL,6132453b5d0622001360106c,GB,46,,
www.shein.com,id:6a55e70ff32c58245efe02f3,native_id,6a55e70ff32c58245efe02f3,5,true,1784021807,07/14/2026 09:36:47,Todo bien,"Todo bien, la compra, el envío y las devoluciones sin problema ",cliente,6a55e6c67b418ce5ca7b328e,ES,2,,
www.shein.com,id:6a55dca4105ed11e483f7f4b,native_id,6a55dca4105ed11e483f7f4b,1,false,1784019140,07/14/2026 08:52:20,Een bestelling geplaats,"Een bestelling geplaats, in twee delen opgestuurd, het ene zonder problemen ontvangen, het tweede NIET ontvangen, lag ook niet op de afgesproken veilige plaats. Hiervoor naar de klantendienst en een melding van gemaakt, maar nu staat erbij “meer bewijs uploaden” HOE moet ik bewijs uploaden van iets dat ik NIET heb gekregen?! Was voor ons reis, snel nog naar een winkel moeten gaan hierdoor! Nog steeds geen oplossing gaat over 100 en een beetje euro ik laat dit niet zo! ",Lindsay Uytterhaeghen,5e8745c56251458560ea2d7d,BE,2,"Hallo!

Op basis van de informatie die u heeft verstrekt, heeft ons team een ​​oplossing voor uw bestelling gestuurd. Controleer uw e-mail voor updates. Als u geen e-mail heeft ontvangen, is deze mogelijk in uw spammap terechtgekomen. We hopen snel van u te horen. :)",2026-07-15T01:44:44.000Z
www.shein.com,id:6a55dc5d20cf7ab27001220e,native_id,6a55dc5d20cf7ab27001220e,1,false,1784019069,07/14/2026 08:51:09,Mi pedido C26070300870914,"Mi pedido C26070300870914, se supone que tendría que haber llegado ya, lo necesitaba para las vacaciones y no me carga la información de seguimiento desde hace 5 días. 
No sé qué pasa, donde esta mi paquete!!",Raquel De la Orden Calles,633aa0bea7575b0012e567c6,ES,1,"¡Hola!
Según la información que nos proporcionaste, notamos que nuestro equipo ya ha enviado una solución relacionada con tu pedido. Por favor, revisa tu correo electrónico para ver las actualizaciones. Si no recibiste ningún correo, puede que haya sido filtrado a la carpeta de spam. Esperamos tu respuesta. :)",2026-07-15T01:54:32.000Z
www.shein.com,id:6a55d2e9ef159178ab4aa4a7,native_id,6a55d2e9ef159178ab4aa4a7,1,false,1784016649,07/14/2026 08:10:49,Han tenido una mala gestión con mi pedido ,"Han tenido una mala gestión con mi pedido  ya que la máquina cuando haces el pedido cambio automáticamente un número de mi teléfono, cuando tuvo que venir el repartidor me tendrían que haber solicitado un código a ni número de teléfono  al que shein lo esta mandado al número erróneo....la cuestión  es mi pedido esta en el almacén de la empresa de transporte  y en Sheen es imposible hablar ya que es una máquina  ,el número de mi teléfono ya está rectificado  ....y sigo sin que me lo resuelvan casi 15 días la empresa de transporte dice que es culpa de Sheen  en fin encima ha sido un pedido de casi 200 euros...jamás volveré a comprar en Sheen  os lo aseguro ",Ester Bernardo Arevalo,65096ab6131dcf00116f9b3b,ES,2,"Hola:
Lamentamos mucho la experiencia desagradable.
Para poder resolver mejor sus inquietudes, le solicitamos que nos proporcione información específica, como su número de pedido. Le hemos enviado un correo electrónico con el asunto ""Request for information about your experience."". Por favor, revise su bandeja de entrada (y la carpeta de spam) y responda a ese correo con la información solicitada.
Sus comentarios son nuestro motor para la mejora continua y realmente valoramos su opinión. Esperamos poder ayudarle aún más tan pronto como recibamos su respuesta. :)",2026-07-15T01:56:47.000Z
www.shein.com,id:6a55bd331fe8edac1d82bc7f,native_id,6a55bd331fe8edac1d82bc7f,1,false,1784011091,07/14/2026 06:38:11,I had a very disappointing experience…,"
I had a very disappointing experience with the SHEIN Marketplace seller xiutaoshop168.

The dress had very poor quality, looked cheaply made, and had an unpleasant smell, so I decided to return it immediately. When I opened the package, I found a note from the seller saying that if I returned the dress, I would not be able to get a refund because the seller needed the money for personal expenses and children's items. That is not the customer's responsibility.

I returned the dress after only trying it on once at home. After waiting for a month, I contacted customer service and was told that the seller claimed I had returned the dress dirty. This is completely untrue. I never wore the dress outside or damaged it.

Now I have lost over CAD $300, and despite contacting customer service several times, I still have not received my refund. I trusted SHEIN to protect buyers, but unfortunately that did not happen in my case. Please be careful when purchasing from this seller.",Manar Alsalem,6a55bc717b418c751f7b105a,CA,1,"Hello!

We sincerely apologize for any inconvenience caused—your experience is incredibly important to us 💝

According to the information you provided, we've identified your inquiry submitted via the SHEIN app and our dedicated support agent is expediting the resolution.We guarantee a clear response within 24 hours, and you can monitor real-time updates anytime in ""Service Records"".

🔹 Steps to Access:
Open SHEIN APP → Tap ""Me"" at bottom → ""Customer Service"" → ""Service Records"" 

Your feedback lights our path forward—we look forward to assisting you further.",2026-07-14T09:46:48.000Z
www.shein.com,id:6a55ac1510cb8edcd3df11bf,native_id,6a55ac1510cb8edcd3df11bf,2,false,1784006710,07/14/2026 05:25:10,Returned most items.,"Purchased 5 dresses and a couple of tops and some outdoor items.  All the clothing was horrible material that felt like plastic and had no shape to garments and I read the reviews before ordering, so don't believe the reviews.   The outdoor lights were okay and the patio mat was okay but wasn't the best.   Based on my experience I will never purchase from Shein again.   I sent back all the clothing and they don't give a full refund because of shipping.  Waste of time and money. ",Sue,6198fcaa3d5afc0012be0385,CA,4,"Hello！

According to the information you provided, we noticed our team has sent a solution regarding your order. Please check your email for updates. If no email was received, it may have been filtered to the spam folder. We hope to hear from you. :)",2026-07-14T08:39:52.000Z
www.shein.com,id:6a555be24641421840faea09,native_id,6a555be24641421840faea09,4,true,1783986178,07/13/2026 23:42:58,Mi trovo bene,"Mi trovo bene, basta controllare recensioni e foto. 
Anche con il reso mi sono trovata bene.",Chiara,681da00d75d9819f407fb35f,IT,4,,
www.shein.com,id:6a554cbb88ffdfc0fedbc629,native_id,6a554cbb88ffdfc0fedbc629,1,false,1783982299,07/13/2026 22:38:19,ΟΥΤΕ ΚΑΝ!!!!!!!!!,Έκανα παραγγελία έχουν περάσει οκτώ ημέρες και ακόμη περιμένω χωρίς ούτε μια ενημέρωση.Επικοινώνησα αλλά τίποτε.Η παραγγελία είναι προπληρωμένη.Έπρεπε ήδη μα έχουν βάλει πίσω τα χρήματα μου αφού δεν μου έχουν στείλει τίποτε.Δεν το προτείνω σε καμία περίπτωση.Με τίποτε!!!!!,Πολυζου Βικη,6a554c9eff3db2a243b08c0d,GR,1,"Γεια σας!

Σύμφωνα με τις πληροφορίες που μας δώσατε, παρατηρήσαμε ότι η ομάδα μας έχει στείλει μια λύση σχετικά με την παραγγελία σας. Ελέγξτε το email σας για ενημερώσεις. Εάν δεν λάβατε email, ενδέχεται να έχει φιλτραριστεί στον φάκελο ανεπιθύμητης αλληλογραφίας. Ελπίζουμε να επικοινωνήσετε μαζί μας. :)",2026-07-14T09:30:25.000Z
www.shein.com,id:6a553b68539266cccf6e6b49,native_id,6a553b68539266cccf6e6b49,2,false,1783977864,07/13/2026 21:24:24,Shame on you Shein,"For years I have ordered from Shein and had no issues, return policy was great, product was great. But I ordered two items and they said it was delivered and I checked that NO it was NOT delivered, I expected proof of delivery photo to be sent to me- never got. I expected items to be resent-never got. I expected a refund- never got. I never filled out a return for refund as I never got the product. I got busy with life and I sat down today to address this to find out they won't help me as I'm past the date for returns. (2 days) hmm??? I have no return, I have no product and am out 45.00. this is extremely poor customer service, they didn't even offer a credit to my account. ",Debbie Balmer,6a553b50ff3db2068eb07188,CA,1,"Hello！

According to the information you provided, we noticed our team has sent a solution regarding your order. Please check your email for updates. If no email was received, it may have been filtered to the spam folder. We hope to hear from you. :)",2026-07-14T09:46:35.000Z
www.shein.com,id:6a5530e6f31dfc373c7f5c8a,native_id,6a5530e6f31dfc373c7f5c8a,1,false,1783975174,07/13/2026 20:39:34,I brought a top from this company it…,"I brought a top from this company it has loose stitching and very small I contacted them for an exchange of size... Nothing can be done
.. all they say is return.. the delivery charges I will pay for a faulty good then reorder... Without a compensation good will .. so I will have to spend again on delivery terrible customer service... Waste of my time and money... ",Rose,5c34df63324370aadfcf9db0,GB,5,"Hello!

We are truly sorry for the unpleasant experience.

In order to better resolve your concerns, we need you to provide specific information, such as your order number. We have sent you an email with the subject ""Request for information about your experience."" Please check your inbox (and spam folder), and reply to that email with the information we need.

Your feedback is our driving force for continuous improvement, and we truly value your opinion. We look forward to providing you with further assistance as soon as we receive your response. :)",2026-07-14T02:14:46.000Z
www.shein.com,id:6a5527ae5d922af061e0a895,native_id,6a5527ae5d922af061e0a895,1,false,1783972814,07/13/2026 20:00:14,To są oszuści!!!!!zamówiłam dwa stroje…,"To są oszuści!!!!!zamówiłam dwa stroje kąpielowe.Paczka przyszła po południu, wieczorem podczas  przymierzania naklejka zabezpieczającą odpadła, przy drugim również, stoję za duże, poprosiłam wieczorem tego samego dnia o zwrot Po kolejnym dniu distaje info ,ze nie przeszło, bo uszkodzona  naklejka zabezpuczajaca. Za zakupy zapłaciłam 97zl,dostałam zwrotu 9.70 gr!!!!!!!!!Nie ma co z nimi pisać, bot odpowiada w kółko jedno i to samo!!!!!Dla mnie  to jest wyłudzenie, źle naklejone naklejki które odpadają, i cyk,cała kwota zostaje u tych oszustów, więc NIE!NIE ,i Jeszcze RAZ NIEEEE !!!!MIZE WRESZCIE  KTOS SIE TYMI OSZUSTAMI  ZAINTERESUJE",Ella,6a552778236e3dc400d16db6,PL,1,"Witaj!
Bardzo nam przykro z powodu nieprzyjemnych doświadczeń.
Aby lepiej wyjaśnić Twoje wątpliwości, prosimy o podanie konkretnych informacji, takich jak numer zamówienia. Wysłaliśmy Ci wiadomość e-mail z tematem „Prośba o informacje na temat Twoich doświadczeń”. Sprawdź skrzynkę odbiorczą (oraz folder ze spamem) i odpowiedz na tę wiadomość, podając nam potrzebne informacje.
Twoja opinia jest dla nas siłą napędową ciągłego rozwoju i naprawdę ją cenimy. Z niecierpliwością czekamy na dalszą pomoc, gdy tylko otrzymamy Twoją odpowiedź. :)",2026-07-14T01:52:26.000Z
www.shein.com,id:6a5518b00026cf9c93c1741e,native_id,6a5518b00026cf9c93c1741e,1,false,1783968976,07/13/2026 18:56:16,My orders were not delivered because…no specific reason was given.,"My orders were not delivered because the delivery carrier claimed they couldn't be delivered. I contacted them to verify my address and delivery instructions and said I was always home on the days they said my orders were out for delivery. I contacted Shein and kept getting messages saying my network connection was bad. I just want my refund. What a joke. Beware!
07/13/2026 Received email from Shein telling me to do what I've already done by contacting the carrier and verifying info. I'm not going through that very unsatisfying and useless process again. Shein, send refund and I may edit this review.
07/15/2026 package arrived. Thank you Trustpilot for letting me vent and alert other people about bad customer service. My time and money are better served elsewhere. My Shein account has been deleted.
",Sharon Lizura,6a55189d236e3db5d6d15327,US,1,"Hello！

According to the information you provided, we noticed our team has sent a solution regarding your order. Please check your email for updates. If no email was received, it may have been filtered to the spam folder. We hope to hear from you. :)",2026-07-14T01:58:57.000Z
www.shein.com,id:6a5516a699b4ab674baa3cd7,native_id,6a5516a699b4ab674baa3cd7,1,false,1783968454,07/13/2026 18:47:34,Zit al dagen vast bij de douane,Zit al dagen vast bij de douane. Heb het ruim voor mijn vakantie besteld maar nog steeds niet binnen. Verzendtijden zijn belachelijk. ,Sueda,6a55169bc2526c31c587a103,NL,1,"Hallo!

Op basis van de informatie die u heeft verstrekt, heeft ons team een ​​oplossing voor uw bestelling gestuurd. Controleer uw e-mail voor updates. Als u geen e-mail heeft ontvangen, is deze mogelijk in uw spammap terechtgekomen. We hopen snel van u te horen. :)",2026-07-14T02:03:31.000Z
www.shein.com,id:6a5507abaf1bcc904a7e6593,native_id,6a5507abaf1bcc904a7e6593,1,false,1783964619,07/13/2026 17:43:39,Shein beweert dat ik de bikinis niet…,"Shein beweert dat ik de bikinis niet heb terugstuurd mey het maandverband erin en ik ze volgens hun vies heb gerouteeneerd. Ik heb ze niet aangehad en niet eens gepast want ze waren veel te klein. Nu moet ik foto’s sturen dat ik het met het maandverband heb teruggestuurd? nee die heb ik niet want wie maaker er nou foto’s van 8 bikinis die je terugstuurd. Weg 160 euro. En klantenservice is niet te bereiken, alleen met geautomatiseerde berichten waar je niks mee kunt. Waardeloos ",Sylva van Limbeek,5f02fa4183efeb758882f8c3,NL,1,"Hallo!
Op basis van de informatie die u heeft verstrekt, heeft ons team een ​​oplossing voor uw bestelling gestuurd. Controleer uw e-mail voor updates. Als u geen e-mail heeft ontvangen, is deze mogelijk in uw spammap terechtgekomen. We hopen snel van u te horen. :)",2026-07-14T01:55:15.000Z
www.shein.com,id:6a55028891ab55a2657feea2,native_id,6a55028891ab55a2657feea2,1,false,1783963304,07/13/2026 17:21:44,Pedido GSO18W44N00241M- incapable de hacer une entrega!…,"Pedido GSO18W44N00241M- He elegido artículos de los almacenes europeos para que me los entregaran rápidamente. Dicen que en 5 días laborables. Todo eso es completamente falso. Hice el pedido el 4 de julio y sigo esperando. La empresa de transporte PAACK ha hecho TODO lo posible para que, al final, me lo entregaran en un punto de recogida, pero ni siquiera así son capaces de entregarlo. Es la última vez que hago un pedido. 
",SOPHIE BARBARIA,6192d029d2f5a70012decfd1,FR,18,"¡Hola!

Lamentamos sinceramente cualquier inconveniente causado—tu experiencia es increíblemente importante para nosotros 💝

Según la información que proporcionaste, hemos identificado tu consulta enviada a través de la app de SHEIN, y nuestro agente de soporte dedicado está acelerando la resolución. Te garantizamos una respuesta clara en un plazo de 24 horas, y puedes monitorear las actualizaciones en tiempo real en ""Registros de servicio"".

🔹 Pasos para acceder:
Abre la aplicación SHEIN → Pulsa ""Yo"" en la parte inferior → ""Atención al cliente"" → ""Registros de servicio""

Tus comentarios iluminan nuestro camino—esperamos poder ayudarte aún más.",2026-07-14T01:56:41.000Z
www.shein.com,id:6a54f38b89342c19d480210f,native_id,6a54f38b89342c19d480210f,1,false,1783959467,07/13/2026 16:17:47,Oplichting,"Oplichting, product ontvangen en direct retour gezonden. Geen geld terug ontvangen. ",hi Melody,6a0c6a682c1727025297486a,NL,2,"Hallo!

Het spijt ons oprecht dat u een onaangename ervaring heeft gehad.

Om uw probleem beter te kunnen oplossen, hebben we specifieke informatie van u nodig, zoals uw bestelnummer. U heeft een e-mail ontvangen met als onderwerp ""Request for information about your experience."". Controleer uw inbox (en spammap) en beantwoord deze e-mail met de benodigde informatie.

Uw feedback is onze drijfveer voor continue verbetering en we stellen uw mening zeer op prijs. We kijken ernaar uit u zo snel mogelijk verder te helpen zodra we uw reactie hebben ontvangen. :)",2026-07-14T02:19:02.000Z
www.shein.com,id:6a54e05d1eddb9b08bbcc519,native_id,6a54e05d1eddb9b08bbcc519,5,false,1783954557,07/13/2026 14:55:57,articles à retouner,"SHEIN ne fonctionne pas en ce moment que vous arrive t'il ?
Je n'arrive pas à retrouver ma dernière commande en date du 1er JUILLET 2026.
 Cordialement.",CLODION Yvonnette ,5edd1b6492f545a1eb7a9d2f,FR,16,,
www.shein.com,id:6a54dbe338ea773121f1e3d5,native_id,6a54dbe338ea773121f1e3d5,5,false,1783953411,07/13/2026 14:36:51,The best warehouse with good quality,The best warehouse with good quality ,Mbele Priscy Vee,6a54ca4124460e0023315628,ZA,2,,
www.shein.com,id:6a54d0570a17eaff56fc865e,native_id,6a54d0570a17eaff56fc865e,1,false,1783950455,07/13/2026 13:47:35,25 minutes pour attendre un conseiller…,25 minutes pour attendre un conseiller et évidement les 25 minutes sont payantes. Et je continue à attendre. Pour une commande soit disant reçu y’a 6 jours elle est en point relais mais j’ai aucun code sur shein c’est ecrit que je suis en attente d’un transporteur. Ou est ma commande ??? ,Margaux Nuter,68de625c3603fe83d460d361,FR,2,"Bonjour !
D’après les informations fournies, nous avons constaté que notre équipe a déjà envoyé une solution concernant votre commande. Veuillez vérifier votre boîte mail pour les mises à jour. Si vous n’avez rien reçu, il se peut que le message soit dans le dossier des spams. Nous espérons avoir de vos nouvelles. :)",2026-07-14T02:01:20.000Z
www.shein.com,id:6a54b90993c244f82c857e1c,native_id,6a54b90993c244f82c857e1c,1,true,1783944489,07/13/2026 12:08:09,Livraison chère,Livraison chère,Maria,624939770e61a00014cf89a1,FR,4,"Bonjour !

D’après les informations fournies, nous avons constaté que notre équipe a déjà envoyé une solution concernant votre commande. Veuillez vérifier votre boîte mail pour les mises à jour. Si vous n’avez rien reçu, il se peut que le message soit dans le dossier des spams. Nous espérons avoir de vos nouvelles. :)",2026-07-14T09:42:47.000Z
www.shein.com,id:6a54afdf03e35e6017efe906,native_id,6a54afdf03e35e6017efe906,3,true,1783942144,07/13/2026 11:29:04,Non comprerò più  su questo sito poiché…,"Non comprerò più  su questo sito poiché i prezzi di spedizione sono aumentati come la tassa. Di €25 di merce al totale si sono aggiunti altri €40 tra tassa e trasporto.
Peccato perché la merce era ottima",Tania D'Angelo,67725d6c49d210c3562bf27a,IT,3,"Salve!
Ti auguro una bella esperienza di shopping qui.
Per proteggere le informazioni personali Ti suggeriamo di contattarci tramite il link: https://it.shein.com/robot?page=navigationBar
Puoi digitare la domanda direttamente nella casella di messaggio per ottenere una risposta.
Oppure puoi contattare il servizio clienti tramite l'app.
Fai clic su Me-->Supporto-->Servizio clienti e digiti la domanda direttamente nella casella di messaggio per ottenere una risposta.
Se la risposta non corrisponde, vai avanti e descrivi il problema in dettaglio. Ti aiuteremo ulteriormente.
Grazie e buona giornata!❤️",2026-07-14T01:53:38.000Z
www.shein.com,id:6a54a4b58a0367b53386aa69,native_id,6a54a4b58a0367b53386aa69,1,false,1783939285,07/13/2026 10:41:25,Juegos falsos como el de las gemas o el…,Juegos falsos como el de las gemas o el del conejo nunca se completa y el de la granja igual pero lo peor no es eso es la maña atencion de algunos de sus agentes hice un pedido de casi 250 euros los tuve castigados un tiempo por los juegos y publicidad engañosa y hace un mes volví a darles una oportunidad me llegaron los pedidos sin problema y decidí comprar un borro un banco para un tocador el tocador calzado y un bolso y me cancelaron el pedido después de llevar 15 días por el pedido supuestamente por no mandar nos que documentación y decir que el pago fue con la misma tarjeta y en este pedido de casi 300 euros mande la foto de la tarjeta por que no me solicitaron ninguna documentación pues comunicarles que voy mandar de vuelta todos los pedidos echos anteriormente una vergüenza y van ser demandados  ,Brujita feliz GP,69a61387dcbdac6d8fd01480,ES,9,"Hola:

Lamentamos mucho la experiencia desagradable.

Para poder resolver mejor sus inquietudes, le solicitamos que nos proporcione información específica, como su número de pedido. Le hemos enviado un correo electrónico con el asunto ""Request for information about your experience."". Por favor, revise su bandeja de entrada (y la carpeta de spam) y responda a ese correo con la información solicitada.

Sus comentarios son nuestro motor para la mejora continua y realmente valoramos su opinión. Esperamos poder ayudarle aún más tan pronto como recibamos su respuesta. :)",2026-07-14T01:52:24.000Z
www.shein.com,id:6a54a2c434816fe385eb02ee,native_id,6a54a2c434816fe385eb02ee,3,true,1783938788,07/13/2026 10:33:08,Où est la qualité ,"On trouve de tout sur ce site, et les prix sont très attractifs. En revanche, la qualité n'est malheureusement pas au rendez-vous. Les vêtements dégagent une odeur acide, ce qui est désagréable. Quant aux articles en plastique, ils ne semblent pas conformes aux normes et inspirent peu confiance, certains ont même fini directement à la poubelle.",Jennifer L A “Farfalla”,6686cf6c836f3a39cada3865,FR,4,"Bonjour, désolé pour le désagrément.
Pour protéger votre vie privée, nous vous suggérons de contacter notre service client via ce lien : https://fr.shein.com/robot?page=navigationBar Tapez votre question directement dans la zone de message pour obtenir une réponse ou une solution.
Vous pouvez également contacter le service client via l'application.
Cliquez sur ""moi""->Soutenir->service client->entrer votre question dans la boîte de message pour obtenir une réponse.
Si les réponses ne correspondent pas, veuillez décrire le problème en détail et soumettre un ticket pour bénéficier d'un service manuel. Nous vous proposerons une solution appropriée dès que possible.
Merci et bonne journée !❤️",2026-07-14T01:54:49.000Z
www.shein.com,id:6a5492d08a0ece009268e5b5,native_id,6a5492d08a0ece009268e5b5,1,false,1783934704,07/13/2026 09:25:04,Really bad customer service,Really bad customer service. I am disappointed ,Maria Klaoun,6a5492c9515c4d8154625bc6,GR,1,"Hello!

We are truly sorry for the unpleasant experience.

In order to better resolve your concerns, we need you to provide specific information, such as your order number. We have sent you an email with the subject ""Request for information about your experience."" Please check your inbox (and spam folder), and reply to that email with the information we need.

Your feedback is our driving force for continuous improvement, and we truly value your opinion. We look forward to providing you with further assistance as soon as we receive your response. :)",2026-07-14T01:53:21.000Z
www.shein.com,id:6a5474f01aa79b9ea0a2c9ac,native_id,6a5474f01aa79b9ea0a2c9ac,1,false,1783927056,07/13/2026 07:17:36,Servus,"Servus, leider… schon wieder…. Ich warte auf meine komplett bezahlte Bestellung, bisher ist nur die Hose angekommen… ich bin genervt und kann das absolut null nachvollziehen. Es ist doch nicht so schwer die Sachen die bestellt werden auch pünktlich zu liefern und dementsprechend auch in der App anzuzeigen. Nicht nur das die Hose schon verspätet angekommen ist… auf den Rest warte ich nach wie vor, App zeigt dauernd was anderes an… ich habe keinen Nerv mehr dafür! Schaut endlich das die Bestellungen von euch auch korrekt ankommen.",Annileinchen,6a5474e915b72e7d7efea195,DE,1,"Hallo!
Den von dir bereitgestellten Informationen zufolge hat unser Team bereits eine Lösung zu deiner Bestellung gesendet. Bitte überprüfe deine E-Mails auf Updates. Falls du keine E-Mail erhalten hast, könnte sie im Spam-Ordner gelandet sein. Wir freuen uns auf deine Rückmeldung. :)",2026-07-13T09:48:24.000Z
www.shein.com,id:6a5469dd19b6bf42b6e80e99,native_id,6a5469dd19b6bf42b6e80e99,4,true,1783924222,07/13/2026 06:30:22,Tutto perfetto,"Tutto perfetto, l’unica pecca i tempi di consegna se fossero più veloci sarebbe il 🔝",Marta,5eb08c7cedce2e08053391c6,IT,13,,
www.shein.com,id:6a543fc2428257c234395de9,native_id,6a543fc2428257c234395de9,1,false,1783913442,07/13/2026 03:30:42,Unacceptable Return Policy: Kept 90% of my refund with fake excuses!,"I returned a $190 clothing item in perfect, unworn condition, but Shein only refunded me $25. They claimed the item was ""defective"" and provided extremely blurry, unconvincing photos alleging there was a ""hair"" and a ""stain"" on it. When I contacted customer service to dispute this ridiculous 90% deduction, the agent (""Iki"") completely ignored my explicit request to speak with a supervisor. Instead, they just gave me a generic, scripted response saying they couldn't process a full refund and ended the resolution process. Withholding $165 for an item returned in its original state is completely unfair and feels like a scam. I will be initiating a chargeback with my bank. Be very careful with their return process—they will find any excuse to keep your money!",Diyar Altay,6a543fbdd7872a0a23ecc891,US,1,"Hello!

We are truly sorry for the unpleasant experience.

In order to better resolve your concerns, we need you to provide specific information, such as your order number. We have sent you an email with the subject ""Request for information about your experience."" Please check your inbox (and spam folder), and reply to that email with the information we need.

Your feedback is our driving force for continuous improvement, and we truly value your opinion. We look forward to providing you with further assistance as soon as we receive your response. :)",2026-07-13T08:17:14.000Z
www.shein.com,id:6a543bf3ffcc90c36e82440d,native_id,6a543bf3ffcc90c36e82440d,1,false,1783912467,07/13/2026 03:14:27,It’s just a spam,It’s just a spam. It’s expensive to buy one single thing just for it to come 2 weeks later. I’m not getting it SHEIN. The games are just a spam there no free gifts you have to pay anyways.SHEIN please fix your website.,Maizlyn Fleming,6a543beed7872a8686ecc6c5,US,1,"Hello!

We are truly sorry for the unpleasant experience.

In order to better resolve your concerns, we need you to provide specific information, such as your order number. We have sent you an email with the subject ""Request for information about your experience."" Please check your inbox (and spam folder), and reply to that email with the information we need.

Your feedback is our driving force for continuous improvement, and we truly value your opinion. We look forward to providing you with further assistance as soon as we receive your response. :)",2026-07-13T10:04:24.000Z
www.shein.com,id:6a5400037780b87268158416,native_id,6a5400037780b87268158416,1,false,1783897123,07/12/2026 22:58:43,"""I ordered a car cover 15 days ago and…","""I ordered a car cover 15 days ago and have been waiting for its arrival. The package finally arrived today, and upon opening it, I discovered nothing more than a cheap umbrella inside. This is a blatant scam. I have already contacted my credit card company to initiate a chargeback and reverse the payment. Everyone, please be extremely careful—this seller is a fraud.""",Mr Kugathasan Kuganesan,5dcec4174fa33c3e1b9da796,GB,19,"Hello！

According to the information you provided, we noticed our team has sent a solution regarding your order. Please check your email for updates. If no email was received, it may have been filtered to the spam folder. We hope to hear from you. :)",2026-07-13T08:45:25.000Z
www.shein.com,id:6a53eb0a9b37d19b60fbd9a0,native_id,6a53eb0a9b37d19b60fbd9a0,1,false,1783891754,07/12/2026 21:29:14,Ik was een paar dagen (3) te laat met…,"Ik was een paar dagen (3) te laat met retourneren, mijn situatie uitgelegd maar krijg continu dezelfde automatische reactie. Meerdere keren gevraagd om een medewerker te mogen spreken en dan krijg ik een telefoonnummer waar ik niet doorheen kom. Nu zit ik met veel kleding die helaas niet past waar ik ontzettend veel kosten voor heb en waarvan 1 deel niet eens is geleverd. Ongelofelijk teleurstellend. N.a.v. deze recensie kreeg ik alsnog het verzoek om aanvullende informatie te delen zodat er toch naar gekeken werd maar ook daar heb ik helaas niks meer van gehoord. ",Bianca,6a53ea27515c4d837961ec7f,NL,1,"Hallo!

Het spijt ons oprecht dat u een onaangename ervaring heeft gehad.

Om uw probleem beter te kunnen oplossen, hebben we specifieke informatie van u nodig, zoals uw bestelnummer. U heeft een e-mail ontvangen met als onderwerp ""Request for information about your experience."". Controleer uw inbox (en spammap) en beantwoord deze e-mail met de benodigde informatie.

Uw feedback is onze drijfveer voor continue verbetering en we stellen uw mening zeer op prijs. We kijken ernaar uit u zo snel mogelijk verder te helpen zodra we uw reactie hebben ontvangen. :)",2026-07-13T01:55:27.000Z
www.shein.com,id:6a53e473ea8ecb7f28991b1e,native_id,6a53e473ea8ecb7f28991b1e,1,false,1783890067,07/12/2026 21:01:07,NOT GOOD ANYMORE,"I used to love shein but now they hire cheap carriers like Speed X and now the drivers just steal your package and they dont even issue you a refund. YOU HAVE BEEN WARNED

update: it's been 2 weeks and still no fixing. they keep telling ME to contact my carrier. How are YOU going to tell ME to contact the carrier when YOU hired them? I will update this when (IF, which i DOUBT) they will find my package. DO NOT SHOP HERE ANYMORE. ",bunny,63c0c847dec43600121c5ba4,US,3,"Hello!
We sincerely apologize for any inconvenience caused—your experience is incredibly important to us 💝
According to the information you provided, we've identified your inquiry submitted via the SHEIN app and our dedicated support agent is expediting the resolution.We guarantee a clear response within 24 hours, and you can monitor real-time updates anytime in ""Service Records"".
🔹 Steps to Access:
Open SHEIN APP → Tap ""Me"" at bottom → ""Customer Service"" → ""Service Records""
Your feedback lights our path forward—we look forward to assisting you further.
SHEIN",2026-07-13T01:45:38.000Z
www.shein.com,id:6a53da010c8a62c522a0cd75,native_id,6a53da010c8a62c522a0cd75,1,false,1783887393,07/12/2026 20:16:33,Shein doet in de reviews alsof ze je…,"Shein doet in de reviews alsof ze je verder willen helpen maar ondertussen sturen ze per mail gewoon dezelfde reactie “we kunnen de retour niet in behandeling nemen” nog een keer. Belachelijk hoe dit bedrijf te werk gaat. Helaas lees ik achteraf overal op internet, reviews waarin klanten hetzelfde hebben meegemaakt. Daarom plaats ik deze review ook: bestel geen badkleding bij Shein tenzij je het niet erg vind als je je geld kwijt bent! Het retourbeleid is totaal niet eerlijk en het is gewoon oplichting als je het mij vraagt! Er gaat echt iets grondig mis in hun eigen retourbeleid!

Update: na het plaatsen van deze review ontving ik van de Duitste klantenservice van Shein dat ze het geld alsnog zouden terug storten, staat inmiddels zelfs op mijn rekening! Echter kreeg ik van de Engelse klantenservice net wel weer een mail dat ze er helaas niets aan kunnen doen en het geld niet zullen terug storten. Gaat dus in de communicatie ook niet erg lekker daar. Ik ben blij dat de Duitse klantenservice mij wel heeft willen helpen!",Anne Nieuwenbroek,623b3083b61c520012c5b252,NL,9,"Hallo!
Op basis van de informatie die u heeft verstrekt, heeft ons team een ​​oplossing voor uw bestelling gestuurd. Controleer uw e-mail voor updates. Als u geen e-mail heeft ontvangen, is deze mogelijk in uw spammap terechtgekomen. We hopen snel van u te horen. :)",2026-07-13T09:49:27.000Z
www.shein.com,id:6a53b08ce07f5d86ed170f62,native_id,6a53b08ce07f5d86ed170f62,2,false,1783876780,07/12/2026 17:19:40,"Kein Geld, keine Retoure","SHEIN behauptet, dass ich alle ZEHN Bikinis ohne Hygienestreifen zurückgeschickt hätte, obwohl es nicht stimmt. Es ist sichtbar, dass sie ungetragen und nicht gewaschen sind. Sie sind ohne Hygienekleber angekommen. Nun geben sie mir weder Geld noch die Ware wieder zurück. Auf keinen Fall bestellen.

Unter diese Bewertung haben sie nun geschrieben, dass sie mir nun eine email geschickt haben, um sich darum zu kümmern, doch das ist nicht der Fall. 

Update: Nachdem ich meine Bewertung auf Trustpilot veröffentlicht hatte, hat sich SHEIN gemeldet und inzwischen eine Rückerstattung veranlasst. Positiv ist, dass das Problem letztendlich gelöst wurde. Allerdings erfolgte die Reaktion erst nach der öffentlichen Bewertung. Zuvor wurden mehrere Anrufe und Zusagen, sich bei mir zu melden, nicht eingehalten. Ohne die öffentliche Bewertung hätte ich vermutlich weiterhin keine Lösung erhalten.",T. A.,6a53b0864024a41759a11f32,DE,1,"Hallo!
Den von dir bereitgestellten Informationen zufolge hat unser Team bereits eine Lösung zu deiner Bestellung gesendet. Bitte überprüfe deine E-Mails auf Updates. Falls du keine E-Mail erhalten hast, könnte sie im Spam-Ordner gelandet sein. Wir freuen uns auf deine Rückmeldung. :)",2026-07-13T01:51:14.000Z
www.shein.com,id:6a53914a0d10d93c1752ffd6,native_id,6a53914a0d10d93c1752ffd6,1,false,1783868778,07/12/2026 15:06:18,ESTAFADA,"No le pongo menos porque quiero que nadie pase por esto,desde el 1 de junio me dicen que no me devuelven mis 90""3€porque no he mandado mi devolucion,tienen fotos de los articulos empaquetados,recibo de inpost de que lo recibieron el dia tres de junio,peso del paquete facilitado por inpost...me queda llevarles a consumo porque mi dinero es mio y si ellos tienen mala organizacion.....en cuanto.me den MI DINERO aplicacion fuera y bye bye Shein",Sary,5fb5781c716426001cf4d5c4,ES,15,"Hola:

Lamentamos mucho la experiencia desagradable.

Para poder resolver mejor sus inquietudes, le solicitamos que nos proporcione información específica, como su número de pedido. Le hemos enviado un correo electrónico con el asunto ""Request for information about your experience."". Por favor, revise su bandeja de entrada (y la carpeta de spam) y responda a ese correo con la información solicitada.

Sus comentarios son nuestro motor para la mejora continua y realmente valoramos su opinión. Esperamos poder ayudarle aún más tan pronto como recibamos su respuesta. :)",2026-07-13T06:56:42.000Z
www.shein.com,id:6a53712738e4645253fdad7b,native_id,6a53712738e4645253fdad7b,4,true,1783860551,07/12/2026 12:49:11,Bueno,"Bueno, ya sabemos lo que es Shein. Podría decir que bien, aunque cabe destacar los chanchullos que hacen con los precios, depende del día y/o de la persona son más caros o más baratos los productos, pero bueno, cumple su función.",ALMUDENA DE LA CRUZ FERNÁNDEZ,661bf164fc6ed600122d4f8d,ES,5,,
www.shein.com,id:6a5354af8b3a193fbe7d5664,native_id,6a5354af8b3a193fbe7d5664,5,true,1783853263,07/12/2026 10:47:43,Consiglio,"La maggior parte dei prodotti ha una buona qualità,  dato il prezzo bisogna saper scegliere, c'è un'ottima politica di reso e assistenza.
Consiglio",Valeria,60d9f44aabe5190011ceea13,IT,6,,
www.shein.com,id:6a5349144a1daf3cde2397d5,native_id,6a5349144a1daf3cde2397d5,5,false,1783850292,07/12/2026 09:58:12,OTTIMO SITO,"Ormai acquisto su Shein da parecchio tempo e non me ne sono mai pentita. Ben fornito, ci sono articoli per tutti i gusti a prezzi accessibili a volte la qualità è migliore anche rispetto a certi negozi ",Talita,649578e291e757001260c1ba,IT,17,,
www.shein.com,id:6a5347acd99b4a697aba1d45,native_id,6a5347acd99b4a697aba1d45,5,true,1783849932,07/12/2026 09:52:12,Toujours très satisfaite,"Toujours très satisfaite, malgré toute les polémiques, ca reste des prix attractifs avec un large choix d'articles,livraison relativement rapide.",Mme BEVIS CINDY,608155c33dbb0b0013606556,FR,11,,
www.shein.com,id:6a5344bac7c1b52832cd6ab7,native_id,6a5344bac7c1b52832cd6ab7,1,false,1783849178,07/12/2026 09:39:38,"Wrong item, return at your own expense","Sent totally different item (instead of pregnancy T-shirt, sent pants). When return application issued, makes  you to return at your own expense. SHEIN Do Not reimburse the costs.",Egija Stepiņa,6a5344ae515c4dd04f61480f,LV,1,"Hello！

According to the information you provided, we noticed our team has sent a solution regarding your order. Please check your email for updates. If no email was received, it may have been filtered to the spam folder. We hope to hear from you. :)",2026-07-13T01:58:01.000Z
www.shein.com,id:6a532db83c08d9a937d97d93,native_id,6a532db83c08d9a937d97d93,5,true,1783843288,07/12/2026 08:01:28,Spedizione molto veloce e prodotti di…,Spedizione molto veloce e prodotti di buona qualità consiglo vivamente ,Yadira Sojo Lopez,6239a974d9f86c00129566b6,IT,2,,
www.shein.com,id:6a5320f2a81f2002e514fee3,native_id,6a5320f2a81f2002e514fee3,4,true,1783840018,07/12/2026 07:06:58,Très contente de mes achats ,Très contente de mes achats ! Je recommande ,Naga,6a531f42515c4d51276137ca,FR,3,,
www.shein.com,id:6a52dc28de2169885ae2c7ff,native_id,6a52dc28de2169885ae2c7ff,1,false,1783822408,07/12/2026 02:13:28,Rücksendung wird wahnsinnig erschwert!,Die Rücksendung wird verweigert und es wird ein ungültiges Rücksendeetikett ausgestellt das nicht genutzt werden kann. Anschließend wird verlangt dass man auf eigene Faust zurücksendet und die Kosten übernimmt. Dann wird gesagt es kann gar nicht zurückgesendet werden bzw die Annahme wird verweigert da der Anbieter nicht mit deutschen Versandhändlern zusammen arbeitet!! Das wird doch alles nur gemacht dass man auf den Kosten sitzen bleibt!! Ich fühle mich  verarscht und ich werde in meinem Leben nie wieder bestellen!!,Mandy Branstner,6a52dc2315b72e207afd81ad,DE,1,"Hallo!

Es tut uns wirklich leid, dass Sie eine unangenehme Erfahrung gemacht haben.

Um Ihr Anliegen besser bearbeiten zu können, benötigen wir von Ihnen einige spezifische Informationen, wie beispielsweise Ihre Bestellnummer. Wir haben Ihnen eine E-Mail mit dem Betreff „Request for information about your experience“ gesendet. Bitte überprüfen Sie Ihren Posteingang (und auch Ihren Spam-Ordner) und antworten Sie auf diese E-Mail mit den benötigten Informationen.

Ihr Feedback ist unser Antrieb für kontinuierliche Verbesserungen, und wir schätzen Ihre Meinung sehr. Sobald wir Ihre Antwort erhalten haben, werden wir Ihnen gerne weiterhelfen. :)",2026-07-12T08:04:37.000Z
www.shein.com,id:6a52d5427397f927f7246ecc,native_id,6a52d5427397f927f7246ecc,1,false,1783820642,07/12/2026 01:44:02,Ik kreeg maar van 1 van de 2 bikini’s…,Ik kreeg maar van 1 van de 2 bikini’s een refund. Zonder geldige reden of iets. Dit is al de 4de keer dat ze niet het geld willen terugbetalen om ongeldige redenen.,Sa,6a4df4579371bf0cd277aaac,NL,4,"Hallo!

Op basis van de informatie die u heeft verstrekt, heeft ons team een ​​oplossing voor uw bestelling gestuurd. Controleer uw e-mail voor updates. Als u geen e-mail heeft ontvangen, is deze mogelijk in uw spammap terechtgekomen. We hopen snel van u te horen. :)",2026-07-12T11:31:19.000Z
www.shein.com,id:6a52a2f533b18b4d0706f264,native_id,6a52a2f533b18b4d0706f264,1,false,1783807765,07/11/2026 22:09:25,Parcel missing in Evri depot no goods…,"Parcel missing in Evri depot no goods and no refund told I had to wait till
The 15th July then contact them again . 

Refused refund and no goods . Onto a good thing . ",Shona Garner,6569e825b732390012292f59,GB,24,"Hello!

We sincerely apologize for any inconvenience caused—your experience is incredibly important to us 💝

According to the information you provided, we've identified your inquiry submitted via the SHEIN app and our dedicated support agent is expediting the resolution.We guarantee a clear response within 24 hours, and you can monitor real-time updates anytime in ""Service Records"".

🔹 Steps to Access:
Open SHEIN APP → Tap ""Me"" at bottom → ""Customer Service"" → ""Service Records""

Your feedback lights our path forward—we look forward to assisting you further.",2026-07-12T03:42:49.000Z
www.shein.com,id:6a52a240193207c4a54c445b,native_id,6a52a240193207c4a54c445b,1,false,1783807584,07/11/2026 22:06:24,Niet eens 1 ster waard,"Niet eens 1 ster waard. Mega slechte klantenservice, je moet betalen voor dingen die je hebt teruggestuurd of niet hebt ontvangen. Ze leiden je om de tuin en je moet steeds “wachten” tot ze je klacht in behandeling nemen en dan ben je opeens buiten de tijd met je klacht. Echt niks kopen bij ze! ",K. van Denken,5c9b42dea9ab8836b687d673,NL,2,"Hallo!

Het spijt ons oprecht dat u een onaangename ervaring heeft gehad.

Om uw probleem beter te kunnen oplossen, hebben we specifieke informatie van u nodig, zoals uw bestelnummer. U heeft een e-mail ontvangen met als onderwerp ""Request for information about your experience."". Controleer uw inbox (en spammap) en beantwoord deze e-mail met de benodigde informatie.

Uw feedback is onze drijfveer voor continue verbetering en we stellen uw mening zeer op prijs. We kijken ernaar uit u zo snel mogelijk verder te helpen zodra we uw reactie hebben ontvangen. :)",2026-07-12T03:43:30.000Z
www.shein.com,id:6a52a05a74eb7319e34385ca,native_id,6a52a05a74eb7319e34385ca,3,true,1783807098,07/11/2026 21:58:18,En un paquete de 5 camisetas traían …,En un paquete de 5 camisetas traían  solo 3 ,BINETA,65f2e8a96af2c50012126ec6,ES,6,"Hello！

According to the information you provided, we noticed our team has sent a solution regarding your order. Please check your email for updates. If no email was received, it may have been filtered to the spam folder. We hope to hear from you. :)",2026-07-12T04:20:23.000Z
www.shein.com,id:6a529b8246ee50d3850faf5d,native_id,6a529b8246ee50d3850faf5d,1,false,1783805858,07/11/2026 21:37:38,I returned my package in May and they…,I returned my package in May and they telling me the seller received the wrong package. I ask for evidence and the package has the wrong name and wrong address on it. Shein customer services saying they cannot refund me because I return a wrong package when I did not and the evidence even shows a different person name and address nowhere near where I live so of course the package is wrong its not the one I sent out.   ,Sam,5cdc9473d7bca40fe67631ad,US,1,"Hello!

We sincerely apologize for any inconvenience caused—your experience is incredibly important to us 💝

According to the information you provided, we've identified your inquiry submitted via the SHEIN app and our dedicated support agent is expediting the resolution.We guarantee a clear response within 24 hours, and you can monitor real-time updates anytime in ""Service Records"".

🔹 Steps to Access:
Open SHEIN APP → Tap ""Me"" at bottom → ""Customer Service"" → ""Service Records"" 

Your feedback lights our path forward—we look forward to assisting you further.",2026-07-12T04:11:45.000Z
www.shein.com,id:6a5274729cbc802bf32e1563,native_id,6a5274729cbc802bf32e1563,5,false,1783795858,07/11/2026 18:50:58,shein c'est vraiment le meilleur site…,shein c'est vraiment le meilleur site pour les vetement il propose des vetement a petit et de bonne qualitée ils sont aussi très tendence je vous recommande vraiment. Le service est vrmt très rapide j'adoreeee.,Moumou Alnour,6a52746915b72e4284fd1f8b,FR,1,,
www.shein.com,id:6a5265ebdf3c7aa5540a377f,native_id,6a5265ebdf3c7aa5540a377f,4,false,1783792139,07/11/2026 17:48:59,Problem gelöst ,"Problem gelöst.  Nach einer negativen Bewertung,  reagierte Shein mit einer geforderten Rückzahlung   Das finde ich anständig und motiviert mich künftig wieder bei shein bestellen zu wollen.",Elvira,6a5265d2515c4dfbf260ad89,DE,1,"Hallo!

Den von dir bereitgestellten Informationen zufolge hat unser Team bereits eine Lösung zu deiner Bestellung gesendet. Bitte überprüfe deine E-Mails auf Updates. Falls du keine E-Mail erhalten hast, könnte sie im Spam-Ordner gelandet sein. Wir freuen uns auf deine Rückmeldung. :)",2026-07-12T02:03:29.000Z
www.shein.com,id:6a5263929fc4ffda9bb20cb7,native_id,6a5263929fc4ffda9bb20cb7,1,false,1783791538,07/11/2026 17:38:58,Horrible ,"En mi vida pasa me ha pasado algo tan horrible, hace un mes pedí una mesa de maquillaje 116€ me costaba la broma, y cuando llego el vanity era muy pequeño y y de mala calidad tanto que se despegó un trozo de pintura y solo lo armé la mitad y lo devolví, y ni hablamos de la Mala atención de sus trabajadores por que la pagina me pone que el paquete no llego a sus instalaciones y ellos me dice que llego pero Lugo me dicen que no llego, y después que no me van a dar mi dinero por que no cumplo con las normas de devolución pero yo quiero una mesa de mejor calidad que me manden una mesa de mejor calidad no esa cosa.",Consumer,6a52636f15b72e58d9fd0aeb,ES,1,"Hola:

Lamentamos mucho la experiencia desagradable.

Para poder resolver mejor sus inquietudes, le solicitamos que nos proporcione información específica, como su número de pedido. Le hemos enviado un correo electrónico con el asunto ""Request for information about your experience."". Por favor, revise su bandeja de entrada (y la carpeta de spam) y responda a ese correo con la información solicitada.

Sus comentarios son nuestro motor para la mejora continua y realmente valoramos su opinión. Esperamos poder ayudarle aún más tan pronto como recibamos su respuesta. :)",2026-07-12T01:42:25.000Z
www.shein.com,id:6a525006d3ae7e4e641871c3,native_id,6a525006d3ae7e4e641871c3,5,false,1783786534,07/11/2026 16:15:34,I am extremely disappointed with the…,"I am extremely disappointed with the level of customer service I have received.

There appears to be no effective way to contact your customer service team, as the chat function does not work.

My order has been with Evri for the past four days. It was due to be delivered four days ago, but it has still not arrived. I have contacted Evri directly, and they have confirmed that they do not know the whereabouts of my parcel.

Unfortunately, this leaves me unable to obtain any meaningful assistance from either the courier or SHEIN.

As the parcel appears to have been lost in transit, I would now like a full refund for my order Order number:
GSO18N18R00MJM6
",Vivian ,606ac2600994fe0019740243,GB,15,"Hello！

According to the information you provided, we noticed our team has sent a solution regarding your order. Please check your email for updates. If no email was received, it may have been filtered to the spam folder. We hope to hear from you. :)",2026-07-12T02:02:37.000Z
www.shein.com,id:6a524afc07ca080a77ce6e90,native_id,6a524afc07ca080a77ce6e90,5,true,1783785244,07/11/2026 15:54:04,Es la mejor de las empresas con las que…,Es la mejor de las empresas con las que he trabajado. Siempre llegan los productos a la perfección ,Mamblomakeup,623c5450949d1f00125734b8,ES,10,,
www.shein.com,id:6a524496627993aa9e4a665a,native_id,6a524496627993aa9e4a665a,1,false,1783783607,07/11/2026 15:26:47,Se potessi darei zero,"Aggiornamento 14.07.
Continuano a prendere in giro :
Mi hanno contattato indicandomi che provvederanno ad un rimborso , ma l ‘ importo è ancora sbagliato!!!
51,26€-6.99€ =-647,74 € 44,27€ !!!

Recensione 1
Se potessi darei zero . Restituita merce per 51,26€ e ricevuto rimborso per 6,99€. Non è possibile parlare con un operatore e dalla chat non si riceve dettaglio della differenza. UNA VERA E PROPRA TRUFFA ",Stefania Gibertini,61d35bce6dc1ee00138c6f97,IT,6,"Salve!

Secondo le informazioni fornite, abbiamo notato che il nostro team ha già inviato una soluzione riguardante il tuo ordine. Ti preghiamo di controllare la tua email per gli aggiornamenti. Se non hai ricevuto alcuna email, potrebbe essere finita nella cartella spam. Speriamo di ricevere tue notizie. :)",2026-07-12T02:00:29.000Z
www.shein.com,id:6a522e209c5880b9dd6b8074,native_id,6a522e209c5880b9dd6b8074,1,false,1783777856,07/11/2026 13:50:56,Mi hanno mandato delle scarpe usate ,Fatto un acquisto per 2 abiti me ne è arrivato solo uno e un paio di scarpe argento per altro usate!!!! Il pacchetto puzzava di piedi! Avviso subito il servizio clienti con foto e tutto.. continuavo a dirgli che avevano sbagliato loro ma lui non capiva e nonostante ciò mi ha risposto “sì capisco! Parlo la tua lingua!” A quanto par invece non ha capito proprio niente perché ovviamente non mi hanno fatto il rimborso!,Veronica Marchetti,695ca68931cbb96a948b3309,IT,2,"Salve!

Secondo le informazioni fornite, abbiamo notato che il nostro team ha già inviato una soluzione riguardante il tuo ordine. Ti preghiamo di controllare la tua email per gli aggiornamenti. Se non hai ricevuto alcuna email, potrebbe essere finita nella cartella spam. Speriamo di ricevere tue notizie. :)",2026-07-14T09:51:19.000Z
temu.com,id:6a5f53696e2a20907a80d174,native_id,6a5f53696e2a20907a80d174,4,false,1784639369,07/21/2026 13:09:29,Temu c'est génial des petits prix et…,Temu c'est génial des petits prix et maintenant on paye presque entre 20 et 30 € de plus pour les frais de douane la vie est devenu très chere et maintenant le gouvernement nous enlève même ça on va s'habiller comment au secours populaire. Tout pour  gâché la vie des pauvres,Mèlanie Meline,6306479a24dfd30014e76ca9,FR,3,,
temu.com,id:6a5f522bb70c2ece697702c1,native_id,6a5f522bb70c2ece697702c1,1,false,1784639051,07/21/2026 13:04:11,Where do I start was a regular…,Where do I start was a regular customer.hit and miss with items.some good a lot not so good.the damaged or not as described was always refunded.but lately even when you show clear photos of damage they expect you to return to china so you lose out as some items not worth your time to return.i have received items delivered by land and not one has been delivered without damage.at present waiting for an item that’s been out for delivery for 5 days.theres clearly a problem and item isn’t coming but can i get a refund sick of herring we’ve taken a ticket out and we’ve expedited the query.stay well clear and save your money as it’s mostly cheap and tachy you also get bombarded with alerts at least 20 times a day.will be shopping else where.,Dawn Holden,62cbc69e828bbb0012afe39d,GB,11,,
temu.com,id:6a5f47535e491ce4da07cce7,native_id,6a5f47535e491ce4da07cce7,1,false,1784636275,07/21/2026 12:17:55,Niestety to już nie jest atrakcyjna…,"Niestety to już nie jest atrakcyjna cenowo oferta, przez cło a konkretnie koszty importu. Zamawiałem często za kilkaset złotych drobne różności, bo były tańsze niż na Allegro, teraz jak mam w koszyku towaru za 220 zł koszty wzrastają do 330 zł 🤦‍♀️😂😂😂 1/3 ceny Śmiech nabsali dlatego całkowicie rezygnuję. A szkoda",Albert,63f3620aedb0bb0013c1afa4,PL,8,,
temu.com,id:6a5f41142a868af046e59a1f,native_id,6a5f41142a868af046e59a1f,1,false,1784634676,07/21/2026 11:51:16,Di solito acquistando su Temu non ho…,"Di solito acquistando su Temu non ho avuto alcun tipo di problema. La merce è sempre arrivata generalmente intatta e la qualità in generale non è male. Devo dire però che, su un ordine recente che stavo per fare intorno ai 50 euro, mi era stata conteggiata una tassa aggiuntiva di 40. Questo è veramente assurdo. In pratica la tassa quasi era equivalente alla spesa totale. Per adesso sarà impossibile utilizzare questa piattaforma per fare acquisti. Spero che cambi qualcosa. ",Francesca,666357aa2954122f6d4c5c09,IT,4,,
temu.com,id:6a5f3feedb73429e56f70942,native_id,6a5f3feedb73429e56f70942,1,false,1784634382,07/21/2026 11:46:22,Extremely unprofessional.,"Extremely unprofessional.
I ordered a memorial name plate to remember my partner who passed away last year. I ordered this on 11th July 2026. Was due to receive this at my home address in a couple of days. Now they tell me the item is out of stock. How can this be? It was personalised on 11th July and due to be delivered in a couple of days at my home address. 
This is not acceptable to treat a customer like this. Extremely unprofessional. Never will I use these again.",David Davis,63c0a151dec43600121c4c1f,GB,151,,
temu.com,id:6a5f37d7c90dc9b7de7d5980,native_id,6a5f37d7c90dc9b7de7d5980,1,false,1784632311,07/21/2026 11:11:51,Negano la Garanzia Legale e prendono…,"Negano la Garanzia Legale e prendono tempo sul rimborso - Ordine PO-098-11869723168633123"". Mi dicono che é passato oltre un anno e non è vero, temporeggiando in maniera vergognosa, prendono in giro il cliente.",Adriana Fasolato,6a4fd801515c4dc6885db876,IT,2,,
temu.com,id:6a5f32c1bdb428aef6477bf7,native_id,6a5f32c1bdb428aef6477bf7,1,false,1784631010,07/21/2026 10:50:10,I ordered a high powered air pump for…,"I ordered a high powered air pump for my car it costs £32.11 this was at the start of July, email after email was sent asking ""Where is my parcel"" finally was told I'd receive it in August between 12th and the 21st as its travelling by road from god knows where, HOPE I don't have any flat tyres before then. This should be told to you when ordering something from Temu as its so deceiving thinking it's coming soon when it absolutely is not.",James Cooper,6324ad610fb67e00138a2b92,GB,18,,
temu.com,id:6a5f1f1b7c5fb615b756cb8c,native_id,6a5f1f1b7c5fb615b756cb8c,1,false,1784625979,07/21/2026 09:26:19,TEMU ger sig inte,"TEMU ger sig inte. Nu sätter de hela sitt AI maskineri för att få mig att förstå att jag inte begriper. Jag begriper fullständigt vad TEMU säger. Ni säger att jag är stor viktig kund och har sex fria gåvor. Var så god och välj. Efter att ha valt mina gåvor så säger TEMU att jag måste beställa för en 400 kronor för att få fraktfritt. Jag gjorde så för tredje gången. Nu var jag dock uppmärksam för deras bluff. Nu fick jag inte alla sex fria gåvor utan de två sista som jag la till för att komma upp i sex och gå vidare. La till lite mer för att komma upp i mina sex frigåvor. Nej det hjälpte inte. Betalade (via Klarna) för att se om de dök upp då. Nej det gjorde de inte. I normal fallet har folk lämnat sitt kreditkorts nummer och sitter nu fast hos TEMU. Lämna ALDRIG ditt kort till TEMU, de går inte att lita på! Detta är ren bluff. Har aldrig jobbat med någon kines som har så har låg etik och moral. Har köpt omkring 200 fulla container från Kina utan problem. Har inte TEMU normal kinesisk moral? ",Peter Wegefelt,59806d470000ff000ab61010,SE,52,,
temu.com,id:6a5f1df583738a0a833c306a,native_id,6a5f1df583738a0a833c306a,1,false,1784625685,07/21/2026 09:21:25,Temu asked me to pick six gifts and I,"Temu asked me to pick six gifts and I needed to pay £15 and I didn’t have any money because I bought things yesterday
",Aurelija Bzozovskaja,6a5f1d5eff3db298bbbbbe42,GB,1,,
temu.com,id:6a5f17aab04828f53ba91241,native_id,6a5f17aab04828f53ba91241,1,false,1784624074,07/21/2026 08:54:34,GARDER VOTRE ARGENT !!!,GARDER VOTRE ARGENT !!!! CES GENS SONT DES ESCROC COMME SHEIN IL M AVAIS DEJA FAIS LE COUP EN DECEMBRE COMMANDE NON CONFORME IL ME PROPOSE DE REMBOURSER UNE PETITE PARTIE SANS RIEN RENVOYER LA COMME UN IDIOT EN JUIN ME LAISSE TENTER PAR LE PUB HYPER BIEN MONTER LEUR FAUSSE PHOTO LEUR FAUX COMMENTAIRE POSTER ET JE COMMANDE 129EU ET 13 ARTICLE RESULTAT SUR LES 13 SEUL 2 ETAIS CONFORME A PEU PRES LES LUNNETTE ET LE COUSSIN SIEGE AUTO .. LE RESTE LES PANTALON 1000% NON CONFORME LES CALECON NON CONFORME LES TEESHIRT DEMANDER DES TAILLE XL C ETAIS ECRIT XL MAIS TAILLER XXL JE RENVOIE LA MOITIER IL ME PROPOSE UN REMBOURSEMENT IMMEDIAT AU UN CREDIT DIRECT SUR MON COMPTE TEMU DE LA SOMME ME FESANT MIROITER QUE JE POUVAIS RECOMMANDER ET LA CA SERA CORRECT JE RECOMMANDE LES 8  TEE SHIRT LES CALECON PLUS 2 AUTRE TEE SHIRT BREF J ATTEND TOUJOUR ET SUIS SUR CA VA ETRE NON CONFORME MAIS LE PIRE CES QUE CET HISTOIRE A COMMENCER EN FIN JUIN DES TEE SHIRT POUR L èTè DES PANTALON ET TOUJOUR RIEN IL DISE LEUR FAMEUX SI UN RETARD DU DELAI LE 4 AOUT UN CREDIT DE 5EU VOUS DONNER SUR VOTRE COMPTE NON MAIS SEREIUX CES QUOI CA AUCUN RESPECT POUR LMES CLIENT QUI LES FONT VIVRE FAUX LES BOYCOTER COMME SHEIN LEUR DONNER UNE LECON LE PLUS BETE CES QUE APRES COUP J AI REALISER QUE POUR LES 129EU QUE J AI JETER CHEZ EUX EN PRENANT MON TEMP PEU ETRE 1 SEMAINE MAX J AURRAI EU MIEUX DANS DES VRAI MAGASIN EN RAJOUTANT 30EU EN PLUS ALORD GARDER VOTRE ARGENT JE VAIS PUBLIER TOUS LES MOIS SUR LES RESEAUX LEUR MANIERE ET LES CAMELOTE RECU ET L ENORME TEMP PASSER A ATTENDRE COMME UN IMBECILE TOUS LES MOIS JE VAIS LEUR FAIRE COMME A SHEIN PERDRE DES CLIENTS CAR LE RESPECT CA S APPREND ET VAIS LEUR APPRENDRE !!!!,lo,656f170238ecf40012b29021,FR,43,,
temu.com,id:6a5f0aa3d0ee2ecaee16a258,native_id,6a5f0aa3d0ee2ecaee16a258,2,false,1784620739,07/21/2026 07:58:59,The clothes are ok you just have to…,The clothes are ok you just have to really do your research but the promotion crap like get 5 items free is a total joke after spending a tonne of money already to get these items you still have to spend a stack of more money I think in general temu is a money grab and not worth the efforts ,Kara,68130f6d4db5a0c4abe438ec,AU,6,"Hello, thank you for participating in our promotional activities and we are sorry that you are experiencing difficulties with your rewards. Customer satisfaction is of the utmost importance and we are constantly working to improve our service quality. Please contact us again through Temu.com or Temu app live chat so we can help you investigate right away. Best wishes, Temu team",2026-07-21T12:11:43.000Z
temu.com,id:6a5f0592b87afb332cf4e579,native_id,6a5f0592b87afb332cf4e579,1,false,1784619442,07/21/2026 07:37:22,Waiting too long ,The goods I have received in the past have been good and have arrived quickly.  They seem to have changed couriers and now  get no updates. My parcel arrived in Italy a week ago.  Heard nothing about it since then.  I won’t be using Temu again.  ,Rita Williamson,5c9e96e111d267773e148436,IT,23,"Hello, thank you for reaching out to us. We are sorry for any inconvenience caused. Customer satisfaction is of the utmost importance and we are constantly working to improve our service quality. If you need further assistance, please message us through Temu.com or Temu app live chat. We appreciate you giving us another chance to serve you. Best wishes, Temu team",2026-07-21T12:11:58.000Z
temu.com,id:6a5f03ae2d54d9eb63f04d6f,native_id,6a5f03ae2d54d9eb63f04d6f,1,false,1784618958,07/21/2026 07:29:18,Na 3 weken ben ik nog steeds bezig om…,"Na 3 weken ben ik nog steeds bezig om duidelijk te maken dat ik mijn bestelling nooit heb ontvangen. 
Temu blijft volhouden dat het pakket is afgeleverd, alleen omdat de bezorgdienst dat in de track & trace aangeeft. Dat is volgens hen voldoende bewijs. Ik heb meerdere keren aangegeven dat ze een onderzoek moeten opstarten bij DHL, omdat alleen de verzender dat kan en dit doen ze niet.

Toch weigeren ze mijn klacht serieus te nemen en verwachten ze dat ik betaal voor een bestelling die ik nooit heb ontvangen. Ze doen alsof ze je gaan helpen en dan krijg je steeds standaardmails terug.

De klantenservice biedt geen passende oplossing en verschuilt zich achter de track & trace, zonder verder onderzoek of bewijs. Mijn ervaring met Temu is daarom erg teleurstellend. Ik raad aan om goed na te denken voordat je hier bestelt.
",Df,5cb23e25c81c2f3c4caaa695,NL,4,"Hoi, bedankt voor je bericht. Onze excuses voor enig ongemak, jouw tevredenheid vinden we belangrijk en we werken voortdurend aan het verbeteren van onze dienstverlening. Als je hulp nodig hebt kan je contact opnemen via Temu.com of via de app door deze link te gebruiken: https://share.temu.com/NWGRVrrOSMA. We waarderen het dat je ons nog een kans geeft om je van dienst te zijn. Vriendelijke groeten, Team Temu",2026-07-21T12:12:08.000Z
temu.com,id:6a5efbf11c188a193ee66933,native_id,6a5efbf11c188a193ee66933,5,false,1784616977,07/21/2026 06:56:17,Seit ca 2 Jahren kaufe ich bei Temu in…,"Seit ca 2 Jahren kaufe ich bei Temu in Spanien. Größe bei Bekleidung stimmen mit den Spanischen Größen Tabellen sehr gut überein. Am Anfang war ich sehr misstrauisch doch heute nicht mehr. Ob Kleingeräte zum Heimwerkern, Bohrmaschine Mehrfachsteckdosen, Kabel USB, Verteiler Ladegeräte Handy usw usw. Alles noch problemlos im Betrieb. Keine Brandschänden, keine überlastete Ladegeräte. Alles funktioniert tadellos. Einmal eine Beschädigte Lieferung angekommen. Ich hatte nach nur drei Tagen mein Geld wieder auf dem Konto. Ich kann nichts negatives Berichten. Alles was ich geschrieben habe ist meine persönliche Erfahrung ohne Garantie für andere. 
",Volker Geck,62338352da0b2500127d1390,ES,14,"Hallo, vielen Dank, dass Sie bei uns eingekauft und Ihre 5-Sterne-Erfahrung geteilt haben! Es ist uns eine Freude, Ihnen zu helfen, und wir hoffen, dass wir unseren Kunden weiterhin das beste Einkaufserlebnis auf Temu bieten können. Wenn Sie Hilfe benötigen, senden Sie uns bitte eine Nachricht auf Temu.com oder über den Temu-App Live-Chat. Viele Grüße, Temu-Team",2026-07-21T09:46:12.000Z
temu.com,id:6a5efb51804562999641845d,native_id,6a5efb51804562999641845d,1,false,1784616817,07/21/2026 06:53:37,After I received the package I returned…,"After I received the package I returned it it was a small size. They gave me a ticket I took it to UPS and they send it after one week they said they receive it but it’s empty box which was not a box was a package in the return now they’re asking me did you have
(Could you please provide us with a video of the packaging process when you shipped the return package).
Never saw such a thing in my life For 40 to 50 years I never take a picture in UPS and send it to them so funny it’s beyond.
Customerservice they tell me.",Bruce shakerian,6a51b05e24460e0a822e9143,US,3,"Hello, thank you for reaching out to us. We are sorry for any inconvenience caused. Customer satisfaction is of the utmost importance and we are constantly working to improve our service quality. If you need further assistance, please message us through Temu.com or Temu app live chat. We appreciate you giving us another chance to serve you. Best wishes, Temu team",2026-07-21T12:12:16.000Z
temu.com,id:6a5ef107e721e17aac3c3b13,native_id,6a5ef107e721e17aac3c3b13,1,false,1784614183,07/21/2026 06:09:43,Ich bin maßlos enttäuscht,"Ich bin maßlos enttäuscht. Von insgesamt 15 bestellten Artikeln ist nur ein einziger angekommen – 14 Artikel haben gefehlt, obwohl ich alle bezahlt habe.

Ich habe den Vorfall sofort gemeldet und Fotos vom Paket sowie vom Inhalt hochgeladen. Trotzdem wurde meine Reklamation mehrfach ohne nachvollziehbare Begründung abgelehnt. So einen schlechten Kundenservice habe ich selten erlebt.

Am Ende blieb mir nichts anderes übrig, als einen Fall über PayPal zu eröffnen, um mein Geld zurückzubekommen.

Für mich ist das absolut inakzeptabel. Nach dieser Erfahrung werde ich dort nicht mehr bestellen und kann Temu leider nicht empfehlen.",Anna Mavridis,6a27fc234a5f816002899d71,DE,2,"Hallo, vielen Dank, dass Sie sich an uns gewandt haben. Die Zufriedenheit unserer Kunden ist für uns von größter Bedeutung, und wir sind ständig bestrebt, uns zu verbessern. Bitte senden Sie uns eine Nachricht über Temu.com oder den Temu-App-Live-Chat, damit unser Kundenservice Team Ihnen helfen kann, dies sofort zu überprüfen. Viele Grüße, Temu Team",2026-07-21T12:12:25.000Z
temu.com,id:6a5eec200f58ea1298fd6ab4,native_id,6a5eec200f58ea1298fd6ab4,1,false,1784612928,07/21/2026 05:48:48,TEMU SENT ME BEDBUG INFESTED…,TEMU SENT ME BEDBUG INFESTED CLOTHING!!!! THEY HAVE BIN NOTIFIED AND ARE REFUSING TO TAKE ANY STEPS TO DEAL WITH THIS ISSUE. ,Ashley,6a5eec11c2526c53bc930edc,CA,1,"Hello, thank you for reaching out to us. We are sorry for any inconvenience caused. Customer satisfaction is of the utmost importance and we are constantly working to improve our service quality. If you need further assistance, please message us through Temu.com or Temu app live chat. We appreciate you giving us another chance to serve you. Best wishes, Temu team",2026-07-21T12:12:33.000Z
temu.com,id:6a5eda414f0ce8a3a3288208,native_id,6a5eda414f0ce8a3a3288208,1,false,1784608353,07/21/2026 04:32:33,have been waiting for my refund for…,"have been waiting for my refund for over two months. Temu’s support team acknowledged that a refund via Fawry was impossible and explicitly requested my CIB Bank Account and Swift Code, which I provided immediately.
​Since then, I have received nothing but automated template responses from agents (like Jae Kim) promising ""internal processing"" without providing any real transaction proof, Swift advice, or ARN. They are completely ignoring my escalation requests to agent Magenus or a supervisor.
​This level of customer service is unacceptable. I demand an immediate human intervention and proof of my bank transfer, or I will proceed with formal international fraud reports via eConsumer.gov.
​Order ID: PO-060-12882713569911644",tasneem maraie,6a5eda2b7b418c64cd85bf02,EG,1,"Hello, thank you for reaching out to us. We are sorry for any inconvenience caused. Customer satisfaction is of the utmost importance and we are constantly working to improve our service quality. We will follow up on this matter. If you need further assistance, please message us through Temu.com or Temu app live chat. We appreciate you giving us another chance to serve you. Best wishes, Temu team",2026-07-21T12:12:42.000Z
temu.com,id:6a5ea95ea5badc42bce06ecc,native_id,6a5ea95ea5badc42bce06ecc,1,false,1784595838,07/21/2026 01:03:58,I HATE TEMU,I have been a loyal customer with online shopping with TEMU for many years..But now I HATE temu due to my last purchase & the support/help I didn't receive for an item I have ordered/paid for But received totally different item.. Nearly 1 month trying to get help But only received the same automated messages over and over again..I just would like to WARN others that TEMU isn't as good as some feedbackers say ..Be AWARE ,Kurt Yuksel,64b169e0672f1c00124dde0d,AU,4,"Hello, thank you for taking the time to share your feedback. To help us review the matter further, we kindly ask that you complete the Information Request Form we have sent and provide the requested details, such as your order number(typically starting with PO-xxx)  or the email address associated with your Temu account. Once we receive the information, we will review your case and coordinate with the relevant team for further follow-up.If you have any additional questions or need further assistance, please feel free to contact us through the Temu website or the Temu app live chat via this link: https://share.temu.com/NWGRVrrOSMA. Thank you for your time, patience, and cooperation. Best wishes, Temu Team",2026-07-21T08:10:03.000Z
temu.com,id:6a5e9797a487a3eea29c5b9e,native_id,6a5e9797a487a3eea29c5b9e,1,false,1784591287,07/20/2026 23:48:07,le spese doganali non li mettono…,"le spese doganali non li mettono neanche Aliexpress, che la merce parte dalla Cina, e tra l'altro sono molto piu' intelligenti di temu, perche' Aliexpress spedisce la merce con le POSTE ITALIANE, non ho mai  avuto problemi, Temu x risparmiare i corrieri preferisce mettere GOFO, IMILE anche se sono dei delinquenti a Temu non gli interessa nulla, l'importante e' guadagnare, che poi alla fine i clienti man mano li perde, anche GLS, TNT sono societa' seri, non comprero' mai piu' da Temu e",Claudio,59b0df5e0000ff000ac50353,IT,27,"Ciao, grazie per averci contattato. Ci scusiamo per gli eventuali disagi. Apprezziamo molto il tuo feedback e lo terremo in considerazione per migliorare la nostra esperienza logistica. Se hai bisogno di ulteriore assistenza, non esitare a mandarci un messaggio su Temu.com o utilizzare la live chat dell'app Temu tramite questo link: https://share.temu.com/NWGRVrrOSMA. Siamo grati per la continua fiducia riposta nei nostri servizi. A presto, Il Team Temu.",2026-07-21T08:47:49.000Z
temu.com,id:6a5e96fb8b0ea2b884d9a581,native_id,6a5e96fb8b0ea2b884d9a581,1,false,1784591131,07/20/2026 23:45:31,My first experience with Temu was disappointing ,"My first experience with Temu was very disappointing. I spent almost €100 on several items, including scissors, tapes advertised as heavy-duty, and an electric nose hair trimmer. Unfortunately, the products I received were of very poor quality and did not match their descriptions.

When I contacted Temu customer service, I was offered a voucher worth less than €2 as compensation, which I did not consider an adequate resolution.

Based on my experience, I recommend that online shoppers exercise caution when buying from Temu and carefully review product ratings and seller feedback before making a purchase. For me, I have found marketplaces like Amazon to be more reliable.
",Charles Okezie,6a5e92a2ff3db2f6a4bb5f1c,NG,1,"Hello, thank you for taking the time to share your feedback. To help us review the matter further, we kindly ask that you complete the Information Request Form we have sent and provide the requested details, such as your order number(typically starting with PO-xxx)  or the email address associated with your Temu account. Once we receive the information, we will review your case and coordinate with the relevant team for further follow-up. If you have any additional questions or need further assistance, please feel free to contact us through the Temu website or the Temu app live chat via this link: https://share.temu.com/NWGRVrrOSMA. Thank you for your time, patience, and cooperation. Best wishes, Temu Team",2026-07-21T08:42:09.000Z
temu.com,id:6a5e93cbb9edf27d7fba6177,native_id,6a5e93cbb9edf27d7fba6177,1,false,1784590315,07/20/2026 23:31:55,Unresolved Dispute - Tracking #MA020485212227T,"I am writing this review because Temu customer support failed to resolve my issue with order delivered under tracking number MA020485212227T. The items received were incomplete/damaged, and my tickets were closed without a proper refund or response.
I have already tried to resolve this through my bank with no success. I require an immediate intervention from a supervisor to review my order and issue a full refund.
Tracking Number: MA020485212227T
Delivery Carrier: Speedaf Express (Hub Beni Mellal)",Abdelaziz Moutahir,6865249f4e662d193d58af03,MA,1,"Hello, thank you for reaching out to us. We are sorry for any inconvenience caused. Customer satisfaction is very important to us, and we are continuously working to improve our service. Thank you for sharing the relevant information, and we have already escalated your issue with the relevant team for further follow-up. If you need any additional assistance, please feel free to message us through Temu.com or the Temu app live chat via this link: https://share.temu.com/NWGRVrrOSMA. We appreciate your patience and understanding. Best wishes, Temu Team",2026-07-21T08:45:43.000Z
temu.com,id:6a5e81149b5a47f65f8092dd,native_id,6a5e81149b5a47f65f8092dd,1,false,1784585525,07/20/2026 22:12:05,CxxP,"Once again. Trying to sort out issue. Very poor customer service , not I least bit interested. 

Yes Temu I have been on chat hence Iam here 

Don’t ask for more information as you ignore it. 

This is 100% true ",Chris ,5bd093654de5666d34a805b8,GB,60,"Hello, thank you for reaching out to us. We are sorry for any inconvenience caused. Customer satisfaction is of the utmost importance and we are constantly working to improve our service quality. We will follow up on this matter. If you need further assistance, please message us through Temu.com or Temu app live chat. We appreciate you giving us another chance to serve you. Best wishes, Temu team",2026-07-21T08:49:09.000Z
temu.com,id:6a5e8047494338f72231dfac,native_id,6a5e8047494338f72231dfac,3,false,1784585319,07/20/2026 22:08:39,j'ai contacté le service client ce…,"j'ai contacté le service client ce jour, ils m'ont octroyé une réduction vu les frais d'importation, le monsieur que j'ai eu au téléphone m'a répondu, une fois payé, la réduction s'appliquera, hors, j'ai une commande de 22,00€ et des frais d'importation de 18, 00 €.
Donc j'ai de suite annuler la commande mais elle apparait encore, je ne sais pas si elle a été annulée. sinon je bloquerai le paiement
merci de me tenir au courant ",ghis19,5c43b2bc703a76c2528f9b34,FR,41,"Bonjour, merci d'avoir pris contact avec nous, et nous sommes désolés pour tout désagrément que cela a pu causer. La satisfaction du client est de la plus haute importance, et nous travaillons constamment à améliorer la qualité de notre service. Pourriez-vous s'il vous plaît nous contacter à nouveau via Temu.com ou le chat en direct de l'application Temu afin que nous puissions aider et enquêter immédiatement? Vous pouvez également visiter www.temu.com/support-center.html pour trouver plus de contacts du service client. Nous vous remercions de nous donner une autre chance de vous servir. Meilleurs vœux, l'équipe Temu",2026-07-21T08:39:33.000Z
temu.com,id:6a5e7eac5f7c811f5d0aae00,native_id,6a5e7eac5f7c811f5d0aae00,1,false,1784584908,07/20/2026 22:01:48,Not worth it,"The longer they stay in America, the more they get corrupted. Prices are no longer shockingly reasonable. They reflect the Americanization of the marketplace here hard to keep track of orders and most of the stuff has turned out be junk, especially recent orders I will not order from them anymore!",James talley,60d2bc01ba047200194a6c4a,US,6,"Hello, thank you for shopping with us and we are sorry you are experiencing difficulties with your recent orders. If your items do not arrive, arrive damaged, or do not match the description or photos, you will be offered a full refund under Temu's Purchase Protection program (https://www.temu.com/temu-purchase-protection.html). We greatly appreciate your feedback and will take it into consideration to improve our logistics experience. If you need further assistance, please message us through Temu.com or Temu app live chat. Best wishes, Temu Team",2026-07-21T08:12:09.000Z
temu.com,id:6a5e75cc6cbf2a2d23caaa8b,native_id,6a5e75cc6cbf2a2d23caaa8b,1,false,1784582636,07/20/2026 21:23:56,Was emailed with an amazing offer…,"Was emailed with an amazing offer describing any four  items for £0.00I went onto the Temu sight and picked my free items. But at checkout I had to spend a minimum of £15 to receive my free stuff. I added items to my basket and paid the £15. My items I actually purchased come but lo and behold no free items that I’d picked. What a scam. This should be reported to trading standards for misleading customers. 
Shocking!!

",customer,5f06cf41866c46207e3c24dc,GB,5,"Hello, thank you for participating in our promotional activities and we are sorry that you are experiencing difficulties. Customer satisfaction is of the utmost importance and we are constantly working to improve our service quality. Please contact us again through Temu.com or Temu app live chat so we can help you investigate right away. Best wishes, Temu team",2026-07-21T08:41:28.000Z
temu.com,id:6a5e74a39734fce737ec78b1,native_id,6a5e74a39734fce737ec78b1,1,false,1784582339,07/20/2026 21:18:59,Pedido realizado em 25 de junho…,"Pedido realizado em 25 de junho 888002162393467 até hoje não foi entregue. Temu envia somente mensagens automáticas, empresa J&TExpress responsável pela logística não informa onde pacote está ,sem atualização desde 10/07/2026 , não explicam onde está mas também se recusam a cancelar,pagamento efetuado no pix, dos 11 ítens somente 1 foi reembolsado.
Ni guém dá uma resposta. Nem a Temu nem o parceiro logístico. Não sei mais a quem recorrer.",Nanda Evc,6a5e7496ff3db24b07bb3692,BR,1,"Olá! Agradecemos por entrar em contato conosco. Lamentamos qualquer inconveniente causado. Tenha certeza de que encaminhamos sua preocupação ao departamento relevante para verificação e que nossa equipe já está trabalhando para resolver o problema. Nós manteremos você atualizado sobre o progresso e informaremos assim que o problema for resolvido. Agradecemos novamente pela sua paciência e compreensão. Entraremos em contato com você em breve. Atenciosamente, Equipe Temu",2026-07-21T08:09:31.000Z
temu.com,id:6a5e72f295308b258d3d417b,native_id,6a5e72f295308b258d3d417b,1,false,1784581906,07/20/2026 21:11:46,ATTENTION frais d'importation pas par…,"ATTENTION frais d'importation pas par catégories mais sur TOUS LES ARTICLES  (2 pantalons 2 paires de chaussures : 3.60 € x 4) ça calme. 
Ils vont avoir moins de boulot chez temu.
",Corinne Petitjean,6a5e72ed7b418c4c1a855c88,FR,1,"Bonjour, merci d'avoir pris contact avec nous, et nous sommes désolés pour tout désagrément que cela a pu causer. La satisfaction du client est de la plus haute importance, et nous travaillons constamment à améliorer la qualité de notre service. Si vous avez d'autres questions ou préoccupations, veuillez nous envoyer un message sur notre chat en direct Temu.com ou Temu app. Vous pouvez également visiter www.temu.com/support-center.html pour trouver plus de contacts du service client. Nous vous remercions de nous donner une autre chance de vous servir. Meilleurs vœux, l'équipe Temu",2026-07-21T08:51:26.000Z
temu.com,id:6a5e729f71b7e188610849fb,native_id,6a5e729f71b7e188610849fb,1,false,1784581823,07/20/2026 21:10:23,A malincuore non userò più questa…,"A malincuore non userò più questa piattaforma, volevo fare un ordine di 152,27€  ma mi applicavano oneri di importazione per 36,61€ arrivato pertanto ad un totale di 188,88€, una delusione perché era tra i miei e-commerce preferiti ma ora non conviene più, credo che sarà destinato alla chiusura.... purtroppo 🤷🏼‍♀️",Irene,6a5e728b236e3d82b0dc4a99,IT,1,"Ciao, grazie per averci contattato. Ci scusiamo per gli eventuali disagi. La soddisfazione del cliente è di massima importanza per noi e lavoriamo costantemente per migliorare la qualità del nostro servizio. Se hai bisogno di ulteriore assistenza, non esitare a mandarci un messaggio su Temu.com o utilizzare la live chat dell'app Temu tramite questo link: https://share.temu.com/NWGRVrrOSMA. Siamo grati per la continua fiducia riposta nei nostri servizi. A presto, Il Team Temu.",2026-07-21T08:52:13.000Z
temu.com,id:6a5e724d061207699448092b,native_id,6a5e724d061207699448092b,3,false,1784581742,07/20/2026 21:09:02,Intanto non vale la pena di comprare…,"Intanto non vale la pena di comprare nulla dato che addibitano 3 euro ogni articolo che compri che significa su un ordine di 20 euro ti ritrovi 10 euro in più da pagare
2 ordino una scarpa nm 37 
Mi spediscono la scarpa nm 41
A  questo punto  a parte l'ultimo acquisto 
Non ordinerò più niente 
Ripeto non vale più la pena!!!",Stella Recupero,645ccef20076810013ffeeea,IT,2,"Ciao, grazie per averci contattato e ci dispiace che tu stia riscontrando difficoltà con il tuo ordine. Se hai ricevuto articoli errati, puoi richiedere un rimborso contattandoci tramite Temu.com o la live chat dell'app Temu. Digita semplicemente ""articolo sbagliato"" nella chat, seleziona l'articolo errato dal tuo ordine e segui le istruzioni visualizzate sullo schermo per completare la tua richiesta di rimborso. Puoi scegliere di ricevere il rimborso sul tuo metodo di pagamento originale o come crediti Temu. I crediti Temu appariranno nel tuo saldo crediti Temu entro 3 minuti e potranno essere utilizzati immediatamente. Se opti per il rimborso sul tuo metodo di pagamento originale, ti preghiamo di attendere dai 5 ai 14 giorni lavorativi affinché l'importo sia visibile nel tuo conto, poiché le tempistiche dipendono dalla banca. Se hai bisogno di ulteriore assistenza, non esitare a inviarci un messaggio tramite Temu.com o la live chat dell'app Temu in modo da poterti aiutare. A presto, Il Team Temu.",2026-07-21T08:38:17.000Z
temu.com,id:6a5e7131bc3e6d4ef3e1573a,native_id,6a5e7131bc3e6d4ef3e1573a,1,false,1784581457,07/20/2026 21:04:17,A Temu está a induzir os clientes em…,"A Temu está a induzir os clientes em erro em Portugal. O meu carrinho de compras garantia textualmente numa barra verde: ""Nenhum encargo de importação"". Fiando-me na informação oficial da empresa, avancei com a compra. No entanto, no ecrã de pagamento final, o sistema adicionou uma taxa oculta de 22,15€ de encargos de importação, duplicando o subtotal real dos produtos (20,10€).Para agravar, o apoio ao cliente mentiu no chat dizendo que era uma ""ajuda da Temu"", tentando fazer-me pagar o dobro de forma inadvertida. Os supervisores limitam-se a enviar respostas automáticas copiadas e ofereceram uns irrisórios 5€ para tentar calar a situação.Tenho todos os prints guardados que provam esta infração à Lei dos Serviços Digitais (DSA) da UE sobre interfaces enganosas (dark patterns). Exijo o crédito de 22,15€ para concluir a minha encomenda pelo valor prometido, ou avançarei para as autoridades europeias

*Atualização - 21/07/2026
Em resposta à vossa mensagem, informo que não é possível preencher o formulário privado com um 'Número de Encomenda' (Order Number), uma vez que o pagamento foi travado antes da finalização devido à vossa publicidade enganosa (indicação de IVA incluído na barra verde e alteração do valor no ecrã de pagamento).
Esclareço publicamente que esta reclamação se refere única e exclusivamente aos artigos que tenho retidos no meu carrinho atual, onde fui induzida em erro e vi as minhas expectativas legítimas de consumidora serem quebradas. 
Em compras e encomendas futuras, por já conhecer as vossas atuais condições de operação face às taxas da UE, aceitarei as vossas regras sem qualquer contestação.
Contudo, exijo que a vossa equipa de supervisão resolva esta situação específica deste carrinho através da atribuição do crédito de 22,15€ ou da isenção da taxa nesta compra, cumprindo o que anunciaram no ecrã. 
O meu e-mail de registo é o que consta na plataforma.

* Nova atualização 21/07/2026
A vossa resposta pública é apenas um texto automático que ignora por completo a reclamação. 
Já enviei mensagem pelo bilhete interno na vossa aplicação (tal como sugerem), onde exijo que este caso seja escalado para um supervisor humano.
Recorri à Trustpilot precisamente porque a vossa equipa de apoio ao cliente, através do bilhete criado na aplicação, já me respondeu mais de uma dezena de vezes exatamente com a mesma mensagem automática e copiada. 
É inadmissível que repitam as mesmas respostas inúmeras vezes sem trazerem absolutamente nada de útil ou uma análise humana ao problema.
Reforço publicamente: o problema é a vossa publicidade enganosa na barra verde do carrinho e as taxas ocultas. Aguardo uma resposta concreta à atribuição do crédito de 22,15€ ou à isenção da taxa exclusivamente para este carrinho de compras. 
Não vou fechar esta reclamação até ter uma solução efetiva.",Virginia Magioli Rodrigues,6a49f02c0a188f604999d6ab,PT,2,"Olá, obrigado por nos ter contactado. Lamentamos qualquer incómodo causado. A satisfação do cliente é da maior importância e estamos constantemente a trabalhar para melhorar a qualidade do nosso serviço. Iremos dar seguimento a esta questão. Se precisar de mais assistência, envie-nos uma mensagem através de Temu.com ou do chat ao vivo da app Temu através desta ligação: https://share.temu.com/SIfmZCHAcBA. Agradecemos por nos dar outra oportunidade de o servir. Os melhores cumprimentos, Equipa Temu",2026-07-21T08:54:43.000Z
temu.com,id:6a5e68156fdb761274f588ee,native_id,6a5e68156fdb761274f588ee,1,false,1784579125,07/20/2026 20:25:25,Buenas tardes estoy decepcionado con…TEMU ,"Buenas tardes estoy decepcionado con temu y su política de regalos toda una falsedad y una publicidad engañosa 
Escogí cuatro regalos para recibirlos comprar un quinto no valor mínimo de 20 € escogí una plancha de vapor de 25,12 € (  y a sido lo que ey recibido la plancha que pagué  ) estoy esperando un paquete y para mi temu se termino ",Josecosta Cunha,6924250229e2592f18d81f51,ES,6,"Hola, gracias por participar en nuestras actividades promocionales. Lamentamos las dificultades que has experimentado con tus recompensas. La satisfacción del cliente es de suma importancia y estamos trabajando constantemente para mejorar la calidad de nuestro servicio. Si necesitas más ayuda, no dudes en enviarnos un mensaje a través del chat en Temu.com o en la app de Temu. Estaremos encantados de investigar tu caso y ofrecerte una solución. ¡Que tengas un buen día!  Saludos, Equipo Temu",2026-07-21T08:40:33.000Z
temu.com,id:6a5e67e4f6f61405cc1918ef,native_id,6a5e67e4f6f61405cc1918ef,1,false,1784579076,07/20/2026 20:24:36,Stay away from this guys my package…,Stay away from this guys my package been sitting in one spot for 13 days has not moved you call and find out yes I was pissed I used a few choice words then I stopped cuz the person said if keep it up they would hung up and they did and I did not use any choice words after they told me so piss on  temu and the delivery outfit,Michael Mannstedt,696eadfc469884b2896abc34,US,1,"Hello, thank you for taking the time to share your feedback. To help us review the matter further, we kindly ask that you complete the Information Request Form we have sent and provide the requested details, such as your order number(typically starting with PO-xxx)  or the email address associated with your Temu account. Once we receive the information, we will review your case and coordinate with the relevant team for further follow-up. If you have any additional questions or need further assistance, please feel free to contact us through the Temu website or the Temu app live chat via this link: https://share.temu.com/NWGRVrrOSMA. Thank you for your time, patience, and cooperation. Best wishes, Temu Team",2026-07-21T08:12:51.000Z
temu.com,id:6a5e6505fd35c8618e0a2fbb,native_id,6a5e6505fd35c8618e0a2fbb,1,false,1784578341,07/20/2026 20:12:21,Disgusting non existing service,Disgusting non existing service. My item was 2/5 weeks overdue. All they did was keep feeding me excuses which are a bunch of lies. This is my 5th terrible delivery experience with this crap company. I totally say do not use this rubbish company. Bunch of liars,Martyn ,5f75cec0fc40c715a2905a34,GB,13,"Hello, thank you for reaching out to us. We are sorry for any inconvenience caused. Customer satisfaction is very important to us, and we are continuously working to improve our service. Thank you for sharing the relevant information, and we have already escalated your issue with the relevant team for further follow-up. If you need any additional assistance, please feel free to message us through Temu.com or the Temu app live chat via this link: https://share.temu.com/NWGRVrrOSMA. We appreciate your patience and understanding. Best wishes, Temu Team",2026-07-21T08:56:56.000Z
temu.com,id:6a5e61b86bdd0fb4786226e2,native_id,6a5e61b86bdd0fb4786226e2,1,false,1784577496,07/20/2026 19:58:16,Ordered set of sheets Queen size,Ordered set of sheets Queen size. Dead bug stuck on sheet in package. YUCK....disgusting.,Marie Fox,6a5e61afc2526cd5fe9288f7,US,1,"Hello, thank you for taking the time to share your feedback. To help us review the matter further, we kindly ask that you complete the Information Request Form we have sent and provide the requested details, such as your order number(typically starting with PO-xxx)  or the email address associated with your Temu account. Once we receive the information, we will review your case and coordinate with the relevant team for further follow-up. If you have any additional questions or need further assistance, please feel free to contact us through the Temu website or the Temu app live chat via this link: https://share.temu.com/NWGRVrrOSMA. Thank you for your time, patience, and cooperation. Best wishes, Temu Team",2026-07-21T08:11:32.000Z
temu.com,id:6a5e5d582229da004299fd99,native_id,6a5e5d582229da004299fd99,1,false,1784576376,07/20/2026 19:39:36,AVOID BUYING ANYTHING FROM TEMU ,"So I'm back to further add to my review of this company....Temu is by far the worst company in the world for customer service....I've gone through 14 customer service representatives trying to get a cash refund of $80.00, not a credit of this amount so I could buy more defective junk products.....after 14 representatives, 8 were senior customer resolution specialists that give the exact word for word that all of them give....sorry, no refund, however, here's a credit of a few bucks to buy more because I'm a very valuable and loyal customer.....im ashamed for ever being duped into purchasing their junk....and they refuse to give me a return address so I can and will return their defective junk at my expense....BUYER BEWARE, AVOID TEMU AT ALL COST....",ted long,6a4bb3969371bf0d5d74c9c9,CA,4,"Hello, thank you for reaching out to us. We are sorry for any inconvenience caused. Customer satisfaction is of the utmost importance and we are constantly working to improve our service quality. If you need further assistance, please message us through Temu.com or Temu app live chat. We appreciate you giving us another chance to serve you. Best wishes, Temu team",2026-07-21T08:05:10.000Z
temu.com,id:6a5e49ad98550807ac1ba8b4,native_id,6a5e49ad98550807ac1ba8b4,1,false,1784571341,07/20/2026 18:15:41,A 1 is generous,A 1 is generous. Totally inefficient service and as for their customer service it is a joke. Can’t give you answers or solutions. They are owned by PDD and it is about time they had a good look at the way customers are treated. ,Norma,5396e2c00000640001787545,GB,126,"Hello, thank you for reaching out to us. We are sorry for any inconvenience caused. Customer satisfaction is of the utmost importance and we are constantly working to improve our service quality. If you need further assistance, please message us through Temu.com or Temu app live chat. We appreciate you giving us another chance to serve you. Best wishes, Temu team",2026-07-21T08:46:21.000Z
temu.com,id:6a5e499462c981945ac8be95,native_id,6a5e499462c981945ac8be95,1,false,1784571316,07/20/2026 18:15:16,sent parcel to wrong address and would…,"sent parcel to wrong address and would not rectify the problem because it had been delivered,usual crappy chinese service,do not waste your money!!!",MARILYN THORNE,5e679d90dffcf733da883014,GB,15,"Hello, thank you for reaching out to us. We are sorry for any inconvenience caused. Customer satisfaction is of the utmost importance and we are constantly working to improve our service quality. If you need further assistance, please message us through Temu.com or Temu app live chat. We appreciate you giving us another chance to serve you. Best wishes, Temu team",2026-07-21T05:33:49.000Z
temu.com,id:6a5e48e32f283c3031746cbe,native_id,6a5e48e32f283c3031746cbe,1,false,1784571139,07/20/2026 18:12:19,its literally a meme,"why should this get any stars. it is literally a meme.
i know some people that would say ""this is a temu version"" to a rip-off product.",Musita,6a5e4716c2526c014a9259d5,GB,7,"Hello, thank you for your feedback! Temu is an e-commerce company that connects consumers with a network of merchandise partners, manufacturers and brands with the mission to empower consumers to live their best lives. Customer satisfaction is of the utmost importance and we are constantly working to improve our service quality. If you need further assistance, please message us through Temu.com or Temu app live chat. Best wishes, Temu team",2026-07-21T05:33:59.000Z
temu.com,id:6a5e3845bddb7af0a5bc3723,native_id,6a5e3845bddb7af0a5bc3723,1,false,1784566885,07/20/2026 17:01:25,Date the final straw with Temu,"Date: July 20, 2026
To: Corporate Management & Customer Service Leadership
Subject: Final Resolution and Demand to Cease Contact – Account/Reference No: [Insert Account or Ticket Number if you have one]
Good morning,
I am writing to formally demand an immediate conclusion to the ongoing dispute regarding the incident that began on May 16, 2026. This matter has involved an exhausting amount of back-and-forth communication, conflicting statements from multiple layers of management, and an unacceptable lack of internal alignment on your end—despite the extensive paperwork, proof, and bank statements provided.
Your investigation has established that the carrier took the property in question (the purple quilt). Despite this finding, I have faced continuous, inconsistent demands for more research time and a complete lack of accountability from your team.
Please consider this letter my formal directive to cease and desist all further investigation, collection efforts, or inquiries regarding this matter. It is time for this situation to end.
I am walking away from this dispute under the following strict terms:
Written Confirmation of Conclusion: I require a formal, written statement from management explicitly confirming that this matter is completely closed and that your company will not contact me regarding this issue again.
No False Attribution of Blame: The written confirmation must not state, imply, or suggest that I initiated an improper refund, that I am at fault, or that I caused this situation in any way. I will not accept a narrative that falsely shifts blame onto me to cover up internal or carrier failures.
Rejection of the $3.17 Settlement: The offered amount of $3.17 is entirely unacceptable given the distress and administrative burden this situation has caused. I reject this credit. Please donate that amount to a charity of your choice, as I want no part of it.
I am willing to close this chapter and move forward without further escalating this issue, provided you respect this demand to leave me alone. However, be advised that if I receive a closing statement that falsely accuses me of wrongdoing or attempts to misrepresent the facts, I will immediately hand over all of my documentation—including the extensive proof, timeline of inconsistencies, and contradictory statements from your management team—to outside parties for assistance.
Please issue the required, neutral written confirmation closing this file immediately.
Sincerely,",Jacqueline Lewis,6676246cd305a1bcc938970b,US,1,"Hello, thank you for reaching out to us. We are sorry for any inconvenience caused. Customer satisfaction is of the utmost importance and we are constantly working to improve our service quality. If you need further assistance, please message us through Temu.com or Temu app live chat. We appreciate you giving us another chance to serve you. Best wishes, Temu team",2026-07-21T05:34:10.000Z
temu.com,id:6a5e30fa4933f977f5610c83,native_id,6a5e30fa4933f977f5610c83,2,false,1784565018,07/20/2026 16:30:18,Derzeit sind dazu kosten aufgekommen da…,Derzeit sind dazu kosten aufgekommen da sich nicht mehr bestellen werde. Ware wie textil sind teilweise gut aber Elektronische Geräte und solche Haushalts Artikeln sind nicht Qualitativ .,Vanja Kadric,644b5a21c8ca670012d19308,AT,2,"Hallo, vielen Dank für Ihren Einkauf bei Temu! Ihr Feedback ist uns sehr wichtig und es tut uns leid, dass Sie mit einigen Ihrer Artikel nicht zufrieden sind. Wir wenden strenge Richtlinien und Kontrollmaßnahmen an, um die Produktqualität und genaue Produktbeschreibungen zu gewährleisten. Das Temu-Kaufschutzprogramm bietet volle Rückerstattung, wenn Ihre Artikel nicht ankommen, beschädigt sind oder nicht der Beschreibung oder den Fotos entsprechen (https://www.temu.com/temu-purchase-protection.html). Um eine Rückerstattung zu beantragen, melden Sie sich in der Temu-App oder auf Temu.com mit dem Konto an, das Sie für Ihre Bestellung verwendet haben, öffnen Sie die Seite ""Ihre Bestellungen"" und klicken Sie auf ""Rückgabe/Rückerstattung"". Detaillierte Anweisungen zur Rückgabe finden Sie unter https://www.temu.com/return-and-refund-policy.html. Wenn Sie weitere Unterstützung benötigen, senden Sie uns bitte eine Nachricht über Temu.com oder den Temu-App-Live-Chat. Viele Grüße, Temu Team",2026-07-21T05:34:28.000Z
temu.com,id:6a5e2d2efe28e55a7117c8e1,native_id,6a5e2d2efe28e55a7117c8e1,1,false,1784564046,07/20/2026 16:14:06,Pas sérieux …,"Plus de 2 mois pour résoudre un problème de parasol ayant tenu à peine 2 mois. Temu décide de me faire un remboursement pour motif, garanti légale de conformité 2 ans. Un mois est passé toujours rien, pas de remboursement. Pas possible de les joindre. Pas sérieux ",GENEVIEVE BERTAGNA,5a7a921864c8174c8cf3bf80,FR,3,"Bonjour, merci d'avoir pris contact avec nous, et nous sommes désolés pour tout désagrément que cela a pu causer. La satisfaction du client est de la plus haute importance, et nous travaillons constamment à améliorer la qualité de notre service. Pourriez-vous s'il vous plaît nous contacter à nouveau via Temu.com ou le chat en direct de l'application Temu afin que nous puissions aider et enquêter immédiatement? Vous pouvez également visiter www.temu.com/support-center.html pour trouver plus de contacts du service client. Nous vous remercions de nous donner une autre chance de vous servir. Meilleurs vœux, l'équipe Temu",2026-07-21T05:34:39.000Z
temu.com,id:6a5e2762eba790eb522283bd,native_id,6a5e2762eba790eb522283bd,1,false,1784562562,07/20/2026 15:49:22,Frais d'importation exorbitants.,"Frais d'importation exorbitants.
Programme de fidélité qui nécessite de dépenser beaucoup d'argent et cerise sur le gâteau pourri, censure des avis qui ne leur plaisent pas sur Trustpilot.
Personne ne m'a payé pour écrire ça, et aux dernières nouvelles je ne m'appelle pas ChatGPT alors stop aux moyens fallacieux pour virer les mauvais avis!",Chtulu Khtulu,69c5aca007ee8a556f03debb,FR,5,"Bonjour, merci d'avoir pris contact avec nous, et nous sommes désolés pour tout désagrément que cela a pu causer. La satisfaction du client est de la plus haute importance, et nous travaillons constamment à améliorer la qualité de notre service. Pourriez-vous s'il vous plaît nous contacter à nouveau via Temu.com ou le chat en direct de l'application Temu afin que nous puissions aider et enquêter immédiatement? Vous pouvez également visiter www.temu.com/support-center.html pour trouver plus de contacts du service client. Nous vous remercions de nous donner une autre chance de vous servir. Meilleurs vœux, l'équipe Temu",2026-07-21T05:34:51.000Z
temu.com,id:6a5e23111d54e324d6f4b573,native_id,6a5e23111d54e324d6f4b573,3,false,1784561457,07/20/2026 15:30:57,Temu offers a huge selection of…,"Temu offers a huge selection of products at very low prices, which is its biggest advantage. However, the quality can be very inconsistent—some items are great, while others don't match the photos or descriptions. Shipping was acceptable but took longer than expected. The app is easy to use, but it can feel overwhelming with constant promotions and notifications. Overall, it's okay for inexpensive purchases if you keep your expectations realistic.",robert,6a5e22d5b06fbf184eed015f,AU,1,"Hello, thank you for shopping with us and we are sorry you are experiencing difficulties with your recent orders. You can track your shipping status and see your expected delivery date directly in the Temu app or on Temu.com. If your order arrives later than the estimated delivery date, you will receive Temu credits as a sign of appreciation for your patience. Finally, if your items do not arrive, arrive damaged, or do not match the description or photos, you will be offered a full refund under Temu's Purchase Protection program (https://www.temu.com/temu-purchase-protection.html). Customer satisfaction is of the utmost importance and we are constantly working to improve our service quality. If you need further assistance, please message us through Temu.com or Temu app live chat. We appreciate you giving us another chance to serve you. Best wishes, Temu team",2026-07-21T05:34:59.000Z
temu.com,id:6a5e22533cf1e07f3ccf0ed8,native_id,6a5e22533cf1e07f3ccf0ed8,1,false,1784561267,07/20/2026 15:27:47,Παρήγγειλα έναν σκληρό δίσκο αξίας 50€,"Παρήγγειλα έναν σκληρό δίσκο αξίας 50€. Αντί για το προϊόν, παρέλαβα ένα άδειο κουτί και έναν παλιό μεταχειρισμένο σκληρό δίσκο. Ακολούθησα τις οδηγίες του Temu και επέστρεψα ό,τι παρέλαβα, όμως το αίτημά μου για επιστροφή χρημάτων απορρίφθηκε χωρίς επαρκή αιτιολόγηση. Είμαι πολύ απογοητευμένος από την εξυπηρέτηση και δεν θα ξαναγοράσω από το Temu.",Xaris Mpelos,6a5e224cc2526c3247920ea1,GR,1,"Hello, thank you for reaching out to us. We are sorry for any inconvenience caused. Customer satisfaction is of the utmost importance and we are constantly working to improve our service quality. If you need further assistance, please message us through Temu.com or Temu app live chat. We appreciate you giving us another chance to serve you. Best wishes, Temu team",2026-07-21T05:35:39.000Z
temu.com,id:6a5e1cf457fb375f3599b381,native_id,6a5e1cf457fb375f3599b381,2,false,1784559892,07/20/2026 15:04:52,Disappointed with the quality,"I expected more for the price, but the item arrived with a small defect. Not great.",Alvena Boyers,6a3da08b0a188f26168c7089,US,2,"Hello, thank you for shopping on Temu! Your feedback is extremely valuable to us and we are sorry that you are not satisfied with some of your items. We implement strict policies and control measures to ensure product quality and accurate product descriptions. Temu's Purchase Protection program offers full refunds if your items do not arrive, arrive damaged, or do not match the description or photos (https://www.temu.com/temu-purchase-protection.html). To apply for a refund, login to the Temu app or Temu.com with the account used for your order, open the ""Your orders"" page, and click ""Return/Refund."" For detailed return instructions, please visit https://www.temu.com/return-and-refund-policy.html. You can choose to receive your refund back to your original payment method or as Temu credits. If you need further assistance, please message us through Temu.com or Temu app live chat. Best wishes, Temu team",2026-07-21T05:35:58.000Z
temu.com,id:6a5e16a50f0ad06fa100d566,native_id,6a5e16a50f0ad06fa100d566,1,false,1784558277,07/20/2026 14:37:57,Vous pouvez tous supprimer Temu mdr,"Vous pouvez tous supprimer Temu mdr, 60€ de frais d’importation pour une commande de 15€ d’articles mais vous êtes ravagés. Faut vraiment être idiot pour se faire arnaquer de la sorte par temu ",Emma Tessier,652a46684844a50012d52d67,FR,3,"Bonjour, merci d'avoir pris contact avec nous, et nous sommes désolés pour tout désagrément que cela a pu causer. La satisfaction du client est de la plus haute importance, et nous travaillons constamment à améliorer la qualité de notre service. Pourriez-vous s'il vous plaît nous contacter à nouveau via Temu.com ou le chat en direct de l'application Temu afin que nous puissions aider et enquêter immédiatement? Vous pouvez également visiter www.temu.com/support-center.html pour trouver plus de contacts du service client. Nous vous remercions de nous donner une autre chance de vous servir. Meilleurs vœux, l'équipe Temu",2026-07-21T05:36:09.000Z
temu.com,id:6a5e1053ab9d7104c7027484,native_id,6a5e1053ab9d7104c7027484,1,false,1784556660,07/20/2026 14:11:00,Bad products,"The prices are very cheap, but the quality is very poor. Electronic and electrical items are absolutely not recommended...",Jack Unlimited,6a5e102a236e3d98c4db92ce,CH,1,"Hello, thank you for shopping on Temu! Your feedback is extremely valuable to us and we are sorry that you are not satisfied with some of your items. We implement strict policies and control measures to ensure product quality and accurate product descriptions. Temu's Purchase Protection program offers full refunds if your items do not arrive, arrive damaged, or do not match the description or photos (https://www.temu.com/temu-purchase-protection.html). To apply for a refund, login to the Temu app or Temu.com with the account used for your order, open the ""Your orders"" page, and click ""Return/Refund."" For detailed return instructions, please visit https://www.temu.com/return-and-refund-policy.html. You can choose to receive your refund back to your original payment method or as Temu credits. If you need further assistance, please message us through Temu.com or Temu app live chat. Best wishes, Temu team",2026-07-21T05:36:20.000Z
temu.com,id:6a5e0ecc0177735273e05d92,native_id,6a5e0ecc0177735273e05d92,1,false,1784556268,07/20/2026 14:04:28,1 Stern – Nie wieder!,"Ich bin schockiert, wie Temu mit seinen Kunden umgeht.

Mein Paket wurde laut Sendungsverfolgung als zugestellt markiert, ist aber niemals bei mir angekommen. Ich habe Temu alle möglichen Beweise vorgelegt – unter anderem Videobeweise sowie Nachweise, dass ich zum angeblichen Zustellzeitpunkt im Urlaub war und mich gar nicht zu Hause befand. Der mit DHL vereinbarte Ablageort war zu diesem Zeitpunkt zudem verschlossen und somit gar nicht zugänglich.

Seit mittlerweile über einem Monat kämpfe ich mit dem Kundenservice, ohne dass auch nur irgendeine Lösung zustande gekommen ist. Trotz aller eingereichten Beweise weigert sich Temu, den Fall ernsthaft zu prüfen oder selbst eine Nachforschung beim Versanddienstleister einzuleiten. Stattdessen wird die komplette Verantwortung auf den Kunden abgewälzt. Ich soll für eine Bestellung bezahlen, die ich nie erhalten habe.

Der Kundenservice ist eine absolute Katastrophe. Auf meine Nachweise wird überhaupt nicht eingegangen. Stattdessen erhält man immer wieder dieselben standardisierten, robotischen Antworten, die mit dem eigentlichen Problem nichts zu tun haben. Es wird weder eine Alternative angeboten noch zeigt Temu irgendein Interesse daran, den Sachverhalt aufzuklären.

Nach über einem Monat voller E-Mails, Nachweise und Diskussionen bin ich einfach nur fassungslos. So behandelt man keine Kunden.

Ich werde den Fall nun an die zuständigen Verbraucher- und Schlichtungsstellen weitergeben und meine Rechte geltend machen. So ein Verhalten ist für mich völlig inakzeptabel.

Mein Fazit: Für mich wirkt dieses Vorgehen wie reine Abzocke. Man zahlt für Ware, die nie angekommen ist, und wird anschließend mit automatisierten Antworten abgespeist. Ich werde dort definitiv nie wieder bestellen und kann jedem nur raten, sich gut zu überlegen, ob er dieses Risiko eingehen möchte.
",Liss,66869821523fa6ce25dbb695,DE,6,"Hallo, vielen Dank, dass Sie sich an uns gewandt haben. Die Zufriedenheit unserer Kunden ist für uns von größter Bedeutung, und wir sind ständig bestrebt, uns zu verbessern. Bitte senden Sie uns eine Nachricht über Temu.com oder den Temu-App-Live-Chat, damit unser Kundenservice Team Ihnen helfen kann, dies sofort zu überprüfen. Viele Grüße, Temu Team",2026-07-21T05:36:31.000Z
temu.com,id:6a5e0e2c0ee563d8524f5ee7,native_id,6a5e0e2c0ee563d8524f5ee7,1,false,1784556108,07/20/2026 14:01:48,Here I am again with the MOST NEGATIVE…,"Here I am again with the MOST NEGATIVE REVIEW FOR THE SCAMMERS AT TEMU!!
​A few days ago, I posted a negative review here regarding a freewheel I bought from Temu. Right after installing it, I noticed extreme play/slack and an extremely eccentric, crooked rotation—as if it were an ancient, heavily used freewheel. This is for order number PO-116-13802722611832752.
​In response to my previous NEGATIVE REVIEW, Temu replied asking for order details and requested that I contact Temu Customer Support!
I did exactly that, but you at Temu are literal idiots and scammers. You literally run your customers in circles with your heavy scams, selling LOW-QUALITY AND TERRIBLE MERCHANDISE where every second product ends up straight in the trash bin!
​You know very well that 60% of buyers cannot return products because there are NO COURIER WAREHOUSES in their towns, forcing them to travel to neighboring towns that are quite far away!
You know very well that almost every time YOU REQUIRE A RETURN FOR A CHEAP PRODUCT WORTH AROUND $10, PEOPLE WON'T RETURN IT because the travel expenses are TWICE AS HIGH AS THE PRODUCT'S VALUE!
THAT IS WHY PEOPLE ARE MOSTLY AT A SEVERE LOSS WHEN BUYING YOUR CHINESE TRASH!
​And another huge reality is that in many local stores, you can find the exact same type of products with incomparably better quality for HALF THE PRICE!
​To everyone reading this, I KNOW YOU ARE IN THE SAME SITUATION! I APPEAL TO YOU TO STOP BUYING FROM TEMU IF YOU CARE ABOUT YOUR HEALTH, TIME, AND MONEY!
I HAVE GIVEN UP, AND I AM DELETING MY TEMU PROFILE RIGHT NOW! I WILL NEVER BUY ANYTHING FROM THEM AGAIN!!!",Petar,6855634cf0e9f3271979fd16,MK,6,"Hello, thank you for reaching out to us. We are sorry for any inconvenience caused. Customer satisfaction is of the utmost importance and we are constantly working to improve our service quality. We will follow up on this matter. If you need further assistance, please message us through Temu.com or Temu app live chat. We appreciate you giving us another chance to serve you. Best wishes, Temu team",2026-07-21T05:36:41.000Z
temu.com,id:6a5e083f92ee2c63866bab68,native_id,6a5e083f92ee2c63866bab68,1,false,1784554591,07/20/2026 13:36:31,Ordine PO-098-04304543186551959.,"Ordine PO-098-04304543186551959.
Ho ordinato una confezione di custodie RFID ad 1 euro, dovevano essere 10, prima che introducessero i dazi. Faccio presente che sono 8 ma ho pagato per 10 e gradirei spedissero le altre due. Mi dicono di restituirle perché devono controllare in magazzino. Cosa? Se io so contare fino a 10??? Non spediscono le altre due, non rimborsano per errore loro ma pretendono reso. A parte che per 1 euro che le ho pagate non le renderei, ma eventualmente poi ricomprarle mi costerebbe 1 euro + 3 di dazi. Follia. Follia perché si può parlare solo con i bot che non hanno la possibilità di arrivare a fare un ragionamento. Follia pretendere il reso quando bastava fare rispedizione, dato che ci sono due confezioni mancanti per colpa esclusivamente loro.",Mirko Campiglia,5e336173ddcefa5e9a625e3a,IT,5,"Ciao, grazie per averci contattato. Ci scusiamo per gli eventuali disagi. La soddisfazione del cliente è di massima importanza per noi e lavoriamo costantemente per migliorare la qualità del nostro servizio. Faremo un follow-up su questa questione. Se hai bisogno di ulteriore assistenza, non esitare a mandarci un messaggio su Temu.com o utilizzare la live chat dell'app Temu tramite questo link: https://share.temu.com/NWGRVrrOSMA . Siamo grati per la continua fiducia riposta nei nostri servizi. A presto, Il Team Temu.",2026-07-21T05:36:50.000Z
temu.com,id:6a5e066da4be2d44332c9375,native_id,6a5e066da4be2d44332c9375,1,false,1784554125,07/20/2026 13:28:45,"Return the item, but lost the returned package ","I returned the package, but the package I had lost was over a month ago, and there was no information from it
I have complained to the customer service service three times but nothing has been resolved
They just say hello, sorry, thank you for your patience :) and say hello to a good day and let me report to a higher level, URgen the ticket
It has been more than a month now, and the returned package has not been found, and the money has not been refunded. ",Linh Tieu,65b6ac783768c40012f3bd92,CA,3,"Hello, thank you for reaching out to us. We are sorry for any inconvenience caused. Customer satisfaction is of the utmost importance and we are constantly working to improve our service quality. If you need further assistance, please message us through Temu.com or Temu app live chat. We appreciate you giving us another chance to serve you. Best wishes, Temu team",2026-07-21T05:37:02.000Z
temu.com,id:6a5e014ce0a49283f5423da2,native_id,6a5e014ce0a49283f5423da2,1,false,1784552813,07/20/2026 13:06:53,Scam company.their policy say to the…,Scam company.their policy say to the delivery guys to leave parcels outside doors this is redicilus.do not waste your money here,Kejdi Lici,6a3a6fe69371bf0266615484,GB,2,"Hello, thank you for reaching out to us. We are sorry for any inconvenience caused. Customer satisfaction is of the utmost importance and we are constantly working to improve our service quality. If you need further assistance, please message us through Temu.com or Temu app live chat. We appreciate you giving us another chance to serve you. Best wishes, Temu team",2026-07-21T05:37:19.000Z
temu.com,id:6a5df6276e7ae32a79e33175,native_id,6a5df6276e7ae32a79e33175,1,false,1784549959,07/20/2026 12:19:19,"Goedendag Temu-team, U prijst u uit de markt","Goedendag Temu-team,
Ik heb voor mijn doen veel dingen met wisselend maar meestal goede ervaring bij u aangeschaft, echter nu met de nieuwe regeling cq invoer en verzendingskosten is het minder aantrekkelijk geworden.
Speciaal met de verschillende categorieën
Waarom niet bij elk te kiezen artikel een code tot welke categorie deze behoord en zo de klant de mogelijkheid bied om een te wensen productserie te kiezen om niet met torenhoge invoerrechten en verzendkosten geconfronteerd te worden. Alvast bedankt voor uw begrip en mogelijk mijn klandizie voort te kunnen zetten.",Jo Smit,5966054f0000ff000aae6bd3,NL,7,"Hoi, bedankt voor je bericht. Onze excuses voor enig ongemak, jouw tevredenheid vinden we belangrijk en we werken voortdurend aan het verbeteren van onze dienstverlening. Als je hulp nodig hebt kan je contact opnemen via Temu.com of via de app door deze link te gebruiken: https://share.temu.com/NWGRVrrOSMA. We waarderen het dat je ons nog een kans geeft om je van dienst te zijn. Vriendelijke groeten, Team Temu",2026-07-21T05:37:28.000Z
temu.com,id:6a5df2c7bee9425b32ca0aca,native_id,6a5df2c7bee9425b32ca0aca,1,false,1784549095,07/20/2026 12:04:55,I just have to delete the app,I just have to delete the app. The worst project in recent times,Okechukwu Anyaneto,65343fd56cdad40012c8976f,NG,1,"Hello, thank you for your feedback! Temu is an e-commerce company that connects consumers with a network of merchandise partners, manufacturers and brands with the mission to empower consumers to live their best lives. Customer satisfaction is of the utmost importance and we are constantly working to improve our service quality. If you need further assistance, please message us through Temu.com or Temu app live chat. Best wishes, Temu team",2026-07-21T05:37:36.000Z
temu.com,id:6a5de895d351ecfd05ab7ed4,native_id,6a5de895d351ecfd05ab7ed4,1,false,1784546485,07/20/2026 11:21:25,Unjustified Affiliate Account Block & Frozen Earned Balanc,"I am extremely disappointed with Temu's Affiliate Program. My account was suddenly blocked without any valid reason, claiming policy violations even though I strictly followed all rules. I never used bots, spam, or improper techniques. 

Most importantly, my legally earned money that was already converted to my available cash balance is now frozen inside the account, and I am completely blocked from withdrawing my funds. Customer support only provides automated responses and refuses to resolve the issue. 

Withholding a user's approved earnings",Emine Mehemmedli,6a5de8897b418c3a758455dc,AZ,1,"Hello, thank you for taking the time to share your feedback. We sincerely apologize for any inconvenience this may have caused. To assist you more efficiently, please complete the Information Request Form with infomation such as your order number (typically starting with PO-xxx) or the email address associated with your Temu account, so we can follow up on your issue and provide further assistance. Thank you for your understanding and support. If you have any other questions or concerns, please message us through Temu.com or the Temu app live chat. We appreciate you giving us another chance to serve you. Best wishes, Temu Team",2026-07-20T12:03:42.000Z
temu.com,id:6a5de7769943eaff96861799,native_id,6a5de7769943eaff96861799,1,false,1784546198,07/20/2026 11:16:38,Misrepresentation and Abysmal Customer Service,"I am writing this public notice to highlight a severe failure by Temu regarding order fulfilment, consumer rights adherence, and customer support competence. 
I placed an order for a specific item, but the item delivered was entirely different from what was purchased. Upon immediately initiating a refund, I experienced a systemic failure in Temu's dispute resolution process: Deceptive Timelines: The automated system promised a merchant response within 1–3 business days. By the fourth day, no action had been taken. Direct communication with the seller yielded only identical, scripted, and empty promises. Failure to Provide Practicable Return Methods: Customer support insisted on emailing a printable return label. I explicitly informed an agent that I do not own printing facilities, and that the parcel's dimensions exceed my cars capacity. These logistical barriers were completely ignored. 

Evasive Delay Tactics: The resolution window was unilaterally extended from the advertised 1–3 business days to an unacceptable 9 business days. I was rigidly told to wait until 25th July just to contact them again, a tactic clearly designed to dismiss the consumer rather than resolve the issue. Temu’s customer service operates on rigid, automated scripts completely detached from practical problem-solving. A simple error has been dragged out unnecessarily due to corporate incompetence. Potential customers should be heavily cautioned: if your order is incorrect, expect zero meaningful support and exhausting delays. I demand that Temu immediately contact me to arrange a courier collection at their expense—requiring no printed label—and issue a full refund.",Cameron Abercrombie,6a5de76db06fbffb30ec8c0e,GB,1,"Hello, thank you for reaching out to us. We are sorry for any inconvenience caused. Customer satisfaction is of the utmost importance and we are constantly working to improve our service quality. We will follow up on this matter. If you need further assistance, please message us through Temu.com or Temu app live chat. We appreciate you giving us another chance to serve you. Best wishes, Temu team",2026-07-20T12:04:09.000Z
temu.com,id:6a5ddcfc3156ebb3dd45cff4,native_id,6a5ddcfc3156ebb3dd45cff4,1,false,1784543516,07/20/2026 10:31:56,Arnaque taxe européenne ,"Temu applique la loi Européenne à sa manière et arnaque ses clients.
La loi dit 3€ de taxe par colis de moins de 150€ = Temu ajoute une taxe de 3€ par article dans le colis...

Arnaque totale !
",Retlaw,5ede3c3dd230d65ab60b225a,FR,19,"Bonjour, merci d'avoir pris contact avec nous, et nous sommes désolés pour tout désagrément que cela a pu causer. La satisfaction du client est de la plus haute importance, et nous travaillons constamment à améliorer la qualité de notre service. Pourriez-vous s'il vous plaît nous contacter à nouveau via Temu.com ou le chat en direct de l'application Temu afin que nous puissions aider et enquêter immédiatement? Vous pouvez également visiter www.temu.com/support-center.html pour trouver plus de contacts du service client. Nous vous remercions de nous donner une autre chance de vous servir. Meilleurs vœux, l'équipe Temu",2026-07-20T12:04:28.000Z
temu.com,id:6a5ddc7cab5e28df9c44a3cb,native_id,6a5ddc7cab5e28df9c44a3cb,1,false,1784543388,07/20/2026 10:29:48,PLANZER Transport schlecht,"Temu liefert teilweise über Planzer, was extralange Lieferzeit bedeutet und ein Gutschein von Chf 20 nützt mir nichts!

Deshalb bitte keine Lieferungen mehr mit PLANZER Transport. Ware wurde vor 4 Tagen vom Zoll freigegeben, aber von Planzer immer noch nicht abgeholt.
Wäre die Sendung über Schweizer Post gelaufen, wäre sie schon zugestellt.",DB,632f33c19d1dbc001225de16,CH,5,"Hallo, vielen Dank, dass Sie sich an uns gewandt haben. Die Zufriedenheit unserer Kunden ist für uns von größter Bedeutung, und wir sind ständig bestrebt, uns zu verbessern. Bitte senden Sie uns eine Nachricht über Temu.com oder den Temu-App-Live-Chat, damit unser Kundenservice Team Ihnen helfen kann, dies sofort zu überprüfen. Viele Grüße, Temu Team",2026-07-20T12:04:40.000Z
temu.com,id:6a5ddb9f56d8e4f622d70c93,native_id,6a5ddb9f56d8e4f622d70c93,1,false,1784543167,07/20/2026 10:26:07,Would have given less than 0 if I could…,Would have given less than 0 if I could as the platform tries to scam its customers by sending offers that turn out to be fake when you checkout. 6 items for 0 and in the end you get only 1 cheap item. At checkout the customs duty is deducted but even if you cancel the order with a difference of just 5 minutes they keep the customs charges and refund the actual amount which always expensive. Never ever am I going to order from temu again and don't recommend to other at all.,Mohib,592c2eef0000ff000a9d7b55,SE,13,"Hello, thank you for reaching out to us. We are sorry for any inconvenience caused. Customer satisfaction is of the utmost importance and we are constantly working to improve our service quality. We will follow up on this matter. If you need further assistance, please message us through Temu.com or Temu app live chat. We appreciate you giving us another chance to serve you. Best wishes, Temu team",2026-07-20T12:05:02.000Z
temu.com,id:6a5dbd5b772bb632d3a31c0d,native_id,6a5dbd5b772bb632d3a31c0d,2,false,1784535419,07/20/2026 08:16:59,Cheap but low quality :(,Cheap but low quality :(,Alex Piliavsky,63afeb711caa130012d4962d,US,9,"Hello, thank you for shopping on Temu! Your feedback is extremely valuable to us and we are sorry that you are not satisfied with some of your items. We implement strict policies and control measures to ensure product quality and accurate product descriptions. Temu's Purchase Protection program offers full refunds if your items do not arrive, arrive damaged, or do not match the description or photos (https://www.temu.com/temu-purchase-protection.html). To apply for a refund, login to the Temu app or Temu.com with the account used for your order, open the ""Your orders"" page, and click ""Return/Refund."" For detailed return instructions, please visit https://www.temu.com/return-and-refund-policy.html. You can choose to receive your refund back to your original payment method or as Temu credits. Temu credits will appear in your Temu credit balance within 3 minutes and can be used immediately. If you choose to receive your refund back to your original payment method, please allow 5-14 business days for it to appear since timing depends on your financial institution. If you need further assistance, please message us through Temu.com or Temu app live chat. Best wishes, Temu team",2026-07-20T12:05:23.000Z
temu.com,id:6a5d96260975dd2b9eaf42ff,native_id,6a5d96260975dd2b9eaf42ff,1,false,1784525382,07/20/2026 05:29:42,Fuyez ce site ,"Vous êtes Malhonnêtes pas futé à communiquer avec votre sav on se rend compte que vous volez Ras les pâquerettes 
C'est pas la peine de vous embêter à me répondre bonjour merci d'avoir pris contact et tout votre blabla de m..
je vais vous envenimer en postant ce truc en copie colle non stop 
Que les gens vous fuient 
POSEZ VOUS LES BONNES QUESTIONS",stephane,5e5891a6878fee4185c9f453,FR,30,"Bonjour, merci d'avoir pris contact avec nous, et nous sommes désolés pour tout désagrément que cela a pu causer. La satisfaction du client est de la plus haute importance, et nous travaillons constamment à améliorer la qualité de notre service. Pourriez-vous s'il vous plaît nous contacter à nouveau via Temu.com ou le chat en direct de l'application Temu afin que nous puissions aider et enquêter immédiatement? Vous pouvez également visiter www.temu.com/support-center.html pour trouver plus de contacts du service client. Nous vous remercions de nous donner une autre chance de vous servir. Meilleurs vœux, l'équipe Temu",2026-07-20T12:21:49.000Z
temu.com,id:6a5d8e27ccdc7210d8fa12d1,native_id,6a5d8e27ccdc7210d8fa12d1,1,false,1784523335,07/20/2026 04:55:35,Zollgebühren ,"Ich wollte soeben bei Temu bestellen, für einen Artikel aus dem lokalen Lager fällt zwar kein Zoll an aber dafür wird Versandgebühr berechnet.
Für Waren im Wert von 90 Euro, würde ich ca. 130 Euro mit Zoll bezahlen??!!
Nein Danke, da ist A. günstiger.
Zudem nerven die Rabatte, mit Ei aufschlagen,...vor allem sind sie keine Rabatte, ich müsste um einen hohen Betrag bestellen um dann Guthaben zu erhalten.
Zusätzlich nerven die Video einblenden bei den Artikeln, sie verdecken meistens die Beschreibung.
Für mich war es das mit Temu,rechnet sich nicht mehr.",Brigitte P.,607eda7092d1ea001a185800,AT,9,"Hallo, vielen Dank, dass Sie an unseren Sonderaktionen teilgenommen haben. Es tut uns leid, dass Sie Schwierigkeiten mit Ihren Prämien haben. Die Zufriedenheit unserer Kunden ist uns sehr wichtig und wir arbeiten ständig daran, unsere Servicequalität zu verbessern. Bitte kontaktieren Sie uns über www.temu.com/support-center.html, damit wir Ihnen helfen können, Ihr Problem mit den Prämien sofort zu lösen. Viele Grüße, Temu Team",2026-07-20T12:21:58.000Z
temu.com,id:6a5d7625a3307a710cd4531f,native_id,6a5d7625a3307a710cd4531f,1,false,1784517189,07/20/2026 03:13:09,I have been getting ma y things I…,"I have been getting ma y things I didn't order. My garage is full.i  have 2 cultivators. 7 office chairs,only ordered 2.Many .other duplicates.  Today I got 6 pillows that I didn't  order.   HELP!!",Barbara Wedel,6a5d75de7b418c1bc883f62a,US,1,"Hello, thank you for reaching out to us. We are sorry for any inconvenience caused. Customer satisfaction is of the utmost importance and we are constantly working to improve our service quality. If you need further assistance, please message us through Temu.com or Temu app live chat. We appreciate you giving us another chance to serve you. Best wishes, Temu team",2026-07-20T12:22:07.000Z
temu.com,id:6a5d72713f16700eac74bdd1,native_id,6a5d72713f16700eac74bdd1,1,false,1784516241,07/20/2026 02:57:21,Thieves ,"They promise one thing and deliver another. Temu said they were giving me 8 free gifts with purchase. Every time it would get close to completing the percentage that was needed, they would increase the percentage. Not only that, they were charging me without making it to the final purchase kart. And when I realized my bank account was being charged every time I clicked on a product, I tried to reverse it, but they don't have that option. I will never make another purchase with these thieves. Following in trump's footsteps I see. ",Katherine,6a5d7245c2526c40be9137f7,US,1,"Hello, thank you for participating in our promotional activities and we are sorry that you are experiencing difficulties with your rewards. Customer satisfaction is of the utmost importance and we are constantly working to improve our service quality. Please contact us again through Temu.com or Temu app live chat so we can help you investigate right away. Best wishes, Temu team",2026-07-20T12:22:14.000Z
temu.com,id:6a5d6f971e5bfc8982e51c9c,native_id,6a5d6f971e5bfc8982e51c9c,1,false,1784515511,07/20/2026 02:45:11,very disappointed with the overall experience.,"I am a loyal Temu customer, but my experience has become increasingly disappointing.

My recent orders 
PO-004-12184301901432094 and 
PO-004-01189241119352094 
have once again suffered from long delivery delays. Unfortunately, this is not an isolated incident—it has happened with many of my previous orders as well.

What is even more frustrating is that I have also received damaged items and products that did not match their descriptions. In those cases, I was often required to return the items before receiving a refund, while I have seen many other customers receive refunds or compensation without having to go through the same process.

This inconsistent treatment makes me feel that customers are not treated equally. Loyal customers should not have to repeatedly experience delayed deliveries, damaged or inaccurate products, and a much more difficult refund process than others.
To make matters worse, Temu promised me a 5$ compensation, I accepted the offer, but I never received it. Making promises and then failing to honor them has seriously damaged my trust in Temu's customer service.

I hope Temu will review its customer service policies, ensure fair treatment for all customers, improve delivery reliability, and handle compensation requests consistently. At the moment, I am very disappointed with the overall experience.",Shop Express,694c23aa3d98f026ce08335c,DZ,1,"Hello, thank you for reaching out to us. We are sorry for any inconvenience caused. Customer satisfaction is of the utmost importance and we are constantly working to improve our service quality. If you need further assistance, please message us through Temu.com or Temu app live chat. We appreciate you giving us another chance to serve you. Best wishes, Temu team",2026-07-20T12:22:27.000Z
temu.com,id:6a5d5cebdac48f6a4a13d5ef,native_id,6a5d5cebdac48f6a4a13d5ef,1,false,1784510731,07/20/2026 01:25:31,Here's a polished version of your post:,"Here's a polished version of your post:

> I ordered tennis baskets for our Academy and waited 20 days for them to arrive because we urgently needed them. To my surprise, when the package finally arrived, it contained a camping tent instead of the tennis baskets I ordered. Now I'm left without the equipment we need and out the money I spent. This simply isn't right. I hope this issue is resolved as soon as possible. #Temu",Alessio Sundas,659bcf702e89520012756855,IT,108,"Hello, thank you for reaching out and we are sorry that you are experiencing difficulties with your order. If you received the wrong items, you may apply for a refund by messaging us through Temu.com or Temu app live chat. Simply type ""wrong item"" into the chat, select the item from your order that is wrong, and follow the directions on the screen to complete your refund application. You can choose to receive your refund back to your original payment method or as Temu credits. If you need further assistance, please message us through Temu.com or Temu app live chat so we can help you. Best wishes, Temu team",2026-07-20T03:03:18.000Z
temu.com,id:6a5d58631cf293b68603d192,native_id,6a5d58631cf293b68603d192,1,false,1784509571,07/20/2026 01:06:11,SWEATY CARTEL give TEMU a bad name  !!,"This is REALLY not a TEMU issue !
I recently bought a case of 24 cans of COCA COLA Sugarfree 33cl from an AFFILIATED supplier to TEMU called SWEATY-CARTEL. 
The cans were repacked badly in a plain cardboard box which did not protect them !
The order was dropped onto one corner which damaged 11 cans.  I cannot use the ring pull (if still there!) to open these cans !
& because SweatyCartel will NOT accept RETURNS. I have resorted to violence ! 😇
Using a small chisel and hammer … and loads of kitchen towels I have messily managed to get a drink for our family barbecue !!
During this messy time I submitted photos and a video through TEMU of the damaged cans …. 
I HONESTLY EXPECTED TEMU WOULD SUSTAIN THEIR EXCELLENT CUSTOMER SERVICE history with me, and I would be compensated for THE SUPPLY OF DAMAGED GOODS!

BUT NO I AM NOT TO BE REIMBURSED FOR DAMAGED GOODS ……. By the charlatans at SweatyCartel !

I CALL THIS FRAUD AND A RIP OFF !

I will continue to CAUTION customers TO BE AWARE that SWEATY-CARTEL are NOT VERY PROFESSIONAL with no idea of CUSTOMER SEEVICE.

I URGE TEMU to REMOVE SWEATY CARTEL as a supplier of goods via TEMU. 
The TEMU name is dragged down !

✋🏼MEANWHILE BEWARE THEYLL TAKE YOUR MONEY DELIVER DAMAGED GOODS AND NOT REFUND YOU

I BELIEVE THIS IS ILLEGAL .???
",John J. O'Mara,5f7f74d1198b1000190c80eb,IE,31,"Hello, thank you for reaching out to us. We are sorry for any inconvenience caused. Customer satisfaction is of the utmost importance and we are constantly working to improve our service quality. If you need further assistance, please message us through Temu.com or Temu app live chat. We appreciate you giving us another chance to serve you. Best wishes, Temu team",2026-07-20T03:03:55.000Z
temu.com,id:6a5d5624ae649912f388ffc1,native_id,6a5d5624ae649912f388ffc1,5,false,1784508996,07/20/2026 00:56:36,The reason why I gave them a five is…,"The reason why I gave them a five is because I find them with great customer service and while you’re waiting for your refund to come, they certainly keep you posted",Mary,6a5adfdf7b418cc0e281e7b9,CA,2,"Hello, thank you for shopping with us and sharing your 5-star experience! We are so glad you've been enjoying your experience so far. Customer satisfaction is of the utmost importance and we are constantly working to improve our service quality. If you need any assistance, please message us through Temu.com or Temu app live chat. Best wishes, Temu team",2026-07-20T02:11:59.000Z
temu.com,id:6a5d3ddfa454c13e021729da,native_id,6a5d3ddfa454c13e021729da,1,false,1784502783,07/19/2026 23:13:03,ATTENZIONE!,ATTENZIONE! Vi mettono le tasse proprio alla fine senza informazioni. Non vale piu,Agnieszka Bajorek,6407b90acca7c700134129f3,IT,4,"Ciao, grazie per averci contattato. Ci scusiamo per gli eventuali disagi. La soddisfazione del cliente è di massima importanza per noi e lavoriamo costantemente per migliorare la qualità del nostro servizio. Se hai bisogno di ulteriore assistenza, non esitare a mandarci un messaggio su Temu.com o utilizzare la live chat dell'app Temu tramite questo link: https://share.temu.com/NWGRVrrOSMA . Siamo grati per la continua fiducia riposta nei nostri servizi. A presto, Il Team Temu.",2026-07-20T03:02:29.000Z
temu.com,id:6a5d3a18ef7a78ca97cdc828,native_id,6a5d3a18ef7a78ca97cdc828,1,false,1784501816,07/19/2026 22:56:56,I don't think it's Temu's fault but I…,"I don't think it's Temu's fault but I don't want to order from Temu right now! 

As long as politicians impose customs duties and import fees—which I consider a penalty, though I don't know what for—I won't be buying anything from Temu anymore. I'm frequently logging in on Temu to find out if the customs duties and import fees still exist.

And €3.- per article is brazen! 

And when people seriously stop buying by Temu then the politicians don't get their money and stop this madness money making, perhaps. ",Saxoman S,626526f3f452ad0012199ab2,DE,11,"Hello, thank you for reaching out to us. We are sorry for any inconvenience caused. Customer satisfaction is of the utmost importance and we are constantly working to improve our service quality. If you need further assistance, please message us through Temu.com or Temu app live chat. We appreciate you giving us another chance to serve you. Best wishes, Temu team",2026-07-20T03:02:47.000Z
temu.com,id:6a5d2afc5a791839602ffe3a,native_id,6a5d2afc5a791839602ffe3a,1,false,1784497948,07/19/2026 21:52:28,Bir ay once iade ettigim urunun para…,Bir ay once iade ettigim urunun para iadesini yapmiyor temu,Muzaffer Topal,6a5a41fd7b418c5311812edb,BE,2,"Merhaba, bizimle iletişime geçtiğiniz için teşekkür ederiz. Yaşadığınız olumsuz deneyim için üzgünüz. Müşteri memnuniyeti bizim için en büyük önceliktir ve hizmet kalitemizi sürekli olarak geliştirmek için çalışıyoruz. Daha fazla yardıma ihtiyacınız olursa lütfen Temu.com veya Temu uygulamasındaki canlı sohbet üzerinden bizimle iletişime geçin. Bize yeniden hizmet etme fırsatı verdiğiniz için teşekkür eder, size en iyi dileklerimizi sunarız. Temu Ekibi",2026-07-20T03:03:33.000Z
temu.com,id:6a5d2accd8933f66205af9fe,native_id,6a5d2accd8933f66205af9fe,1,false,1784497900,07/19/2026 21:51:40,Attenzione attenzione mette 3 ogni…,Attenzione attenzione mette 3 ogni articolo su 10 articoli da 1€ pagate 10€ articoli + 30€ di tasse totale 40€ fate ATTENZIONE ,rosalba ciaravolo,5da0ae1fd36267198943be91,IT,5,"Ciao, grazie per averci contattato. Ci scusiamo per gli eventuali disagi. La soddisfazione del cliente è di massima importanza per noi e lavoriamo costantemente per migliorare la qualità del nostro servizio. Faremo un follow-up su questa questione. Se hai bisogno di ulteriore assistenza, non esitare a mandarci un messaggio su Temu.com o utilizzare la live chat dell'app Temu tramite questo link: https://share.temu.com/NWGRVrrOSMA . Siamo grati per la continua fiducia riposta nei nostri servizi. A presto, Il Team Temu.",2026-07-20T06:33:56.000Z
temu.com,id:6a5d16adbb8df824ed719812,native_id,6a5d16adbb8df824ed719812,1,false,1784492749,07/19/2026 20:25:49,I have been waiting for a refund for a…,"I have been waiting for a refund for a long time.
It's now 19 days.",Avraham,68542c4a4e662d684d475d20,GB,3,"Hello, thank you for reaching out to us. We are sorry for any inconvenience caused. Customer satisfaction is of the utmost importance and we are constantly working to improve our service quality. We will follow up on this matter. If you need further assistance, please message us through Temu.com or Temu app live chat. We appreciate you giving us another chance to serve you. Best wishes, Temu team",2026-07-20T06:18:16.000Z
temu.com,id:6a5d120102c10fdb336d31b9,native_id,6a5d120102c10fdb336d31b9,1,false,1784491553,07/19/2026 20:05:53,Delusa da temu,Purtroppo oggi ho dovuto disattivare mio account su Temù perché ho visto dopo che ho preso ordini che il tot di spese era più 14 euro  e forse da poco perché prima non c'era o parlato con assistente in chat  e mi ha detto che ci sono 3 euro in più per ordini fuori unione europea praticamente tutti dato che azienda si trova in Cina così quando fai ordine di 20 euro ti trovi a pagare il doppio di spese anche a 30 euro assurdo mi dispiace perché aveva prodotti che costavano poco ma con le spese di spedizione arrivi a pagare più dei altri siti in Italia...,GALASSIA STELLA,5bf0691e5483f4b8a9c3dac0,IT,16,"Ciao, grazie per averci contattato. Ci scusiamo per gli eventuali disagi. La soddisfazione del cliente è di massima importanza per noi e lavoriamo costantemente per migliorare la qualità del nostro servizio. Faremo un follow-up su questa questione. Se hai bisogno di ulteriore assistenza, non esitare a mandarci un messaggio su Temu.com o utilizzare la live chat dell'app Temu tramite questo link: https://share.temu.com/NWGRVrrOSMA . Siamo grati per la continua fiducia riposta nei nostri servizi. A presto, Il Team Temu.",2026-07-20T06:23:53.000Z
temu.com,id:6a5d0cc21b7e49ef16c2be21,native_id,6a5d0cc21b7e49ef16c2be21,1,false,1784490210,07/19/2026 19:43:30,Images de produit sont souvent trompeuses,"Les images présentées sont souvent trompeuses sur la quantité, la taille et souvent même ce n'est pas le produit mais une autre image. Gardez donc tous ces détails à l'esprit et vérifiez 2 fois pour ne pas vous faire avoir. Il arrive même qu'au final, vous ne soyez pas certain alors passez votre tour dans ces cas précis... 
Ajout : J'aimerais bien pouvoir ajouter des images comme exemples de produits trompeurs mais ce n'est pas possible ici. Les vendeurs montrent par exemple une photo principale avec 2 items, la mini photo pour ajouter au panier aussi, mais dans les faits c'est un seul item qu'on achète. Beaucoup, beaucoup de produits sont montrés ainsi. Ou encore le produit est simulé avec une personne ou dans un contexte lui aussi simulé dans Photoshop à côté et les proportions du produit sont grossies ou trompeuses. Je ne m'avancerais pas à donner de pourcentage car plusieurs produits sont très bien décrits et plusieurs vendeurs font bien leur travail, mais ce n'est pas acceptable de laisser publier une présentation visuelle intentionnellement trompeuse.",André,67193ad84f7c20e03478d827,CA,3,"Bonjour, merci d'avoir fait vos achats sur Temu ! Vos commentaires sont extrêmement précieux pour nous, et nous sommes désolés que vous ne soyez pas satisfait(e) de certains de vos articles. Nous mettons en place des politiques strictes et des mesures de contrôle pour garantir la qualité des produits et des descriptions précises des produits. Le programme de Protection des Achats de Temu offre un remboursement intégral si vos articles n'arrivent pas, arrivent endommagés ou ne correspondent pas à la description ou aux photos (https://www.temu.com/temu-purchase-protection.html). Pour demander un remboursement, connectez-vous à l'application Temu ou à Temu.com avec le compte utilisé pour votre commande, ouvrez la page ""Vos commandes"" et cliquez sur ""Retour/Remboursement"". Pour des instructions de retour détaillées, veuillez consulter https://www.temu.com/return-and-refund-policy.html. Et vous pouvez choisir de recevoir votre remboursement sur votre mode de paiement d'origine ou sous forme de crédits Temu. Les crédits Temu apparaîtront dans votre solde de crédits Temu dans les 3 minutes et peuvent être utilisés immédiatement. Si vous choisissez de recevoir votre remboursement sur votre mode de paiement d'origine, veuillez prévoir de 5 à 14 jours ouvrés pour qu'il apparaisse, car le délai dépend de votre institution financière. Si vous avez besoin d'une assistance supplémentaire, veuillez nous contacter via Temu.com ou le chat en direct de l'application Temu. Meilleurs vœux, l'équipe Temu",2026-07-20T06:30:44.000Z
temu.com,id:6a5d0c643c08ca2a00d71f20,native_id,6a5d0c643c08ca2a00d71f20,1,false,1784490117,07/19/2026 19:41:57,Below standard and not fitting ,"Poor quality and not  fitting on all items
  This is no coincidence.  
I will not order from TEMU again. This is poor poor poor.  
I was not expecting perfection but this is at below standard",Alicia Perry,69b856db157f7bfced462088,US,2,"Hello, thank you for shopping on Temu! Your feedback is extremely valuable to us and we are sorry that you are not satisfied with some of your items. We implement strict policies and control measures to ensure product quality and accurate product descriptions. Temu's Purchase Protection program offers full refunds if your items do not arrive, arrive damaged, or do not match the description or photos (https://www.temu.com/temu-purchase-protection.html). To apply for a refund, login to the Temu app or Temu.com with the account used for your order, open the ""Your orders"" page, and click ""Return/Refund."" For detailed return instructions, please visit https://www.temu.com/return-and-refund-policy.html. You can choose to receive your refund back to your original payment method or as Temu credits. Temu credits will appear in your Temu credit balance within 3 minutes and can be used immediately. If you choose to receive your refund back to your original payment method, please allow 5-14 business days for it to appear since timing depends on your financial institution. If you need further assistance, please message us through Temu.com or Temu app live chat. Best wishes, Temu team",2026-07-20T06:34:19.000Z
temu.com,id:6a5d06a1002cb62011160c47,native_id,6a5d06a1002cb62011160c47,1,false,1784488641,07/19/2026 19:17:21,ACHTUNG BEI KOMBINIERTEN RETOUREN,"

ACHTUNG BEI KOMBINIERTEN RETOUREN! WÄRE WIRD EINBEHALTEN, GELD VERWEIGERT! 
Finger weg von diesem Shop, wenn ihr Sachen zurückschickt! Ich habe 19 Artikel fristgerecht als kombinierte Rücksendung in einem Vorgang retourniert. Die Ware ist nachweislich im Lager angekommen. Der absolute Witz: Temu hat mir selbst ein Foto aus ihrem eigenen Lager geschickt, um die Erstattung zu verweigern.
​Auf diesem Foto sieht man ganz genau: Das eine Paket der kombinierten Retoure ist bereits geöffnet – und DIREKT daneben liegt gut sichtbar das zweite, noch völlig ungeöffnete Paket mit den restlichen Artikeln! Sie haben also den glasklaren Bildbeweis, dass meine komplette Ware bei ihnen liegt. Trotzdem behalten sie stur meine Artikel UND mein Geld (171 €). Das grenzt an organisierten BETRUG am Kunden! Der Support speist einen nur mit Textbausteinen ab. Kauft hier bloß nicht ein! EIN STERN IST DA NOCH ZU VIEL LEIDER MUSS MAN DEN VERGEBEN
DIE ANTWORT VON TEMU AUF DIESE BEWERTUNG IST AUCH VOLLKOMMEN DANEBEN ES IST ÜBER MEHRERE TAGE ÜBER DEN KUNDENDIENST GELAUFEN ES KOMMEN NUR FLOSKELN UND KEINE HILFE",Andrea Wolfs,6a5d01b8b06fbf7ff5ebd21c,DE,1,"Hallo, vielen Dank, dass Sie sich an uns gewandt haben. Die Zufriedenheit unserer Kunden ist für uns von größter Bedeutung, und wir sind ständig bestrebt, uns zu verbessern. Bitte senden Sie uns eine Nachricht über Temu.com oder den Temu-App-Live-Chat, damit unser Kundenservice Team Ihnen helfen kann, dies sofort zu überprüfen. Viele Grüße, Temu Team",2026-07-20T06:21:28.000Z
temu.com,id:6a5d04d919f49872a84a03e1,native_id,6a5d04d919f49872a84a03e1,1,false,1784488185,07/19/2026 19:09:45,rimborsi mai eseguiti da temu,"ho acquistato il 09 maggio 26 un letto matrimoniale da un commerciante locale per 267,60 € il letto prevede una spedizione di due colli spediti come 2 spedizioni diverse essendo partito dalla Germania a me e arrivato solo un pacco e quindi il letto non e possibile montarlo e come se non fosse mai arrivato da 2 mesi sto on contatto con i vari team di temu che non fanno nulla per aiutarmi in base alle loro regole ho diritto al rimborso totale senza reso e loro cercano scuse su scuse, sono degli incompetenti fate attenzione ad acquistare merce di un certo valore potreste trovarvi nella stessa situazione non fidatevi !!!!!sono sicuro ormai di aver perso i miei soldi trovandomi a casa 4 tavole di truciolato inservibile",Giovanni Politelli,6a5d031f236e3d0f20da89b1,IT,1,"Ciao, grazie per averci contattato. Ci scusiamo per gli eventuali disagi. La soddisfazione del cliente è di massima importanza per noi e lavoriamo costantemente per migliorare la qualità del nostro servizio. Faremo un follow-up su questa questione. Se hai bisogno di ulteriore assistenza, non esitare a mandarci un messaggio su Temu.com o utilizzare la live chat dell'app Temu tramite questo link: https://share.temu.com/NWGRVrrOSMA . Siamo grati per la continua fiducia riposta nei nostri servizi. A presto, Il Team Temu.",2026-07-20T06:24:54.000Z
temu.com,id:6a5d036d2a36d12e46145ffd,native_id,6a5d036d2a36d12e46145ffd,1,false,1784487821,07/19/2026 19:03:41,Stop using the spinner to suck  in stupid customers like me,"Stop using the spinner to suck in people. 
This entire enticement is a scam that encourages customers to spend their money to win free items which never happens. You receive your ""order"" for which I had a difficult time recalling that I had ordered. 
Temu also has placed within the items to purchase signs that say ""Check out"" which I purchased, as I believed would take me to the checkout page. But instead I received and was charged for three metal signs that were printed with the words, ""CHECK OUT"". 
I admit that I truly believed that I was earning free prizes for a purchases but was instead charged for any item that I indicated as a choice for a prize. 
I was fooled. And I proved myself a fool for falling for this scam.
June 1st - June 20th (approx dates)
",Sandy Prator,6a5d035cc2526c18ea90de5d,US,2,"Hello, thank you for reaching out to us. We are sorry for any inconvenience caused. Customer satisfaction is of the utmost importance and we are constantly working to improve our service quality. We will follow up on this matter. If you need further assistance, please message us through Temu.com or Temu app live chat. We appreciate you giving us another chance to serve you. Best wishes, Temu team",2026-07-20T06:32:06.000Z
temu.com,id:6a5d00e5eced8f24e9c670f3,native_id,6a5d00e5eced8f24e9c670f3,5,false,1784487173,07/19/2026 18:52:53,Bestelling ,Goed en in orde ,Wesley Van Impe,60de762e47a79c00110ddbea,BE,2,"Hoi, bedankt dat je bij ons shopt en voor het delen van je 5-sterrenervaring! We zijn blij dat je van je ervaring hebt genoten. Klanttevredenheid is voor ons van het grootste belang en we werken voortdurend aan het verbeteren van onze dienstverlening. Als je hulp nodig hebt, stuur ons dan een bericht via de livechat op Temu.com of de Temu-app. Vriendelijke groeten, Team Temu",2026-07-20T02:11:31.000Z
temu.com,id:6a5cfa6bf3cb07b56813fd6c,native_id,6a5cfa6bf3cb07b56813fd6c,1,false,1784485515,07/19/2026 18:25:15,Bonjour tout ce qui est temu Cdiscount…,Bonjour tout ce qui est temu Cdiscount amazon eBay Aliexpress sont tousse les mêmes arnaqueur Car on achète des choses qu il peut nous aider à trouver des choses intéressantes mais toujours les mêmes problème les frais de livraison sont plus chers que les articles que on voudrais acheter donc je pense qu'il devrait revoir leurs systèmes car bien taux ils faudra acheter dans les magasins car les prix sont pratiquement pareil et on aimerait aussi avoir les factures de ce que l'on achète merci ,Fabrice Valentin,686793362f2478be77382c81,FR,12,"Bonjour, merci d'avoir pris contact avec nous, et nous sommes désolés pour tout désagrément que cela a pu causer. La satisfaction du client est de la plus haute importance, et nous travaillons constamment à améliorer la qualité de notre service. Pourriez-vous s'il vous plaît nous contacter à nouveau via Temu.com ou le chat en direct de l'application Temu afin que nous puissions aider et enquêter immédiatement? Vous pouvez également visiter www.temu.com/support-center.html pour trouver plus de contacts du service client. Nous vous remercions de nous donner une autre chance de vous servir. Meilleurs vœux, l'équipe Temu",2026-07-20T06:35:00.000Z
temu.com,id:6a5cef6312e11108f397437c,native_id,6a5cef6312e11108f397437c,2,false,1784482691,07/19/2026 17:38:11,Sizes were nothing like described in…,"Sizes were nothing like described in size charts with clothes. And what you get is similar to the pic in the ads, but not the same. Clothing also looks like something that came from the dollar store. No issues withe delivery-that was ok.",Fat Cat,6a5cef5cb06fbf8b7eebbf13,US,1,"Hello, thank you for shopping on Temu! Your feedback is extremely valuable to us and we are sorry that you are not satisfied with some of your items. We implement strict policies and control measures to ensure product quality and accurate product descriptions. Temu's Purchase Protection program offers full refunds if your items do not arrive, arrive damaged, or do not match the description or photos (https://www.temu.com/temu-purchase-protection.html). To apply for a refund, login to the Temu app or Temu.com with the account used for your order, open the ""Your orders"" page, and click ""Return/Refund."" For detailed return instructions, please visit https://www.temu.com/return-and-refund-policy.html. You can choose to receive your refund back to your original payment method or as Temu credits. Temu credits will appear in your Temu credit balance within 3 minutes and can be used immediately. If you choose to receive your refund back to your original payment method, please allow 5-14 business days for it to appear since timing depends on your financial institution. If you need further assistance, please message us through Temu.com or Temu app live chat. Best wishes, Temu team",2026-07-20T06:22:36.000Z
temu.com,id:6a5ced693fd90a2528b40c7c,native_id,6a5ced693fd90a2528b40c7c,1,false,1784482185,07/19/2026 17:29:45,Ik vind het heel zielige dat de Europa…,Ik vind het heel zielige dat de Europa extra kosten moest aanpassen. Voor 25€ moet ik extra 20€ verzendkosten en Btw betalen. Heel erg het was een van mijn bestelling aankoop applicatie maar nu moet ik deze app verwijderen wegens de extra kosten!!! ,Tnsu Tns,5ef253d9e82d23761386f25e,BE,1,"Hoi, bedankt voor je bericht. Onze excuses voor enig ongemak, jouw tevredenheid vinden we belangrijk en we werken voortdurend aan het verbeteren van onze dienstverlening. Deze kwestie zullen we ook opvolgen. Als je hulp nodig hebt kan je contact opnemen via Temu.com of via de app door deze link te gebruiken: https://share.temu.com/NWGRVrrOSMA. We waarderen het dat je ons nog een kans geeft om je van dienst te zijn. Vriendelijke groeten, Team Temu",2026-07-20T06:25:22.000Z
temu.com,id:6a5cebdbc4a39bfd2cf3ce41,native_id,6a5cebdbc4a39bfd2cf3ce41,1,false,1784481787,07/19/2026 17:23:07,"Einfuhrzölle!!! Achtung, damit wird bei Temu abgezockt ","Ich habe 22 Artikel bestellt. Theoretisch waren es zwei Warengruppen einmal Kleidung, einmal Schuhe. Selbst wenn ich Unterwäsche noch als eigene Warengruppe sehe, würde es nach deutscher Gesetzesgebung.höchstens 9 Euro Einfuhrzölle bedeuten   Ich frage mich, wie es sein kann, dass auf meiner Rechnung 24,98 € Einfuhrzölle stehen. Ich weiß nicht, wie schön ich die Welt reden soll, damit ich auf diesen Betrag komme. Die Kommunikation mit Temu war sehr erfolglos da dann per Chat nur kam, es tut  Ihnen leid, dass ich unzufrieden bin. Deswegen könnte ich beim nächsten Einkauf einen 20% Gutschein erhalten. Als ich dann versucht hab bei Klarna dies zu klären war dies genauso erfolglos, weil die dann sagten, dass sie Vorgaben haben und dies nicht bearbeiten könne. Sehr enttäuschend, da ich wirklich sehr viel bei Temu bestellt habe. Das war definitiv meine letzte Bestellung.",Monika Stangl,6721e0aa086ee82741e2dfa1,DE,4,"Hallo, vielen Dank, dass Sie sich an uns gewandt haben. Die Zufriedenheit unserer Kunden ist für uns von größter Bedeutung, und wir sind ständig bestrebt, uns zu verbessern. Bitte senden Sie uns eine Nachricht über Temu.com oder den Temu-App-Live-Chat, damit unser Kundenservice Team Ihnen helfen kann, dies sofort zu überprüfen. Viele Grüße, Temu Team",2026-07-20T06:32:35.000Z
temu.com,id:6a5ce9e189573109b23fd09d,native_id,6a5ce9e189573109b23fd09d,1,false,1784481281,07/19/2026 17:14:41,Mauvaise qualité ,Mauvaise qualité ! De plus en plus médiocre.  Avant on tombait sur un article cassé ou qui ne fonctionnait pas mais on était remboursé et maintenant c'est presque la moitié qui est HS comme le tuyau d'arrosage qui n'a pas tenu une semaine mais obligé de retourner en Chine avec les taxes ! À fuir !!,GASSEN,5d48422d705d03e7d6b866b3,FR,52,"Bonjour, merci d'avoir pris contact avec nous, et nous sommes désolés pour tout désagrément que cela a pu causer. La satisfaction du client est de la plus haute importance, et nous travaillons constamment à améliorer la qualité de notre service. Pourriez-vous s'il vous plaît nous contacter à nouveau via Temu.com ou le chat en direct de l'application Temu afin que nous puissions aider et enquêter immédiatement? Vous pouvez également visiter www.temu.com/support-center.html pour trouver plus de contacts du service client. Nous vous remercions de nous donner une autre chance de vous servir. Meilleurs vœux, l'équipe Temu",2026-07-20T07:08:44.000Z
temu.com,id:6a5ce68a0d9475a0ae9ec236,native_id,6a5ce68a0d9475a0ae9ec236,3,false,1784480426,07/19/2026 17:00:26,Ik koop er graag,"Ik koop er graag, maar door dat gezeur met kosten douane is mijn plezier tot kopen weg, ik heb vaak 5 a 6 producten , zeg 5 dat wordt €15,00 erbij en ook nog extra btw over die €15,00 , ik hoop dat temu met een oplossing komt bijvoorbeeld dat ze magazijn in Europa gaan openen ofzo, bedankt Europese regeringsleiders bedankt voor het verpesten van aankopen in China",Yvonne,66169e71a833010012e16607,NL,7,"Hoi, bedankt voor je bericht. Onze excuses voor enig ongemak, jouw tevredenheid vinden we belangrijk en we werken voortdurend aan het verbeteren van onze dienstverlening. Als je hulp nodig hebt kan je contact opnemen via Temu.com of via de app door deze link te gebruiken: https://share.temu.com/NWGRVrrOSMA. We waarderen het dat je ons nog een kans geeft om je van dienst te zijn. Vriendelijke groeten, Team Temu",2026-07-20T07:10:09.000Z
temu.com,id:6a5ce5fa7348aa285ba19481,native_id,6a5ce5fa7348aa285ba19481,1,false,1784480282,07/19/2026 16:58:02,Worst customer service ever,Worst customer service ever!  Sent me a return label without enough postage.  Must be an ongoing thing becauae package is at USPS in TX.  They refuse to make delivery because of the postage due   Temu sent FEDEX label whith USPS tracking as well.  I dropped off at Fedex and they transferred to USPS for final delivery.  All Temu did was check Fedex not USPS tracking.  As far as Temu is concerned despite repeated supporting documents I receive a form email DAILY forr nearly a monrh.  Same exact wordage!  I will never purchase from Temu again.  I had to dispute wirh my credit card!,T Rob,6a5ce5e37b418c5687837d46,US,1,"Hello, thank you for taking the time to share your feedback. To help us review the matter further, we kindly ask that you complete the Information Request Form we have sent and provide the requested details, such as your order number(typically starting with PO-xxx)  or the email address associated with your Temu account. Once we receive the information, we will review your case and coordinate with the relevant team for further follow-up. If you have any additional questions or need further assistance, please feel free to contact us through the Temu website or the Temu app live chat via this link: https://share.temu.com/NWGRVrrOSMA. Thank you for your time, patience, and cooperation. Best wishes, Temu Team",2026-07-20T07:23:33.000Z
temu.com,id:6a5ce355e046bbc5929a7a55,native_id,6a5ce355e046bbc5929a7a55,5,false,1784479606,07/19/2026 16:46:46,Temu n’a pas le choix et doit appliquer…,"Temu n’a pas le choix et doit appliquer les taxes imposées par des membres de l’Etat qui gagnent 15000 € par mois et qui taille du M. Allez trouver du 4xl en France, vous pouvez chercher ou a des prix hallucinants. Non je ne commanderai peut être plus sur Temu autant qu’avant mais je n’achèterais pas non plus en France ni en Europe. Je garderais juste ce que je porte et ce sera suffisant. Merci de m’avoir fait faire des économies. ",eugene cas,6a5ce351ff3db21e27b950ba,FR,1,"Bonjour, merci pour votre reconnaissance. Nous sommes honorés de vous servir et ravis que vous aimiez les produits que nous proposons. Nous espérons pouvoir continuer à offrir la meilleure expérience d'achat à nos clients sur Temu. Si vous avez besoin d'aide, n'hésitez pas à nous contacter via Temu.com ou le chat en direct de l'application Temu. Meilleurs vœux, l'équipe Temu",2026-07-20T02:11:01.000Z
temu.com,id:6a5cd11464ebbb5bb14856d0,native_id,6a5cd11464ebbb5bb14856d0,1,false,1784474932,07/19/2026 15:28:52,Tempted Excuses Malfunction Useless,"Generous at x1 star goods go missing you get a refund only to be a credit to spend on Temu,customer service is awful talking to a robot,can’t understand the simplest of explanations endless pointless offers and to cap it all they use EVRI avoid this app at all times even Turpin (the highwayman) wore a mask!!!!",Kevin Wild,5d29dbb5ee24f80c3273d56f,GB,53,"Hello, thank you for taking the time to share your feedback. To help us review the matter further, we kindly ask that you complete the Information Request Form we have sent and provide the requested details, such as your order number(typically starting with PO-xxx)  or the email address associated with your Temu account. Once we receive the information, we will review your case and coordinate with the relevant team for further follow-up. If you have any additional questions or need further assistance, please feel free to contact us through the Temu website or the Temu app live chat via this link: https://share.temu.com/NWGRVrrOSMA. Thank you for your time, patience, and cooperation. Best wishes, Temu Team",2026-07-20T07:13:34.000Z
temu.com,id:6a5cc124e169125ca81faab8,native_id,6a5cc124e169125ca81faab8,3,false,1784470852,07/19/2026 14:20:52,The products are cheap and does not…,"The products are cheap and does not last longer and I think this company  cheating the consumers of the these cheap items , some that turn it not real silver or gold!!!!!!!!!",ZEYNEP DAVIS,6a5cbffd7b418c19218356a1,US,4,"Hello, thank you for reaching out and we are sorry that you are not satisfied with your items. Temu works with a network of merchandise partners, manufacturers, brands to curate and deliver quality, affordable products. We implement strict policies and control measures to ensure product quality and accuracy of product descriptions. If you are not satisfied with any items you receive, you may apply for a refund within 90 days of purchase. Temu's Purchase Protection program offers full refunds if your items do not arrive, arrive damaged, or do not match the description or photos (https://www.temu.com/temu-purchase-protection.html). To apply for a refund, login to the Temu app or Temu.com with the account used for your order, open the ""Your orders"" page, and click ""Return/Refund."" For detailed return instructions, please visit https://www.temu.com/return-and-refund-policy.html. If you need further assistance, please message us through Temu.com or Temu app live chat. Best wishes, Temu team",2026-07-20T07:24:43.000Z
temu.com,id:6a5cc0da06e290dfc0f9ffe6,native_id,6a5cc0da06e290dfc0f9ffe6,1,false,1784470778,07/19/2026 14:19:38,Achtung: Intransparente Rücksendungen und verdächtige Abrechnungen!,"Achtung: Intransparente Rücksendungen und verdächtige Abrechnungen!
​Ich habe in der Vergangenheit sehr viel bei Temu eingekauft, aber was bei meiner letzten Bestellung passiert ist, grenzt an absolute Abzocke.
​1. Willkürliche Änderung der Rücksendebedingungen:
Obwohl überall mit „kostenloser Rücksendung“ geworben wird, wurde mir diese plötzlich verweigert. Erst nach einer stundenlangen Diskussion mit dem Kundenservice hieß es, ich müsse den Rückversand selbst zahlen, weil ich in der Vergangenheit „zu viel“ retourniert hätte, obwohl ich nur ein Teil der Bestellung zurück versandt. Dass ich insgesamt einen sehr hohen Umsatz bei Temu generiert habe, hat niemanden interessiert. Solche Einschränkungen gehören vor dem Kauf klar kommuniziert und nicht erst im Nachhinein!
​2. Sehr verdächtiger „Verlust“ eines Artikels:
Nach langem Hin und Her habe ich schließlich doch ein kostenloses Rücksendeetikett bekommen und 5 Artikel zurückgeschickt. Kaum ist das Paket da, behauptet Temu plötzlich, dass genau ein Artikel fehlen würde. Das absolut Dreiste daran: Der Wert dieses angeblich fehlenden Artikels entspricht  den Versandkosten, die man mir vorher aufzwingen wollte! Ein Schelm, wer Böses dabei denkt.
​3. Keine Preistransparenz mehr:
Zudem ist mir aufgefallen, dass man in der Bestellübersicht im Nachhinein nicht mehr die Preise sieht, zu denen man die Produkte tatsächlich gekauft hat. Die Preise schwanken dort ständig mit den aktuellen Tagespreisen, was eine nachträgliche Kontrolle der Abrechnung fast unmöglich macht.",Sofia,668f58800c1948353a254e9a,DE,2,"Hallo, vielen Dank, dass Sie sich an uns gewandt haben. Wir entschuldigen uns für die entstandenen Unannehmlichkeiten. Die Zufriedenheit unserer Kunden ist uns sehr wichtig und wir arbeiten ständig daran, unsere Servicequalität zu verbessern. Wenn Sie weitere Fragen oder Bedenken haben, schreiben Sie uns bitte eine Nachricht im Live-Chat auf Temu.com oder in der Temu-App. Sie können auch www.temu.com/support-center.html besuchen, um weitere Ansprechpartner für den Kundendienst zu finden. Wir danken Ihnen, dass Sie uns eine weitere Chance geben, Ihnen zu helfen. Viele Grüße, Temu Team",2026-07-20T07:21:32.000Z
temu.com,id:6a5cb2396723cf04aabe8b54,native_id,6a5cb2396723cf04aabe8b54,1,false,1784467033,07/19/2026 13:17:13,Commande renvoyé depuis plus de 10…,"Commande renvoyé depuis plus de 10 jours et toujours pas de remboursement alors que l’article a été déposé comme convenu dans un point relais avec le QR code fourni par T. MU, lamentable.",Jean-Baptiste Angelelli,5d6f7f1932856984ec958c71,FR,8,"Bonjour, merci d'avoir pris contact avec nous, et nous sommes désolés pour tout désagrément que cela a pu causer. La satisfaction du client est de la plus haute importance, et nous travaillons constamment à améliorer la qualité de notre service. Pourriez-vous s'il vous plaît nous contacter à nouveau via Temu.com ou le chat en direct de l'application Temu afin que nous puissions aider et enquêter immédiatement? Vous pouvez également visiter www.temu.com/support-center.html pour trouver plus de contacts du service client. Nous vous remercions de nous donner une autre chance de vous servir. Meilleurs vœux, l'équipe Temu",2026-07-20T07:14:56.000Z
temu.com,id:6a5cafd6318d829c363c9177,native_id,6a5cafd6318d829c363c9177,1,false,1784466422,07/19/2026 13:07:02,NO OS DEJÉIS ENGAÑAR CON LAS TASAS,"NO OS DEJÉIS ENGAÑAR CON LAS TASAS. SE COBRA COMO TASAS DE ADUANA 3€ POR CADA CATEGORIA NO ARTICULO, Y TEMU LO ESTA HACIENDO POR CADA ARTICULO
ACTUALIZO: es muy gracioso, en público hacen como si les interesara. Ya os contacté por privado y habéis respondido una absurdo que lo único que deja claro es que venga vayáis a la gente cobrando tres euros por cada artículo que se pida y no por cada categoría",LSF,60e58c13b2cb710012c5b052,ES,273,"Hola, gracias por ponerte en contacto con nosotros. Lamentamos cualquier inconveniente que hayas experimentado. La satisfacción del cliente es nuestra prioridad y trabajamos continuamente para mejorar nuestros servicios. Si necesitas más ayuda, por favor, envíanos un mensaje a través de Temu.com o utiliza el chat en vivo de la aplicación en este enlace: https://share.temu.com/NWGRVrrOSMA. Agradecemos que nos brindes otra oportunidad para servirte. Saludos, Equipo Temu",2026-07-20T07:15:51.000Z
temu.com,id:6a5c9de181fb22f33c8a63b9,native_id,6a5c9de181fb22f33c8a63b9,1,false,1784461825,07/19/2026 11:50:25,Envíos con Impuestos fuera de España ,"He sido clienta de Temu durante muchos años y casi siempre estaba contenta tanto con el producto como con el servicio de entrega,hasta el mes de Julio del 2026 mi hermana me informo que Temu cobrará impuestos de envío desde China,cundo hice mi último pedido que eran unos 51€ al pagar me habían cobrado 30€ por los impuestos.Tengo que avisar que como son muy listos si ponen una linea de información de impuestos en la pantalla de productos pero yo ni me he fijado,pero hasta ahí es todo lícito pero normalmente un envío desde China tardaba unos 15dias está ves lo he recibido en una semana en la oja de envío con el QR pone Remitente Calle Marcelino Camacho 13 28830San Fernando de Henares,yo puedo estar equivocada pero a mí me parece que si viene de China debería que figurar la dirección de Remitente de China y no de España.Sea como sea este ha sido mi última Compra de Temu .",Lydia Staudinger,6a5c9dd8b06fbfabc4eb6b78,ES,1,"Hola, gracias por ponerte en contacto con nosotros. Lamentamos cualquier inconveniente que hayas experimentado. La satisfacción del cliente es nuestra prioridad y trabajamos continuamente para mejorar nuestros servicios. Si necesitas más ayuda, por favor, envíanos un mensaje a través de Temu.com o utiliza el chat en vivo de la aplicación en este enlace: https://share.temu.com/NWGRVrrOSMA. Agradecemos que nos brindes otra oportunidad para servirte. Saludos, Equipo Temu",2026-07-20T07:11:19.000Z
temu.com,id:6a5c9bbd97775ec95b861e7a,native_id,6a5c9bbd97775ec95b861e7a,1,false,1784461277,07/19/2026 11:41:17,Second post  réponse à temu ,"Second post 
Voici le premier 
Plus bête que leur équipe.,
Colis livré le 13 par gofo par terre avec photos à l'appui et message téléphonique de la livreuse  attestant qu'il est bien au pied de la porte..je contact temu car j'étais pas chez moi pour leur dire il m'envoie la foto pour me dire c'est livré.. Je rentre plus tard et évidemment plus de colis il me crée un ticket dans lequel on échange 
Ethan /gelsomina Vittorio/Elena toni
Pour ceux qui jouent aux courses hippiques 
Il y a les outsider tokar eux c'est des non partant 
Ils m'ont écrit colis livré bon en main propre pour la société gofo malgré une foto bref FACE A TANT DE DÉBILITÉ J'AI FAIT UN LITIGE PAYPAL QUI M'A REMBOURSÉ ILLICO  et OUI EUX SONT PLUS INTELLIGENT
ALORS J'AI ÉCRIT À TEMU REMBOURSEZ ÇA IRA A PAYPAL 
REMBOURSEZ PAS PAYPAL SE SERVIRA TOUT SEUL et ce sera easy vu les preuves 
ET BIEN ILS CONTINUENT LEUR BLABLA ALORS QUE JE LES INSULTÉ DES PIRES INJURES CASH sans détours 
En fait si j'avais payé en CB ???
J'invite Les gens à payer avec PayPal voire même les voler il faut être de mauvaise foi 
Car c'est un vrai gang organisé 
Mon numéro de commande 
PO-069-07670570752630262
Ça c'est pour lire leur réponse bidon 
De plus avec la taxe sur les colis c'est nul comme site 
J'étais un trop bon client trop bon Trop c**
Alors c'est terminé pour moi et j'espère pour tout le monde 
Réponse de temu
La même qu'à tout le monde c'est vous dire le sérieux de cette boîte et la considération qu'ils portent à leurs clients 
ALORS MOI J'AI UN TICKET ET AU VU DES RÉPONSES QUE J'AI EUES A QUOI BON ÉCRIRE 
MÊME PAS LE CRAN DE RÉPONDRE HONNÊTEMENT JE COMPRENDS LES 57% DE 1 ÉTOILE
ALLEZ POUR MOI C'EST LA FIN J'ÉCRASE MON COMPTE ON PEUT PAS LUTER  AVEC DES FANTÔMES 
ÇA+ LA TAXE COLIS=BOYCOTT ",stefan B.,65626c2a48a8b500122d180a,FR,53,"Bonjour, merci d'avoir pris contact avec nous, et nous sommes désolés pour tout désagrément que cela a pu causer. La satisfaction du client est de la plus haute importance, et nous travaillons constamment à améliorer la qualité de notre service. Nous allons faire un suivi de cette affaire et vous répondre dès que possible. Nous vous remercions de nous donner une autre chance de vous servir. Meilleurs vœux, l'équipe Temu",2026-07-20T07:05:05.000Z
temu.com,id:6a5c9831019b2e786f103444,native_id,6a5c9831019b2e786f103444,1,false,1784460369,07/19/2026 11:26:09,Useless app and customer service ,"Useless customer service run by AI bots. Even when they write they’ll get a human, you end up with another AI bot pretending to be a human.

",Felix Børgesen,5433b90700006400018eb0d9,DK,38,"Hello, thank you for reaching out to us. We are sorry for any inconvenience caused. Customer satisfaction is of the utmost importance and we are constantly working to improve our service quality. If you need further assistance, please message us through Temu.com or Temu app live chat. We appreciate you giving us another chance to serve you. Best wishes, Temu team",2026-07-19T13:35:19.000Z
temu.com,id:6a5c952d286f21ed112ec0d0,native_id,6a5c952d286f21ed112ec0d0,1,false,1784459597,07/19/2026 11:13:17,wird immer schlimmer,"wird immer schlimmer. Artikel teilweise teurer als bei Amazon, Service seit 01. Juli deutlich schlechter. für eine kostenlose Rückerstattung muss ich den Paketschein selbst ausfüllen, vorher gab es einen unkomplizierten QR Code. für die Rücksendegebühr muss man jetzt auch noch in Vorkasse gehen, den beleg fotografieren und zu Temu schicken. das ist Mittelalter. ich kaufe lieber bei Amazon in Zukunft . 
eine Stunde habe ich am Handy verbracht und gechattet, das für nichts! die automatischen Antworten, von einem Bot generiert, können Sie sich sparen. Ich habe besseres zu tun, als Stunden vor dem Handy zu verbringen! ",Tankred Bark,59fca23e0000ff000addb278,DE,39,"Hallo, vielen Dank, dass Sie sich an uns gewandt haben. Die Zufriedenheit unserer Kunden ist für uns von größter Bedeutung, und wir sind ständig bestrebt, uns zu verbessern. Bitte senden Sie uns eine Nachricht über Temu.com oder den Temu-App-Live-Chat, damit unser Kundenservice Team Ihnen helfen kann, dies sofort zu überprüfen. Viele Grüße, Temu Team",2026-07-19T13:25:26.000Z
temu.com,id:6a5c93b5842f88713e0991db,native_id,6a5c93b5842f88713e0991db,1,false,1784459221,07/19/2026 11:07:01,Imposible seguir comprando con impuestos exagerados,"Los artículos son buenos pero últimamente es imposible comprar más en TEMU, los impuestos que se aplican son imposibles de asumir.
Sintiéndolo mucho no puedo comprar más a través de TEMU si no cambian el método.
Si se pudiera pedir los artículos que quisiéramos (aunque fueran 1 o 2) en vez de obligarnos a pedir un mínimo de 20€ quizás se pudiera asumir los impuestos pero si encima de tener que pedir el mínimo de 20€ luego te aplican impuestos y suben otros 20€ más, es imposible.",Rebeca,651286e7892f96001260baa4,ES,12,"Hola, gracias por tu opinión y por tomarte el tiempo para compartirla. Lamentamos cualquier inconveniente que hayas experimentado.  Para continuar con nuestro compromiso con la sostenibilidad, incitamos a los clientes a alcanzar un valor mínimo de pedido para que podamos utilizar de manera más eficiente el espacio de embalaje disponible, desde bolsas hasta nuestras cajas de envío y contenedores. Al aprovechar al máximo los espacios de embalaje disponibles, reducimos la cantidad de cajas utilizadas y la cantidad de viajes realizados en nuestras entregas, lo que ayuda a reducir las emisiones de carbono al medio ambiente. Sin embargo, entendemos tu preocupación acerca de esta política y compartiremos tus comentarios con nuestro equipo para una revisión más detallada.Si necesitas más ayuda, por favor, envíanos un mensaje a través de Temu.com o utiliza el chat en vivo de la aplicación en este enlace: https://share.temu.com/NWGRVrrOSMA. Agradecemos que nos brindes otra oportunidad para servirte. Saludos, Equipo Temu",2026-07-19T13:34:44.000Z
temu.com,id:6a5c87715b99fe1fbe9eba0c,native_id,6a5c87715b99fe1fbe9eba0c,1,false,1784456081,07/19/2026 10:14:41,The worst ever experience with Temu,"The worst ever experience with Temu. Ordered a sofa that never arrived and then was sent back. I have been chasing a refund for two weeks and they keep saying they will get back to me. I think I have been scammed but luckily I protected my payment through PayPal. Everyone has been so unhelpful, it has caused me financial stress and stress in general. Even the courier lied and said it was on the drivers van being delivered to me. Also do not let Yodel ship your parcels.",Cherelle,64d8cc01bb4e710012cddd64,GB,9,"Hello, thank you for reaching out to us. We are sorry for any inconvenience caused. Customer satisfaction is very important to us, and we are continuously working to improve our service. Thank you for sharing the relevant information, and we have already escalated your issue with the relevant team for further follow-up. If you need any additional assistance, please feel free to message us through Temu.com or the Temu app live chat via this link: https://share.temu.com/NWGRVrrOSMA. We appreciate your patience and understanding. Best wishes, Temu Team",2026-07-19T13:25:57.000Z
temu.com,id:6a5c85c7923657529fbc42df,native_id,6a5c85c7923657529fbc42df,1,false,1784455655,07/19/2026 10:07:35,Διέγραψα λογαριασμό μου αλλά λαμβάνω διαδόσεις ,"Έχω καταγράψει τόσο γραπτώς με email στην υπεύθυνη του τμήματος εξυπηρέτησης όσο και στο Trusplilot την κριτική μου για την καλή εμπειρία μου χρησιμοποιώντας την εφαρμογή TEMU.
Διέγραψαν τον λογαριασμό μου και μου το επιβεβαίωσαν γραπτά. Ζήτησα να μου επιβεβαιώσουν ότι όλα τα δεδομένα μου έχουν διαγραφεί email όνομα κλπ. 
Ακόμα περιμένω απάντηση!!!! 
Καθημερινά όταν ανοίγω το κινητό μου δέχομαι διαφημίσεις temu !!
Δεν επιθυμώ να λαμβάνω ! 
Παρακαλώ να το διευθετήσετε άμεσα ! Και να λάβω απάντηση σας.
19/07 1500   βρήκα τον λόγο που λαμβάνω διαφημίσεις από temu .ήταν κακόβουλη εφαρμογή οπότε το διέγραψα από τις εφαρμογές μου. Η κριτική μου θεωρείται να μην χρειάζεται απάντηση .",Μαρια Καπέλλα,66b46d57e8e4cc398a20eb8d,GR,12,"Γεια σας, σας ευχαριστούμε που επικοινωνήσατε μαζί μας. Λυπούμαστε για οποιαδήποτε ταλαιπωρία προκλήθηκε. Η ικανοποίηση των πελατών αποτελεί την ύψιστη προτεραιότητά μας και εργαζόμαστε συνεχώς για τη βελτίωση της ποιότητας των υπηρεσιών μας. Εάν χρειάζεστε περαιτέρω βοήθεια, παρακαλούμε επικοινωνήστε μαζί μας μέσω του Temu.com ή μέσω της ζωντανής συνομιλίας στην εφαρμογή Temu. Σας ευχαριστούμε που μας δίνετε άλλη μία ευκαιρία να σας εξυπηρετήσουμε. Με εκτίμηση, Η ομάδα του Temu",2026-07-19T13:20:36.000Z
temu.com,id:6a5c83436ecd59cc69b930ea,native_id,6a5c83436ecd59cc69b930ea,1,false,1784455011,07/19/2026 09:56:51,Order PO-014-07555660607353189 Misappropriation of the buyer's money and a deceptive product warranty!,"Order PO-014-07555660607353189
 I’ve contacted them before and was told I’d get a reply, but they are just lying to mislead people! It’s been ages with no response regarding my open ticket—just bots in the chat—and they haven't even answered the complaint I filed with the BBB. They are scammers; I returned the item, and I have photos and video from the warehouse showing it was accepted and that it matched the product shown in the instruction manual—proving I’m right! Yet, no one is refunding my money or taking responsibility!!!! I am giving the company one last chance to issue a refund, or else I will sue them for misappropriation of funds, fraud, and violation of consumer rights!!! It’s been 10 days since the incident!",Dilara Abduraqimova,6a59dee7ff3db25380b64c5f,AZ,1,"Hello, thank you for reaching out to us. We are sorry for any inconvenience caused. Customer satisfaction is very important to us, and we are continuously working to improve our service. Thank you for sharing the relevant information, and we have already escalated your issue with the relevant team for further follow-up. If you need any additional assistance, please feel free to message us through Temu.com or the Temu app live chat via this link: https://share.temu.com/NWGRVrrOSMA. We appreciate your patience and understanding. Best wishes, Temu Team",2026-07-19T13:36:24.000Z
temu.com,id:6a5c83210806310733a9ba17,native_id,6a5c83210806310733a9ba17,1,false,1784454977,07/19/2026 09:56:17,Price Adjusment....,"I am very unhappy with my recent experience. I applied for a price adjustment because the price of my item dropped within the 30-day window. I provided clear proof, but the system refused it anyway( PO-141-09566580859513363-D01)

Instead of a proper refund, I was given a standard coupon that expires in just a few days. I do not want to be forced to make another purchase under a strict time limit just to receive credit that I am rightfully owed under your price adjustment policy.

Do not rely on Temu’s ""30-day price adjustment policy."" Even if you have clear screenshot proof that the price dropped, their automated system will likely refuse it—even if you have clear proof. If you go to the chat box to complain, they will not give you your money back. Instead, they close your support ticket and give you a standard coupon onto your account.
Here is the catch: The coupon expires in just a few days.

EDIT: To Temu BOT, please do not ask for order number with a mail, read it in this post. Your automated, canned responses do not address my issue and offer no real assistance.",Petra ,5d1a0d27a9030c1ddd2ba66b,NL,6,"Hello, thank you for reaching out to us. We are sorry for any inconvenience caused. Customer satisfaction is very important to us, and we are continuously working to improve our service. Thank you for sharing the relevant information, and we have already escalated your issue with the relevant team for further follow-up. If you need any additional assistance, please feel free to message us through Temu.com or the Temu app live chat via this link: https://share.temu.com/NWGRVrrOSMA. We appreciate your patience and understanding. Best wishes, Temu Team",2026-07-19T13:31:00.000Z
temu.com,id:6a5c7c929d8fdfeda13c31bb,native_id,6a5c7c929d8fdfeda13c31bb,1,false,1784453298,07/19/2026 09:28:18,Absolut Mangelhaft!!,Absolut Mangelhaft!!! Händler verspricht ständig Lieferzeiten die nicht eingehalten werden und sich teils um WOCHEN rauszieht... und die Deutschen Gesetze wie Garantie / Gewährleistung / Umtausch bei defekt gelieferten Artikeln gibt's hier nicht!!! Händler hält sich an kein einziges Deutsches Gesetz lasst die Finger davon auch wenn's günstig ist am Ende hat man mehr Schaden als wenn man es teurer gekauft hätte!!!,Tine,5fd23a5aac48d4001b9135f3,DE,25,"Hallo, vielen Dank, dass Sie sich an uns gewandt haben. Wir entschuldigen uns für die entstandenen Unannehmlichkeiten. Die Zufriedenheit unserer Kunden ist uns sehr wichtig und wir arbeiten ständig daran, unsere Servicequalität zu verbessern. Wenn Sie weitere Fragen oder Bedenken haben, schreiben Sie uns bitte eine Nachricht im Live-Chat auf Temu.com oder in der Temu-App. Sie können auch www.temu.com/support-center.html besuchen, um weitere Ansprechpartner für den Kundendienst zu finden. Wir danken Ihnen, dass Sie uns eine weitere Chance geben, Ihnen zu helfen. Viele Grüße, Temu Team",2026-07-19T13:33:18.000Z
temu.com,id:6a5c70f0af7511ec0294b075,native_id,6a5c70f0af7511ec0294b075,1,false,1784450321,07/19/2026 08:38:41,Because you can't give no stars,"Because you can't give no stars. Twice my card details have been copied. With hundreds of pounds been spent in Manchester and London with in two week. I got my new card Friday, by Tuesday I had to block my second card. I had only used it on temu. Which was local sellers. What a shady site. DON'T USE THIS SITE. THEY SELL OR COPIED YOUR BANK DETAILS ",Sarah Peart,67b1bccd1e09b47a0f14c49f,GB,3,"Hello, thank you for taking the time to share your feedback. We sincerely apologize for any inconvenience this may have caused. To assist you more efficiently, please complete the Information Request Form with infomation such as your order number (typically starting with PO-xxx) or the email address associated with your Temu account, so we can follow up on your issue and provide further assistance. Thank you for your understanding and support. If you have any other questions or concerns, please message us through Temu.com or the Temu app live chat. We appreciate you giving us another chance to serve you. Best wishes, Temu Team",2026-07-19T12:09:47.000Z
temu.com,id:6a5c5419ccd7cba3ad2f7db2,native_id,6a5c5419ccd7cba3ad2f7db2,1,false,1784442937,07/19/2026 06:35:37,Worst place to shop ever!,Worst place to shop ever!! They give you a tracking number tou can't even track and then when you ask them they have no idea where your item/s are!! Do NOT  BUY with them... I will be returning my items if they ever get here!! ,Blank Blank,6a5c5412ff3db20a34b8de0c,US,1,"Hello, thank you for reaching out to us. We are sorry for any inconvenience caused. Customer satisfaction is of the utmost importance and we are constantly working to improve our service quality. We will follow up on this matter. If you need further assistance, please message us through Temu.com or Temu app live chat. We appreciate you giving us another chance to serve you. Best wishes, Temu team",2026-07-19T12:10:00.000Z
temu.com,id:6a5c4386d08a95437ae8b896,native_id,6a5c4386d08a95437ae8b896,1,false,1784438694,07/19/2026 05:24:54,El colmo de esta situación no tiene nombre si  no existe un justificante de entrega como es posible que no le reembolsen el dinero a los usuarios eso es ilegal ,La reseña del día 20/07/2026 llevo una semana pidiéndole a Temu que realice la devolución de un pedido que no he recibido 080250000100831710 número del pedido llevo muchos días tratando de comunicar con el servicio al cliente van creado 7 tiket y aún se niegan a reembolsarme mi dinero les he solicitado el comprobante de entrega que sería lo justo en este caso para la empresa Temu como para mí pero ha habido manera que me lo faciliten acabo de hablar con una agente llamada andrea y me acaba de indicar que no tienen ningún comprobante porque la empresa de mensajería no se lo ha facilitado mi pregunta es si no recibí el paquete no existe ningún comprobante de entrega de el pedido como es posible que todavía me sigan faltando al respeto y jugando con mi tiempo y dinero mientras esta plataforma me permita expresar mi inconformidad por un mal servicio lo aré todos los días  y de ante mano quiero agradecerles a todas personas que nos han contactado ya somos 100 personas pasando por la misma situación que era lo que buscaba comenzaremos a trabajar de manera muy constante y compromiso para cumplir les objetivo que les prometió mi pareja de todo corazón gracias porque no es justo que todo los que nos toca trabajar perder el dinero por publicidad engañosa por daños perjuicios por maltrato al cliente y más que todo porque se quedan con nuestro dinero algo que es ilegal y ellos no son conciente de lo ilegal que es estafar a los clientes porque así se le llama a la situación donde pagas por un pedido y no te lo entregan y no hay justificación de entrega es estafa robo PO-186-21986690181753188 no hay forma que le quieran devolver el dinero de un pedido que no he recibido y tampoco sé cómo puedo hacer de qué manera hacer para que me entreguen el justificante de entrega esto ha sido bastante frustrante desde el 14 de julio el pedido lleva perdido y ellos me niegan la solicitud de reembolso no sé de qué manera recuperar mi dinero ojalá por medio de estas reseñas la gente tome conciencia por lo que pasamos algunos usuarios por eso tomé la decisión que tome lleva tiempo pero la paciencia en una virtud ,Eduardo Enrique Daza Perez,6a47ba280a188fe83d97d1ea,ES,6,"Hola, gracias por ponerte en contacto con nosotros. Lamentamos cualquier inconveniente que hayas experimentado. La satisfacción del cliente es nuestra prioridad y trabajamos continuamente para mejorar nuestros servicios. Estaremos dando seguimiento a este asunto. Si necesitas más ayuda, por favor, envíanos un mensaje a través de Temu.com o utiliza el chat en vivo de la aplicación en este enlace: https://share.temu.com/NWGRVrrOSMA. Agradecemos que nos brindes otra oportunidad para servirte. Saludos, Equipo Temu",2026-07-19T12:10:27.000Z
temu.com,id:6a5c3d7dea8e67ba02af9ccc,native_id,6a5c3d7dea8e67ba02af9ccc,1,false,1784437149,07/19/2026 04:59:09,I was hacked by temu and my Apple…,I was hacked by temu and my Apple credit card I’m hoping that the DOJ goes after them ,Mary Rich,6a5c3d717b418c6f07830196,US,1,"Hello, thank you for taking the time to share your feedback. We sincerely apologize for any inconvenience this may have caused. To assist you more efficiently, please complete the Information Request Form with infomation such as your order number (typically starting with PO-xxx) or the email address associated with your Temu account, so we can follow up on your issue and provide further assistance. Thank you for your understanding and support. If you have any other questions or concerns, please message us through Temu.com or the Temu app live chat. We appreciate you giving us another chance to serve you. Best wishes, Temu Team",2026-07-19T12:10:53.000Z
temu.com,id:6a5c30067dfcc3300440c7fa,native_id,6a5c30067dfcc3300440c7fa,1,false,1784433702,07/19/2026 04:01:42,They said I received my package ,"They said I received my package 
9200190377915313770831 
Devil Ray Shape Hot Tub Absorber 

It Says delivered in mailbox August 5th which i never got it! They said the time has expired and I paid for the item and everything. I have paid alot on temu and usually never complain but them saying I received an item from which it never came just really irritates and pisses me off! I paid for it and I at least should get my refund or my item that I paid for!!!!!!!!! TEMU IS PATHETIC.  I WILL NEVER PURCHASE ANYTHING FROM THIS FAKE ASS SITE AGAIN!! ",Niki Hornish,6a5c2ffcc2526c641d903e60,US,1,"Hello, thank you for reaching out to us. We are sorry for any inconvenience caused. Customer satisfaction is of the utmost importance and we are constantly working to improve our service quality. We will follow up on this matter. If you need further assistance, please message us through Temu.com or Temu app live chat. We appreciate you giving us another chance to serve you. Best wishes, Temu team",2026-07-19T12:11:04.000Z
temu.com,id:6a5c2b886f6dc0fdbc020697,native_id,6a5c2b886f6dc0fdbc020697,1,false,1784432552,07/19/2026 03:42:32,DO NOT ORDER FROM TEMU,"I ordered a blouse and two pairs of shoes based on Facebook ads.  Facebook is now getting sued because they make a ton of money from fraudulent companies.  Anyway, the shirts had no tags and the shoes were made of plastic. I threw it all away. Returns require ""tags"" which were nonexistent. DO NOT ORDER FROM TEMU.",I was robbed,6a5c29eeb06fbf3f9eeb30d6,US,2,"Hello, thank you for reaching out to us. We are sorry for any inconvenience caused. Customer satisfaction is of the utmost importance and we are constantly working to improve our service quality. We will follow up on this matter. If you need further assistance, please message us through Temu.com or Temu app live chat. We appreciate you giving us another chance to serve you. Best wishes, Temu team",2026-07-19T12:11:33.000Z
temu.com,id:6a5c2a762f0955b77c3540b4,native_id,6a5c2a762f0955b77c3540b4,1,false,1784432278,07/19/2026 03:37:58,I ordered 4 shirts $73  and got nothing…,"I ordered 4 shirts $73  and got nothing I'm waiting for a refund  but it takes too long. If i have to ill take legal action against Temu
Never again
",Dionysios Lazanis,66dbe125193b7202673f341e,CA,2,"Hello, thank you for reaching out to us. We are sorry for any inconvenience caused. Customer satisfaction is of the utmost importance and we are constantly working to improve our service quality. We will follow up on this matter. If you need further assistance, please message us through Temu.com or Temu app live chat. We appreciate you giving us another chance to serve you. Best wishes, Temu team",2026-07-19T12:11:45.000Z
temu.com,id:6a5c21f43b2843262f45685d,native_id,6a5c21f43b2843262f45685d,1,false,1784430100,07/19/2026 03:01:40,Very shady practices when using your…,"Very shady practices when using your returned credit to purchase something else from them. They have one price while selecting the item but they increase the price when checking out, which really doesn't give your money/credit back. Just shady! Once I receive my items from them with their pretend return/credit of my refund, I most likely want shop with them anymore or my daughters and friends and associates once I inform them of their shady refund practices.",Brenda Johnson,62047dd308903800132b6fa3,US,3,"Hello, thank you for reaching out to us. We are sorry for any inconvenience caused. Customer satisfaction is of the utmost importance and we are constantly working to improve our service quality. We will follow up on this matter. If you need further assistance, please message us through Temu.com or Temu app live chat. We appreciate you giving us another chance to serve you. Best wishes, Temu team",2026-07-19T12:11:57.000Z
temu.com,id:6a5c1ae496a7f0fd25a39d11,native_id,6a5c1ae496a7f0fd25a39d11,1,false,1784428292,07/19/2026 02:31:32,Dissatisfied ,"Temu said I could get 8 free gifts.  I put 8 gifts in the cart, and I found out later that they put the free gifts on my charge card without my permission. I am warning you all if you open your Temu app and it says you have free gifts, please disregard it because you will pay for it. ",Mary Swann,62f114a2911739001395eaba,US,3,"Hello, thank you for participating in our promotional activities and we are sorry that you are experiencing difficulties with your rewards. Customer satisfaction is of the utmost importance and we are constantly working to improve our service quality. Please contact us again through Temu.com or Temu app live chat so we can help you investigate right away. Best wishes, Temu team",2026-07-19T12:12:53.000Z
temu.com,id:6a5c0368ebf60b4ab1609bcc,native_id,6a5c0368ebf60b4ab1609bcc,2,false,1784422280,07/19/2026 00:51:20,Wieso soll ich für 6 Kleider,"Wieso soll ich für 6 Kleider, die eine Warengruppe ergeben fast 11 Euro Gebühren bezahlen? Das verstehe ich nicht. Solange das unklar ist bestelle ich nix mehr ",Deniz Sencan,61d5cb71b3a2af0012030ac0,DE,11,"Hallo, vielen Dank, dass Sie sich an uns gewandt haben. Die Zufriedenheit unserer Kunden ist für uns von größter Bedeutung, und wir sind ständig bestrebt, uns zu verbessern. Bitte senden Sie uns eine Nachricht über Temu.com oder den Temu-App-Live-Chat, damit unser Kundenservice Team Ihnen helfen kann, dies sofort zu überprüfen. Viele Grüße, Temu Team",2026-07-19T06:14:19.000Z
temu.com,id:6a5c00d7abdd1446a1cec3d4,native_id,6a5c00d7abdd1446a1cec3d4,1,false,1784421623,07/19/2026 00:40:23,I've given this company 5 chances to…,"I've given this company 5 chances to get an order correct. I've received damaged items,late deliveries, and haven't received any of the free items I was entitled too. And chose. I've been in contact with several people from Temu. No help at all. This is a scam company. BEWARE TEMU",Juzme Lewis,69b1deee513e81784f7c54ab,CA,6,"Hello, thank you for reaching out to us. We are sorry for any inconvenience caused. Customer satisfaction is of the utmost importance and we are constantly working to improve our service quality. We will follow up on this matter. If you need further assistance, please message us through Temu.com or Temu app live chat. We appreciate you giving us another chance to serve you. Best wishes, Temu team",2026-07-19T06:15:05.000Z
temu.com,id:6a5bfee732042a63233da2a8,native_id,6a5bfee732042a63233da2a8,1,false,1784421127,07/19/2026 00:32:07,I ordered 3 items on June 13th that…,"I ordered 3 items on June 13th that have never been delivered. I have sent numerous emails along with screenshots of my order on the temu app, a copy of the payment but they refuse to reimburse me.",Mina Ouanani,6a5bfec2c2526ce72b9026be,ES,1,"Hello, thank you for reaching out to us. We are sorry for any inconvenience caused. Customer satisfaction is of the utmost importance and we are constantly working to improve our service quality. We will follow up on this matter. If you need further assistance, please message us through Temu.com or Temu app live chat. We appreciate you giving us another chance to serve you. Best wishes, Temu team",2026-07-19T06:15:23.000Z
temu.com,id:6a5bf1bdd74f211e2e61f7df,native_id,6a5bf1bdd74f211e2e61f7df,1,false,1784417757,07/18/2026 23:35:57,Temu = FRAUD,"Temu = FRAUD! 
Beyond selling cheap, low-quality products, Temu’s aggressive and misleading marketing tactics feel like dealing with a professional con artist. Recently, Temu sent me a promotion claiming I could select up to eight free gifts. Curious to see whether the offer was legitimate, I decided to test it. 
I carefully selected eight items that were advertised as free and added one additional item priced at approximately $17. After completing the purchase and placing the order, I waited to see if the promotion would be honored. 
The result? I received only the one item that I actually paid for. 
None of the eight supposedly ""free"" items ever arrived. Whether through fine print, hidden conditions, or intentionally confusing marketing, the end result was the same: the advertised free gifts never materialized. To me, this experience was the very definition of deceptive advertising—promising customers something valuable to entice a purchase, then failing to deliver on that promise. 
If a company advertises free products to convince customers to place an order, those products should actually show up. Based on my experience, Temu's promotion created the expectation that I would receive eight free gifts, yet only the paid item was delivered. I came away feeling misled, disappointed, and far less trusting of any future promotions they advertise. 
Call to Action: Consumers Deserve Better

Consumers should not have to navigate confusing promotions, hidden conditions, or marketing campaigns that create unrealistic expectations. If you've had a similar experience, don't simply write it off as the cost of doing business. Document what was advertised, save screenshots, keep your order confirmations, and speak up. 
Consider sharing your experience through consumer review platforms and, where appropriate, reporting potentially misleading advertising practices to consumer protection agencies. Companies should be held accountable when their marketing creates expectations that are not fulfilled. The more consumers report questionable practices, the easier it becomes for regulators to identify patterns and protect the public from deceptive marketing tactics. 
Transparency, honesty, and accountability should be the standard—not the exception. If enough consumers demand fair treatment and accurate advertising, companies will be forced to compete based on trust and value rather than confusion and gimmicks. 
Buyer beware: If an offer sounds too good to be true, take screenshots, read the fine print carefully, and keep records of everything. My experience serves as a reminder that ""free"" offers are not always what they appear to be, and consumers must remain vigilant to protect themselves from potentially deceptive marketing practices.
",Alex Siu,6a5bf1b4ff3db25616b8b128,US,1,"Hello, thank you for participating in our promotional activities and we are sorry that you are experiencing difficulties with your rewards. Customer satisfaction is of the utmost importance and we are constantly working to improve our service quality. Please contact us again through Temu.com or Temu app live chat so we can help you investigate right away. Best wishes, Temu team",2026-07-19T06:15:42.000Z
temu.com,id:6a5bea0a093a3904f7414a5a,native_id,6a5bea0a093a3904f7414a5a,2,false,1784415786,07/18/2026 23:03:06,Me parece una vergüenza que cobren el…,"Me parece una vergüenza que cobren el impuesto por aduana, es sabido que casi todo viene de China, nos están tomando el pelo. 
Nunca tuve problema con los pedidos, incluso hice una sola devolución sin problema y el re tiendo fue al instante. Pero ahora, de un pedido de 65€ me tocaba pagar 93€. Lógico que no lo hice!!
Van a perder mucho!!",Viviana,5fac1998f5976e001c880200,ES,3,"Hola, gracias por ponerte en contacto con nosotros. Lamentamos cualquier inconveniente que hayas experimentado. La satisfacción del cliente es nuestra prioridad y trabajamos continuamente para mejorar nuestros servicios. Estaremos dando seguimiento a este asunto. Si necesitas más ayuda, por favor, envíanos un mensaje a través de Temu.com o utiliza el chat en vivo de la aplicación en este enlace: https://share.temu.com/NWGRVrrOSMA. Agradecemos que nos brindes otra oportunidad para servirte. Saludos, Equipo Temu",2026-07-19T06:18:08.000Z
temu.com,id:6a5be1b0938831cbf1ee99d4,native_id,6a5be1b0938831cbf1ee99d4,1,false,1784413648,07/18/2026 22:27:28,No os fieis de esta página,"No os fieis de esta página, he pedido ajuste de precios, dicen que lo abonan y no han abonado nada, ESTA PÁGINA NO ES DE FIAR",Mar Riquelme,5f19402fba697e066483a859,ES,35,"Hola, gracias por ponerte en contacto con nosotros. Lamentamos cualquier inconveniente que hayas experimentado. La satisfacción del cliente es nuestra prioridad y trabajamos continuamente para mejorar nuestros servicios. Estaremos dando seguimiento a este asunto. Si necesitas más ayuda, por favor, envíanos un mensaje a través de Temu.com o utiliza el chat en vivo de la aplicación en este enlace: https://share.temu.com/NWGRVrrOSMA. Agradecemos que nos brindes otra oportunidad para servirte. Saludos, Equipo Temu",2026-07-19T06:20:54.000Z
temu.com,id:6a5bcd5e121764d95a8cb633,native_id,6a5bcd5e121764d95a8cb633,1,false,1784408446,07/18/2026 21:00:46,Keep clear of TEMU.,"
I have been placing orders with this company for some time now but I am not receiving any part of the order.I can’t get in touch with them to complain and all the time the money is being taken,I advise don’t deal with them they are con merchants.",FRED SMITH,5fb81369b1fed7001cccf1d8,GB,7,"Hello, thank you for reaching out to us. We are sorry for any inconvenience caused. Customer satisfaction is of the utmost importance and we are constantly working to improve our service quality. We will follow up on this matter. If you need further assistance, please message us through Temu.com or Temu app live chat. We appreciate you giving us another chance to serve you. Best wishes, Temu team",2026-07-19T06:22:40.000Z
temu.com,id:6a5bc97caa3810e22bca2bb3,native_id,6a5bc97caa3810e22bca2bb3,4,false,1784407452,07/18/2026 20:44:12,I mostly LOVE Temu,"I mostly LOVE Temu. I have ordered from them at least 10 times, several items in each order such as specialty papers, crafting & sewing tools and supplies, little amethyst crystals with points, fairy garden accessories, terrarium accessories like stones & long tweezers, a small wooden cabinet  & recently ordered a few plus size clothing items like cotton tops. I've been really happy with almost every single item I've received. One thing I received- a little fairy garden item that cost a dollar was broken but everything else is the same items/quality I get on amazon only for much less. Crafting is my therapy and I love making personalized gifts for friends & family & things are more affordable on Temu. 
The thing I HATE about Temu is their scammy messages about choosing free gifts & getting free credit. I've never received a single free gift even though I wasted time choosing. It was just a trick to get me to make another purchase. I ignore those messages completely now. They need to stop doing that!",Laurel,65b1923aa08def00135c92b0,US,8,"Hello, thank you for shopping with us and sharing your 4-star experience! We are happy that you are pleased with your items. Your feedback is extremely valuable to us as we constantly strive to improve our service quality. If you need any assistance, please don't hesitate to message us through Temu.com or Temu app live chat. Best wishes, Temu team",2026-07-19T06:37:13.000Z
temu.com,id:6a5bc84eec9da76d3415ab77,native_id,6a5bc84eec9da76d3415ab77,1,false,1784407150,07/18/2026 20:39:10,"I purchased a MZk 40V 16"" Elecetric…","I purchased a MZk 40V 16"" Elecetric Mower on 4/15/26 which arrived approx. 5 days later. I unpacked in and plugged the batteries in as instructed. I used it a couple days later and have only used it 3 times since it was received. Last week I charged the batteries and installed them in the machine. The machine ran for 2-3 minutes then died. I recharged the batteries but they were clearly defective and would not run the machine. I contacted TEMU customer service via a chat. After many questions were answered and repeated I was told I needed to speak to an electric mower technician. This was confusing when it was clear I had defective batteries. i was sent a link to continue to speak to the ""electric mower technician"". The link was to take my credit card information and pay $5.00 to continue with supposedly getting help. I read further that the link, if I completed the form, could then continue to bill my card $65.00 per month IF I didn't cancel the service. WHAT!!!!! I tried to reopen the chat with customer service and it would not respond. 
TEMU clearly did not want to stand by the cheap, defective JUNK they sell. Shame on TEMU!!!!'
I will never, ever use TEMU again. Amazon from here on out.",Joe,6a5bc81e7b418c672982b4e4,US,1,"Hello, thank you for reaching out to us. We are sorry for any inconvenience caused. Customer satisfaction is of the utmost importance and we are constantly working to improve our service quality. We will follow up on this matter. If you need further assistance, please message us through Temu.com or Temu app live chat. We appreciate you giving us another chance to serve you. Best wishes, Temu team",2026-07-19T06:23:49.000Z
temu.com,id:6a5bc7b71e3092243b606849,native_id,6a5bc7b71e3092243b606849,1,false,1784406999,07/18/2026 20:36:39,Я крайне разочарованОбман и введение в заблуждение со стороны сотрудника поддержки Maren Lyons / Мошенничество в Temu сервисом площадки…,"Я крайне разочарован сервисом площадки Temu. Сотрудница службы поддержки по имени Maren Lyons открыто и прямо пообещала предоставить мне купон, однако сразу же после этого отказалась от своих слов и пошла на попятную. Это абсолютное неуважение, прямой обман потребителя и грубое нарушение стандартов обслуживания клиентов. У меня на руках есть все скриншоты, подтверждающие этот чат и факт вранья. Temu позволяет своим работникам безнаказанно лгать покупателям и не выполнять обещания. Требую от высшего руководства маркетплейса провести внутреннее расследование в отношении Maren Lyons и предоставить мне положенную компенсацию.",Эдвард Петросян,69ac6d72513e81132b760918,AM,3,"Hello, thank you for reaching out to us. We are sorry for any inconvenience caused. Customer satisfaction is of the utmost importance and we are constantly working to improve our service quality. We will follow up on this matter. If you need further assistance, please message us through Temu.com or Temu app live chat. We appreciate you giving us another chance to serve you. Best wishes, Temu team",2026-07-19T06:25:45.000Z
temu.com,id:6a5bc3e8ba35c9f26c69aa78,native_id,6a5bc3e8ba35c9f26c69aa78,1,false,1784406024,07/18/2026 20:20:24,Let down,"I have bought a lot from Temu and spent quite a bit with them however this time the service from them is very very poor.
Item was just dumped on doorstep and left there. we were not home and it has been stolen. So I have paid for item that I did not receive, I understand that it is not the sellers fault and the fault is with the delivery company EVRI, however my contract is with the seller and not Evri, If Temu and sellers wish to use Evri that is up to them however they should make sure that Evri is doing what it is meant to and deliver items to customer. Not just dump them and go.
No help from TEMU
Order ID: PO-210-02213488069750023
This is the second time a parcel has been left in an unsafe place and stolen, first was not temu but was delivered by Evri.",dave,5490b92200006400019e21c6,GB,58,"Hello, thank you for reaching out to us. We are sorry for any inconvenience caused. Customer satisfaction is of the utmost importance and we are constantly working to improve our service quality. We will follow up on this matter. If you need further assistance, please message us through Temu.com or Temu app live chat. We appreciate you giving us another chance to serve you. Best wishes, Temu team",2026-07-19T06:25:59.000Z
temu.com,id:6a5bc1046a265287231447a7,native_id,6a5bc1046a265287231447a7,1,false,1784405284,07/18/2026 20:08:04,Lousy,"Extremely poor quality and even worse product description.  Try somewhere else.
",Doug Zimmerman,6a5bc0b3b06fbf808ceae2eb,US,1,"Hello, thank you for shopping on Temu! Your feedback is extremely valuable to us and we are sorry that you are not satisfied with some of your items. We implement strict policies and control measures to ensure product quality and accurate product descriptions. Temu's Purchase Protection program offers full refunds if your items do not arrive, arrive damaged, or do not match the description or photos (https://www.temu.com/temu-purchase-protection.html). To apply for a refund, login to the Temu app or Temu.com with the account used for your order, open the ""Your orders"" page, and click ""Return/Refund."" For detailed return instructions, please visit https://www.temu.com/return-and-refund-policy.html. You can choose to receive your refund back to your original payment method or as Temu credits. Temu credits will appear in your Temu credit balance within 3 minutes and can be used immediately. If you choose to receive your refund back to your original payment method, please allow 5-14 business days for it to appear since timing depends on your financial institution. If you need further assistance, please message us through Temu.com or Temu app live chat. Best wishes, Temu team",2026-07-19T06:26:49.000Z
temu.com,id:6a5bc03a87228bd34824de4e,native_id,6a5bc03a87228bd34824de4e,1,false,1784405082,07/18/2026 20:04:42,Se está cobrando mucho de impuestos.,"Se está cobrando mucho de impuestos.
De momento,para mí, no compraré nada.",Juan luis Núñez DÍaz,623842beaacffb00142522fc,ES,28,"Hola, gracias por ponerte en contacto con nosotros. Lamentamos cualquier inconveniente que hayas experimentado. La satisfacción del cliente es nuestra prioridad y trabajamos continuamente para mejorar nuestros servicios. Estaremos dando seguimiento a este asunto. Si necesitas más ayuda, por favor, envíanos un mensaje a través de Temu.com o utiliza el chat en vivo de la aplicación en este enlace: https://share.temu.com/NWGRVrrOSMA. Agradecemos que nos brindes otra oportunidad para servirte. Saludos, Equipo Temu",2026-07-19T06:26:59.000Z
temu.com,id:6a5bb9583eb77aaea905e026,native_id,6a5bb9583eb77aaea905e026,1,false,1784403320,07/18/2026 19:35:20,So far I cannot give you any higher…,"So far I cannot give you any higher than one star, and that's only because we are still communicating after 3 day I still cannot get a resolution to send back
 the $193 battery powered lawn mower, claiming they cannot find my purchase,  it appears once you have bought something they could care less, I may need to report to the U.S. better business bureau? And the same lawn mower was listed for $135!",Joe Cannestra,6a5bb91eb06fbf1043eadb15,US,1,"Hello, thank you for reaching out to us. We are sorry for any inconvenience caused. Customer satisfaction is of the utmost importance and we are constantly working to improve our service quality. We will follow up on this matter. If you need further assistance, please message us through Temu.com or Temu app live chat. We appreciate you giving us another chance to serve you. Best wishes, Temu team",2026-07-19T06:27:15.000Z
temu.com,id:6a5ba60699e6d8624aad8be4,native_id,6a5ba60699e6d8624aad8be4,2,false,1784398375,07/18/2026 18:12:55,Mauvais calcul des frais ,"Suite à ma dernière commande, je me suis vue facturée de 10,80€, alors que je n'ai que 2 sortes d'articles.
Les frais auraient dus être de 6€ (2 x 3€). J'ai essayé de discuté par chat, sans résultat.",MirD,696b8131c37c28a817142885,FR,3,"Bonjour, merci d'avoir pris contact avec nous, et nous sommes désolés pour tout désagrément que cela a pu causer. La satisfaction du client est de la plus haute importance, et nous travaillons constamment à améliorer la qualité de notre service. Pourriez-vous s'il vous plaît nous contacter à nouveau via Temu.com ou le chat en direct de l'application Temu afin que nous puissions aider et enquêter immédiatement? Vous pouvez également visiter www.temu.com/support-center.html pour trouver plus de contacts du service client. Nous vous remercions de nous donner une autre chance de vous servir. Meilleurs vœux, l'équipe Temu",2026-07-19T06:27:35.000Z
temu.com,id:6a5ba0e8a3aa90269d8c02c7,native_id,6a5ba0e8a3aa90269d8c02c7,1,false,1784397064,07/18/2026 17:51:04,Ich habe immer gerne bei Temu bestellt…,Ich habe immer gerne bei Temu bestellt und es hat auch immer alles geklappt...  jetzt werde ich nichts mehr Bestellen weil es kann nicht sein daß ich mehr für dieZollabgabe bezahlen muss als der Wert des Paketes ist... schade,Barbara,6a5b9bf2c2526c57dd8fc69a,AT,1,"Hallo, vielen Dank, dass Sie sich an uns gewandt haben. Die Zufriedenheit unserer Kunden ist für uns von größter Bedeutung, und wir sind ständig bestrebt, uns zu verbessern. Bitte senden Sie uns eine Nachricht über Temu.com oder den Temu-App-Live-Chat, damit unser Kundenservice Team Ihnen helfen kann, dies sofort zu überprüfen. Viele Grüße, Temu Team",2026-07-19T06:28:10.000Z
temu.com,id:6a5b9d69471ffdf6d0396bdd,native_id,6a5b9d69471ffdf6d0396bdd,1,false,1784396169,07/18/2026 17:36:09,Every time it says oh we will give you…,Every time it says oh we will give you 8 items free or 400.00 credit it doesn't. Be careful with this company they are tricky. Read the fine print careful.  I have made my last purchase from temu. Only because the tricky marketing . It should be transparent.  Ive bought 3 things with the expectations I would get the 8 products I spent 30 minutes to pick and never got 1 free gift. Its a scam. No more customer. ,Darrell Lawrence,6a5b9d507b418c836a8285e7,US,1,"Thank you for your interest in Temu's promotional activities! We understand that you may have questions about our promotions. Please rest assured that all our promotions are fair and transparent. Detailed rules and conditions can be found on each promotion page, which you can access at any time. If you have any questions or need further clarification, please feel free to contact us for assistance via the following link: https://www.temu.com/support-center.html. Sincerely, The Temu Team",2026-07-19T06:29:07.000Z
temu.com,id:6a5b9c4071692425d7f59f22,native_id,6a5b9c4071692425d7f59f22,1,false,1784395872,07/18/2026 17:31:12,Beware of temu,"Temu is shady, they have too many price changes. There products are very cheaply made. Their coupons are a scam in itself, only a small amount of the coupon goes towards the product. They have an ice scraper for your auto listed at 82.00 , you can buy it anywhere for 7.99. they have multiple prices for the same items. Products that are advertised free on app are unavailable.you are better off buying these same items from Wal Mart, you will get better quality and a better price. Temu gives all complainants a meaningless apology and how customer service means everything, it is all BS, if they truly cared, they would work with the customer towards a satisfactory solution. Buyer beware ",James Finucane,67b4bd731e09b4ba0917f6fb,US,3,"Hello, thank you for reaching out to us. We are sorry for any inconvenience caused. Customer satisfaction is of the utmost importance and we are constantly working to improve our service quality. We will follow up on this matter. If you need further assistance, please message us through Temu.com or Temu app live chat. We appreciate you giving us another chance to serve you. Best wishes, Temu team",2026-07-19T06:29:22.000Z
temu.com,id:6a5b9a3f8a5cc854bc0f664e,native_id,6a5b9a3f8a5cc854bc0f664e,3,false,1784395359,07/18/2026 17:22:39,Laborieux ,"Ils m'ont enfin remboursée aujourd'hui le 20 donc. Suite au:
J'ai retourné un colis depuis le 5/7.
Pas de mise à jours depuis le 6/7 et en cours d'acheminement par chronopost une catastrophe. 
Et ils sont censé me rembourser si pas de mise à jours depuis 14 jours et là je demande une mise à jours ils tourne en rond.",SarahMel,69137264ec11db5a4224eec5,FR,13,"Bonjour, merci d'avoir pris contact avec nous, et nous sommes désolés pour tout désagrément que cela a pu causer. La satisfaction du client est de la plus haute importance, et nous travaillons constamment à améliorer la qualité de notre service. Pourriez-vous s'il vous plaît nous contacter à nouveau via Temu.com ou le chat en direct de l'application Temu afin que nous puissions aider et enquêter immédiatement? Vous pouvez également visiter www.temu.com/support-center.html pour trouver plus de contacts du service client. Nous vous remercions de nous donner une autre chance de vous servir. Meilleurs vœux, l'équipe Temu",2026-07-19T06:29:45.000Z
temu.com,id:6a5b964e37e084f184f01499,native_id,6a5b964e37e084f184f01499,1,false,1784394350,07/18/2026 17:05:50,Ich musste einen Stern abgeben...,"Ich musste einen Stern abgeben...
Der letzte Schrott den die China Leute versenden, billig zu nichts zu gebrauchen....dauert ewig bis die Ware nein Schrott kommt stinkt auch noch...reine Abzocke",Frank Kühle,6741e941e53c9a579409e3f8,DE,2,"Hallo, vielen Dank für Ihren Einkauf bei Temu! Ihr Feedback ist uns sehr wichtig und es tut uns leid, dass Sie mit einigen Ihrer Artikel nicht zufrieden sind. Wir wenden strenge Richtlinien und Kontrollmaßnahmen an, um die Produktqualität und genaue Produktbeschreibungen zu gewährleisten. Sie können Ihr voraussichtliches Lieferdatum direkt in unserer App einsehen und den Versandstatus dort verfolgen. Das Temu-Kaufschutzprogramm bietet volle Rückerstattung, wenn Ihre Artikel nicht ankommen, beschädigt sind oder nicht der Beschreibung oder den Fotos entsprechen (https://www.temu.com/temu-purchase-protection.html). Um eine Rückerstattung zu beantragen, melden Sie sich in der Temu-App oder auf Temu.com mit dem Konto an, das Sie für Ihre Bestellung verwendet haben, öffnen Sie die Seite ""Ihre Bestellungen"" und klicken Sie auf ""Rückgabe/Rückerstattung"". Detaillierte Anweisungen zur Rückgabe finden Sie unter https://www.temu.com/return-and-refund-policy.html. Die erste Rückgabe für jede Bestellung ist kostenlos und Sie können wählen, ob Sie Ihre Rückerstattung auf Ihre ursprüngliche Zahlungsart oder als Temu-Guthaben erhalten möchten. Temu-Guthaben erscheinen innerhalb von 3 Minuten auf Ihrem Konto und können sofort verwendet werden. Wenn Sie sich dafür entscheiden, Ihre Rückerstattung auf Ihre ursprüngliche Zahlungsart zu bekommen, rechnen Sie bitte mit 5-14 Werktagen (bis zu 30 Tagen), da der Zeitplan von Ihrem Finanzinstitut abhängt. Wenn Sie weitere Unterstützung benötigen, senden Sie uns bitte eine Nachricht über Temu.com oder den Temu-App-Live-Chat. Viele Grüße, Temu Team",2026-07-19T06:30:00.000Z
temu.com,id:6a5b95188a3731f757323884,native_id,6a5b95188a3731f757323884,5,false,1784394040,07/18/2026 17:00:40,Order arrived today less than a week…,"Order arrived today less than a week after ordering.
Had a problem with 2 items, but as always Temu quick to sort issue and refund in account in less than 2 minutes",B Martin,53f50b03000064000185d558,GB,69,"Hello, thank you for shopping with us and sharing your 5-star experience! We are so glad you've been enjoying your experience so far. Customer satisfaction is of the utmost importance and we are constantly working to improve our service quality. If you need any assistance, please message us through Temu.com or Temu app live chat. Best wishes, Temu team",2026-07-19T06:36:03.000Z
temu.com,id:6a5b92aaf832c78134bbf715,native_id,6a5b92aaf832c78134bbf715,1,false,1784393418,07/18/2026 16:50:18,Verzend kosten,Sinds kort bestel ik niet meer bij temu omdat je voor elk artikel 3 euro moet betalen wat je apart besteld. Voor mij is Temu niet mij online winkel meer.,Ronnie,5eba6ef8242795752147f69f,NL,19,"Hoi, bedankt voor je bericht. Onze excuses voor enig ongemak, jouw tevredenheid vinden we belangrijk en we werken voortdurend aan het verbeteren van onze dienstverlening. Deze kwestie zullen we ook opvolgen. Als je hulp nodig hebt kan je contact opnemen via Temu.com of via de app door deze link te gebruiken: https://share.temu.com/NWGRVrrOSMA. We waarderen het dat je ons nog een kans geeft om je van dienst te zijn. Vriendelijke groeten, Team Temu",2026-07-19T06:30:24.000Z
temu.com,id:6a5b8e1b7e319b9103d3cf46,native_id,6a5b8e1b7e319b9103d3cf46,1,false,1784392251,07/18/2026 16:30:51,I ordered a wig and just received it,"I ordered a wig and just received it. Looks nothing like Pic at all!!!!
Very disappointed and will never order from here again!!!!",Melissa Bjerke,6783f5de9b3c6243d826f17b,US,2,"Hello, thank you for shopping on Temu! Your feedback is extremely valuable to us and we are sorry that you are not satisfied with some of your items. We implement strict policies and control measures to ensure product quality and accurate product descriptions. Temu's Purchase Protection program offers full refunds if your items do not arrive, arrive damaged, or do not match the description or photos (https://www.temu.com/temu-purchase-protection.html). To apply for a refund, login to the Temu app or Temu.com with the account used for your order, open the ""Your orders"" page, and click ""Return/Refund."" For detailed return instructions, please visit https://www.temu.com/return-and-refund-policy.html. You can choose to receive your refund back to your original payment method or as Temu credits. Temu credits will appear in your Temu credit balance within 3 minutes and can be used immediately. If you choose to receive your refund back to your original payment method, please allow 5-14 business days for it to appear since timing depends on your financial institution. If you need further assistance, please message us through Temu.com or Temu app live chat. Best wishes, Temu team",2026-07-19T06:30:41.000Z
temu.com,id:6a5b884ee66cb8fa0895d618,native_id,6a5b884ee66cb8fa0895d618,1,false,1784390766,07/18/2026 16:06:06,Au revoir Temu,"Au revoir Temu. 
Depuis la taxe d'importation élevée à 3€ par articles dans le panier, il n'y a plus d'intérêt à acheter sur ce site. 
Même en voulant acheter du local, il y a des frais d'expédition à 2,99€... Donc je ne vois plus l'intérêt d'aller sur cette plateforme.  
Je déconseille fortement.",Artik_,69027d85d1bf91142a950c8a,FR,2,"Bonjour, merci d'avoir pris contact avec nous, et nous sommes désolés pour tout désagrément que cela a pu causer. La satisfaction du client est de la plus haute importance, et nous travaillons constamment à améliorer la qualité de notre service.  Si vous avez besoin d'une assistance supplémentaire, n'hésitez pas à nous contacter via Temu.com ou le chat en direct de l'application Temu. Nous vous remercions de nous donner une autre chance de vous servir. Meilleurs vœux, l'équipe Temu",2026-07-19T08:22:54.000Z
temu.com,id:6a5b807ebec1897ab4460ca0,native_id,6a5b807ebec1897ab4460ca0,1,false,1784388766,07/18/2026 15:32:46,"Für mich hat sich Temu erledigt,ich…","Für mich hat sich Temu erledigt,ich habe zwar gerne bei Temu eingekauft aber wenn ich für25 euro einkaufe und über 57 euro zahlen soll da sage ich lieber NEIN DANKE ",Manfred Schmitt,646c80b5ed19830012d24c84,DE,11,"Hallo, vielen Dank, dass Sie sich an uns gewandt haben. Die Zufriedenheit unserer Kunden ist für uns von größter Bedeutung, und wir sind ständig bestrebt, uns zu verbessern. Bitte senden Sie uns eine Nachricht über Temu.com oder den Temu-App-Live-Chat, damit unser Kundenservice Team Ihnen helfen kann, dies sofort zu überprüfen. Viele Grüße, Temu Team",2026-07-19T08:53:12.000Z
temu.com,id:6a5b7d39a9da2f084b4ff340,native_id,6a5b7d39a9da2f084b4ff340,1,false,1784387929,07/18/2026 15:18:49,ESTAFA Y DESPROTECCIÓN TOTAL AL COMPRADOR! ❌ NO CONFÍEN," Una vergüenza de plataforma. El sistema marca un paquete como 'entregado' cuando jamás llegó a mis manos. Lo peor de todo es la complicidad de Temu: le dan la razón al vendedor de forma automática sin exigir una sola prueba real. ¿Dónde está la foto de entrega en la puerta de mi casa? ¿Dónde está el justificante firmado? Ninguno existe.
 Si un repartidor se queda con el paquete o comete un error, Temu decide que el cliente es quien debe pagar el plato roto y perder su dinero (en mi caso, 18,22 €). Es una absoluta estafa y una falta total de respeto al consumidor. He perdido por completo la confianza en esta aplicación. Si no quieren que les roben su dinero y los dejen desamparados, no compren aquí. ¡Exijo mi reembolso ya!""
PO-186-06125867500151343

",Fanayasa Faisim,63973c4735f7dd001259b71a,BE,13,"Hola, gracias por ponerte en contacto con nosotros. Lamentamos cualquier inconveniente causado. Ten la seguridad de que hemos enviado tu inquietud al departamento correspondiente para su verificación, y nuestro equipo ya está trabajando en resolver el problema. Te mantendremos informado sobre el progreso y te avisaremos tan pronto como se resuelva el problema. Gracias por tu paciencia y comprensión. Nos pondremos en contacto contigo pronto. Saludos, Equipo Temu",2026-07-19T08:27:05.000Z
temu.com,id:6a5b7b4c32b851c1ed3fa972,native_id,6a5b7b4c32b851c1ed3fa972,1,false,1784387436,07/18/2026 15:10:36,Für eine fehlerhafte Lieferung gibt es…,"Für eine fehlerhafte Lieferung gibt es kein Rückerstattung sonder nur eine Gutschrift!!!
Und diese Gutschrift wird bei den nächste FÜNF Einkäufen verrechnet !!!!!",Hans Kübler,60d83583791d6900124c7732,CH,5,"Hallo, vielen Dank, dass Sie sich an uns gewandt haben. Die Zufriedenheit unserer Kunden ist für uns von größter Bedeutung, und wir sind ständig bestrebt, uns zu verbessern. Bitte senden Sie uns eine Nachricht über Temu.com oder den Temu-App-Live-Chat, damit unser Kundenservice Team Ihnen helfen kann, dies sofort zu überprüfen. Viele Grüße, Temu Team",2026-07-19T08:29:05.000Z
temu.com,id:6a5b7838757398516ab22133,native_id,6a5b7838757398516ab22133,1,false,1784386648,07/18/2026 14:57:28,Check Adding Total of Cart ,"Why is it, when I add up the items in cart, my sum is always $20ish dollars less than check out price? 
I have asked 'customer service' several times, but get the game where they don't understand my question, therefore you never get an answer.
BE AWARE AT CART & CHECKOUT THAT FIGURES ADD UP CORRECTLY.
Another beef is farmland. I have been at 99.9% forTWO YEARS & whole game for almost FOUR YEARS. I'll be dead before I receive any free gift. Won't even have enough 'water' to earn plastic flowers for my grave.

Did get a reply from Temu asking me to complete the a form so they could look into matter. Will update when I hear more ",J,6462e69aef90f4001237f894,AU,10,"Hello, thank you for taking the time to share your feedback. To help us review the matter further, we kindly ask that you complete the Information Request Form we have sent and provide the requested details, such as your order number(typically starting with PO-xxx)  or the email address associated with your Temu account. Once we receive the information, we will review your case and coordinate with the relevant team for further follow-up. And we are sorry that you are experiencing difficulties with your rewards. Customer satisfaction is of the utmost importance and we are constantly working to improve our service quality. Please contact us again through Temu.com or Temu app live chat so we can help you investigate right away. Best wishes, Temu team",2026-07-19T08:29:40.000Z
temu.com,id:6a5b758001d034327099567a,native_id,6a5b758001d034327099567a,5,false,1784385952,07/18/2026 14:45:52,Most of time items are good quality for…,Most of time items are good quality for the moneyeven if you have to wait a while on delivery. If you have an issue with anything customer service are really good. ,ann copland,698dbb97e90c6efae3396819,GB,6,"Hello, thank you for shopping with us and sharing your 5-star experience! We are so glad you've been enjoying your experience so far. Customer satisfaction is of the utmost importance and we are constantly working to improve our service quality. If you need any assistance, please message us through Temu.com or Temu app live chat. Best wishes, Temu team",2026-07-19T06:35:37.000Z
temu.com,id:6a5b6e8e1ea4e2e4af0019eb,native_id,6a5b6e8e1ea4e2e4af0019eb,1,false,1784384174,07/18/2026 14:16:14,"WIR KUNDEN WERDEN NUR GEKÖDERT, BELOGEN UND ABGEZOCKT!","90% SCHLECHTE, BILLIGE MATERIAL; BEIM VIELEN WAREN STEHT NICHT DIE WATTZAHL, DIE MATERIAL ZUSAMMENSETZUNG;BEI VITAMIN PREPARATE FEHLEN DIE MATERIALZUSAMMENSETZUNG, BEI VIELE WAREN STEHT 3-4 TAGE LIEFERUNG:BEI SPÄTERE LIEFERUNG 5 EURO GUTGESCHRIEBEN, ODER 20% GUTHABEN, ABER WENN DIE WARE ZURÜCKGESCHICKT WIRD WIRD DIE PROZENTE ODER GUTHABEN ALLES ABGEZOGEN!
WIR KUNDEN WERDEN NUR GEKÖDERT, BELOGEN UND ABGEZOCKT!",Esmeralda Samedy,6524fa0131c75e001152b2a2,DE,15,"Hallo, vielen Dank, dass Sie sich an uns gewandt haben. Wir entschuldigen uns für die entstandenen Unannehmlichkeiten. Ihr Fall liegt nicht im üblichen Rahmen. Die Zufriedenheit unserer Kunden ist uns sehr wichtig und wir arbeiten ständig daran, unsere Servicequalität zu verbessern. Wenn Sie weitere Fragen oder Bedenken haben, schreiben Sie uns bitte eine Nachricht im Live-Chat auf Temu.com oder in der Temu-App. Sie können auch www.temu.com/support-center.html besuchen, um weitere Ansprechpartner für den Kundendienst zu finden. Wir danken Ihnen, dass Sie uns eine weitere Chance geben, Ihnen zu helfen. Viele Grüße, Temu Team",2026-07-19T08:32:04.000Z
temu.com,id:6a5b6e25486dacc3e0604f79,native_id,6a5b6e25486dacc3e0604f79,1,false,1784384069,07/18/2026 14:14:29,Temu wirbt mit 1Tag Versand und dauert 6-10Tage,"Temu wirbt mit 1Tag Versand. Habe das so gekauft und dann heisst es einen Tag später, dass es 6-10 Werktage dauern wird.",Aya Brodersen,6a5b6e14b06fbf12c9ea8459,DE,1,"Hallo, danke, dass Sie uns kontaktiert haben. Wir entschuldigen uns für die entstandenen Unannehmlichkeiten. Die Zufriedenheit unserer Kunden ist uns sehr wichtig und wir arbeiten ständig daran, unsere Servicequalität zu verbessern. Wir werden die Angelegenheit weiterverfolgen und uns so schnell wie möglich bei Ihnen melden. Wir wissen es zu schätzen, dass Sie uns eine weitere Chance geben, Ihnen zu helfen. Viele Grüße, Temu Team",2026-07-19T08:35:49.000Z
temu.com,id:6a5b6baf3c8ea114f6102591,native_id,6a5b6baf3c8ea114f6102591,1,false,1784383439,07/18/2026 14:03:59,I have purchased quite a lot from this…,"I have purchased quite a lot from this company, but this time i have waited absolutely ages for my package, so i will not be ordering again.",Lisa Robinson,6862e91f8a5375300782363f,GB,6,"Hello, thank you for shopping with us and we are sorry you are experiencing difficulties with your recent orders. Most packages arrive between 7-13 business days.You can track your shipping status and see your expected delivery date directly in the Temu app or on Temu.com. If the tracking status is not updated for 15 days, you can request a full refund and keep your items when they arrive. If your order arrives later than the estimated delivery date, you will receive Temu credits as a sign of appreciation for your patience. Finally, if your items do not arrive, arrive damaged, or do not match the description or photos, you will be offered a full refund under Temu's Purchase Protection program (https://www.temu.com/temu-purchase-protection.html). Customer satisfaction is of the utmost importance and we are constantly working to improve our service quality.  If you need further assistance, please message us through Temu.com or Temu app live chat. We appreciate you giving us another chance to serve you. Best wishes, Temu team",2026-07-19T08:38:16.000Z
temu.com,id:6a5b66073405a68afe4d7c1b,native_id,6a5b66073405a68afe4d7c1b,3,false,1784381991,07/18/2026 13:39:51,Je commande depuis quelques années …,"Je commande depuis quelques années  chez Temu les prix étaient vraiment attractifs.,.  Mais depuis les taxes imposées de L'UE mes commandes sont doublées
Pour une commande de 20€ avec les taxes ajoutées cela fait 38€.Cela est exorbitant
Autant acheter dans les boutiques du coin!!
Pour l'instant  je vais stopper mes commandes car ce nest plus intéressant d'acheter .Temu devrait revoir son mode de fonctionnement  pour eviter de faire payer autant de taxes à ces fidèles clients car sinon il perdra beaucoup de clients😒😒😒






Mes comma 




Cela a tripler la facture
",A L,5bfbedc05483f4b8a931490d,FR,18,"Bonjour, merci d'avoir pris contact avec nous, et nous sommes désolés pour tout désagrément que cela a pu causer. La satisfaction du client est de la plus haute importance, et nous travaillons constamment à améliorer la qualité de notre service.  Si vous avez besoin d'une assistance supplémentaire, n'hésitez pas à nous contacter via Temu.com ou le chat en direct de l'application Temu. Nous vous remercions de nous donner une autre chance de vous servir. Meilleurs vœux, l'équipe Temu",2026-07-19T08:39:13.000Z
temu.com,id:6a5b61aa1beab9b728805627,native_id,6a5b61aa1beab9b728805627,1,false,1784380874,07/18/2026 13:21:14,TEMU ist die schlimmste Plattform im Internet,"TEMU ist seitens ihres Kundendienstes im Bereich Verkauf die schlimmste Plattform, die ich bisher als Verkäufer erlebt habe.
Alle Antworten sind KI generiert. Es gibt niemanden im Unternehmen, der sich auch nur ansatzweise mit Produkten der Listung von Produkten und entsprechenden Dokumenten und Zertifizierungen auskennt.
Quarzuhren werden für deutsche Händler vom Verkauf ausgeschlossen. Das bedeutet, man erhält so viele Steine in den Weg gelegt, das ist unmöglich. Ist diese Produkte als deutscher Händler auf dieser Plattform zu verkaufen die stellt meiner Ansicht nach eine grobe Wettbewerbsverletzung dar.
Ruf mein Temo auf und gibt als Suchbegriff Quarzuhren ein, werden dem Kunden Tausende von Quarzuhren angezeigt, die alle von chinesischen Unternehmen dort gelistet sind. Auch lokale Händler sind in chinesischer Hand Quarzuhren werden falsch deklariert, oft als Automatik Uhren ausgegeben, damit die Prüfung nach EPR aus, denn hier müssten entsprechende Unterlagen bereitgestellt werden beziehungsweise so genannte WEEE Nummern als Beleg zum Produkt eingefügt werden. Zusätzlich verlangt die Plattform prüft Zertifikate bezüglich ROHS, CE, und sonstigen Regelungen, die kaum eine Fabrik in China in der Lage ist, bereitzustellen.
Nach meiner Ansicht nach müsste diese Plattform unverzüglich aus dem Netz verbannt werden, weil sie keiner Regel der EU auch nur ansatzweise nachkommt.

Selbst eine Löschung des eigenen Shops auf Temu gestaltet sich so schwierig, das es selbst nach 90 Tagen, denn hier endet die erweiterte Rückerstattung Möglichkeit für den Kunden, unmöglich ist den Account abzuschalten.

Selbst wenn man innerhalb der letzten drei Monate keinen einzigen Artikel mehr verkauft hat, man keinerlei und Erstattungen an Kunden mehr zu leisten hat, es keinerlei offene Reklamationsfälle gibt, Erscheinen Informationen, dass man den Verkauf in allen angegebenen Ländern ebenfalls einzustellen hat, obwohl man dort noch niemals verkauft hat.


Fazit: die gesamte Plattform ist ein einziger Skandal.

Update 19.7.26
Die Antwort von Temu zeigt, dass man meine Beschwerde überhaupt nicht verstanden hat. Man verweist mich darauf, mit dem Händler Kontakt aufzunehmen. 
Ich bin aber der Händler! 

Das Unternehmen hat erneut (zum 165. Male) überhaupt nichts verstanden. 

Hier deren Antwort: 
„ Guten Tag, vielen Dank für Ihre Kontaktaufnahme. Wir entschuldigen uns aufrichtig für die entstandenen Unannehmlichkeiten. Um den Kundendienst des Händlers zu kontaktieren, loggen Sie sich bitte in Ihr Konto ein und klicken Sie oben rechts auf der Seite auf [Support] → [Support-Center] → [Verkäufer-Service]. Sollten Sie während des Registrierungsprozesses auf Probleme stoßen, können Händler in bestimmten Regionen den Kundendienst auch direkt über das Online-Chatfenster [Temu Händler-Services] auf der rechten Seite der Seite kontaktieren. Sollten Sie vorübergehend nicht in der Lage sein, sich in Ihr bestehendes Konto einzuloggen, können Sie ein neues Konto mit einer anderen E-Mail-Adresse registrieren (ohne den Registrierungsprozess abzuschließen). Nach der Anmeldung folgen Sie bitte den oben genannten Schritten, um auf das Kundendienstzentrum zuzugreifen. Viele Grüße, das Temu-Team“
",Michael Näther,52e27df600006400016043fb,DE,9,"Guten Tag, vielen Dank für Ihre Kontaktaufnahme. Wir entschuldigen uns aufrichtig für die entstandenen Unannehmlichkeiten. Um den Kundendienst des Händlers zu kontaktieren, loggen Sie sich bitte in Ihr Konto ein und klicken Sie oben rechts auf der Seite auf [Support] → [Support-Center] → [Verkäufer-Service]. Sollten Sie während des Registrierungsprozesses auf Probleme stoßen, können Händler in bestimmten Regionen den Kundendienst auch direkt über das Online-Chatfenster [Temu Händler-Services] auf der rechten Seite der Seite kontaktieren. Sollten Sie vorübergehend nicht in der Lage sein, sich in Ihr bestehendes Konto einzuloggen, können Sie ein neues Konto mit einer anderen E-Mail-Adresse registrieren (ohne den Registrierungsprozess abzuschließen). Nach der Anmeldung folgen Sie bitte den oben genannten Schritten, um auf das Kundendienstzentrum zuzugreifen. Viele Grüße, das Temu-Team",2026-07-19T08:41:23.000Z
temu.com,id:6a5b5d0f2335f1c4917d3a53,native_id,6a5b5d0f2335f1c4917d3a53,1,false,1784379695,07/18/2026 13:01:35,Temu😱 ,"The products on Temu are great, but TEMU are shockingly bad. Especially CS getting the simplist issue sorted will take hours or even weeks. Today I contacted 4 operators, Eden Clarke, Meepo, Asa Wetjen, and Ashley White (not real names) Each and every one of them went out of thier way to obstruct me, resulting in hours of wasted time with no resolution. This is how they deal with customer problems, waste your time until you go away. Now it is beginning to be possible buy direct from agents in China, anything is better than dealing with Temu.
Temu's reply show you how little they care, do they even read our comments? ",Ron Allen,5b9fc68d4de5666d34c1b36a,GB,138,"Hello, thank you for taking the time to share your feedback. To help us review the matter further, we kindly ask that you complete the Information Request Form we have sent and provide the requested details, such as your order number(typically starting with PO-xxx)  or the email address associated with your Temu account. Once we receive the information, we will review your case and coordinate with the relevant team for further follow-up. If you have any additional questions or need further assistance, please feel free to contact us through the Temu website or the Temu app live chat via this link: https://share.temu.com/NWGRVrrOSMA. Thank you for your time, patience, and cooperation. Best wishes, Temu Team",2026-07-19T08:43:55.000Z
temu.com,id:6a5b5b4dbcd42a673128056c,native_id,6a5b5b4dbcd42a673128056c,1,false,1784379245,07/18/2026 12:54:05,Temu offered 4 free articles and one…,"Temu offered 4 free articles and one purchase indicated that a Chainsaw charged and a hose free.
 Then next email the hose was billed separately and both appeared on my bank statement minutes ago.
That,of course was only one fraud.
Do not ever believe that this shit Chinese company will ever give anything free.  
I will never use this fraudulent company again.",JOHN COURTIER,6375d5615d8b960012945ff4,AU,4,"Hello, thank you for participating in our promotional activities and we are sorry that you are experiencing difficulties with your rewards. Customer satisfaction is of the utmost importance and we are constantly working to improve our service quality. Please contact us again through Temu.com or Temu app live chat so we can help you investigate right away. Best wishes, Temu team",2026-07-19T08:45:09.000Z
temu.com,id:6a5b59fddfb7a540244cd0df,native_id,6a5b59fddfb7a540244cd0df,1,false,1784378909,07/18/2026 12:48:29,Bei Temu gibt keine Aktionen mehr,"Bei Temu gibt keine Aktionen mehr. Wegen Zoll, die kassieren für 2 verschiedene Sache über 7 Euro wo zoll normalerweise ist 3 Euro. Warum nehmen die meher? Ich kaufe nicht mehr. Die temu hat sich verschlechtert. Team von Temu haben mir nicht geholfen, habe ich schon geschrieben. Die wissen überhaupt gar nicht ",Katarzyna S.,617b00fbb83346001399955d,DE,13,"Hallo, vielen Dank, dass Sie sich an uns gewandt haben. Die Zufriedenheit unserer Kunden ist für uns von größter Bedeutung, und wir sind ständig bestrebt, uns zu verbessern. Bitte senden Sie uns eine Nachricht über Temu.com oder den Temu-App-Live-Chat, damit unser Kundenservice Team Ihnen helfen kann, dies sofort zu überprüfen. Viele Grüße, Temu Team",2026-07-19T08:45:38.000Z
temu.com,id:6a5b518bb789dedcb7509391,native_id,6a5b518bb789dedcb7509391,1,false,1784376748,07/18/2026 12:12:28,J'ai supprimé définitivement mon compte…,"J'ai supprimé définitivement mon compte Temu. Ayant changé de numéro de téléphone je n'ai pas pu rattacher ce compte. Ayant soumis le problème cela fait deux mois qu'ils me "" baladent "" en affirmant trouver nul trace et des commandes passées et de mon crédit de 70 euros...en réalité ces escrocs profitent de ce changement de numéro pour ne pas me créditer...
Les commandes sont rattachées à une adresse mail ( inchangée ) et d'un numéro de téléphone pour la sécurité, comment dire ne pas retrouver ces commandes alors que je leur ai fourni les numéros qui s'y rattachent ! bref de la jolie escroquerie à la chinoise ! ",patrick DUBAR,606d61cb839fde00195dfe91,FR,21,"Bonjour, merci d'avoir pris contact avec nous, et nous sommes désolés pour tout désagrément que cela a pu causer. La satisfaction du client est de la plus haute importance, et nous travaillons constamment à améliorer la qualité de notre service. Nous allons faire un suivi de cette affaire et vous répondre dès que possible. Nous vous remercions de nous donner une autre chance de vous servir. Meilleurs vœux, l'équipe Temu",2026-07-19T08:46:31.000Z
temu.com,id:6a5b50a7df391c3dccd7a697,native_id,6a5b50a7df391c3dccd7a697,1,false,1784376519,07/18/2026 12:08:39,Er is een nieuwe feature verschenen bij…,"Er is een nieuwe feature verschenen bij Temu: de invoerkosten  (die je voorheen alleen betaalde als je een “grote” bestelling van boven de 175 euro deed).
Nu ga je dit juist betalen bij een kleine bestelling. Als je je winkelmandje dan laat staan en iedere dag ff kijkt, zie je dat kostenbedrag steeds veranderen, van 45 naar 23 naar 50 euro. Ze dringen aan op een toevoeging aan de bestelling waardoor de invoerkosten zwaar verminderd zullen worden. Die kosten gaan daar echter juist door omhoog,
Ook krijg je “een kado” van 6 gratis producten,die , als je ze hebt uitgezocht, net zo snel weer in het grote niets verdwijnen, als je ze “kreeg”. Om over de kwaliteit van de kleding maar te zwijgen. Altijd beelden ze goed gesneden kleding in mooie stoffen ( zoals linnen) af. Je krijgt echter een zéér slap aftreksel van wat je op de foto ziet en al zeker geen linnen! Bijna altijd vieze zweterige stofjes.
Wat een ondoorzichtige rare bende is dat Temu. ",y.c. köhler,4f09cff60000640001118db3,NL,76,"Hoi, bedankt voor je bericht. Onze excuses voor enig ongemak, jouw tevredenheid vinden we belangrijk en we werken voortdurend aan het verbeteren van onze dienstverlening. Deze kwestie zullen we ook opvolgen. Als je hulp nodig hebt kan je contact opnemen via Temu.com of via de app door deze link te gebruiken: https://share.temu.com/NWGRVrrOSMA. We waarderen het dat je ons nog een kans geeft om je van dienst te zijn. Vriendelijke groeten, Team Temu",2026-07-19T08:47:21.000Z
temu.com,id:6a5b4b0080c71bbbd23fa702,native_id,6a5b4b0080c71bbbd23fa702,1,false,1784375072,07/18/2026 11:44:32,Inviano annunci di 4 articoli in regalo…,"Inviano annunci di 4 articoli in regalo con un minimo di ordine. Dopo averli scelti ed aver acquistato per l’importo indicato ne arriva solo 1, massimo 2. E’ una grande scorrettezza. NON CI CASCATE!",lucia degl'innocenti,5e8b4702625145dd84ebe763,IT,5,"Ciao, grazie per aver partecipato alle nostre attività promozionali e ci dispiace che tu stia riscontrando difficoltà con i tuoi premi. La soddisfazione del cliente è di massima importanza per noi e lavoriamo costantemente per migliorare la qualità del nostro servizio. Per assistenza sulla questione, ti preghiamo di contattarci nuovamente attraverso Temu.com o la live chat dell'app Temu in modo da poterti aiutare immediatamente nella risoluzione del problema. Buona giornata! A presto, Il Team Temu.",2026-07-19T08:47:50.000Z
temu.com,id:6a5b44af8f7ba28100d5fb71,native_id,6a5b44af8f7ba28100d5fb71,4,false,1784373455,07/18/2026 11:17:35,En général satisfait des produits,"En général satisfait des produits.
Mais compte des nouveaux frais, je n'achèterais plus chez eux.",JEAN CHANUT,5b48bd0b4de5666d3442b314,FR,6,"Bonjour, merci d'avoir pris contact avec nous, et nous sommes désolés pour tout désagrément que cela a pu causer. La satisfaction du client est de la plus haute importance, et nous travaillons constamment à améliorer la qualité de notre service. Pourriez-vous s'il vous plaît nous contacter à nouveau via Temu.com ou le chat en direct de l'application Temu afin que nous puissions aider et enquêter immédiatement? Vous pouvez également visiter www.temu.com/support-center.html pour trouver plus de contacts du service client. Nous vous remercions de nous donner une autre chance de vous servir. Meilleurs vœux, l'équipe Temu",2026-07-18T12:06:02.000Z
temu.com,id:6a5b3d445ad13f0ae24a5bb3,native_id,6a5b3d445ad13f0ae24a5bb3,1,false,1784371556,07/18/2026 10:45:56,I returned a bbq on 16 June and it cost…,"I returned a bbq on 16 June and it cost with delivery cost £94 .

Its not the first time this has happened on a higher cost item 

I Have proof of delivery to the address they gave me and receipt of the cost of return ",Steph Dennis,668f88132343962c22136144,GB,3,"Hello, thank you for reaching out to us. We are sorry for any inconvenience caused. Customer satisfaction is of the utmost importance and we are constantly working to improve our service quality. We will follow up on this matter. If you need further assistance, please message us through Temu.com or Temu app live chat. We appreciate you giving us another chance to serve you. Best wishes, Temu team",2026-07-18T12:10:02.000Z
temu.com,id:6a5b38f9116e0a822c7de71f,native_id,6a5b38f9116e0a822c7de71f,5,false,1784370457,07/18/2026 10:27:37,J'ai beaucoup commandé sur temu car les…,J'ai beaucoup commandé sur temu car les prix sont plus qu'abordables. Maintenant avec les frais d'importation je ne commande plus. C'est bien dommage ,Marie Lenfant,640ef8f26397fe00133ecca8,FR,9,"Bonjour, merci d'avoir pris contact avec nous, et nous sommes désolés pour tout désagrément que cela a pu causer. La satisfaction du client est de la plus haute importance, et nous travaillons constamment à améliorer la qualité de notre service. Pourriez-vous s'il vous plaît nous contacter à nouveau via Temu.com ou le chat en direct de l'application Temu afin que nous puissions aider et enquêter immédiatement? Vous pouvez également visiter www.temu.com/support-center.html pour trouver plus de contacts du service client. Nous vous remercions de nous donner une autre chance de vous servir. Meilleurs vœux, l'équipe Temu",2026-07-18T12:05:43.000Z
temu.com,id:6a5b29a19c2e4fca53950c44,native_id,6a5b29a19c2e4fca53950c44,1,false,1784366529,07/18/2026 09:22:09,Scamming promotions ,"Temu notify me of a promotion going on which states that purchase 2 items and then pick free 8 items. Come to find out it was just a scam to get me purchase the two items but will not receive any 8 items for free.
Scam.. scam .. scam",Thomas Frimpong,6596e0ff8d1a620011cb6f4e,US,2,"Hello, thank you for participating in our promotional activities and we are sorry that you are experiencing difficulties with your rewards. Customer satisfaction is of the utmost importance and we are constantly working to improve our service quality. Please contact us again through Temu.com or Temu app live chat so we can help you investigate right away. Best wishes, Temu team",2026-07-18T12:10:16.000Z
temu.com,id:6a5b15bbff5f1ae469307576,native_id,6a5b15bbff5f1ae469307576,1,false,1784361435,07/18/2026 07:57:15,Für Ware im Wert von 34 Euro musste ich…,"Für Ware im Wert von 34 Euro musste ich 61, 84 Euro an Klarna bezahlen. Durch diese Zollgebühren ist es jetzt nicht mehr ratsam bei Temu zu bestellen, da auch das Rücksenden falscher oder nicht passender Artikel zu umständlich und auch zu teuer ist",Karla Mayrhofer,5fa01999e7f841001b229d8b,AT,4,"Hallo, vielen Dank, dass Sie sich an uns gewandt haben. Die Zufriedenheit unserer Kunden ist für uns von größter Bedeutung, und wir sind ständig bestrebt, uns zu verbessern. Bitte senden Sie uns eine Nachricht über Temu.com oder den Temu-App-Live-Chat, damit unser Kundenservice Team Ihnen helfen kann, dies sofort zu überprüfen. Viele Grüße, Temu Team",2026-07-18T12:10:30.000Z
temu.com,id:6a5b070283a739aa3b163fe7,native_id,6a5b070283a739aa3b163fe7,1,false,1784357674,07/18/2026 06:54:34,"Temu Repeatedly cancelling legitimate paid orders under the vague excuse of ""unusual activity""","I used Temu several times last year and placed around five orders without a single issue. This year has been a completely different experience.

In January, I placed an order and paid through PayPal. A few hours later, Temu cancelled it, claiming there was an issue with my payment method. I accepted it as a one-time mistake.

Three days ago, I decided to give Temu another chance. This time I paid with my bank card through PayPal. The order remained in processing for three days, so I naturally expected it to ship. Instead, Temu cancelled it again and gave me the exact same excuse:

> ""Refund automatically issued by Temu due to unusual activity. It needs to be processed by your financial institution.""

This explanation makes no sense. I use the same bank card and the same PayPal account on Amazon, AliExpress, eBay, and many other online marketplaces. I have placed hundreds of orders over the years without a single payment issue. The problem is clearly not my payment method.

The worst part is that Temu waits days before cancelling the order, wasting customers' time while they expect their package to be shipped. If there is truly a payment problem, why not reject the order immediately instead of leaving it in processing for days?

This has been an incredibly frustrating experience. From my perspective, ordering from Temu has become a waste of time. Repeatedly cancelling legitimate paid orders under the vague excuse of ""unusual activity"" without providing any meaningful explanation is unacceptable. Unless Temu fixes this issue and improves its verification process, I won't be ordering from them again, and I cannot recommend the platform based on my recent experience.
",Mira,6a5b06667b418c5aa281f4cd,MA,1,"Hello, thank you for reaching out to us. We are sorry for any inconvenience caused. Customer satisfaction is of the utmost importance and we are constantly working to improve our service quality. We will follow up on this matter. If you need further assistance, please message us through Temu.com or Temu app live chat. We appreciate you giving us another chance to serve you. Best wishes, Temu team",2026-07-18T12:10:46.000Z
temu.com,id:6a5adfd9d52d35b77cdc6c90,native_id,6a5adfd9d52d35b77cdc6c90,1,false,1784347641,07/18/2026 04:07:21,Dal 2023 cliente delusa due volte," Dal 2023 cliente delusa due volte: logistica imbarazzante e assistenza inutile. Mai più!
Sono stata una cliente regolare di Temu dal 2023, effettuando moltissimi ordini in questi tre anni, ma oggi hanno perso definitivamente una cliente. Questa è la seconda volta che mi capita la stessa identica, vergognosa situazione, e non ci sarà una terza.
Ho ordinato dei mazzi di tarocchi che desideravo moltissimo. Il tracking dell'ordine è rimasto bloccato per giorni con la dicitura fittizia ""disponibile per il ritiro"". Ho contattato l'assistenza spiegando chiaramente che quella dicitura nascondeva un problema e che il pacco stava per tornare indietro, ma sono stata rimbalzata con le solite risposte automatiche e inutili frasi fatte del tipo ""se il pacco arriva lo tenga gratis"". Non hanno mosso un dito  Titolo: Dal 2023 cliente delusa due volte: logistica imbarazzante e assistenza inutile. Mai più!
Sono stata una cliente regolare di Temu dal 2023, effettuando moltissimi ordini in questi tre anni, ma oggi hanno perso definitivamente una cliente. Questa è la seconda volta che mi capita la stessa identica, vergognosa situazione, e non ci sarà una terza.
Ho ordinato dei mazzi di tarocchi che desideravo moltissimo. Il tracking dell'ordine è rimasto bloccato per giorni con la dicitura fittizia ""disponibile per il ritiro"". Ho contattato l'assistenza spiegando chiaramente che quella dicitura nascondeva un problema e che il pacco stava per tornare indietro, ma sono stata rimbalzata con le solite risposte automatiche e inutili frasi fatte del tipo ""se il pacco arriva lo tenga gratis"". Non hanno mosso un dito per verificare o per bloccare la spedizione.
I fatti oggi mi hanno dato doppiamente ragione, dimostrando che la mia intuizione era corretta al 100%: il corriere locale non è mai passato da casa mia. Nello screenshot del tracking si legge che alle 15:20 il tentativo di consegna è risultato ""terminato"" e solo tre minuti dopo, alle 15:23, il pacco era già stato rispedito al mittente. Una presa in giro colossale. Io sono in casa 24 ore su 24 a causa di una momentanea invalidità che mi impedisce di muovermi, quindi nessuno ha mai suonato al mio campanello. Hanno palesemente mentito.
L'unica nota concreta è stato il rimborso, che ho preteso e ottenuto solo grazie alla mia insistenza, ma questo non cancella il danno: io volevo i miei articoli e ho dovuto rinunciarci per colpa di un servizio di logistica scandaloso e di un'assistenza clienti che si rifiuta di ascoltare e risolvere i problemi reali, limitandosi a inviare notifiche automatiche che dicono ""stiamo facendo di tutto per renderla soddisfatta"".
Dopo tre anni di acquisti, vi dico che avete perso una cliente fedele. Gestione pessima, corrieri bugiardi e zero rispetto per chi compra. Sconsiglio a chiunque questa piattaforma se non volete farvi venire il fegato amaro.
Cosa ne pensi? È bello tosto e spiega benissimo il fatto che mentono sui tentativi di consegna e che l'assistenza non serve a nulla. Puoi copiarlo e incollarlo direttamente!
 verificare o per bloccare la spedizione.
I fatti oggi mi hanno dato doppiamente ragione, dimostrando che la mia intuizione era corretta al 100%: il corriere locale non è mai passato da casa mia. Nello screenshot del tracking si legge che alle 15:20 il tentativo di consegna è risultato ""terminato"" e solo tre minuti dopo, alle 15:23, il pacco era già stato rispedito al mittente. Una presa in giro colossale. Io sono in casa 24 ore su 24 a causa di una momentanea invalidità che mi impedisce di muovermi, quindi nessuno ha mai suonato al mio campanello. Hanno palesemente mentito.
L'unica nota concreta è stato il rimborso, che ho preteso e ottenuto solo grazie alla mia insistenza, ma questo non cancella il danno: io volevo i miei articoli e ho dovuto rinunciarci per colpa di un servizio di logistica scandaloso e di un'assistenza clienti che si rifiuta di ascoltare e risolvere i problemi reali, limitandosi a inviare notifiche automatiche che dicono ""stiamo facendo di tutto per renderla soddisfatta"".
Dopo tre anni di acquisti, vi dico che avete perso una cliente fedele. Gestione pessima, corrieri bugiardi e zero rispetto per chi compra. Sconsiglio a chiunque questa piattaforma se non volete farvi venire il fegato amaro.
",Erika,669a7cb8aa38cad4ce1bc5d0,IT,4,"Ciao, grazie per averci contattato. Ci scusiamo per gli eventuali disagi. La soddisfazione del cliente è di massima importanza per noi e lavoriamo costantemente per migliorare la qualità del nostro servizio. Faremo un follow-up su questa questione. Se hai bisogno di ulteriore assistenza, non esitare a mandarci un messaggio su Temu.com o utilizzare la live chat dell'app Temu tramite questo link: https://share.temu.com/NWGRVrrOSMA . Siamo grati per la continua fiducia riposta nei nostri servizi. A presto, Il Team Temu.",2026-07-18T12:11:05.000Z
temu.com,id:6a5adf9d8e2982dbc206e5d1,native_id,6a5adf9d8e2982dbc206e5d1,1,false,1784347581,07/18/2026 04:06:21,I bought a coded angle grinder it was…,I bought a coded angle grinder it was delivered no problem the problem was with angle grinder itself there an on off switch wich stayed on even when you left go of the switch wich if im not mistaken is a must by uk standards so my advice is read the small print very carefully ,Darren Shaky Shakeshaft,6a07518962191471706aa792,GB,5,"Hello, thank you for reaching out to us. We are sorry for any inconvenience caused. Customer satisfaction is of the utmost importance and we are constantly working to improve our service quality. If you need further assistance, please message us through Temu.com or Temu app live chat. We appreciate you giving us another chance to serve you. Best wishes, Temu team",2026-07-18T12:11:42.000Z
temu.com,id:6a5adc0dc9de7cff34d104d7,native_id,6a5adc0dc9de7cff34d104d7,1,false,1784346669,07/18/2026 03:51:09,J’étais fidèle cliente de temu,"J’étais fidèle cliente de temu, bin maintenant avec leurs taxe, c’est fini ! "" The end "" et je ne me tournerai pas non plus vers l’UE . Tans pis.",Mme BOUSSUGE ISABELLE,52079f410000640001477a40,FR,28,"Bonjour, merci d'avoir pris contact avec nous, et nous sommes désolés pour tout désagrément que cela a pu causer. La satisfaction du client est de la plus haute importance, et nous travaillons constamment à améliorer la qualité de notre service. Pourriez-vous s'il vous plaît nous contacter à nouveau via Temu.com ou le chat en direct de l'application Temu afin que nous puissions aider et enquêter immédiatement? Vous pouvez également visiter www.temu.com/support-center.html pour trouver plus de contacts du service client. Nous vous remercions de nous donner une autre chance de vous servir. Meilleurs vœux, l'équipe Temu",2026-07-18T12:11:51.000Z
temu.com,id:6a5acd8ab149171fa5cc5ad4,native_id,6a5acd8ab149171fa5cc5ad4,1,false,1784342954,07/18/2026 02:49:14, Mai più Temu!   ,"E’ qualche anno che mi servivo da Temu e devo dire che in linea di massima ero soddisfatta. Ho sempre trovato disponibilità nei resi e nell’accredito degli stessi, direi che non ho quasi mai avuto problemi. Peccato che dal 1 di luglio 2026 tutto è cambiato, poiché ora hanno aggiunto i costi della dogana e Iva, quindi ad esempio se fai un ordine di 57 euro il totale da pagare sara’ di 112 euro, viene inoltre addebitato 3euro per ogni ordine.  Loro dicono che questa sia una direttiva Eropea 
, a me pare un furto organizzato! Assurdo, praticamente vai a pagare il doppio sull’ordine  effettuato. Le consegne sono lunghe e a volte si deve aspettare  anche dei mesi per alcune consegne. Essendoci però dei buoni prezzi la cosa poteva essere accettata. Ma adesso direi propio che non sia più possibile, considerando che con Amazon il problema non sussista e ricevi l’ordine in due o tre gg.  Quindi a conti fatti non è più conveniente servirsi da Temu in nessun senso! Ovviamente non mi servirò più da loro e credo che con questo sistema perderanno molti clienti. ",Marzia andreini,6a5acd87b06fbfc630ea170a,IT,1,"Ciao, grazie per averci contattato. Ci scusiamo per gli eventuali disagi. La soddisfazione del cliente è di massima importanza per noi e lavoriamo costantemente per migliorare la qualità del nostro servizio. Se hai bisogno di ulteriore assistenza, non esitare a mandarci un messaggio su Temu.com o utilizzare la live chat dell'app Temu tramite questo link: https://share.temu.com/NWGRVrrOSMA . Siamo grati per la continua fiducia riposta nei nostri servizi. A presto, Il Team Temu.",2026-07-18T12:12:09.000Z
temu.com,id:6a5ac9ff1c989cedd02e4470,native_id,6a5ac9ff1c989cedd02e4470,1,false,1784342047,07/18/2026 02:34:07,Una cagada,"Una cagada. Supuestamente devolvieron el pedido al remitente porque no se habían podido comunicar conmigo (el destinatario). Resulta que vivo y trabajo en el mismo lugar, por lo cual hay personas todos el tiempo e el domicilio. Enviaban notificaciones a las 7am de que no se habían podido comunicar con el destinatario y nunca llegó ni llamo nadie. Después de 3 días devolvieron el paquete, y nada que reintegran el dinero. Ni una, ni otra. Una poronga temu",Guille Lindner,6a5ac9dc7b418c610a81dd8b,AR,1,"Hola, gracias por comprar con nosotros y nos disculpamos por la dificultad que experimentaste con tu pedido reciente. Finalmente, el programa de Protección de Compras de Temu ofrece reembolsos completos si tus artículos no llegan, llegan dañados o no coinciden con la descripción o las fotos  (https://www.temu.com/temu-purchase-protection.html). La satisfacción de nuestros clientes es lo más importante y estamos trabajando constantemente para mejorar la calidad de nuestro servicio. Si tienes alguna pregunta adicional o inquietud, por favor envíanos un mensaje a través de nuestro chat en Temu.com o en la app de Temu. Saludos, Equipo Temu",2026-07-18T12:12:27.000Z
temu.com,id:6a5ac542ce25ea3fa778c9eb,native_id,6a5ac542ce25ea3fa778c9eb,2,false,1784340834,07/18/2026 02:13:54,I have purchased a lot of stuff on…,I have purchased a lot of stuff on Teemu they said I have credit I go to pull the credit and they want me to purchase more things then you spin a wheel and more b******* comes out it's all bull--- I do not want to reply from Timo they will just come up with some b******* they read off a computer that's made by AI,michael gallo,5abbdea74de5666d346c1474,US,8,"Hello, thank you for participating in our promotional activities and we are sorry that you are experiencing difficulties with your rewards. Customer satisfaction is of the utmost importance and we are constantly working to improve our service quality. Please contact us again through Temu.com or Temu app live chat so we can help you investigate right away. Best wishes, Temu team",2026-07-18T12:12:35.000Z
temu.com,id:6a5ac25994a465f3fa0d75ea,native_id,6a5ac25994a465f3fa0d75ea,1,false,1784340089,07/18/2026 02:01:29,This site are scam for  any customers,This site are scam for  any customers offering  free gifts  never arrived ,Honorio Saenz,6a5ac248b06fbf3240ea10d9,US,1,"Hello, thank you for participating in our promotional activities and we are sorry that you are experiencing difficulties with your rewards. Customer satisfaction is of the utmost importance and we are constantly working to improve our service quality. Please contact us again through Temu.com or Temu app live chat so we can help you investigate right away. Best wishes, Temu team",2026-07-18T02:50:44.000Z
temu.com,id:6a5ac1ec154014c940097b43,native_id,6a5ac1ec154014c940097b43,1,false,1784339981,07/18/2026 01:59:41,Prices increase on checkout. Disintegrating small rubbish bags.  ,"Temu check out increased prices.I didn’t realise on checkout that roll of cupboard liners had tripled to $11.  The rubbish bags I ordered were extremely poor quality. I bought terrible rubbish and waste bags that on arrival fell apart. The large size was small for Australia and NZ. They were a total waste of money. Double check what you buy.  My purchases ended up costing three times as much and there was also a shipping cost. I complained and they gave $20 of short dated coupons to use, I didn’t use them in time though. ",Margaret Symons,5eb5c1528f25b9a36d50e88b,NZ,34,"Hello, thank you for reaching out to us. We are sorry for any inconvenience caused. Customer satisfaction is of the utmost importance and we are constantly working to improve our service quality. We will follow up on this matter. If you need further assistance, please message us through Temu.com or Temu app live chat. We appreciate you giving us another chance to serve you. Best wishes, Temu team",2026-07-18T02:50:57.000Z
temu.com,id:6a5ab3d4138408238ccf63d1,native_id,6a5ab3d4138408238ccf63d1,1,false,1784336372,07/18/2026 00:59:32,Na 6 weken ben ik nog steeds bezig om…,"
Na 6 weken ben ik nog steeds bezig om duidelijk te maken dat ik mijn bestelling nooit heb ontvangen. Temu blijft volhouden dat het pakket is afgeleverd, alleen omdat de bezorgdienst dat in de track & trace aangeeft. Dat is volgens hen voldoende bewijs.

Toen ik vroeg om het onderzoeksrapport of ander bewijs waaruit blijkt dat het pakket daadwerkelijk aan mij is geleverd, konden ze dat niet verstrekken. Toch weigeren ze mijn klacht serieus te nemen en verwachten ze dat ik betaal voor een bestelling die ik nooit heb ontvangen.

De klantenservice biedt geen passende oplossing en verschuilt zich achter de track & trace, zonder verder onderzoek of bewijs. Mijn ervaring met Temu is daarom erg teleurstellend. Ik raad aan om goed na te denken voordat je hier bestelt.

",Meena,606a08df26bd26001b429a53,NL,5,"Hoi, bedankt voor je bericht. Onze excuses voor enig ongemak, jouw tevredenheid vinden we belangrijk en we werken voortdurend aan het verbeteren van onze dienstverlening. Deze kwestie zullen we ook opvolgen. Als je hulp nodig hebt kan je contact opnemen via Temu.com of via de app door deze link te gebruiken: https://share.temu.com/NWGRVrrOSMA. We waarderen het dat je ons nog een kans geeft om je van dienst te zijn. Vriendelijke groeten, Team Temu",2026-07-18T02:51:11.000Z
temu.com,id:6a5ab3a35e37a8c1d8b576a8,native_id,6a5ab3a35e37a8c1d8b576a8,3,false,1784336323,07/18/2026 00:58:43,I think we all know about Temu,"I think we all know about Temu, motto being..YOU GET WHAT YOU PAY FOR!! I use Temu. A LOT!! And I dont do cheap and nasty, l like good quality clothing and ANYTHING I buy to be of good quality. But the main stream of their fashion, clothing lines are so hit and miss. Its a shame because they repeatedly have a good design and on the website the clothing looks stunning good spec. It took me about 6 months to start to realize that poor quality was the NORM. But having said that it draws you in, it's like being in a massive giant shopping mall, with no ending.!!!  But I have lessened the amount significantly of the amountof money I  spend on their clothing. Refunds are given quickly, easy to order, but the delivery is very long. My delivery on average have taken 16 days. And I have ordered multiple  multiple times. It is a great shopping line to have and use if you are shopping on a very tight budget. Everything is affordable. But quality needs to be more effective.",Beverley Osbourne,64804ac82bad3e0012bf9864,GB,63,"Hello, thank you for reaching out to us. We are sorry for any inconvenience caused. Customer satisfaction is of the utmost importance and we are constantly working to improve our service quality. We will follow up on this matter. If you need further assistance, please message us through Temu.com or Temu app live chat. We appreciate you giving us another chance to serve you. Best wishes, Temu team",2026-07-18T02:51:23.000Z
temu.com,id:6a5ab35e7b751d53d3296f6a,native_id,6a5ab35e7b751d53d3296f6a,2,false,1784336254,07/18/2026 00:57:34,Disillusionment,"I have become very disillusioned with Temu as have many other people I have heard of who have stopped buying. There were so many times over the last 6 months I went to buy something only to be met with extremely aggressive marketing methods to make me buy things I don't want and distracted me from the things I want. The 6 items free lotto is a complete joke. When you start to go through the process of it, hours on down the line you are trying to find some piece of rubbish with inflated prices just to get the one thing you would have bought in the first place for a good price. Temu - please stop this. You might think we're stupid and engage in this trickery but people are wising up to it and have stopped buying. You dont care - eh? Well, you've lost me many times (a good customer) and about 20 people I have spoken to within the last couple of weeks - they are just saying they can't be bothered any more. Its wearisome and we don't have time to spend hours sifting through things. A points system - yes, where if you buy, you gain credits, but that lottery where if you buy one item at £16 then that is 12% or whatever - the way you have it listed is ridiculous. The tactic of creating confusion to make people panic buy - we're long past it. Please step up and make your sales straightforward - no more messing around. After that, if you do this, I'll be raising my review up to 5 stars again because I love Temu products.",Jay Girl,603beb97f560680019db9155,GB,5,"Hello, thank you for participating in our promotional activities. Customer satisfaction is of the utmost importance and we are constantly working to improve our service quality. Please contact us again through Temu.com or Temu app live chat so we can help you investigate right away. Best wishes, Temu team",2026-07-18T02:51:35.000Z
temu.com,id:6a5aad620f3c9b5bd88e5b12,native_id,6a5aad620f3c9b5bd88e5b12,1,false,1784334722,07/18/2026 00:32:02,Han perdido una clienta,"Han perdido una clienta, resulta que devolví unos productos, cuando voy a gastar el crédito que tenía por la devolución, me dicen que tengo que pagar casi otro tanto por gastos de importación, y la cuantía devuelta no me sale bien, al final salí perdiendo . Recomendación cero, una clienta menos y la publicidad en negativo de boca en boca
",Eva Maria Fernández González,6a5aad5f7b418c36d781c917,ES,1,"Hola, gracias por ponerte en contacto con nosotros. Lamentamos cualquier inconveniente que hayas experimentado. La satisfacción del cliente es nuestra prioridad y trabajamos continuamente para mejorar nuestros servicios. Estaremos dando seguimiento a este asunto. Si necesitas más ayuda, por favor, envíanos un mensaje a través de Temu.com o utiliza el chat en vivo de la aplicación en este enlace: https://share.temu.com/NWGRVrrOSMA. Agradecemos que nos brindes otra oportunidad para servirte. Saludos, Equipo Temu",2026-07-18T02:51:49.000Z
temu.com,id:6a5aab21dd619426e2d0271d,native_id,6a5aab21dd619426e2d0271d,1,false,1784334145,07/18/2026 00:22:25,TEMU: Rückgaberecht ist Bullshit,"Rückgaberecht ist Bullshit sie halten sich nirgendwo an die EU Richtlinien.

Weil wenn man die Ware zurück sendet sitzt man auf seine Kosten.

TEMU MUSS VERBOTEN WERDEN.
TEMU darf NICHT mehr in Europa Online erreichbar sein.
",Daniel Schwieger,693001586148ea0f5df621b6,DE,1,"Hallo, vielen Dank, dass Sie sich an uns gewandt haben. Die Zufriedenheit unserer Kunden ist für uns von größter Bedeutung, und wir sind ständig bestrebt, uns zu verbessern. Bitte senden Sie uns eine Nachricht über Temu.com oder den Temu-App-Live-Chat, damit unser Kundenservice Team Ihnen helfen kann, dies sofort zu überprüfen. Viele Grüße, Temu Team",2026-07-18T02:52:00.000Z
temu.com,id:6a5a9cd6d6da86f3b31ac837,native_id,6a5a9cd6d6da86f3b31ac837,2,false,1784330486,07/17/2026 23:21:26,Temu tends to carry better quality and…,"Temu tends to carry better quality and reasonably priced Chinese goods. Their agents deliver fairly rapidly and reliably, although their tracking is nowhere near as good as Aliexpress or Amazon.

However, the website and app advertise various rebates and discounts (pending credits) that aren't real even if you complete purchases within the time limits. This is made to look like an annoying game. However, the rewards are not actually issued. Temu also aggressively spams you on communication channels, including WhatsApp.

If it wasn't for this deception, I would rank this site much higher but, I will avoid in the future because of this.",David,68bd584211121e3e4a6ab97e,CA,5,"Hello, thank you for participating in our promotional activities and we are sorry that you are experiencing difficulties with your rewards. Customer satisfaction is of the utmost importance and we are constantly working to improve our service quality. Please contact us again through Temu.com or Temu app live chat so we can help you investigate right away. Best wishes, Temu team",2026-07-18T06:46:38.000Z
temu.com,id:6a5a9535b3bf9ea613945e4c,native_id,6a5a9535b3bf9ea613945e4c,1,false,1784328533,07/17/2026 22:48:53,No refund for 5/27 and 6/7/26,Ordered 2 items only received one  the order included laundry mat and scale did not receive the scale and paid for it in full. No return for the item not received. Also charged $30.41 for a capri pants that was $16.49. ,Chicago,58de80070000ff000a8833c0,US,3,"Hello, thank you for reaching out to us. We are sorry for any inconvenience caused. Customer satisfaction is of the utmost importance and we are constantly working to improve our service quality. If you need further assistance, please message us through Temu.com or Temu app live chat. We appreciate you giving us another chance to serve you. Best wishes, Temu team",2026-07-18T06:46:53.000Z
temu.com,id:6a5a8c0d6c4a18827c1cad01,native_id,6a5a8c0d6c4a18827c1cad01,1,false,1784326189,07/17/2026 22:09:49,on the ads it says free stuff for new…,on the ads it says free stuff for new users and when you use it it ask you make a purchase to get the prize like buy 200 dollars worth of stuff to get 100 dollars worth of prize,Nick jime,6a5a8c05236e3ddfe9d89380,US,1,"Hello, thank you for participating in our promotional activities and we are sorry that you are experiencing difficulties with your rewards. Customer satisfaction is of the utmost importance and we are constantly working to improve our service quality. Please contact us again through Temu.com or Temu app live chat so we can help you investigate right away. Best wishes, Temu team",2026-07-18T06:47:03.000Z
temu.com,id:6a5a8b4f3ed9aa1f20571893,native_id,6a5a8b4f3ed9aa1f20571893,5,false,1784325999,07/17/2026 22:06:39,Thanks for showing us how marked up other sellers charge us.,"Temu is what it is, you just have to diligently choose products and check prices before checking out.  It's not Nordstrom or Costco where the customer is always right.  But if you play the game that their website is, you can pay 10-20c on the dollar for items of acceptable quality. The 10day shipping is the price you pay for 75% discounts, if you want it sooner pay more in USA. The website has taught me the incredible markup Americans pay over here for many times the exact same thing. So thank you TEMU,  it's cheap and fun to browse and search price differentials on your site. 
Steve ",Tight Wad,643c49ba63d39c001548fb02,US,4,"Hello, thank you for shopping with us and sharing your 5-star experience! We are happy that you are pleased with your items. Your feedback is extremely valuable to us as we constantly strive to improve our service quality. If you need any assistance, please don’t hesitate to message us through Temu.com or Temu app live chat. Best wishes, Temu team",2026-07-18T05:37:26.000Z
temu.com,id:6a5a80795dff88463db2f60d,native_id,6a5a80795dff88463db2f60d,1,false,1784323225,07/17/2026 21:20:25,No se lo que pasa con Temu,No se lo que pasa con Temu. Si ha cambiado de dueño y esta en manos de un estafador. Hice un pedido el 28 de junio y nunca ha llegado. El servio de reparto se llama Atu hora expresa de coña el nombrecito.  Me puse en contacto con ellos a través de chat y me dicen que van a ver como lo pueden arreglar. El arreglo será trayendo me el paquete no? Así que como yo pago por PayPal solicité el reembolso y ya me han devuelto el dinero así que hoy cierro la cuenta de Temu. Una pena porque funcionaba bien pero algo ha debido de cambiar,Maria Jose,67165810d2b56432a603473d,ES,2,"Hola, gracias por ponerte en contacto con nosotros. Lamentamos cualquier inconveniente que hayas experimentado. La satisfacción del cliente es nuestra prioridad y trabajamos continuamente para mejorar nuestros servicios. Si necesitas más ayuda, por favor, envíanos un mensaje a través de Temu.com o utiliza el chat en vivo de la aplicación en este enlace: https://share.temu.com/NWGRVrrOSMA. Agradecemos que nos brindes otra oportunidad para servirte. Saludos, Equipo Temu",2026-07-18T06:47:15.000Z
temu.com,id:6a5a77a917c51bb2f86639a2,native_id,6a5a77a917c51bb2f86639a2,1,false,1784320969,07/17/2026 20:42:49,Preisanpassung und Zollgebühren Betrug von Temu,"Achtung für alle die noch bei Temu kaufen:
1. Preisanpassung 
  Temu und Preisanpassung innerhalb 30 Tage ist ein verlogenes Versprechen bzw. Betrug, mehrere Artikel bei Temu innerhalb von 30 Tagen zwischen 2 u. 3€ im Preis gefallen, für jeden Artikel gleicher Verkäufer, immer Artikel  bezogen trotzdem weigert sich Temu die Preisanpassung auszustellen.
2. Zollgebühren
 jetzt wird es spannend:
Bestellung 7 Basecaps oder 5 T Shirts oder 4 Cargo Shorts, 
Also nicht zusammen bestellt sondern immer nur Kategorie bezogen bestellt.
7 Basecaps ist doch die gleiche Produktkategorie, oder? 
aber wieso pltzlich Zollgebühr 7,14€ gleiche Kategorie müsste eigentlich 3,57€ sein, man muss dann herraus finden, welche zB. Bascaps man löschen muss um auf die 3,57€ zu kommen, so macht Temu das bei allen Artikeln mit der gleichen Produktkategorie. Falls ihr weiterhin bei Temu kauft auf diesen Betrug achten.",Rainer Benner,65984b3375749e0012a85f96,DE,25,"Hallo, vielen Dank, dass Sie sich an uns gewandt haben. Die Zufriedenheit unserer Kunden ist für uns von größter Bedeutung, und wir sind ständig bestrebt, uns zu verbessern. Bitte senden Sie uns eine Nachricht über Temu.com oder den Temu-App-Live-Chat, damit unser Kundenservice Team Ihnen helfen kann, dies sofort zu überprüfen. Viele Grüße, Temu Team",2026-07-18T06:47:40.000Z
temu.com,id:6a5a76befcb9197ee0e6de55,native_id,6a5a76befcb9197ee0e6de55,1,false,1784320734,07/17/2026 20:38:54,"Rücksendung einfach ignoriert, Geld einbehalten","Ich wollte meine Bestellung zurücksenden und habe alles korrekt und zeitgerecht erledigt. Allerdings habe ich nie ein Retourenlabel vom Verkäufer erhalten. Meine Anfragen hat er einfach ignoriert.

Nach ein paar Wochen habe ich den Temu Support kontaktiert, mit dem bin ich seitdem (über 3 Monate) in Kontakt. Ich bekomme immer wieder die gleichen Standardantworten.

Es sind also über 3 Monate vergangen und ich habe mein Geld nicht zurückbekommen und viele Stunden mit dem Support verschwendet (mal ganz abgesehen vom Ärger).

Schlechtestes Einkaufserlebnis, das ich jemals hatte!

Update zur Antwort von Temu:
Bezeichnend für die ganze Situation wird mir also empfohlen, mich an den Support zu wenden, der seit 3 Monaten keine Lösung gefunden hat. Die Anfragen an den Support werden wohl ähnlich genau gelesen wie die Bewertungen...",Ernst,6a5a7698ff3db213b1b75cf1,CH,1,"Hallo, vielen Dank, dass Sie sich an uns gewandt haben. Die Zufriedenheit unserer Kunden ist für uns von größter Bedeutung, und wir sind ständig bestrebt, uns zu verbessern. Bitte senden Sie uns eine Nachricht über Temu.com oder den Temu-App-Live-Chat, damit unser Kundenservice Team Ihnen helfen kann, dies sofort zu überprüfen. Viele Grüße, Temu Team",2026-07-18T06:47:53.000Z
temu.com,id:6a5a6856ff8396ec6122aae1,native_id,6a5a6856ff8396ec6122aae1,2,false,1784317046,07/17/2026 19:37:26,I have used Temu for the last few years…,"I have used Temu for the last few years and appreciate some products are rubbish however some are excellent value but beware of free gifts  pick 4 as requested and after checkout its down to 2,  delivered none its a con pure and simple.",Peter Nicholson,644e6875192d6f00137abaaa,GB,2,"Hello, thank you for participating in our promotional activities and we are sorry that you are experiencing difficulties with your rewards. Customer satisfaction is of the utmost importance and we are constantly working to improve our service quality. Please contact us again through Temu.com or Temu app live chat so we can help you investigate right away. Best wishes, Temu team",2026-07-18T06:48:06.000Z
temu.com,id:6a5a5ed04d6aed60530d6d46,native_id,6a5a5ed04d6aed60530d6d46,1,false,1784314608,07/17/2026 18:56:48,They send you all these alleged pop-ups…,"They send you all these alleged pop-ups that ur eligible for free items , so you pick the Free items then it says with a $10 minimum. So.I picked out  more items . I never received the items I chose that Temu said I won
Just now pop ups saying Im eligible for 4 items at a slashed 99%   I picked yhem out - says you need a $15 minimum- I pick out the $15 - when I go and chk out - the 4 items I chose are Not there .  
Same as the free 8 items - received the thd items it said for the minimum , but not the others 
So they don't all these flashing and WoW you just Won. And then Oh with a minimum of $20. Minimum  of $25
Minimum of.$15. .  I.havent ordered from Temu in months and it was because of this issue ",Barbara Donlin,5f8b5c2e2d1fd60019b20cb3,US,2,"Hello, thank you for participating in our promotional activities and we are sorry that you are experiencing difficulties with your rewards. Customer satisfaction is of the utmost importance and we are constantly working to improve our service quality. Please contact us again through Temu.com or Temu app live chat so we can help you investigate right away. Best wishes, Temu team",2026-07-18T06:48:18.000Z
temu.com,id:6a5a5993514248d8f2943a8d,native_id,6a5a5993514248d8f2943a8d,2,false,1784313267,07/17/2026 18:34:27,Misleading company,Most goods wrongfully described .Some of poor quality .Offers they make you for credit refund badly discibed. Offers are misleading .i am closing my app .with them ,Lenny Longstaff,56b4800e0000ff000a0334fd,GB,41,"Hello, thank you for shopping on Temu! Your feedback is extremely valuable to us and we are sorry that you are not satisfied with some of your items. We implement strict policies and control measures to ensure product quality and accurate product descriptions. Temu's Purchase Protection program offers full refunds if your items do not arrive, arrive damaged, or do not match the description or photos (https://www.temu.com/temu-purchase-protection.html). To apply for a refund, login to the Temu app or Temu.com with the account used for your order, open the ""Your orders"" page, and click ""Return/Refund."" For detailed return instructions, please visit https://www.temu.com/return-and-refund-policy.html. You can choose to receive your refund back to your original payment method or as Temu credits. If you need further assistance, please message us through Temu.com or Temu app live chat. Best wishes, Temu team",2026-07-18T06:48:25.000Z
temu.com,id:6a5a58d5f60708b8ee3f8f5e,native_id,6a5a58d5f60708b8ee3f8f5e,1,false,1784313078,07/17/2026 18:31:18,Temu is seemingly a legal thief,"Subject: FORMAL COMPLAINT AND ULTIMATUM: Defective Goods and Refund Refusal – Order PO-116-16131796060791030 and PO-116-17506070528631030 2 orders come together 
To whom it may concern,I am writing  a formal complaint regarding my latest 2 orders, received today, and to issue a final demand for a full refund. Temu is operating under unacceptable business practices that border on systemic consumer fraud. This is the final transaction I will ever conduct with your company.The products delivered to me are entirely unusable. They are defective, structurally damaged, unglued, and heavily scratched. Furthermore, the solar lights do not function at all. I have already provided clear photographic evidence of these defects through your chat support, yet your department has unlawfully denied my refund.
Your demand that I return these items is physically and financially absurd. Fulfilling this request requires me to drive over 200 kilometers to the nearest return point. This shifts the financial and logistical burden of your damaged inventory onto me, the consumer. Additionally, given the automated, dismissive nature of your customer support, I have zero confidence that your inspection team would process a refund honestly upon receipt.Your quality standard is non-existent, and your customer service agents operate like automated robots, offering repetitive, unhelpful scripts. My previous correspondence from a few days ago was completely ignored.Let me be entirely clear: I do not accept your apologies. I demand an immediate and full refund to my original payment method.
If this matter is not resolved within 48 hours, I will take the following legal and regulatory actions:Consumer Protection Authorities: I will file official complaints with relevant international consumer protection agencies and market inspectorates.Financial Escalation: I will contact my bank immediately to initiate a formal chargeback dispute for receiving fraudulent/damaged goods, exposing your merchant account to penalties.Public Exposure: I will publish the photographic evidence of your damaged goods alongside this correspondence across major public forums and review platforms to warn other consumers.I will not drop this matter, and I will pursue every available legal avenue until my funds are returned.Do not reply with generic templates. Issue the refund immediately.
and refund , not only for this, refund for all orders that you denied!!!! I have another review, for other order before couple days that you ignore.
  Temu is seemingly a legal thief",g.sh,619bfafc9435030012fcfd0b,MK,5,"Hello, thank you for reaching out to us. We are sorry for any inconvenience caused. Customer satisfaction is of the utmost importance and we are constantly working to improve our service quality. We will follow up on this matter. If you need further assistance, please message us through Temu.com or Temu app live chat. We appreciate you giving us another chance to serve you. Best wishes, Temu team",2026-07-18T06:48:36.000Z
temu.com,id:6a5a4f53b9a7a7fc266b9d3e,native_id,6a5a4f53b9a7a7fc266b9d3e,1,false,1784310643,07/17/2026 17:50:43,Attenzione!,"Bisogna fare molta attenzione agli acquisti soprattutto adesso che applicano dazi e costi di sdoganamento su ogni articolo e secondo me, anche quando non è necessario. Le specifiche dei prodotti soprattutto su abbigliamento non è sempre precisa. Noi x esempio abbiamo ordinato un telo da mare in microfibra, ma quando è arrivato abbiamo visto e toccato che non è microfibra.......sembra addirittura flanella....follia! E non c'è nemmeno il cartellino cucito, che di norma ci deve essere su ogni prodotto in tessuto. Sito poco serio!!!!!!",Laura Milano,6059a70eb87d240012b94d36,IT,5,"Ciao, grazie per aver acquistato su Temu! Il tuo feedback è estremamente prezioso per noi e ci dispiace che tu non sia soddisfatto/a di alcuni dei tuoi articoli. Applichiamo politiche rigorose e misure di controllo per garantire la qualità del prodotto e descrizioni accurate. Il programma di Protezione degli Acquisti di Temu offre rimborsi completi nel caso in cui gli articoli non arrivino, arrivino danneggiati o non corrispondano alla descrizione o alle foto (https://www.temu.com/temu-purchase-protection.html). Per richiedere un rimborso, effettua il login sull'app Temu o su Temu.com con l'account utilizzato per il tuo ordine, apri la pagina ""I tuoi ordini"" e clicca su ""Reso/Rimborso"". Per istruzioni dettagliate sui resi, visita https://www.temu.com/return-and-refund-policy.html. Se hai bisogno di ulteriore assistenza, non esitare a inviarci un messaggio tramite Temu.com o la live chat dell'app Temu. A presto, Il Team Temu.",2026-07-18T06:48:50.000Z
temu.com,id:6a5a3eae450cf7fd92c09e0a,native_id,6a5a3eae450cf7fd92c09e0a,1,false,1784306382,07/17/2026 16:39:42,I've learned my lesson,"I've learned my lesson, never again will I purchase ANY product for Temu.
The products I've received, is nothing like what's projected on the website, the sizes are off, the material is super inferior, puls it takes forever for this shit to be delivered. 
Total false advertising. 
I'm not even going to bother trying to return the crap, I'll just drop everything off at a goodwill store. 
",Eric John,64a19d87b731ef00129a58cd,CA,1,"Hello, thank you for shopping on Temu! Your feedback is extremely valuable to us and we are sorry that you are not satisfied with some of your items. We implement strict policies and control measures to ensure product quality and accurate product descriptions. Temu's Purchase Protection program offers full refunds if your items do not arrive, arrive damaged, or do not match the description or photos (https://www.temu.com/temu-purchase-protection.html). To apply for a refund, login to the Temu app or Temu.com with the account used for your order, open the ""Your orders"" page, and click ""Return/Refund."" For detailed return instructions, please visit https://www.temu.com/return-and-refund-policy.html. You can choose to receive your refund back to your original payment method or as Temu credits. If you need further assistance, please message us through Temu.com or Temu app live chat. Best wishes, Temu team",2026-07-18T06:48:58.000Z
temu.com,id:6a5a3c217322c12f80f21709,native_id,6a5a3c217322c12f80f21709,1,false,1784305729,07/17/2026 16:28:49,La qualité de TEMU a fotement diminué ,"La qualité de TEMU a fotement diminué ! je suis une très bonne cliente depuis des années, mais je vais arrêter de commander pour plusieurs raisons : les frais d'importation  3 à 3.60€  de frais PAR ARTICLE . Je m'en suis aperçue il y a seulement quelques jours. Le pire est lorsque vous voulez retourner un ou plusieurs articles qui ne sont pas conformes à la photo, les frais ne vous sont pas remboursés. j'ai perdu 15€ la dernière fois. Il y a aussi un autre problème. Cela fait 2 fois qu'il manque des articles dans le colis. TEMU ne vous croit pas et ne veut pas vous rembourser. Bref, c'est une galère, on peut rester plusieurs heures à chatter pour rien. JE VAIS EVITER MAINTENANT CE SITE QUI DEVIENT AUSSI CHER QUE LA FOIR'FOUILLE CHEZ NOUS;",Annie Schaeflé,5867b5120000ff000a674654,FR,15,"Bonjour, merci d'avoir pris contact avec nous, et nous sommes désolés pour tout désagrément que cela a pu causer. La satisfaction du client est de la plus haute importance, et nous travaillons constamment à améliorer la qualité de notre service. Pourriez-vous s'il vous plaît nous contacter à nouveau via Temu.com ou le chat en direct de l'application Temu afin que nous puissions aider et enquêter immédiatement? Vous pouvez également visiter www.temu.com/support-center.html pour trouver plus de contacts du service client. Nous vous remercions de nous donner une autre chance de vous servir. Meilleurs vœux, l'équipe Temu",2026-07-18T06:49:37.000Z
temu.com,id:6a5a3b88fcff87aa574e907f,native_id,6a5a3b88fcff87aa574e907f,1,false,1784305576,07/17/2026 16:26:16,Rubbish jigsaws ,"Just bought 4 jigsaws , one had box broken, can return, however , son in law gravely ill and cannot get to shop s9 stuck with it . The pieces are nearl6 as thin as paper , they bend and do not stay together, absolute rubbis( , not recomm3nde , never again ",Analize OBrien,69e6551f0d82984efa6837e3,GB,10,"Hello, thank you for reaching out to us. We are sorry for any inconvenience caused. Customer satisfaction is of the utmost importance and we are constantly working to improve our service quality. If you need further assistance, please message us through Temu.com or Temu app live chat. We appreciate you giving us another chance to serve you. Best wishes, Temu team",2026-07-18T06:49:47.000Z
temu.com,id:6a5a3976ec57557a002ba4a5,native_id,6a5a3976ec57557a002ba4a5,1,false,1784305046,07/17/2026 16:17:26,Ordered a dash cam,"Ordered a dash cam, it came but it was not like the picture, the mount was tiny and the power cord sticks up past the mount. It's unusable. Now whether it is TEMU and/or the seller, they denied a full refund. I tried the return feature as they claim every order gets free returns. 
That also isn't there, it says I have to pay for shipping it back, and ""you CAN get refunded for shipping"" not you will.

They allow the ""sellers"" to discontinue the item, this item was sometime between the order date of 9th to arrival date of 15th of July, so no reviews can be read for this listing. Then the seller just relists the exact same item/s again with no reviews using the same pictures. I took a video of this, as you can see what other items the same ""seller"" lists.

Be careful what you spend there and the  ""Star"" seller reviews. This seller is supposedly #8 on the ""Star"" list and they will do nothing about anything, like the false advertisement they put up and the fact I cantt use this. 

Also I suspect the item had been a return, as the main screen had no protective film on it and looks scratched.

After some further digging the ""seller"" is listing different cameras using the same 5 lens picture and I see one of their ads for a lower lens camera that has the same mount I got.

More info 7-18-26, I had made an order for a phone case in June 6-14-26 that I had to send back, I was sent a case that wasn't for my phone model. 

I made 2 new orders a month later 7-9-26 the same day, another phone case and the dash cam. They did not come together. For some reason when I try to use the return this item, it only pops up with one option. That I need to pay to send it back..
""Send by yourself You can be reimbursed
Use a prepaid return method to send back your items. After sending them back, add the package's tracking information.""

The request I made for  full refund was denied by the seller. It was about the time I tried to make a negative review on it, and saw it was discontinued ""This item details are unavailable. Your review of this item can still be found in Your profile"". Meaning no one else will see my review. It's not on their store profile either that I can see.

I did another return request but the same single option comes up. So, I canceled the request again.

The seller is ""B Car Electron"". If you look at them, they have other dash cam items using the exact same picture this did, as the picture on my order shows. If you go to the see more link a few times, there are different pictures of this camera that shows the type of mount I got. So it is not discontinued under the other pictures.

If you could just send me a different mount that would be ok..

7-18-26, I get an email saying they have read this review and ask for more information, that needs to be done in 3 days, which I've added and the order number, plus this lame cookie cutter reply to this post. They have the order number and my name. Further assistance??? I've had no assistance, I'm not going back to the robot chat again and explain it all again and again so Temu can end up pushing store credit. It's not that difficult to see in the mounting picture I attached to their site review and the robots chat of what was sent vs what was shown on the picture. They really need email instead of their dumb virtual robot chat too. I'm done wasting my time.....I'm sticking to my 1 rating, I would do 0 if it were an option...",tom jones,64fffbcf3f3eb30013eddef4,US,4,"Hello, thank you for reaching out to us. We are sorry for any inconvenience caused. Customer satisfaction is of the utmost importance and we are constantly working to improve our service quality. If you need further assistance, please message us through Temu.com or Temu app live chat. We appreciate you giving us another chance to serve you. Best wishes, Temu team",2026-07-18T06:49:56.000Z
temu.com,id:6a5a2e25a9487f15eba3102e,native_id,6a5a2e25a9487f15eba3102e,2,false,1784302149,07/17/2026 15:29:09,Jeg har været en trofast kunde hos Temu…,Jeg har været en trofast kunde hos Temu men efter der er kommet et inportgebyr så vil jeg ikke længere bruge Temu mere det bliver fordyrt syntes ikke jeg vil betale 300 kr for en ordre på kun 160 kr plus et inportgebyr på 140 kr ,Heidi Hansen,55ecf12c0000ff0001d9c478,DK,3,"Hej, tak fordi du kontaktede os. Vi er kede af den ulejlighed, det har medført. Kundetilfredshed er af største vigtighed, og vi arbejder konstant på at forbedre vores servicekvalitet. Hvis du har brug for yderligere hjælp, bedes du sende os en besked via Temu.com eller Temu app live chat via dette link: https://share.temu.com/NWGRVrrOSMA. Vi sætter pris på, at du giver os endnu en chance for at betjene dig. De bedste ønsker, Temu-teamet",2026-07-18T06:50:05.000Z
temu.com,id:6a5a2c6e87aef92c0c03f09d,native_id,6a5a2c6e87aef92c0c03f09d,2,false,1784301710,07/17/2026 15:21:50,Les remises en cash ne sont pas respectés,Action promo en cash qui ne sont pas respectées,Consumer,5fdcf34d58f759001aa41cfc,FR,2,"Bonjour, merci de participer à nos activités promotionnelles, et nous sommes désolés que vous rencontriez des difficultés avec vos récompenses. La satisfaction de nos clients est de la plus haute importance, et nous travaillons constamment à améliorer la qualité de notre service. Veuillez nous envoyer un message via Temu.com ou le chat en direct de l'application Temu afin que nous puissions vous aider à enquêter immédiatement sur votre problème de récompenses. Meilleures salutations, l'équipe Temu",2026-07-18T06:50:13.000Z
temu.com,id:6a5a2934c83ea1ccf09689ec,native_id,6a5a2934c83ea1ccf09689ec,1,false,1784300884,07/17/2026 15:08:04,Esperienza pessima con Temu,"Risposta a temu
questa risposta è esattamente la conferma di ciò che ho denunciato nella mia recensione: risposte automatiche, generiche e che non affrontano il problema.

La recensione che ho lasciato non è un ""disagio"" qualsiasi, ma il racconto di un mese di risposte copia-incolla, operatori che non leggono i messaggi e nessuna assunzione di responsabilità per un ordine mai consegnato per colpa del vostro corriere.

Se davvero la soddisfazione del cliente fosse una priorità, avreste già risolto la mia richiesta di spedizione express gratuita per il riacquisto, invece di rimbalzarmi tra 6 operatori diversi con messaggi preimpostati.

Il fatto che mi rispondiate ora con un link alla live chat, dopo che ci ho già provato decine di volte senza esito, è solo l'ennesima dimostrazione di quanto il vostro servizio clienti sia inadeguato.

La mia recensione rimane. Il problema rimane. E continuerò a segnalare la mia esperienza su tutti i canali finché non riceverò una soluzione concreta.
Esperienza pessima con Temu.

Ho effettuato un ordine il 16 giugno 2026. La consegna era prevista entro una data indicata, ma il corriere (imile) ha più volte finto di effettuare tentativi di consegna senza mai presentarsi.

Il pacco non mi è mai arrivato. Da quel momento, è iniziato un calvario con il servizio clienti di Temu.

Cosa è successo:

· Ho contattato l'assistenza il 3 luglio. Da allora, ad oggi 17 luglio, ho ricevuto esclusivamente risposte automatiche e generiche, da operatori diversi che si limitavano a copia-incollare le stesse informazioni senza leggere le mie richieste.
· Ogni volta che spiegavo il problema, mi rispondevano con un messaggio preimpostato su rimborsi già ricevuti o policy di spedizione, ignorando completamente ciò che avevo scritto.
· Ho dovuto riscrivere la stessa cosa una decina di volte, parlare con almeno 6 operatori diversi, e nessuno ha mai affrontato concretamente il mio problema.

La situazione attuale:

· Il mio ordine originale (materassino + teli mare) non mi è mai stato consegnato per colpa del corriere scelto da Temu.
· Temu ha rimborsato i prodotti, ma si rifiuta di coprire le spese di spedizione express per il riacquisto, che dovrei sostenere io per un disservizio causato da loro.

Professionisti? No.

· Risposte a macchinetta
· Operatori che non leggono i messaggi
· Nessuna assunzione di responsabilità
· Nessuna soluzione concreta
· Un mese di attesa e ancora nessuna risoluzione

Consiglio:
Se avete un problema con un ordine, preparatevi a un'odissea. Il servizio clienti è inesistente.",Stefania,6a5a292bb06fbf3b51e9344e,IT,1,"Ciao, grazie per averci contattato. Ci scusiamo per gli eventuali disagi. La soddisfazione del cliente è di massima importanza per noi e lavoriamo costantemente per migliorare la qualità del nostro servizio. Se hai bisogno di ulteriore assistenza, non esitare a mandarci un messaggio su Temu.com o utilizzare la live chat dell'app Temu tramite questo link: https://share.temu.com/NWGRVrrOSMA . Siamo grati per la continua fiducia riposta nei nostri servizi. A presto, Il Team Temu.",2026-07-18T06:50:44.000Z
temu.com,id:6a5a290fdf098104f03692db,native_id,6a5a290fdf098104f03692db,2,false,1784300847,07/17/2026 15:07:27,Svindel ,TEMU slår op på deres app fra tid til anden man for et anseligt beløb kan vælge gratis gave man skal bare markere dem alle disse opslag har det til fælles nok kan man vælge gratis bare hvis bare man betaler fuld pris for dem. ,Bo M. Mogensen,5000742900006400011d2ff6,DK,305,"Hej, tak fordi du deltog i vores kampagneaktiviteter, og vi er kede af, at du oplever problemer med dine belønninger. Kundetilfredshed er af største vigtighed, og vi arbejder konstant på at forbedre vores servicekvalitet. For at få hjælp til dine bekymringer, bedes du kontakte os igen via Temu.com eller Temu app live chat, så vi kan hjælpe dig med at undersøge med det samme. De bedste ønsker, Temu-teamet",2026-07-18T06:50:54.000Z
temu.com,id:6a5a2515509448476bf49e89,native_id,6a5a2515509448476bf49e89,1,false,1784299829,07/17/2026 14:50:29,Articolo non consegnato ,"Ho acquistato un copripiumino il giorno 5 giugno, e non lo hanno consegnato....
",Carmen Romeo,63451e6d07d7b20014c26d37,IT,4,"Ciao, grazie per aver acquistato su Temu e ci dispiace che tu stia riscontrando difficoltà con i tuoi ordini recenti. Puoi monitorare lo stato della spedizione e visualizzare la data di consegna prevista direttamente sull'app Temu o su Temu.com. Se il tuo ordine arriva oltre la data di consegna stimata, riceverai crediti Temu come segno di apprezzamento per la tua pazienza. Infine, se i tuoi articoli non arrivano, arrivano danneggiati o non corrispondono alla descrizione o alle foto, ti verrà offerto un rimborso completo come stabilito dal programma di Protezione degli Acquisti di Temu (https://www.temu.com/temu-purchase-protection.html). La soddisfazione del cliente è di massima importanza per noi e lavoriamo costantemente per migliorare la qualità del nostro servizio. Se hai bisogno di ulteriore assistenza, non esitare a inviarci un messaggio tramite Temu.com o la live chat dell'app Temu. A presto, Il Team Temu.",2026-07-18T06:51:02.000Z
temu.com,id:6a5a1f53783c036d1b714830,native_id,6a5a1f53783c036d1b714830,1,false,1784298355,07/17/2026 14:25:55,BEWARE INFLATED CUSTOMS IMPORT DUTY,"Reading the small print it appears to say that €3 is added to every item for customs duty.

Therefore a small low value item can escalate by 300-400% in price.

Given they know what they will add it is very evasive to still show the pre duty cost not the final cost and only add a lump figure at checkout which with my multi items was around double expectation.

I have no idea of each items full cost and probably would have deleted all low value items after the reality check.

Fortunately my gym shirts, shorts and gloves were a good saving so it’s not the overall value that worries me.  The misrepresentation does.

I have paid customs on many cross border items and there is no way the total import duty for one small bag valued at about €109 should be €44 without an actual customs validation receipt.

BEWARE INFLATED CUSTOMS CHARGES

EDIT:

You have requested specific details of my purchase in relation to a generic statement.

All you need to justify is the €3 charge on for instance 5 items I bought between €0.66 and €0.96 which appear to have gone from about €4 total to €19.

“Import charges:     43,56€

For orders shipped from outside the EU with a value of €150 or less, Temu will charge import charges of €3 per different item in the order, plus applicable VAT. For this purpose, the same items will be counted only once.”

How does the import duty on a €0.66 item get charged at €3 and where is the proof that Spanish Customs made that charge.

Vague non specific information which in my opinion from paying no more than €7 on any other item I have received across Spains EU border makes it seem like profit inflation not a genuine fee. 

Please provide proof customs charge a minimum per item fee of €3 or the truth will be obvious.

EDIT AND RESPONSE

It is clear that you do not want to answer my question for everyone to read.  That tells everyone all they need to know about the mythical Customs duty of in my case up to 5x the item value.

Sellers of small value items will see sales evaporate once customers notice this obvious back door inflation so well done damaging their small income as I am sure they won’t be getting the money.

Given Customs fees are paid by the recipient receiving the parcel once Spanish Customs assess the individual parcel it is also illogical to put a guessed fee on each item.

I will not be speculating with any small cost items as whilst I was happy to bin the “junk” I am not willing to pay a premium now to do so.

",OMG,5b5041d74de5666d34e21665,GB,172,"Hello, thank you for reaching out to us. We are sorry for any inconvenience caused. Customer satisfaction is of the utmost importance and we are constantly working to improve our service quality. If you need further assistance, please message us through Temu.com or Temu app live chat. We appreciate you giving us another chance to serve you. Best wishes, Temu team",2026-07-18T06:51:16.000Z
temu.com,id:6a5a1807988c2382f649b7f1,native_id,6a5a1807988c2382f649b7f1,1,false,1784296487,07/17/2026 13:54:47,je matin j avait passé une commande…,je matin j avait passé une commande comme j'ai validé pour payé je suis aperçu que avait doublé le prix de ma commande à des années que je commandé chez temu je crois que je vais arrêter demage c'était un bon cite ,congnet,5c32285e3ad82184136373d2,FR,7,"Bonjour, merci d'avoir pris contact avec nous, et nous sommes désolés pour tout désagrément que cela a pu causer. La satisfaction du client est de la plus haute importance, et nous travaillons constamment à améliorer la qualité de notre service. Pourriez-vous s'il vous plaît nous contacter à nouveau via Temu.com ou le chat en direct de l'application Temu afin que nous puissions aider et enquêter immédiatement? Vous pouvez également visiter www.temu.com/support-center.html pour trouver plus de contacts du service client. Nous vous remercions de nous donner une autre chance de vous servir. Meilleurs vœux, l'équipe Temu",2026-07-18T06:51:25.000Z
temu.com,id:6a5a0aeba463be2c379175d7,native_id,6a5a0aeba463be2c379175d7,1,false,1784293131,07/17/2026 12:58:51,Attention depuis peut frais exorbitant…,Attention depuis peut frais exorbitant vérifier bien avant de valider la commande ,Jordy Kamette,64fc44b6c70c7000137b99cd,FR,6,"Bonjour, merci d'avoir pris contact avec nous, et nous sommes désolés pour tout désagrément que cela a pu causer. La satisfaction du client est de la plus haute importance, et nous travaillons constamment à améliorer la qualité de notre service. Pourriez-vous s'il vous plaît nous contacter à nouveau via Temu.com ou le chat en direct de l'application Temu afin que nous puissions aider et enquêter immédiatement? Vous pouvez également visiter www.temu.com/support-center.html pour trouver plus de contacts du service client. Nous vous remercions de nous donner une autre chance de vous servir. Meilleurs vœux, l'équipe Temu",2026-07-18T06:51:33.000Z
temu.com,id:6a5a02cb8cf35832e7b1f448,native_id,6a5a02cb8cf35832e7b1f448,1,false,1784291051,07/17/2026 12:24:11,Dazi applicati su singolo articolo,Dazi applicati su singolo articolo e non sull'ordine. Impossibile continuare a comprare da loro. ,phileaster,657816e51c4fb60011ee6ff2,IT,11,"Ciao, grazie per averci contattato. Ci scusiamo per gli eventuali disagi. La soddisfazione del cliente è di massima importanza per noi e lavoriamo costantemente per migliorare la qualità del nostro servizio. Se hai bisogno di ulteriore assistenza, non esitare a mandarci un messaggio su Temu.com o utilizzare la live chat dell'app Temu tramite questo link: https://share.temu.com/NWGRVrrOSMA . Siamo grati per la continua fiducia riposta nei nostri servizi. A presto, Il Team Temu.",2026-07-18T06:51:41.000Z
temu.com,id:6a59fcd23753f53ac4569c44,native_id,6a59fcd23753f53ac4569c44,1,false,1784289522,07/17/2026 11:58:42,Esperienza con TEMU deludente,"La mia esperienza con TEMU è stata estremamente deludente. Dopo aver effettuato un ordine e seguito la spedizione passo dopo passo, ho scoperto che il pacco era stato consegnato a una persona completamente sconosciuta e, cosa ancora più grave, a un indirizzo diverso dal mio. Nonostante i miei tentativi di contattare l’assistenza, non ho ricevuto una soluzione concreta né un reale supporto. È inaccettabile che un servizio di e‑commerce non garantisca la corretta consegna dei prodotti e non offra un’assistenza adeguata in caso di errore. Ad oggi non ho ricevuto né il rimborso né il prodotto, e la gestione dell’intera situazione è stata poco professionale. Sconsiglio vivamente TEMU a chiunque desideri un servizio affidabile: la mia esperienza è stata un vero disservizio",Antonio Marino,5d5c2982d7a4f522b9e082e6,IT,11,"Ciao, grazie per averci contattato. Ci scusiamo per gli eventuali disagi. La soddisfazione del cliente è di massima importanza per noi e lavoriamo costantemente per migliorare la qualità del nostro servizio. Se hai bisogno di ulteriore assistenza, non esitare a mandarci un messaggio su Temu.com o utilizzare la live chat dell'app Temu tramite questo link: https://share.temu.com/NWGRVrrOSMA . Siamo grati per la continua fiducia riposta nei nostri servizi. A presto, Il Team Temu.",2026-07-18T06:51:49.000Z
temu.com,id:6a59f8ce16d2275058dc24f9,native_id,6a59f8ce16d2275058dc24f9,1,false,1784288494,07/17/2026 11:41:34,TEMU ist für mich nicht mehr so…,"TEMU ist für mich nicht mehr so attraktiv wie früher.
Eine Bestellung mit einem angezeigten Wert von 119,51 € wird beim Bezahlen plötzlich um 21,41 € Einfuhrabgaben teurer. Solche Zusatzkosten sollten von Anfang an sichtbar sein und nicht erst im letzten Schritt auftauchen.

Transparente Preise gehören für mich zu einem guten Einkaufserlebnis. Ich werde mich deshalb nach anderen Plattformen umsehen",Anatolij Hasiuk,69fdd09d62191404f05fe1db,DE,3,"Hallo, vielen Dank, dass Sie sich an uns gewandt haben. Die Zufriedenheit unserer Kunden ist für uns von größter Bedeutung, und wir sind ständig bestrebt, uns zu verbessern. Bitte senden Sie uns eine Nachricht über Temu.com oder den Temu-App-Live-Chat, damit unser Kundenservice Team Ihnen helfen kann, dies sofort zu überprüfen. Viele Grüße, Temu Team",2026-07-18T06:52:04.000Z
temu.com,id:6a59f18e5aba9d6dbeb5271d,native_id,6a59f18e5aba9d6dbeb5271d,2,false,1784286638,07/17/2026 11:10:38,J'ai voulu commandé la semaine dernière…,"J'ai voulu commandé la semaine dernière pour 56€ et à ma grande surprise mon total était de 86 soit 30 en plus
J'ai vu 10 articles à 3€ de frais =30
Du coup j'ai supprimé mon compte TEMU ET SHEIN
Une honte ",Marie Hélène Basset,69f89ff279190530261cd787,FR,2,"Bonjour, merci d'avoir pris contact avec nous, et nous sommes désolés pour tout désagrément que cela a pu causer. La satisfaction du client est de la plus haute importance, et nous travaillons constamment à améliorer la qualité de notre service. Pourriez-vous s'il vous plaît nous contacter à nouveau via Temu.com ou le chat en direct de l'application Temu afin que nous puissions aider et enquêter immédiatement? Vous pouvez également visiter www.temu.com/support-center.html pour trouver plus de contacts du service client. Nous vous remercions de nous donner une autre chance de vous servir. Meilleurs vœux, l'équipe Temu",2026-07-18T06:52:14.000Z
www.aliexpress.com,id:6a5f5506566c4d2f6c5a7651,native_id,6a5f5506566c4d2f6c5a7651,1,false,1784639782,07/21/2026 13:16:22,Achtung: KEINE Erstattung bei Rücksendung - BETRUG!!!,"Ich bin unglaublich enttäuscht und verärgert über den Umgang von AliExpress mit Rückerstattungen!

Ich habe eine Bestellung ordnungsgemäß über den von AliExpress bereitgestellten Rücksendeprozess zurückgeschickt. Das Paket wurde mit dem von AliExpress zur Verfügung gestellten Rücksendeetikett über UPS versendet und laut schriftlicher Bestätigung beim Empfänger zugestellt.

Trotz dieses eindeutigen Nachweises behauptet AliExpress seit Wochen, dass die Rücksendung angeblich nicht angekommen sei. Statt den Fall zu prüfen oder eine Lösung anzubieten, werde ich immer wieder an UPS verwiesen. Dabei habe ich den von AliExpress vorgegebenen Rücksendeweg genutzt und alles getan, was von mir verlangt wurde.

Die Kommunikation läuft mittlerweile seit über einem Monat im Kreis. Immer wieder die gleiche Antwort, keine echte Prüfung, keine Verantwortung und keine Lösung. Es folgen immer wieder Standartantworten (wie diese ganzen Antworten unter den Bewertungen hier - bloß mit noch schlechterer Übersetzung!).

Dieses Vorgehen ist nicht nur höchst unseriös, sondern nach deutschem Recht auch strafbar! Als Kunde bleibt man trotz nachweislich erfolgter Rücksendung auf den Kosten sitzen und wird mit Standardantworten abgespeist. 

Ich kann AliExpress aufgrund dieser Erfahrung nicht empfehlen. Bei Problemen mit Rücksendungen sollte man sich bewusst sein, dass man offenbar trotz Beweisen große Schwierigkeiten haben kann, sein Geld zurückzubekommen.",Crafty,677bf1817022c6ecaf95586d,DE,1,,
www.aliexpress.com,id:6a5f502e47565f6b40dc2146,native_id,6a5f502e47565f6b40dc2146,1,false,1784638542,07/21/2026 12:55:42,Honte à vous !!,"Malheureusement arnaqué deux fois pour des sommes supérieures à 50€ car impossible de retourner les articles commandés qui pour les premiers étaient trop grands et pour les seconds d’une couleur différente à celle commandée. 
Sur ces commandes il n’y avait pas  de bouton ""remboursement/retour"". 
J’ai passé un temps fou avec un conseiller qui m’a dit m’envoyer des étiquettes par mail. Je les ai relancés plusieurs fois et je n’ai jamais rien reçu. 
C’est absolument scandaleux qu’on autorise de telles pratiques à cette société. Si on ajoute les publicités mensongères, les promotions délirantes quand vous arrivez sur le site qui elle aussi ne sont que du baratin dans le but de vous faire dépenser plus et de vous faire croire que vous allez gagner de l’argent. 
Je ne vais bien sûr pas en rester là. ",Léo,54a934170000ff0001a1d996,FR,28,,
www.aliexpress.com,id:6a5f4f7109b5ba3bbf9be989,native_id,6a5f4f7109b5ba3bbf9be989,1,false,1784638354,07/21/2026 12:52:34,AliExpress ist eine unehrliche Firma…,"AliExpress ist eine unehrliche Firma ich habe ein klapphandy gekauft und das ist Defekt ich habe das AliExpress gemeldet die machen keine Anstalten das Gerät zurück zu nehmen ich habe mehrmals versucht bei Ali in Kontakt zu Kommen aber
von Ali keine Reaktion ich werde bei Ali nichts mehr Bestellen Paul Kraus FFM



",Paul R A Kraus,6a5f4f35ff3db22df8bc141a,DE,1,,
www.aliexpress.com,id:6a5f4d3bc05fd65cbd623785,native_id,6a5f4d3bc05fd65cbd623785,1,false,1784637787,07/21/2026 12:43:07,Ali estafa,"Compre un producto en junio, no ha venido nunca, lo he reclamado en mas de 10 ocasiones a Aliexprés, que es quien me lo ha enviado y cobrado, y me dicen que lo reclame al transportista, ( A tu hora Express ) ni te atienden ni te cogen el teléfono, y dicen que han ido a entregar y que no estas en casa, mentira, pero no se que ganan con eso, pero para mi el culpable no es el transportista, es Aliexpres, el que vende y cobra y se tiene que hacer responsable de que llegue el paquete a su cliente, pues no hay manera y tampoco devuelven el dinero ni recibes nunca el paquete, son unos estafadores, repito para mi el responsable es Aliexpres, y no hace nada por ayudarte ni solucionarte el problema, no hay que comprarle a esta gente, engañan al cliente, te llaman enseguida pero no te solucionan nada, dando todos los datos y siguiendo los pasos que te indican, repito unos estafadores. y sigo sin tener una solución, porque también son unos incompetentes.",Miguel,65bb72d7acf06e00132607de,ES,4,,
www.aliexpress.com,id:6a5f4aadcfd4e9e09b6a1e08,native_id,6a5f4aadcfd4e9e09b6a1e08,1,false,1784637133,07/21/2026 12:32:13,Never mind,"Never mind. I have already found the function in the app, but there is no free return shipping available, even though it was heavily promised. My order is not worth paying the return shipping costs at all.

However, you are clearly misleading your customers, and I do not intend to order anything from your website again.

Thanks for nothing.",Customer,6a5f4a62b06fbf5ea2ee6e67,DE,1,,
www.aliexpress.com,id:6a5f45f5691a6b1c1b744d80,native_id,6a5f45f5691a6b1c1b744d80,1,false,1784635925,07/21/2026 12:12:05,J'ai commandé un appareil photo à 70€,"J'ai commandé un appareil photo à 70€, j'ai reçu un porte clef, je ne sais pas si je serais remboursé, maintenant j'achète chez AMAZON !",Riton,6a5f45cd7b418ce071862ba2,FR,1,,
www.aliexpress.com,id:6a5f40821e8be588961dde54,native_id,6a5f40821e8be588961dde54,1,false,1784634530,07/21/2026 11:48:50,Non è possibile bloccare quotidiani …,"Non è possibile bloccare l'arrivo, a mezzo email, di   nausebondi messaggi  pubblicitari  provenienti da questi venditori  ""ALIEXPRESS""!  Ogni tentativo di bloccare queste  molestie quotidiane è nullo, perchè inviano  tali molestie da diversi domini di posta elettronica, dunque se ne blocchi uno te ne arrivano da altri! Mi maledico di aver fatto un ordine sul sito di questi molestatori 1 anno fa ed ancora mi assillano con vomitevoli messaggi pubblicitari! 
Tempo fa qualcuno del ""servizio clienti""  mi ha risposto su questo sito Trutspilot ""suggerendomi"" le modalità per bloccare questi arrivi maleodoranti, tutto  inutile perchè continuano imperterriti ad inviarmi pubblicità! NON HO LA DATA  DELL' ORDINE  precisa (si tratta dell'acquisto di 10 lampadine spot 7 watt a led) ma questi disturbatori sicuramente potranno rintracciarlo.",PAOLO FELIZIANI,61ae49104f73080012ec5890,IT,3,,
www.aliexpress.com,id:6a5f3ff2258e8a6b77a9ba31,native_id,6a5f3ff2258e8a6b77a9ba31,1,false,1784634386,07/21/2026 11:46:26,a FUIR cette société mandate des…,a FUIR cette société mandate des livreurs voleurs qui indiquent avec une fausse signature que votre colis est bien livré et il n'en n'est rien c'est purement du vol par usage de faux la société a un nom CAINIAO elle appartient a Aliexpress si on ne me rembourse pas ils n'auront plus un centime de moi pour le moment je me fait voler de 119 euros!,marc w,64030aeb70da560013d432eb,FR,14,,
www.aliexpress.com,id:6a5f3d8f2c4a2ad46600f0dd,native_id,6a5f3d8f2c4a2ad46600f0dd,1,false,1784633775,07/21/2026 11:36:15,Aliexpress verweigert Erstattung von 169 Euro,"Aliexpress verweigert trotz Zusendung der Nichterhaltserklärung für ein Hermes Paket die Rückerstattung des Kaufpreises von 169 Euro. Paypal verweist auf Ali, und Ali erklärt man soll sich an den Transporteur wenden...  das Hermes Depot in Garching erklärt einem das der Fahrer nicht mehr für Hermes arbeitet und verweist auf Ali... kann  ich mir denken wenn der Pakete verschwinden liess. Hier gibts nur 1 Stern da das Verhalten von Aliexpress unter aller Kanone ist. Ich hoffe das nach Einführung der neuen Importregelung mit 3 Euro und 19 % Aufschlag das Geschäft einbricht und mehr Leute wie wir dann wieder lokal bestellen , nie wieder Aliexpress !!!!!",Tom Fensterseifer,645e556dc6cc6b00123689c6,DE,19,,
www.aliexpress.com,id:6a5f3b2e70dc77e30fa1d222,native_id,6a5f3b2e70dc77e30fa1d222,1,false,1784633166,07/21/2026 11:26:06,TRES MAUVAISE EXPERIENCE ,TRES MAUVAISE EXPERIENCE : j'ai commandé 2 guidons pour mon vélo au mois de juin : je n'ai jamais rien reçu et pas la moindre proposition commerciale d'Aliexpress. J'ai repassé l'achat et je n'ai toujours pas le moindre guidon et devrait oublier mon vélo cet été.,Sebastien,585ba1040000ff000a6474dd,FR,18,,
www.aliexpress.com,id:6a5f39eafd7dfb1f713bd055,native_id,6a5f39eafd7dfb1f713bd055,1,false,1784632842,07/21/2026 11:20:42,OCCHIO A QUESTI,"O la vaga impressione che questi signori vogliono prendersi gioco di me cliente tramite la mia recensione hanno risposto che avevano elaborato il rimborso delle spese di spedizione reso di €17,75 da me aspettate da quasi otto mesi ma sia PayPal che poste italiane mi dicono che non hanno ricevuto niente e per controllare hanno bisogno del codice transazione ARN che AliExpress non mi fornisce da qui sorge il mio dubbio.
PS 
OCCHI A QUESTI SIGNORI SONO FURBI",Giuseppe Cantisano,5c7ea7e58b5c609fbf9e8ea6,CH,40,,
www.aliexpress.com,id:6a5f396a2f5b48b806770318,native_id,6a5f396a2f5b48b806770318,1,false,1784632714,07/21/2026 11:18:34,Alibaba o Alibabbi........(NOI),"Alibaba o Alibabbi......... Acquisto un pacco batteria (CLONE MAKITA) 4S di 18650 3.7V 6000mAh. Dopo
3/4 operazioni di ricarica il pacco muore, smonto e mi accorgo che il BMS prevede come bilanciamento il solo PIN da 8V.
E' chiaro che il Cinese che la prodotta già sapeva che il pezzo avrebbe avuto vita breve..... non potendo bilanciare il resto delle celle.
Chi pensa che i loro prodotti siano economici si sbaglia di grosso, vendono M€#&@, e la fanno passare per ottima qualità a buon prezzo.
Diffidate dei loro prodotti sono tutti di bassissima qualità....... in tutti i settori...",Paololauro Zeta,5ca7968266d61a4956891cb0,IT,44,,
www.aliexpress.com,id:6a5f38ae8bde6bb2dbd6c41f,native_id,6a5f38ae8bde6bb2dbd6c41f,1,false,1784632526,07/21/2026 11:15:26,Se quedaron con el producto y el dinero,"Compré una chaqueta y tuve que hacer la devolución porque me quedaba grande. La devolvió completamente nueva y con todas las etiquetas que tenía originalmente. Cuando recibieron el paquete pusieron la excusa de que era diferente al producto enviado, algo que era completamente mentira. 

Me quedé sin chaqueta y sin dinero. Abril ocho disputas y apelaciones pero no sirvió absolutamente para nada! La atención al cliente nefasta porque no soporta resolver el problema. 😠",Natalia Caballero Pérez,570ce18b0000ff000a16a34f,ES,4,,
www.aliexpress.com,id:6a5f370b419f3c9f1e4f78b6,native_id,6a5f370b419f3c9f1e4f78b6,1,false,1784632107,07/21/2026 11:08:27,Everything automatic. Impossible to contact  assistence directly,"An email notifies me that my item, which came from Germany, was delivered to me, but I never received it. The courier tells me it was delivered to a different person, at a different address, but the tracking code is the same. It's practically impossible to find a way to communicate directly with AliExpress—unless you speak perfect Russian, Spanish, or English—or to send a direct message explaining what happened. Everything happens automatically. I will never buy from this platform again.",grandpa,6a5f35cac2526c71e493587f,IT,1,,
www.aliexpress.com,id:6a5f334f0c2b23893ce9ba21,native_id,6a5f334f0c2b23893ce9ba21,1,false,1784631151,07/21/2026 10:52:31,A month of broken promises over a return shipping refund,"I’ve been going in circles with AliExpress support for over a month now, and I’m writing this because at this point nothing else has worked.

The short version: I returned an item and paid for the return shipping myself, on the express understanding that it would be refunded. That wasn’t me assuming anything. Before the package even reached the seller, support told me in chat to keep the proof of payment because the shipping would be refunded once the return was complete. The return form in the app said the same. And the shipping cost was almost as much as the item itself, so if anyone had told me it was on me, I’d never have sent it back. It wouldn’t have been worth it.

Then it just became a wall.

July 7, they confirmed in writing: the shipping fee would be refunded based on the receipt. July 8, I sent the receipt, and there’s a logged reply on their side proving it. July 9, they closed the case saying they never got a valid response. That’s simply not true, and their own system shows it.

After that their escalation team offered a coupon as the refund format, and confirmed it twice, once on July 14. Issued within 1 to 5 business days if I replied within 24 hours. I replied on July 15, inside their own deadline. The coupon never showed up in my account. Not once. What I got instead was another email telling me no refund was possible at all.

So they promised, ignored my reply, closed the case for “silence,” then offered a coupon themselves, I accepted, and now it’s suddenly impossible. Every step of that is documented in their own emails.

What actually gets me isn’t even the money. It’s the lying. Different agents, same recycled lines, and a written promise from their own senior team that they’re now pretending never happened. A month of that.

If you’re reading this while deciding whether to buy from them: keep every screenshot, don’t trust a verbal or chat promise, and know that “we’ll refund it” can quietly turn into “policy says no” the moment the item’s back with the seller.

I still just want the coupon they already promised me in writing. That’s all.",Evgeniia Nesterenko,6a5f3348c2526c0984935453,ES,1,,
www.aliexpress.com,id:6a5f2e08aa3f476343515fd6,native_id,6a5f2e08aa3f476343515fd6,1,false,1784629800,07/21/2026 10:30:00,Package has been returned a month ago,"Package has been returned a month ago. I have no refund, their ""senior team"" respond always the same. ""to wait for 2 days"". scam platform. do not buy anything there.",Michał Franko,6a5f2dfc7b418c53cc860283,PL,1,,
www.aliexpress.com,id:6a5f2c034fb4e443e3078416,native_id,6a5f2c034fb4e443e3078416,1,false,1784629283,07/21/2026 10:21:23,Aliexpress ne rembourse pas .,"Aliexpress se paye de ma tête, ne veux pas me rembourser alors que le vendeur à comis une erreur . J'ai renvoyé l'article (le colis) à mes frais à 'adresse de retour indiquée par AliExpress. J'ai transmis deux fois les justificatifs de paiement de l'expédition ainsi que son  numéro de suivi . Aliexpress me réclame de nouveau les justificatifs , fanchement ça commence à me gonfler sérieusement. Commande n° 3073687442838551.",Joel Delhoste,550fd98b0000ff0001b34941,FR,69,,
www.aliexpress.com,id:6a5f14a6214fc8a68da1b69b,native_id,6a5f14a6214fc8a68da1b69b,1,false,1784623302,07/21/2026 08:41:42,They are protecting their scammer…,They are protecting their scammer seller.,corrbenik,6a5f14987b418cce1085de2f,AU,1,,
www.aliexpress.com,id:6a5f0d9161790c87ef64985f,native_id,6a5f0d9161790c87ef64985f,1,false,1784621489,07/21/2026 08:11:29,Na 6 maanden gameconsole kapot geen response,Na 6 maanden gameconsole kapot geen response van klantenservice. Klaar met Ali.E.,Eddy Lampo,640f0befa509580012740432,NL,4,,
www.aliexpress.com,id:6a5f0a5ed8ce4c7b54fc58d7,native_id,6a5f0a5ed8ce4c7b54fc58d7,2,false,1784620670,07/21/2026 07:57:50,A encomenda chegou a Portugal e foi…,"A encomenda chegou a Portugal e foi desalfandegada no dia 28 de Maio. Continua nesse estado, sem entrega, quase dois meses depois. Terei de esperar até 8 de Agosto para um reembolso. A inexistência de operadores humanos para tratar reclamações conduz a situações deste tipo.",PEDRO LAGO,674a09695be4a8d1e48e050a,PT,6,,
www.aliexpress.com,id:6a5f017d209f19754ba08032,native_id,6a5f017d209f19754ba08032,1,false,1784618397,07/21/2026 07:19:57,Questa è la mia seconda recensione per…,"Questa è la mia seconda recensione per Aliexpress Consiglio  a tutte le persone di non acquistare nulla su questo sito il quale applica una politica poco seria e truffaldina Ho ricevuto un articolo non funzionante rispedito il giorno seguente a mie spese 49 euro perché non c’era nel pacco un documento per il reso e sull’applicazione era scritto che avrei dovuto anticipare i costi e che me li avrebbero rimborsati Mi hanno rimborsato il costo dell’articolo ma nonostante avere inviato tutte le ricevute di DHL e quella del pagamento con carta di credito continuano a rispondermi che la documentazione non è completa Sintesi mi hanno truffato e continuano a truffarmi con risposte standard senza rimborsarmi quello che mi spetta  La loro strategia è :QUESTO SI STANCA DI RECLAMARE SCRIVERE MAIL E NOI NON GLI RIMBORSEREMO LE SPESE 
INTANTO CI SARANNO ANCORA MILIONI DI CLIENTI CHE POSSIAMO CONTINUARE A TRUFFARE 
AMAZON TUTTA LA VITA ",Roberto Sposato,663dc35cb8acc137c1bf18e1,BE,3,,
www.aliexpress.com,id:6a5eff710040422754515c7b,native_id,6a5eff710040422754515c7b,1,false,1784617873,07/21/2026 07:11:13,Still no email from the liars,Still no email from the liars. Twice they have claimed to have contacted me via email.,Angryoap,5eff1bde82e34152eeca7604,GB,100,,
www.aliexpress.com,id:6a5efc51473b35d9af952d6b,native_id,6a5efc51473b35d9af952d6b,2,false,1784617073,07/21/2026 06:57:53,3 different orders,"3 different orders
1) Fabric- advertised as silk- received, very pretty but definitely synthetic.  
2) piece of furniture- measured against dimensions provided, very specific- received item a different larger size, it wouldnt fit in the space. Returned, after unimpressive interactions w the resolutions process, got refund but not for $40 postage i paid. 
3) skincare product, again, a favorite product, received wrong product- same brand just not what i ordered- they are still advertising the correct one. I dont want a refund, i dont want to send it back to get ripped off for postage, want what I ordered!!! The Chat is next to useless, lots of words and promises, not backed up by actual process, repeat yourself endlessly, get sent a label I have to go to Officeworks to print off, go to post office. 
",Gill Fraser,6a5efc4ac2526c4f83931683,AU,1,,
www.aliexpress.com,id:6a5ef8f07656b76db45f01c7,native_id,6a5ef8f07656b76db45f01c7,1,false,1784616208,07/21/2026 06:43:28,Waar blijft mijn bestelling,Waar blijft mijn bestelling? Nu al ruim een half jaar en jullie zeggen mijn bestelling niet te vinden. Oplichters zijn jullie! Ik heb al 100 keer melding gemaakt en hulp gevraagd en jullie hebben mooie praatjes maar doen niks. Niks kopen hier want je bent je geld kwijt. Geen item geen geld terug. ,C hotmail,67616ff48add89d8d9ac684e,NL,2,,
www.aliexpress.com,id:6a5ee0c018d8fef939ef8788,native_id,6a5ee0c018d8fef939ef8788,1,false,1784610017,07/21/2026 05:00:17,SCAMI EXPRESS.,"SCAMI EXPRESS.
630 million fine from Europe for illegal trading.
A 3 euro tariff for every item under 150 euro has also been imposed. 

Your finished.  

Copy and paste replies to problems that you never fix. 

No deliveries 
No refunds
No apologies 
You are a corrupt fraudulent company 

And you've been found out. 
Never again will I purchase through this system 
Representative best to handle the case. BULL
Activity looking into the issue BULL
We are working on this complicated issue BULL
We care about our customers BULL
We've been trying to contact you via email BULL


YOU ARE LIARS AND CHEATS. YOU ARE GETTING WHAT YOU DESERVE. 

Take your one star review.  Until you actively fix the issues,    You know what they are, I'm going to continue reviewing you for another  year.   


YOU ARE CHEATING CUSTOMERS,SHAME ON YOU.",Mark Leadbetter,5aaee12e4de5666d344950e0,IE,307,,
www.aliexpress.com,id:6a5ec071067960e1f42582db,native_id,6a5ec071067960e1f42582db,1,false,1784601745,07/21/2026 02:42:25,Wrong item sent.The below is a copy of…,"Wrong item sent.The below is a copy of our correspondence. 6 weeks later no refund and won't communicate 

This error is entirely our fault, and I respect
whatever decision you make. I will process a
50% refund right away.
'lease send me your order number, thank
you.
7:11 pm
UIuer 0Z122ou74/000/ 17. 0IueI
shipped Inbox
FESTOOL 202314 & 203974 PCB c...
1 item from AliExpress
Dispatched
Order number
8212260947568717
K
Track parcel
View order
View item
Based on 2 emails
Correct?
AlExpress
AliExpress
to me v
9
June
Unsubscribe
AliExpress
Fast delivery
Free returns
Thank you
7:12 pm y/
l've already processed the refund, and the
platform will complete it shortly
7.27


BUYER BEWARE",keith lamert,69376218d7ccaa6c7663ce2b,AU,6,"Dear Customer,
Thank you for bringing this matter to our attention. We sincerely apologize for the inconvenience you have experienced.
We would like to inform you that we are actively looking into the issue you reported. However, as the investigation is still ongoing, we have not yet reached a conclusion or sent you an update. Rest assured, once we have a solution or further information, we will notify you immediately via email. Please keep an eye on your inbox for our response.
If you have any additional questions or require further assistance in the meantime, please don’t hesitate to contact us.
Best regards,
AliExpress Customer Service Team",2026-07-21T03:37:40.000Z
www.aliexpress.com,id:6a5eb8138d418b56aa0027b8,native_id,6a5eb8138d418b56aa0027b8,5,false,1784599604,07/21/2026 02:06:44,RAPIDEC,"RAPIDEC, Y ESTA VEZ SI HA LLEGADO LO QUE HE PEDIDO",FEDERICO V�ZQUEZ GARCIA,597cc77e0000ff000ab52881,ES,3,"Estimado cliente,
Estamos encantados de leer su comentario positivo sobre nuestro servicio de envío. Significa mucho para nosotros que haya tenido una gran experiencia con la entrega. Su satisfacción es nuestro objetivo final, y seguiremos esforzándonos por alcanzar la excelencia en todos los aspectos de nuestro servicio. Gracias por elegir AliExpress y esperamos volver a servirle pronto.
Saludos cordiales,
Equipo de Atención al Cliente de AliExpress",2026-07-21T03:31:39.000Z
www.aliexpress.com,id:6a5eb69cbf5c9e7854034a81,native_id,6a5eb69cbf5c9e7854034a81,1,false,1784599228,07/21/2026 02:00:28,AliExpress hit with $629 million EU…,"AliExpress hit with $629 million EU fine over sales of illegal, counterfeit products 

NO SURPRISE THERE, TOTAL SCAMMERS",gregam,6149f130bea97200139cca92,GB,11,"Dear Customer,
We are very sorry to hear that you have encountered an issue. This is not the experience we want for our customers. We'd love to look into this case and see how we can help. To help us better understand your experience, please add details like order number or email through the Request Information form that we sent you.
Best regards,
AliExpress Customer Service Team",2026-07-21T03:39:01.000Z
www.aliexpress.com,id:6a5ea92f9f12ffe02d8409c4,native_id,6a5ea92f9f12ffe02d8409c4,4,false,1784595791,07/21/2026 01:03:11,Mejoraría el control de lo comprado con un listado,"Conseguí lo que quería pero mejoraría ampliamente la forma de poder listar los productos comprados para poder tener un control de la compra y el total pagado. Es mortal tener que anotar o hacer capturas de pantalle, etcétera ",ANDREA LÓPEZ DE VICUÑA,69cc252a2c7036e83485480e,ES,4,"Estimado cliente:
Gracias por compartir su opinión con nosotros, es muy importante y nos ayuda a mejorar. Nos comprometemos a mejorar continuamente nuestros servicios para ofrecerle la mejor experiencia de compra posible. Su satisfacción es nuestra máxima prioridad y le aseguramos que nos tomamos muy en serio sus inquietudes.
Valoramos profundamente sus comentarios y le agradecemos su apoyo. Si necesita más ayuda o tiene alguna pregunta adicional, no dude en ponerse en contacto con nuestro Centro de ayuda en https://helpcenter.aliexpress.com/s/BuyerHelp.
Atentamente,
El equipo de atención al cliente de AliExpress",2026-07-21T03:33:22.000Z
www.aliexpress.com,id:6a5e9526712defc6dc3bc422,native_id,6a5e9526712defc6dc3bc422,1,false,1784590662,07/20/2026 23:37:42,I get an email with a great offer log…,"I get an email with a great offer log in and the price goes from £9.15 to£30.57 apart from that the last order was supposed to within seven days was over a month late , don't touch with a barge pole'
 I can't reply with an order number because I never fell for the con , often things look like a good deal until you click on the link and the item shown in the offer doesn't exist",graham h palmer,53838fa7000064000175b135,GB,68,"Dear Customer,
We are truly sorry for the inconvenience caused.
We value your feedback and would like to learn more about your issue in order to assist you effectively. To help us fully understand your situation, we kindly ask you to complete the ""Information Request Form"" that we have sent to you. Please provide details such as your order number(s) or email.
Your cooperation will greatly help us resolve this matter more efficiently.
Thank you for your understanding and support.
Best regards,
AliExpress Customer Service Team",2026-07-21T03:40:03.000Z
www.aliexpress.com,id:6a5e855e34e4ea64fe086786,native_id,6a5e855e34e4ea64fe086786,5,false,1784586622,07/20/2026 22:30:22,A velocidade entre comprar e chegar…,A velocidade entre comprar e chegar atendeu a minha expectativa. Eu gostaria que fosse ainda mais rápido. O que me impediu de comprar mais foi o preço exorbitante do imposto e frete de alguns itens.,F A,6a5e85557b418cdc7e857715,BR,1,"Prezado(a) Cliente,
Agradecemos seu feedback. Analisaremos cuidadosamente suas sugestões e as utilizaremos para aprimorar nossos serviços.
Valorizamos muito sua contribuição e estamos comprometidos em proporcionar uma experiência cada vez melhor aos nossos clientes. Caso tenha outras recomendações ou dúvidas, não hesite em nos contatar.
Atenciosamente,
Equipe de Atendimento ao Cliente do AliExpress",2026-07-21T03:35:19.000Z
www.aliexpress.com,id:6a5e84cc80ffa306b2c5b865,native_id,6a5e84cc80ffa306b2c5b865,1,false,1784586476,07/20/2026 22:27:56,voilà j'ai une carte mère tv samsung…,"voilà j'ai une carte mère tv samsung avec la réf exacte, le vendeur a jugé  de m'envoyer une autre carte qui date à une année  ? dans un état de poubelle de récupération de la dechetrie, retour après l'acceptation de justesse 20 jours après vraiment le site vous propose de l'occasion, je comprend mieux l'amande par l'Europe a fuir ",david,60decc481790ff0012c6422a,FR,4,"Cher client,
Nous sommes vraiment désolés pour le désagrément causé.
Nous apprécions vos commentaires et aimerions en savoir plus sur votre problème afin de vous aider efficacement. Pour nous aider à bien comprendre votre situation, nous vous prions de bien vouloir remplir le ""Formulaire de demande d'informations"" que nous vous avons envoyé. Veuillez fournir des détails tels que votre numéro de commande (s) ou e-mail.
Votre coopération nous aidera grandement à résoudre ce problème plus efficacement.
Merci de votre compréhension et de votre soutien.
Meilleures salutations,
Équipe de service à la clientèle AliExpress",2026-07-21T03:41:04.000Z
www.aliexpress.com,id:6a5e74e7921d01953101f5be,native_id,6a5e74e7921d01953101f5be,1,false,1784582407,07/20/2026 21:20:07,hab für meine Harley einen…,"hab für meine Harley einen Rückwärtsgang gekauft. Lieferung hat sehr lange gedauert. Eingebaut durch erfahrene Harley Mechaniker. Erste Probefahrt, Zahnrad zerbrochen und die Kupplung kompl. zerstört. Ob nun Getriebe u. a. auch noch betroffen ist, wird von einer Harley Werkstatt geprüft. Ich warte noch auf die Antwort vom Verkäufer. Da es ja ein Materialfehler sein kann. Ich aber trotzdem die Kosten erstattet haben möchte. Zu den Teielkosten kamen noch Zoll und jetzt die Reparaturkosten von insg. 985,--€. Bis dto. war ich mit AliExp. zufrieden. Mal schauen was wird. Das las ich so nicht stehen",Dieter,6a2bb9fae33cd116f19e4362,DE,2,"Sehr geehrter Kunde,
Wir entschuldigen uns aufrichtig für die Unannehmlichkeiten, die durch das Produkt verursacht wurden, das Sie erhalten haben und das nicht wie erwartet funktioniert. Wir haben bereits damit begonnen, das Problem zu untersuchen und werden Sie so bald wie möglich per E-Mail über den aktuellen Stand informieren. Bitte behalten Sie Ihren Posteingang im Auge, um weitere Informationen zu erhalten.
Wenn Sie zusätzliche Details oder Informationen zu dem Problem haben, können Sie uns diese gerne über diesen E-Mail-Thread oder über unser Help Center mitteilen. Wir schätzen Ihre Kooperation und Geduld während dieses Prozesses sehr.
Wir danken Ihnen, dass Sie uns auf diese Angelegenheit aufmerksam gemacht haben, und entschuldigen uns nochmals für die entstandenen Unannehmlichkeiten.
Mit freundlichen Grüßen,
AliExpress Kundenservice-Team",2026-07-21T03:44:25.000Z
www.aliexpress.com,id:6a5e6dcc36ee65160c13d647,native_id,6a5e6dcc36ee65160c13d647,1,false,1784580588,07/20/2026 20:49:48,This was a thoroughly unpleasant experience involving outright deception,"This was a thoroughly unpleasant experience involving outright deception.
I bought a JBL speaker on AliExpress (order 3064127943454575) and received a crude counterfeit. The seller claimed it was the ""Hong Kong version."" I opened a dispute, and AliExpress ruled that I would get a refund upon returning the item. I shipped the item back at my own expense. Afterward, AliExpress changed its decision and demanded proof that the item was counterfeit—proof I no longer had, since I had already sent the speaker back. As a result, I was cheated out of both the cost of the speaker and the return shipping fees. To top it off, they completely removed the order and the associated correspondence from my purchase history.",Олександр Орехов,6a5e69b57b418c941b854e73,UA,1,"Dear Customer,
We sincerely apologize for any inconvenience you have experienced regarding your return and the lack of a refund. We have already begun investigating the issue you reported. You will receive a response from us via email, and we will keep this thread updated with the latest progress. Please be sure to check your inbox regularly for updates.
Thank you for your understanding and cooperation.
Best regards,
AliExpress Customer Service Team",2026-07-21T03:48:09.000Z
www.aliexpress.com,id:6a5e6bf017353606b235593a,native_id,6a5e6bf017353606b235593a,1,false,1784580112,07/20/2026 20:41:52,FUYEZ CES GENS VICIEUX ET HYPER MALHONNETES ,"FUYEZ CES GENS HYPER MALHONNETES QUI ABUSERONT DE VOTRE CONFIANCE : 
JUSTE DE LA V E R M I N E SANS PAROLES NI SERVICES, JUSTE DES PROMESSES ET DES EXCUSES !!!! 

FUYEZ CES PERSONNAGES DE MAUVAISE FOI CONGENITALE QUI CONFONDENT ABUS DE CONFIANCE ET COMMERCE HONNETE !!!

Dossier 3074316484834351 : Articles reçu incomplet. Le vendeur le sait, il ne répond à personne et les commentaires sur ses articles sont limités, impossible de poster des photos. 

Aliexpress reçoit toutes les preuves dès réception du colis et ne bouge pas. De toute façon, le niveau intelectuel du service plainte chez Aliexpress est de toujours tout classer à la charge du Client et de vous envoyer des mails stéréotypes si mal rédigés que vous ne comprendrez rien. Juste histoire de bien enc.ler les mouches et de vous envoyer paitre ! 

SUR CE POUR ASSAISONNER LEUR BOL DE RIZ, PLAINTE DEPOSEE AUPRES DU eConsumer.GOV, DOSSIER  204310613 POUR  :
> abus de confiance et escroquerie : description erronée
> défaut de service commercial obligatoire : aucune réponse du vendeur, gestion facile par classement vertical chez ALIEXPRESS ET SES 40 VOL.URS 
> Absence de garantie légale obligatoire : article livré incomplet et non conforme


Et à mourir de rire car avec les preuves utiles en photos et vidéos, Aliexpress noie et demande ;
- une preuve de la livraison du colis (bâtards vous avez les preuves sur le tracking, 
- et une preuve de l'état du colis, qui était intact vu que c'est le vendeur qui expédie un colis incomplet. DOUBLES  a r na queurs ! 


Aliexpress est le summum de la mauvaise foi et du service exécrable. Pire ça n’existe PAS !!!! Aliexpress, vous êtes sont à vomir !!!! 

D’ailleurs, l’unique force d’Aliexpress est qu’ils sont imbattable au jeu de la mauvaise foi. Et ils vont encore venir ici baratiner le contraire et promettre des solutions ! Bande de chicons vermoulus, on en a ras le bol de riz de vos promesses, de vos excuses, de vos paroles. BOUGEZ VOUS LES GROS LOURDS ! 

Aliexpress, quand on a votre score de 1,2/5 à 2/5 sur tous les réseaux sociaux et sites pour consommateurs, posez-vous les vraies questions, rangez votre arrogance congénitale, apprenez à devenir honnête et professionnels et surtout, on taisez-vous tant que vous n’avez pas un minimum de 4/5. On ne se dit pas excellent, on laisse les Clients le dire. Et vous, vous êtes très loin du compte. Le seul point sur lequel vous excellez est que vous avez uniquement su dupliquer la mauvaise foi et le service exécrable !

N’oubliez pas que mal acquis ne profite jamais ! BANDE DE MALHONNETES P I N G OU I N S !

>>>>>>>>>>
21 07 2026
ALIEXPRESS,  encore une réponse digne des E S C R O C S que vous êtes.
ALIEXPRESS, vous etes juste de malhonnêtes  c r a p u l e u x marchand de baratin !
Restez en Chine au lieu de venir V O L E R les gens en Europe.
V E R M I N E !",DDB,5bbbabd74de5666d348d5110,BE,17,"Cher client,
Nous sommes vraiment désolés d'apprendre que votre commande n'est pas arrivée complète, ce n'est PAS l'expérience que nous voulons pour vous ! Vous ne méritez rien de moins que la perfection, nous nous sentons absolument mal à l'aise à ce sujet !  
Soyez assuré que nous traitons cette affaire avec la plus grande urgence ! Notre équipe est déjà à pied d'œuvre pour enquêter sur ce qui s'est passé, et nous sommes déterminés à faire toute la lumière sur cette affaire dès que possible. Dès que nous aurons des nouvelles, nous vous les enverrons directement dans votre boîte de réception, afin que vous ne manquiez aucune étape de notre processus. Vous ne manquerez ainsi aucune étape de notre processus. Gardez donc un œil sur votre boîte aux lettres électronique (et peut-être même sur votre dossier spam) pour rester au courant.
Si vous avez d'autres questions ou si vous avez besoin d'aide, n'hésitez pas à nous contacter, nous sommes toujours là pour vous aider.
Chaleureuses salutations,
L'équipe du service clientèle d'AliExpress",2026-07-21T03:51:47.000Z
www.aliexpress.com,id:6a5e5caadb545fe7bb72be63,native_id,6a5e5caadb545fe7bb72be63,1,false,1784576202,07/20/2026 19:36:42,AliExpress vertreibt Plagiate im großen Stil,"Schade, man kann nicht weniger als 1 Stern vergeben.
AliExpress hat nicht mal den einen Stern verdient.
Hier werden PLAGIATE von namhaften Herstellern vertrieben, auf den Produkten ist doch tatsächlich der Name des Herstellers aufgedruckt und das Produkt wird auch als ""Original"" vertrieben.
Es handelt sich aber um dreiste Kopien.
Ich frage mich, warum die Deutschen Politiker es zulassen, dass Deutsche Bürger von diesen Online Shops dermaßen verarscht werden.
Sperrt AliExpress doch einfach den Zugang zum Deutschen Markt, dann sind wir alle glücklich.
Den Bewertungen nach wäre diese Maßnahme dringend notwendig ",Thomas Puppa,6a5e5b1d236e3de6fbdc254c,DE,1,"Sehr geehrter Kunde,
Es tut uns sehr leid zu hören, dass Sie ein Problem hatten. Das ist nicht die Erfahrung, die wir uns für unsere Kunden wünschen. Wir würden uns diesen Fall gerne ansehen und sehen, wie wir helfen können. Damit wir Ihre Erfahrungen besser nachvollziehen können, fügen Sie bitte Details wie die Bestellnummer oder Ihre E-Mail-Adresse in das Formular für Informationsanfragen ein, das wir Ihnen geschickt haben.
Mit freundlichen Grüßen,
AliExpress Kundenservice-Team",2026-07-21T03:52:45.000Z
www.aliexpress.com,id:6a5e4fe140395f96bac89205,native_id,6a5e4fe140395f96bac89205,2,false,1784572929,07/20/2026 18:42:09,Disappointing Experience Overall,"I had high hopes for my latest order, but it fell short. The delivery took longer than expected, arriving almost two weeks late. Though the item was okay, the sizing was off, much smaller than described. I’m not sure if I’ll order again after this letdown.",Scarlett Delhierro,6a3a32bf19f15e426e7d5167,FR,1,"Dear Customer,
We are truly sorry for the inconvenience caused.
We value your feedback and would like to learn more about your issue in order to assist you effectively. To help us fully understand your situation, we kindly ask you to complete the ""Information Request Form"" that we have sent to you. Please provide details such as your order number(s) or email.
Your cooperation will greatly help us resolve this matter more efficiently.
Thank you for your understanding and support.
Best regards,
AliExpress Customer Service Team",2026-07-21T03:53:31.000Z
www.aliexpress.com,id:6a5e4d92d355a5532593c12b,native_id,6a5e4d92d355a5532593c12b,1,false,1784572338,07/20/2026 18:32:18,Beställde en vara,"Beställde en vara, all info korrekt, fick ingen leverans. Antagligen oseriös säljare på Aliexpress.",Roland H,6a5e4d59c2526c51cf9265c4,SE,1,"Kära kund,
Vi beklagar uppriktigt de obehag som du har upplevt i samband med att paketet inte kommit fram. Vi har redan inlet en utredning av ärendet och kommer att återkomma till dig via e-post med uppdateringar. Dessutom kommer vi att hålla denna tråd uppdaterad så länge som förloppet tar tid. Vänligen se till att kontrollera din inkorg regelbundet, så att du inte missar någon kommunikation från oss.
Tack för din tålmodighet och samarbete.
Vänliga hälsningar,
AliExpress Kundtjänst",2026-07-21T03:56:26.000Z
www.aliexpress.com,id:6a5e4a212808b0e012b5f208,native_id,6a5e4a212808b0e012b5f208,1,false,1784571457,07/20/2026 18:17:37,BESTEL NOOIT HIER IETS,"BESTEL NOOIT HIER IETS

Ze reageren al super lang niet meer. Heel gedoe van Aliexpress terwijl het hun fout is. Ik hoor gewoon mijn geld terug te krijgen. Ik blijf slechte reviews schrijven als we er niet uitkomen.

Case 3073221463890076",Bas,6a512b654024a445ad9ee31f,NL,1,"Geachte klant,
Hartelijk dank voor uw geduld. Ik zie dat uw toegewezen klantenservicevertegenwoordiger momenteel bezig is met uw zaak. Vanwege de complexiteit van de situatie kan het iets langer duren om dit op te lossen. Ik heb hen echter al aangespoord om zo spoedig mogelijk te reageren op uw e-mail.
Blijft u alstublieft via e-mail communiceren met uw toegewezen klantenservice voor verdere updates.
Dank u wel voor uw begrip, en we waarderen uw medewerking.
Met vriendelijke groet,
AliExpress Klantenservice Team",2026-07-21T03:59:34.000Z
www.aliexpress.com,id:6a5e48e63ca8bcee814ecf95,native_id,6a5e48e63ca8bcee814ecf95,1,false,1784571142,07/20/2026 18:12:22,Aliexpress wollte mir helfen und mir…,"Aliexpress wollte mir helfen und mir eine Email schreiben, was jetzt unternommen wird, weil mein Paket beim Zoll seit dem 20.6.26 sein soll und ich vom Zoll eine Antwort bekommen habe, es sei dort nicht eingetroffen. Ich habe jetzt desöfteren das Hilfezentrum um Hilfe gebeten, aber ich werde nur vertröstet. Auch der Verkäufer meldet sich nicht mehr.",Wilhelm Golberg,601ad6f23e1cc4001a683df4,DE,17,"Sehr geehrter Kunde,
vielen Dank, dass Sie uns auf diese Angelegenheit aufmerksam gemacht haben. Wir entschuldigen uns aufrichtig für die Unannehmlichkeiten, die Ihnen entstanden sind.
Wir möchten Sie darüber informieren, dass wir das von Ihnen gemeldete Problem aktiv untersuchen. Da die Untersuchung jedoch noch andauert, sind wir noch nicht zu einem Ergebnis gekommen und haben Ihnen noch kein Update geschickt. Sobald wir eine Lösung oder weitere Informationen haben, werden wir Sie umgehend per E-Mail benachrichtigen. Bitte behalten Sie Ihren Posteingang im Auge, um unsere Antwort zu erhalten.
Sollten Sie in der Zwischenzeit weitere Fragen haben oder weitere Unterstützung benötigen, zögern Sie bitte nicht, uns zu kontaktieren.
Mit freundlichen Grüßen,
AliExpress-Kundenservice-Team",2026-07-21T04:03:34.000Z
www.aliexpress.com,id:6a5e44be61c4584ec77ac7a9,native_id,6a5e44be61c4584ec77ac7a9,1,false,1784570078,07/20/2026 17:54:38,Avoid like the plague!,"Avoid like the plague!

We had a projector off them been working well for the past year until a couple of days ago it started to melt and almost burned our house down

I told Alliexpress and they wanted me to get an Independent verification that cost £500!!! I pointed this out to them then they ignored me after that
They won’t accept responsibility 
I’m glad we got it in time before it caused damage 


Please avoid ",Katie,56ebded40000ff000a0fc9fb,GB,22,"Dear Customer,
We sincerely apologize for the inconvenience caused by the product you received that is not functioning as expected. We have already begun investigating the issue and will provide you with updates via email as soon as possible. Please keep an eye on your inbox for further communication.
If you have any additional details or supporting information regarding the issue, please feel free to share it with us through this email thread or via our Help Center. Your cooperation and patience throughout this process are greatly appreciated.
Thank you for bringing this matter to our attention, and we apologize once again for any frustration this may have caused.
Best regards,
AliExpress Customer Service Team",2026-07-21T04:04:26.000Z
www.aliexpress.com,id:6a5e43240251956e7c6ebe37,native_id,6a5e43240251956e7c6ebe37,1,false,1784569668,07/20/2026 17:47:48,Do not trust AliExpress,"Do not trust AliExpress, even if the product is sold under their ""Choice"" program which claims to guarantee a premium experience and free returns. It is a complete scam.

They try to save their public image by replying to Trustpilot reviews, pretending they want to help and asking you to send further email evidence. But it is just a PR stunt to look good in public. I did exactly what they asked: I replied to their specific customer care email within hours, providing a public Google Drive link containing clear video evidence of the transit damage and photos proving the item is a total counterfeit (the seller listed a generic mosquito racket as an original LENOVO product, which doesn't even exist). 

The result? Exactly the same automated, copy-paste rejection. They completely ignored the irrefutable evidence, refused the refund, and told me to contact the seller. This seller has literally mocked me in chat with smiling emojis because they know they are fully protected by AliExpress to scam international buyers.

Even though the product was sold with a ""Free Return"" guarantee, AliExpress tried to force me to pay 150 CHF for international shipping from Switzerland to China out of my own pocket for a broken, fake 29 CHF item. 

Order ID: 3072847636215035

AliExpress absolutely does not care about its customers. They pretend to look helpful in public review replies, but privately they protect scammers and break their own contract terms. I am currently finalizing a formal fraud chargeback with my Swiss bank to get my money back by force. Avoid this platform at all costs!
",Mauro Bruno,5fb8f2f7b65d930019faa4c7,IE,6,"Dear Customer,
Thank you for bringing this matter to our attention. We sincerely apologize for the inconvenience you have experienced.
We would like to inform you that we are actively looking into the issue you reported. However, as the investigation is still ongoing, we have not yet reached a conclusion or sent you an update. Rest assured, once we have a solution or further information, we will notify you immediately via email. Please keep an eye on your inbox for our response.
If you have any additional questions or require further assistance in the meantime, please don’t hesitate to contact us.
Best regards,
AliExpress Customer Service Team",2026-07-21T04:10:00.000Z
www.aliexpress.com,id:6a5e3ecabdd895201faecbd0,native_id,6a5e3ecabdd895201faecbd0,1,false,1784568554,07/20/2026 17:29:14,Es ist wirklich eine Betrugsplattform,"anders kann man das nicht bezeichnen. Ware (Schleifgerät mit Akku) kommt defekt an, mit Gebrauchsspuren.

Als ""Beweis"" muss der geprellte Kunde dann ein Video anfertigen, was ich auch gemacht habe.

Und dann geht der Betrug mit folgender Nachricht lustig weiter:

""Bitte senden Sie das Produkt selbst zurück. Sie übernehmen diesmal die Kosten für den Rückversand. Senden Sie den Artikel zurück und geben Sie die Sendungsverfolgung in das System ein. Wir erstatten den Kaufpreis, sobald der Artikel bei uns eingegangen ist und die Qualitätsprüfung bestanden hat.""


Im Klartext: Die Rücksendekosten (nach China!) übersteigen den Warenwert UND - da der defekte Artikel wohl kaum die ""Qualitätsprüfung"" bestehen wird - wird natürlich auch KEINE Rückerstattung erfolgen. 

AliExpress ist völlig unseriös, im Prinzip organisierte Kriminalität. Die Angebote erscheinen sprichwörtlich verlockend. Ich habe dort mehrfach bestellt, JEDES MAL gab es ein Problem, entweder mit falscher Lieferung, extrem schlechter Qualität oder eben mit defekter Ware.

Ich steh das nervlich nicht mehr durch. Es lohnt sich am Ende einfach nicht. Jetzt noch mit den Zöllen, die von AliExpress auch noch falsch (zu hoch) deklariert werden. Zum Vergessen, für immer!
",Martina Pfahl,60463dd0e8accf001a5ce5ae,DE,5,"Sehr geehrte Kundin, sehr geehrter Kunde,
Zunächst möchten wir uns aufrichtig für den Zustand Ihres Pakets entschuldigen. Wir sind zutiefst traurig, dass das Produkt bei der Lieferung beschädigt wurde. Das möchten wir unseren geschätzten Kunden, insbesondere Ihnen, nicht bieten. Es schmerzt uns sehr, Sie enttäuscht zu haben.
Wir untersuchen derzeit gründlich, was schiefgelaufen ist, und setzen alles daran, dass sich so etwas nicht wiederholt. In der Zwischenzeit halten wir Sie per E-Mail über den aktuellen Stand auf dem Laufenden. Bitte behalten Sie Ihren Posteingang (und Ihren Spam-Ordner, falls nötig!) im Auge. Wir versprechen, alles in Ordnung zu bringen.
Vielen Dank für Ihren Hinweis. Ihr Feedback ist uns sehr wichtig. Sollten wir Sie in diesem Prozess unterstützen wollen, zögern Sie bitte nicht, uns zu kontaktieren. Wir sind gerne für Sie da.
Mit freundlichen Grüßen,
AliExpress Kundenservice-Team",2026-07-21T04:15:15.000Z
www.aliexpress.com,id:6a5e3d71ce4e88665f048d05,native_id,6a5e3d71ce4e88665f048d05,1,false,1784568209,07/20/2026 17:23:29,Awful!,"If I could give 0 I would. Awful experience buying from them. Bought a lot of Lego type items for a present, two were missing pieces so couldn’t carry on building, trying to return these and get money back has been horrendous! So seller wouldn’t co operate so I filed a dispute with PayPal. Eventually the buyer said I could return, wouldn’t send me a label so I’ve had to return myself costing £27 per parcel. At present the parcels are stuck in customs and only the addressee can release them which they won’t do so basically I’ve lost my money. PayPal won’t refund cos the parcels haven’t reached the recipient. Really really avoid not a good company  ",Julie,63297af83b45b20012133322,GB,5,"Dear Customer,
We are very sorry to hear that you have encountered an issue. This is not the experience we want for our customers. We'd love to look into this case and see how we can help. To help us better understand your experience, please add details like order number or email through the Request Information form that we sent you.
Best regards,
AliExpress Customer Service Team",2026-07-21T04:17:30.000Z
www.aliexpress.com,id:6a5e33c0193c0559b25f0893,native_id,6a5e33c0193c0559b25f0893,1,false,1784565728,07/20/2026 16:42:08,Do not buy from AliExpress. They are scammers.,"Order Number: 3074651372177941 
I am extremely disappointed with AliExpress.
I ordered 6 items, but my package arrived with only 5. The missing item was the 2pcs Broom-Dustpan set. I contacted customer service and requested either a replacement or a refund, but they refused both.
I also noticed that the missing item is out of stock, which makes me believe this is the real reason it was never included in my package. Despite this, AliExpress still refuses to take responsibility or issue a refund.",Ana Sainz,6a5e2e06c2526c482c922749,GB,1,"Dear Customer,
We are so so sorry to hear that your order didn’t arrive complete, this is NOT the experience we want for you! You deserve nothing less than perfection, we feel absolutely terrible about this!  
Rest assured, we are treating this matter with the utmost urgency! Our team is already hard at work investigating what went wrong, and we’re determined to get to the bottom of this as soon as possible. As soon as we have any updates, we’ll be sure to send them straight to your inbox, you won’t miss a single step of our process. So please, keep an eye on your email (and maybe even your spam folder) to stay in the loop.
If you have any more questions or need further assistance, please don’t hesitate to reach out we’re always here to help.
Warm regards,
AliExpress Customer Service Team",2026-07-21T04:23:46.000Z
www.aliexpress.com,id:6a5e2d41461c2f4b2da4d2f3,native_id,6a5e2d41461c2f4b2da4d2f3,1,false,1784564065,07/20/2026 16:14:25,Comprato un avvitatore elettrico da un…,"Comprato un avvitatore elettrico da un venditore tramite AliExpress, Hanno messo il mio nome e cognome ma un altro indirizzo il pacco è arrivato perché il corriere ha mandato a me l' avviso di consegna avendo la mia email, purtroppo è arrivato ad un altro indirizzo insomma x loro la consegna è stata fatta purtroppo a me non è arrivato nulla di conseguenza niente rimborso, perso 35 euro grazie mille AliExpress mai più comprerò da AliExpress ",Giuseppe Mendolia,63d2c3a9a0e7f300126e772a,IT,4,"Gentile cliente,
La ringraziamo per aver compilato il modulo di richiesta informazioni. Tuttavia, abbiamo notato che non è stato fornito il numero d'ordine e che l'indirizzo e-mail fornito non corrisponde a nessun ordine presente nel nostro sistema. Senza ulteriori informazioni valide, non possiamo procedere con il suo caso in questo momento.
Per aiutarci ad assisterla meglio, può cercare il suo numero d'ordine e richiedere ulteriore assistenza visitando il nostro Centro assistenza:
https://helpcenter.aliexpress.com/s/BuyerHelp
Apprezziamo la sua collaborazione e siamo a disposizione per aiutarla in caso di ulteriori domande o necessità di assistenza.
Cordiali saluti,
Il team del servizio clienti di AliExpress",2026-07-21T04:24:41.000Z
www.aliexpress.com,id:6a5e2a92deb8fa71e869d5b8,native_id,6a5e2a92deb8fa71e869d5b8,1,false,1784563378,07/20/2026 16:02:58,had een paar dingen besteld bij…,"had een paar dingen besteld bij aliexpress 
1 bestelling word stuk geleverd terug sturen accepteren ze niet en krijg maar de helft van het betaalde berag terug de 2de bestelling word mij € 200,- verzendkosten bereken en aliexpress geeft niet thuis hierover 
ik heb regelmatig wat besteld bij apiexpress maar dit was de laatste keer dat ik daar iets besteld heb
oplichters zijn het",marco,59c558a60000ff000acc7823,BE,6,"Beste klant,
Allereerst willen we onze oprechte excuses aanbieden voor de staat waarin uw pakket is aangekomen. We zijn diepbedroefd om te horen dat het product bij levering beschadigd was. Dit is absoluut niet de ervaring die we willen voor al onze gewaardeerde klanten, vooral niet voor iemand die zo belangrijk is als u. Het doet ons enorm veel pijn dat we u in de steek hebben gelaten.
We voeren momenteel een grondig onderzoek uit naar wat er mis is gegaan en doen er alles aan om te voorkomen dat dit opnieuw gebeurt. In de tussentijd houden we u via e-mail op de hoogte van elke stap, zodat u altijd op de hoogte bent van onze voortgang. Houd uw inbox (en spamfolder, voor het geval dat!) in de gaten voor deze updates. We beloven u het goed te maken.
Hartelijk dank dat u dit onder onze aandacht hebt gebracht; uw feedback is van onschatbare waarde voor ons. Mochten we u nog ergens mee kunnen helpen tijdens dit proces, neem dan gerust contact met ons op. We staan ​​voor u klaar met heel ons hart.
Met vriendelijke groet,
AliExpress Klantenserviceteam",2026-07-21T04:28:13.000Z
www.aliexpress.com,id:6a5e228858cef355983332cb,native_id,6a5e228858cef355983332cb,1,false,1784561320,07/20/2026 15:28:40,Site de contrefaçon  aliexpress a été…,"Site de contrefaçon  aliexpress a été condamné par l'union européenne a payer une amandes de 550milion d'euros pour ventes de produit illégaux est contrefaçon,  ne visitez jamais ce site .vous serrez harcelé de mail meme si vous n'avez rien acheté ni enregistré de données. Ce site est le fléau d'internet. Ne m'envoyer pas de mail mdr mais quel equipe d'amateur ",Jimmy Veneroso,66b1fecf6c81e0756c569bba,FR,19,"Cher client,

Nous vous remercions de nous avoir signalé ce problème. Nous vous prions de bien vouloir accepter nos excuses pour la gêne occasionnée.

Nous vous informons que nous examinons activement le problème que vous avez signalé. Cependant, l'enquête étant toujours en cours, nous n'avons pas encore pu conclure ni vous envoyer de mise à jour. Soyez assuré(e) que dès que nous aurons une solution ou de plus amples informations, nous vous en informerons immédiatement par e-mail. Veuillez consulter régulièrement votre boîte de réception.

Si vous avez d'autres questions ou besoin d'assistance, n'hésitez pas à nous contacter.

Cordialement,

L'équipe du service client AliExpress",2026-07-21T01:53:14.000Z
www.aliexpress.com,id:6a5e1cba05b34699f60541b2,native_id,6a5e1cba05b34699f60541b2,1,false,1784559834,07/20/2026 15:03:54,Je viens de lire que l union européenne…,"Je viens de lire que l union européenne vient punir aliexpress de 550 millions d euros pour jouet et textile illégaux. Si je peux me permettre d 'y ajouter ma petite touche personnelle, j' aime bien ajouter des touches ,  j ajouterai vélo illégaux .. oui aliex express vends aussi des vélos illégaux , j en ai fait les frais j en parle en connaissance de cause. Souhaitons bon courage à aliexpress.. le karma est tombé pour Aliexpress , à force de nous prendre pour des idiots, les voilà bien mal en point. ",Boy-Cot,5f74c0762480d0736ec8d827,FR,43,"Cher client,

Nous vous remercions de votre patience. Votre conseiller dédié au service client traite actuellement votre dossier. Compte tenu de la complexité de la situation, la résolution pourrait prendre un peu plus de temps. Cependant, nous l'avons déjà incité à vous répondre dans les plus brefs délais.

Veuillez continuer à communiquer avec votre conseiller dédié par e-mail pour rester informé(e).

Nous vous remercions de votre compréhension et de votre coopération.

Cordialement,

L'équipe du service client AliExpress",2026-07-21T02:03:18.000Z
www.aliexpress.com,id:6a5e14a1746c7b847c0e1dbc,native_id,6a5e14a1746c7b847c0e1dbc,1,false,1784557761,07/20/2026 14:29:21,Mise en danger,"Mise en danger

Produit contrefait avec de fausses caractéristiques
Noté soit disant avec 1To de stockage alors qu'il n en fait que 16Go !!! On est en 2026, ça n'existe plus ce genre de téléphone !!!
Sans parler du fait qu'il n'y a aucune garantie et aucun SAV et que votre service client ne sert encore plus a rien hormi nous faire perdre encore plus de temps et notre patience 

Je vous ai dis que j attendais toujours mes remboursements depuis la commande de votre s26 de contrefacon  et les 2 suivantes soit 3 commandes en tout !!!
Qu est ce que vous ne comprenez toujours pas !!???",benj,62816620a85f290012764948,FR,34,"Cher client,

Nous vous remercions de votre patience. Votre conseiller dédié au service client traite actuellement votre dossier. Compte tenu de la complexité de la situation, la résolution pourrait prendre un peu plus de temps. Cependant, nous l'avons déjà incité à vous répondre dans les plus brefs délais.

Veuillez continuer à communiquer avec votre conseiller dédié par e-mail pour rester informé(e).

Nous vous remercions de votre compréhension et de votre coopération.

Cordialement,

L'équipe du service client AliExpress",2026-07-21T02:08:09.000Z
www.aliexpress.com,id:6a5e0c9dccda4af17977e1e4,native_id,6a5e0c9dccda4af17977e1e4,1,false,1784555709,07/20/2026 13:55:09,frais de douane...une arnaque !,"j'ai dans mon panier 3 articles d'un montant total de 10,39 € livraison incluse. Au moment de payer on me facture 7,2 € de frais de douane ! c'est carrément inacceptable : jamais je ne commanderai avec de tels frais ! une vrai arnaque ",phil leforty,5fd14755e8176d0019e2c4de,FR,2,"Cher client,

Merci pour votre commentaire.

Veuillez consulter notre Centre d'aide, où notre équipe du service client est à votre disposition pour vous assister et vous fournir une assistance détaillée :

https://helpcenter.aliexpress.com/s/BuyerHelp?

Nous vous remercions de votre compréhension et de votre collaboration.

Cordialement,

L'équipe du service client AliExpress",2026-07-21T02:14:19.000Z
www.aliexpress.com,id:6a5e016754b48e08d89b7658,native_id,6a5e016754b48e08d89b7658,1,false,1784552839,07/20/2026 13:07:19,"""CUIDADO CON ALIEXPRESS.","""CUIDADO CON ALIEXPRESS.
""ALIEXPRESS FRAUDE""""
""""ALIEXPRESS ESTAFA""""
Experiencia nefasta y sospechosa.
Seguimiento: LR288054593NL
Referencia: 3073457035872560
Acumulan 4 incidencias falsas de ECOSCOOTING de 'ausencia en domicilio' para no realizar la entrega. Ignoran mis instrucciones de contacto y se niegan a validar las pruebas que envío. No están prestando el servicio, están bloqueando mi envío deliberadamente. Servicio pésimo y falta de seriedad total.""",LIBERTAD PRESOS POLITICOS LIBE,61c37a3305adb600124a4912,ES,47,"Estimado cliente:
Gracias por contactarnos y agradezco sinceramente su paciencia mientras trabajamos para resolver este asunto.
Para continuar, le recomiendo que se comunique directamente con su representante de servicio al cliente asignado. Ellos son quienes mejor pueden ayudarle con su caso específico y le guiarán durante el proceso. Por favor, asegúrese de proporcionar cualquier evidencia o documentación relevante que respalde su situación; esto nos ayudará a comprender mejor el problema y encontrar una solución más eficiente.
Tenga la seguridad de que estamos comprometidos a ayudarle y garantizar una resolución justa. Su satisfacción es importante para nosotros y haremos todo lo posible para atender sus inquietudes.
Gracias por su comprensión y cooperación.
Saludos cordiales,
Equipo de Servicio al Cliente de AliExpress",2026-07-21T02:17:24.000Z
www.aliexpress.com,id:6a5dff933b61e4c12ecd3535,native_id,6a5dff933b61e4c12ecd3535,5,false,1784552371,07/20/2026 12:59:31,Experiência ótima,"Experiência ótima....amei os preços,descontos,frete grátis....amei os produtos,tudo de ótima qualidade😍😍😍comprarei mais e mais🥰🥰🥰",Roberta Aparecida Gomes,6a5dff8a7b418c77d1848393,BR,1,"Prezado(a) Cliente,
Agradecemos por dedicar seu tempo para compartilhar seu feedback. Ficamos felizes que você esteja gostando de comprar conosco. Nossa equipe está sempre à disposição para proporcionar uma ótima experiência, e é ótimo saber que você está satisfeito(a) com o nosso trabalho.
Atenciosamente,
Equipe de Atendimento ao Cliente do AliExpress",2026-07-21T01:44:18.000Z
www.aliexpress.com,id:6a5dfd652c9d65eb4844d9b2,native_id,6a5dfd652c9d65eb4844d9b2,1,false,1784551813,07/20/2026 12:50:13,"Advertised at £0.99, Charged £7.45","I am very disappointed with my experience. As a new customer, I was offered a welcome gift for the MicroSHIFT M25-6 Right Twist Shifter at £0.99. However, when I went to checkout, the price changed to £7.45. This felt misleading and left me feeling deceived. If you advertise a welcome gift at a specific price, it should be honoured at checkout. I hope AliExpress addresses this issue and provides a better experience for new customers.",Nirbhay Patel,6a25a9708dd5c48589996229,GB,2,"Dear Customer,
We are very sorry to hear that you have encountered an issue. This is not the experience we want for our customers. We'd love to look into this case and see how we can help. To help us better understand your experience, please add details like order number or email through the Request Information form that we sent you.
Best regards,
AliExpress Customer Service Team",2026-07-21T02:18:49.000Z
www.aliexpress.com,id:6a5dfcf04ab71ac2a50a1b89,native_id,6a5dfcf04ab71ac2a50a1b89,1,false,1784551696,07/20/2026 12:48:16,Ali hat auf keine Anfrage reagiert,"Ali hat auf keine Anfrage reagiert, nichts geliefert, kein Geld zurück überwiesen.
Ich habe das erste Mal dort bestellt und alle Bedenken vorher haben sich bestätigt.

Ich werde das nicht nochmal inbetracht ziehen!

Statt mir einfach mein Geld zurück zu zahlen, bekomme ich Antworten wie unten beschrieben: Ich solle mich doch an Soundso wenden…? Ja wie denn, es antwortet keiner. Mir scheint das der reinste Betrugsladen zu sein.
Keine Ware und auch kein Geld zurück, ICH NENNE DAS BETRUG! Kauft hier bloß nichts!!!!",Wilfried,63abf87f1b576500139d34bb,DE,43,"Sehr geehrte Kundin, sehr geehrter Kunde, vielen Dank für Ihre Kontaktaufnahme. Wir wissen Ihre Geduld sehr zu schätzen, während wir an der Lösung Ihres Anliegens arbeiten. Um das Problem zu beheben, empfehlen wir Ihnen, sich direkt an Ihren zuständigen Kundendienstmitarbeiter zu wenden. Dieser kann Ihnen in Ihrem konkreten Fall am besten weiterhelfen und Sie durch den gesamten Prozess begleiten. Bitte stellen Sie uns alle relevanten Nachweise oder Dokumente zur Verfügung, die Ihre Situation belegen. Dies hilft uns, das Problem besser zu verstehen und effizienter eine Lösung zu finden. Wir versichern Ihnen, dass wir uns mit vollem Engagement für Sie einsetzen und eine faire Lösung gewährleisten möchten. Ihre Zufriedenheit ist uns wichtig, und wir werden alles daransetzen, Ihre Anliegen zu klären. Vielen Dank für Ihr Verständnis und Ihre Kooperation. Mit freundlichen Grüßen, Ihr AliExpress-Kundendienstteam",2026-07-21T02:22:16.000Z
www.aliexpress.com,id:6a5df9463cad2f4c8992e289,native_id,6a5df9463cad2f4c8992e289,1,false,1784550758,07/20/2026 12:32:38,Des belles paroles mais au final rien…,"Des belles paroles mais au final rien du tout. J'attend un colis pour un anniversaire ce soir et je ne recevrais pas le colis avant mercredi alors que le vendeur m'a bien précisé que je recevrais le colis avant le 19, nous sommes le 20. C'est bien la plateforme qui envoi le colis donc Aliexpress. Réfléchissez a 2 fois avant de commander chez eux, car ils ne tiennent pas leurs promesses ",Lyam,6a5df907b06fbfc923ecaf1a,FR,1,"Cher client,

Nous sommes sincèrement désolés d'apprendre que vous avez rencontré un problème. Nous ne souhaitons pas que nos clients vivent une telle expérience. Nous aimerions examiner votre cas et voir comment nous pouvons vous aider. Afin de mieux comprendre votre situation, veuillez ajouter des détails tels que votre numéro de commande ou votre adresse e-mail via le formulaire de demande d'informations que nous vous avons envoyé.

Cordialement,

L'équipe du service client AliExpress",2026-07-21T02:23:12.000Z
www.aliexpress.com,id:6a5df347647a8c0dad5880eb,native_id,6a5df347647a8c0dad5880eb,1,false,1784549223,07/20/2026 12:07:03,"351,77 € perdus : ni AliExpress ni PayPal n’ont protégé le consommateur","J’écris cet avis afin d’alerter les futurs acheteurs sur mon expérience.

J’ai commandé sur AliExpress un processeur informatique (commande n° 3074718559707335) pour un montant de 351,77 €. Pour moi, il s’agissait d’une somme importante.

Quelques jours plus tard, le suivi indiquait que le colis avait été livré dans ma boîte aux lettres.

Le problème est simple : je n’ai jamais reçu ce colis.

Dès que je m’en suis aperçu, j’ai effectué toutes les démarches possibles.

* vérification auprès du gardien de ma résidence ;
* vérification auprès de mes voisins ;
* déplacement au bureau de poste ;
* contacts répétés avec le vendeur ;
* ouverture d’un litige PayPal ;
* échanges avec Colissimo ;
* signalement auprès de la DGCCRF via SignalConso.

Malgré toutes ces démarches, aucune solution ne m’a été apportée.

Le vendeur s’est contenté d’affirmer que le suivi indiquait « livré ».

PayPal a considéré cela comme suffisant pour clôturer le litige contre moi.

Pourtant, je rappelle qu’il s’agit d’un article d’une valeur de 351,77 €.

Je n’ai jamais signé quoi que ce soit.

Je n’ai jamais reçu d’appel du livreur.

Je n’ai jamais reçu de code de livraison.

Personne n’a vérifié mon identité.

À mes yeux, une simple mention informatique « livré en boîte aux lettres » ne démontre pas que j’ai effectivement reçu le produit.

Le plus incompréhensible est le traitement de mon dossier par PayPal.

Lors d’un premier appel, un conseiller m’a indiqué que mon litige était résolu en ma faveur et que j’allais être remboursé.

Quelques jours plus tard, j’ai reçu un e-mail m’annonçant exactement l’inverse, sans explication claire.

Lors d’un nouvel appel au service client, je me suis senti traité avec très peu de considération. Mes explications n’ont pas été prises en compte et je suis ressorti de cet échange avec le sentiment que ma situation n’intéressait personne.

Aujourd’hui, le résultat est simple :

AliExpress a conservé mon argent.

Je n’ai jamais reçu ma commande.

PayPal a rejeté mon litige.

J’ai donc perdu 351,77 €.

Je partage cette expérience afin que chacun sache qu’en cas de problème de livraison, il est possible de se retrouver sans produit, sans remboursement et sans véritable solution, malgré toutes les démarches entreprises.

J’espère sincèrement qu’AliExpress prendra enfin contact avec moi pour résoudre ce dossier de manière équitable. En attendant, je ne peux malheureusement pas recommander cette plateforme au vu de mon expérience.",M. Mkf,6a5c6510b06fbf6f5eeb4381,FR,2,"Cher client,

Nous vous remercions de nous avoir signalé ce problème. Nous vous prions de bien vouloir accepter nos excuses pour la gêne occasionnée.

Nous vous informons que nous examinons activement le problème que vous avez signalé. Cependant, l'enquête étant toujours en cours, nous n'avons pas encore pu conclure ni vous envoyer de mise à jour. Soyez assuré(e) que dès que nous aurons une solution ou de plus amples informations, nous vous en informerons immédiatement par e-mail. Veuillez consulter régulièrement votre boîte de réception.

Si vous avez d'autres questions ou besoin d'assistance, n'hésitez pas à nous contacter.

Cordialement,

L'équipe du service client AliExpress",2026-07-21T02:25:00.000Z
www.aliexpress.com,id:6a5df3294ffd6d0ca3e1189c,native_id,6a5df3294ffd6d0ca3e1189c,1,false,1784549193,07/20/2026 12:06:33,Arroganteste Betrüger auf dem Markt! Alles besser beim TEMU kaufen,"Eine der kriminellste und arroganteste Paltform von Schrott-China . Temu - das ist ganz andere Liga.
Betrügen, senden kaputte und nicht vollständigen Sachen. Aber erstatten nur 2....oder 3 CHF oder EUR.
Hände weg. Das sind die blödeste und unseriöseste Betrüger aus China. Seit 10 Jahren , ein mal in 3-4 Jahre kaufe ich etwas - Ergebnis immer das Gleiche. Betrüg!",Mark Gornshtadt,654bb7373b59f7001271537f,NL,5,"Sehr geehrte Kundin, sehr geehrter Kunde,

zuallererst möchten wir uns aufrichtig für den Zustand Ihres Pakets entschuldigen. Es tut uns unendlich leid zu hören, dass das Produkt bei der Lieferung beschädigt war. Dies entspricht ganz sicher nicht den Erwartungen, die wir an unsere geschätzten Kunden haben, insbesondere nicht an jemanden wie Sie. Es schmerzt uns sehr, Sie enttäuscht zu haben.

Wir führen derzeit eine gründliche Untersuchung durch, um die Ursache des Fehlers zu ermitteln und sicherzustellen, dass dies nicht wieder vorkommt. Wir werden Sie in der Zwischenzeit per E-Mail über jeden Schritt informieren, damit Sie stets über den Stand der Dinge Bescheid wissen. Bitte behalten Sie Ihren Posteingang (und gegebenenfalls Ihren Spam-Ordner) im Auge. Wir versprechen Ihnen, alles zu Ihrer Zufriedenheit zu regeln.

Vielen Dank, dass Sie uns darauf aufmerksam gemacht haben; Ihr Feedback ist uns sehr wichtig. Sollten Sie in dieser Angelegenheit noch Unterstützung benötigen, zögern Sie bitte nicht, uns zu kontaktieren. Wir sind gerne für Sie da.

Herzliche Grüße,

Ihr AliExpress Kundenservice-Team",2026-07-21T02:28:45.000Z
www.aliexpress.com,id:6a5def2b3a556324351d3ccf,native_id,6a5def2b3a556324351d3ccf,1,false,1784548171,07/20/2026 11:49:31,Aliexpress  refund system& courier,"The courier company used left my package under the car in driveway in the night . 
When I got the email that the package had been delivered,  I saw it in the morning only to find that the package was not there.
Could not understand why it was left outside under car , which shows there is someone indoors , why not ring the door bell.
I applied for a refund as goods not received,  that's where it became difficult,  had to apply and appeal as they refused a refund at least 3 or / 4 times . They had a picture of the package left under car , a screen shot of the chat with the courier advising to get in touch with the courier.
Finally got a refund after 3 days , refund if 1 item a day.  It was 1 delivery in 1 package but they wouldn't accept the same proof for all 3 items. 

Very disappointing and poor service.",Kay cee,629771910afa9d001222c447,GB,11,"Dear Customer,
We sincerely apologize for the inconvenience you’ve experienced regarding the non-receipt of your package. We have already initiated an investigation into this matter and will respond to you via email with updates. Additionally, we will keep this thread updated as progress unfolds. Please be sure to check your inbox regularly for our communication.
Thank you for your patience and cooperation.
Best regards,
AliExpress Customer Service Team",2026-07-21T02:30:42.000Z
www.aliexpress.com,id:6a5deee196197da81d9e53bb,native_id,6a5deee196197da81d9e53bb,1,false,1784548097,07/20/2026 11:48:17,Politique de retour non respectée ,"J'achète un miroir. Je le reçois cassé.
Je le signale à Aliexpress qui m'invite à le renvoyer à mes frais.
Or, il est prévu que les retours sont gratuits et accompagnés d'une étiquette prépayée.

Je me fatigue à demander au service client de me donner une étiquette de retour : en vain. Ils ne font qu'à leur tête, c'est insuportable.
Je déconseil d'acheter sur ce site, que des problèmes.",Client,57fa43100000ff000a4bd566,FR,2,"Cher client,

Tout d'abord, nous vous présentons nos plus sincères excuses pour l'état dans lequel votre colis est arrivé. Nous sommes profondément désolés d'apprendre que le produit a été endommagé à la livraison. Nous ne souhaitons en aucun cas que cela se reproduise pour nos précieux clients, et encore moins pour une personne aussi importante que vous. Nous sommes navrés de vous avoir déçu.

Nous menons actuellement une enquête approfondie afin de déterminer les causes de cet incident et mettons tout en œuvre pour qu'il ne se reproduise plus. Nous vous tiendrons informé par e-mail à chaque étape. Veuillez consulter régulièrement votre boîte de réception (et votre dossier de courriers indésirables, par précaution !) pour suivre ces mises à jour. Nous nous engageons à résoudre ce problème au plus vite.

Nous vous remercions de nous avoir signalé ce problème ; vos commentaires sont précieux. Si nous pouvons vous aider d'une quelconque manière, n'hésitez pas à nous contacter. Nous sommes à votre entière disposition.

Cordialement,

L'équipe du service client AliExpress",2026-07-21T02:40:58.000Z
www.aliexpress.com,id:6a5dee2fa65921f67e05daeb,native_id,6a5dee2fa65921f67e05daeb,2,false,1784547919,07/20/2026 11:45:19,"Kein Preisvorteil mehr, mieser Kundenservice ","Grundsätzlich bekommt man bei AliExpress ziemlich gute Sachen zu günstigen Preisen. Aufgrund der neuen Zollregelung der EU lohnt es sich jedoch so gut wie gar nicht mehr, dort zu bestellen: Die Artikel sind nun zum Großteil teurer als in deutschen Onlineshops, zudem hat man den Eindruck, dass willkürlich Zollgebühren erhoben werden, auch mehrfach auf Artikel der gleichen Produktkategorie. 
Der Kundensupport ist auch mies: Wird ein falscher Artikel versendet, liegt die Beweislast beim Kunden: Es werden überzogene/unrealistische Beweise gefordert, die man zum Teil nicht vorlegen kann (Video vom Auspacken des Artikels, nachdem man es bereits geöffnet und den Fehler festgestellt hat). 
",J S,5eb6975b8f25b94765513c16,DE,3,"Sehr geehrte Kundin, sehr geehrter Kunde, es tut uns sehr leid, dass Sie ein Problem hatten. Wir möchten unseren Kunden natürlich ein anderes Einkaufserlebnis bieten. Wir würden uns Ihren Fall gerne ansehen und Ihnen weiterhelfen. Um Ihr Anliegen besser zu verstehen, bitten wir Sie, uns über das von uns zugesandte Informationsanfrageformular Details wie Ihre Bestellnummer oder E-Mail-Adresse mitzuteilen. Mit freundlichen Grüßen, Ihr AliExpress-Kundenservice-Team",2026-07-21T02:44:55.000Z
www.aliexpress.com,id:6a5dec3491fb8c0019bb876b,native_id,6a5dec3491fb8c0019bb876b,1,false,1784547412,07/20/2026 11:36:52,AliExpress shoe storage cabinet review ,"I purchased a “Stable Multi-Layer Door, Large-Capacity Space-Saving Shoe Storage Cabinet (Dormitory Dustproof),” but it arrived damaged and was very poorly packaged. The delivery was also delayed—it was expected on 3 July but only arrived on 16 July. The quality is extremely poor and not as advertised online; the panels are very thin and not worth $92. The seller asked me to pay for return shipping before issuing a refund, which I find unacceptable. I contacted customer service, and they promised a compensation and refund within 48 hours, but I have received no response. I have records of all conversations. I have already spent over two hours trying to resolve this issue but no solution. ",Kare,6a5dec0db06fbf852cec9548,AU,1,"Dear Customer,
We are very sorry to hear that you have encountered an issue. This is not the experience we want for our customers. We'd love to look into this case and see how we can help. To help us better understand your experience, please add details like order number or email through the Request Information form that we sent you.
Best regards,
AliExpress Customer Service Team",2026-07-21T03:20:21.000Z
www.aliexpress.com,id:6a5deab9139b5967a20ff3df,native_id,6a5deab9139b5967a20ff3df,1,false,1784547033,07/20/2026 11:30:33,I will never buy anything from any sellers on AliExpress ,"Dear AliExpress Customer Service,
Your response is unacceptable.
I have already submitted all the required information and evidence. I sent the return receipt, photos, and a video proving that I returned the item. I also received confirmation from your customer service team that my documents were received.
For your convenience, sent the link again with all the evidence, including the return receipt and video
There is no reason to ask me for the same information again. Please review the evidence properly and process my refund immediately.
I expect a fair resolution without any further delays.

Very disappointing experience. I returned the item and provided all the required evidence, including the return receipt and photos. Customer service confirmed they had received my documents, yet my refund was still refused from High Street Newest Fashion 2024 Designer. $112.73 is a significant amount for me, and I trusted that the issue would be handled fairly. I feel let down and disappointed by how this case was managed. Based on my experience, I cannot recommend buying from this seller again, and I will not buy from any sellers on AliExpress because the customer services not help at all. I will advise all my communities, friends, Facebook and Google 

تجربة مخيبة للآمال جدًا. لقد أعدت المنتج وقدمت جميع الأدلة المطلوبة، بما في ذلك إيصال الإرجاع والصور. أكدت خدمة العملاء أنهم استلموا مستنداتي، ومع ذلك تم رفض استرداد المبلغ. مبلغ 112.73 دولارًا هو مبلغ كبير بالنسبة لي، وقد وثقت بأن المشكلة سيتم التعامل معها بعدل. أشعر بخيبة أمل كبيرة بسبب الطريقة التي تم بها التعامل مع هذه القضية. بناءً على تجربتي، لا أوصي بالشراء من هذا البائع، ولن أشتري من أي بائعين على AliExpress مرة أخرى.

Một trải nghiệm rất đáng thất vọng. Tôi đã trả lại sản phẩm và cung cấp đầy đủ bằng chứng được yêu cầu, bao gồm biên lai gửi trả hàng và hình ảnh. Bộ phận chăm sóc khách hàng đã xác nhận rằng họ đã nhận được các tài liệu của tôi, nhưng yêu cầu hoàn tiền của tôi vẫn bị từ chối. Số tiền 112,73 đô la là một khoản tiền rất lớn đối với tôi, và tôi đã tin rằng vấn đề này sẽ được giải quyết một cách công bằng. Tôi cảm thấy rất thất vọng và bị bỏ rơi bởi cách mà trường hợp này được xử lý. Dựa trên trải nghiệm của mình, tôi không thể giới thiệu việc mua hàng từ người bán này, và tôi sẽ không mua hàng từ bất kỳ người bán nào trên AliExpress nữa.",Hewida Rizk,6a5de99c7b418c1d21845811,AU,1,"Dear Customer,
We are very sorry to hear that you have encountered an issue. This is not the experience we want for our customers. We'd love to look into this case and see how we can help. To help us better understand your experience, please add details like order number or email through the Request Information form that we sent you.
Best regards,
AliExpress Customer Service Team",2026-07-21T03:22:03.000Z
www.aliexpress.com,id:6a5de7d80dfb7c3fa2dea181,native_id,6a5de7d80dfb7c3fa2dea181,1,false,1784546296,07/20/2026 11:18:16,beim Sendungsverlust ist man aufgeschmissen,"Habe ein Vorderrad für den E-Scooter bestellt. Laut Sendungsverfolgung wurde geliefert. Tatsächlich jedoch nicht. AliExpress verlangt ausdrücklich nach einem offiziellen Nachweis des örtlichen Logistikunternehmens über den Verlust der Sendung. Das Unternehmen ist aber nicht örtlich, heißt Global CAINIAO und ist chinesisch. Auf der Webseite bittet es absolut gar keinen Kontakt an, auch kein Impressum, nichts. Lediglich im FAQ findet sich ein Hinweis, dass man im Fall eines Sendungsverlustes einen Ticket bei Aliexpress eröffnen kann. Schachmatt! AliExpress zeigt auf den chinesischen Lieferdienst, der Lieferdienst zeigt auf Aliexpress. 63 Euro sind weg.",Anatoly Zamikhovsky,6a5db7737b418c4d38840fa0,DE,2,"Sehr geehrte Kundin, sehr geehrter Kunde, wir entschuldigen uns aufrichtig für die Unannehmlichkeiten, die Ihnen durch den Nichterhalt Ihres Pakets entstanden sind. Wir haben bereits eine Untersuchung eingeleitet und werden Sie per E-Mail über den Stand der Dinge informieren. Wir halten Sie auch hier auf dem Laufenden. Bitte überprüfen Sie regelmäßig Ihren Posteingang. Vielen Dank für Ihre Geduld und Ihr Verständnis. Mit freundlichen Grüßen, Ihr AliExpress Kundenservice-Team",2026-07-21T03:59:20.000Z
www.aliexpress.com,id:6a5de576a3089cf7a1e07e73,native_id,6a5de576a3089cf7a1e07e73,1,false,1784545686,07/20/2026 11:08:06,Useless couriers,Useless couriers. lame az lazy useless dum delivery company. your problem ali not mine. ,tim b,5452382e0000640001934abc,NL,80,"Dear Valued Customer,
We sincerely apologize for the inconvenience caused by the return of your package to the sender. Please know that we are taking this matter very seriously and are actively investigating the issue to understand what went wrong.
We will keep you updated via email regarding the progress of our investigation and any further actions we take to resolve this matter. Your patience and understanding are greatly appreciated as we work to ensure a satisfactory resolution.
Thank you for your trust and understanding during this process.
Best regards,
AliExpress Customer Service Team",2026-07-21T04:00:18.000Z
www.aliexpress.com,id:6a5de4003194673fbb7b870e,native_id,6a5de4003194673fbb7b870e,1,false,1784545312,07/20/2026 11:01:52,Waar blijft de bestelling ,"Waar blijft de bestelling 
Een hulpmiddel voor m'n naaimachine besteld €58,39 plus €47,00 bezorgkosten, samen ruim €105
3 juli besteld, 10 juli vrijgegeven door de douane daar en sindsdien staat het daar nog. Dus 10 dagen te wachten op wat?? 
€47 bezorgkosten is geen kattenpis en dan nag je wel een stukje service verwachten.
",Margreet,59352cbc0000ff000a9ff49a,NL,15,"Geachte klant,
Onze excuses voor het ongemak dat u heeft ondervonden met betrekking tot de niet-ontvangst van uw pakket. We hebben een onderzoek ingesteld naar deze zaak en zullen u per e-mail op de hoogte houden van de voortgang. Daarnaast houden we dit gesprek op de hoogte van de ontwikkelingen. Controleer uw inbox regelmatig voor onze berichten.
Bedankt voor uw geduld en medewerking.
Met vriendelijke groeten,
Het klantenserviceteam van AliExpress",2026-07-21T04:03:37.000Z
www.aliexpress.com,id:6a5dd9cd93bfb12e758d408f,native_id,6a5dd9cd93bfb12e758d408f,1,false,1784542701,07/20/2026 10:18:21,I ordered a product on AliExpress…,"I ordered a product on AliExpress (Order 3058621170597815). The item was defective, so I requested a return in October 2025. AliExpress provided return instructions, and I shipped the package back to China via DHL (tracking: CY731194892DE), paying 25,49€ for shipping.
On 27.01.2026, the package was rejected by Chinese customs and returned to Germany. Because of this, DHL charged me an additional 10,00€ fee. Total shipping costs I paid: 35,49€ — for a return that never reached the seller due to AliExpress incorrect return address/instructions.
I contacted AliExpress multiple times. Their chat agent acknowledged the problem, escalated my case (Case ID: 2053808438878684), and confirmed that my earlier chargeback (24.09.2025) covered only the product price, not shipping costs. The agent promised a senior team would review my refund request within 1–3 working days.
Instead of a refund, I received automated emails telling me to ""contact the logistics provider"" and that AliExpress ""can't handle the refund."" This is unacceptable — the customs rejection was caused by AliExpress, not DHL or me. Under EU consumer protection law, the seller is responsible for costs arising from incorrect return instructions.
AliExpress has ignored my evidence, wasted my time, and refuses to take responsibility for their own error. I demand a full refund of 35,49€ for shipping costs caused by their mistake.",Ilia Misiovschi,6a5dd9c1236e3d635bdb2971,DE,1,"Dear Customer,
We are truly sorry for the inconvenience you’ve experienced regarding your return. Please accept our heartfelt apologies for any frustration this may have caused. We have promptly begun looking into the issue you reported and will reach out to you via email as soon as we have updates.
Kindly take a moment to check your inbox regularly, as we will be sending important updates there. Your patience and understanding during this time mean a great deal to us, and we deeply appreciate your cooperation.
If you have any further concerns or questions, please don’t hesitate to let us know.
Warm regards,
AliExpress Customer Service Team",2026-07-21T05:41:47.000Z
www.aliexpress.com,id:6a5dd8670faeee221d290391,native_id,6a5dd8670faeee221d290391,1,false,1784542343,07/20/2026 10:12:23,"Only Automated Replies, No Real Solution"," I received a defective product that does not work properly. I wanted to return it, but the return shipping costs approximately 350 MAD, which is too expensive.

I am not refusing to return the product. I simply requested a Speedaf prepaid return label or a full refund because the product is defective.

Unfortunately, every time I contact customer support, I receive the same automated reply telling me to follow the return instructions. My actual problem is never addressed, and no real solution is provided.

I expected better customer service and fair support for defective products.
",Mohamed Ahzid,6a543ad44024a42b65a19434,MA,4,"Dear Customer, 
Thank you for reaching out, and I truly appreciate your patience as we work to resolve this matter for you.
To move forward, I kindly recommend reaching out to your dedicated customer service representative directly. They are best equipped to assist you with your specific case and will guide you through the process. Please be sure to provide any relevant evidence or documentation that supports your situation—this will help us better understand the issue and find a solution more efficiently.
Please trust that we are genuinely committed to helping you and ensuring a fair resolution. Your satisfaction is important to us, and we’ll do everything we can to address your concerns.
Thank you for your understanding and cooperation.
Best regards,
AliExpress Customer Service Team",2026-07-21T05:44:40.000Z
www.aliexpress.com,id:6a5dd354c6a63bf3b1b32a53,native_id,6a5dd354c6a63bf3b1b32a53,1,false,1784541044,07/20/2026 09:50:44,Ist nur Lug und Betrug?,Man Bestellt einen Artikel in Deutschland Lieferung 3tg. wird geändert 11tg.Versand.Egall welche Bestellung 5Teile bestellt nur 4Geliefert oder garnicht.Elektronik Betrug SSD 2TB im Gehaüse Micro SD Karte  16gb. Hydraulikzylinder ohne Öl oder zuwenig.Ein schlechtes Einkauferlebniss nach dem anderen .Die Kaüfer werden jetzt auch noch mit Zoll und Zustellgebühr Belastet.Ein Rückruf von Ali aber man soll Versand selber Bezahlen.,Lepant,63983db1930ecc001208fa9e,DE,63,"Sehr geehrter Kunde,

wir bedauern die Unannehmlichkeiten, die Ihnen durch die Abweichung des gelieferten Artikels entstanden sind, zutiefst. Seien Sie versichert, dass wir diesen Sachverhalt sehr ernst nehmen und den von Ihnen gemeldeten Fehler umgehend untersuchen.

Wir danken Ihnen für Ihre Geduld, während wir an der Lösung des Problems arbeiten. Sie erhalten in Kürze ein detailliertes Update per E-Mail. Wir halten Sie hier stets auf dem Laufenden. Bitte behalten Sie Ihren Posteingang im Auge.

Ihr Verständnis und Ihre Unterstützung bedeuten uns sehr viel, und wir setzen alles daran, Ihre Zufriedenheit zu gewährleisten. Vielen Dank, dass Sie uns die Möglichkeit gegeben haben, dieses Problem zu lösen.

Mit freundlichen Grüßen,

Ihr AliExpress Kundenservice-Team",2026-07-21T05:55:27.000Z
www.aliexpress.com,id:6a5dceb04b6f030f72d2b034,native_id,6a5dceb04b6f030f72d2b034,1,false,1784539856,07/20/2026 09:30:56,Mon experience ce dégrade,"Mon experience ce dégrade, j'ai commandé un distributeur de croquette pour mon chat et je n'ai pas reçu le colis car le livreur a donné mon colis à quelqu'un d'autre, j'ai du recommander un distributeur plus cher que j'ai reçu cette fois ci, j'ai essayé de me faire rembourser par paypal mais sans succes car le colis est considéré comme livré",mohamed baïzid,6709439681ce095bcee0a83c,FR,6,"Cher client,
Nous sommes sincèrement désolés pour les désagréments que vous avez rencontrés concernant la non-réception de votre colis. Nous avons déjà ouvert une enquête sur cette affaire et vous répondrons par e-mail avec des mises à jour. De plus, nous garderons ce fil à jour au fur et à mesure des progrès. Assurez-vous de vérifier régulièrement votre boîte de réception pour nos communications.
Merci pour votre patience et votre coopération.
Cordialement,
Équipe du service client AliExpress",2026-07-21T06:00:32.000Z
www.aliexpress.com,id:6a5dbd176a553588ce20feb0,native_id,6a5dbd176a553588ce20feb0,1,false,1784535351,07/20/2026 08:15:51,I ordered a pair casual straight pants…,I ordered a pair casual straight pants and u sent a white Tee Shirt and i would like a refund as the shirt is no good to me.,Roger,5f2d5b0a01ba9a11bb059aa1,AU,5,"Dear Customer,
We sincerely apologize for any inconvenience you have experienced. We have initiated an investigation into the issue you reported regarding the incorrect item. We will keep you updated on the progress and respond to you via email. Please keep an eye on your inbox for further communication.
Thank you for your understanding and cooperation.
Best regards,
AliExpress Customer Service Team",2026-07-21T06:03:44.000Z
www.aliexpress.com,id:6a5dbc806ada2433bef442a5,native_id,6a5dbc806ada2433bef442a5,1,false,1784535200,07/20/2026 08:13:20,The latest scam from aliexpress,"The latest scam from aliexpress. Now they advertise low prices like $49 for a small UPS and then have the postage listed for $720. so make sure you look at the postage before you click purchase. Other items have similar postage prices they varied from $200 to around $800 . ""Have to make a profit some how :-)""",Doug,60c69e13b8bef8001fc8b375,AU,3,"Dear Customer,

Thank you for your feedback. Prices may be updated at checkout due to various factors, including seller price changes, currency fluctuations, exchange rates, shipping location, actual delivery address (country/region), selected shipping method, promotions, discounts, or coupons. VAT calculations will be updated accordingly at checkout.

Please feel free to contact us if you have any questions or need further assistance.

Sincerely,

AliExpress Customer Service Team",2026-07-21T06:05:22.000Z
www.aliexpress.com,id:6a5db6f11c555c854dd56fca,native_id,6a5db6f11c555c854dd56fca,5,false,1784533777,07/20/2026 07:49:37,Los productos usualmente son de buena calidad y llegan en perfectas condiciones,"Los productos usualmente son de buena calidad incluso a veces mejores que en las fotos y cuando llegan siempre están perfectamente embalados y protegidos para que no sufran daños durante el envío, he comprado varias cosas y las únicas que a veces sufren daños durante el envío pese a tener mucha envoltura de embalaje son la caja de cartón de cartas (como cartas de tarot o de runas), a veces llegan abolladas pero nunca me han llegado inutilizables, los cristales que he pedido y otros accesorios pequeños vienen usualmente en perfectas condiciones, ropa he pedido solamente una vez hasta ahora y pediré más ropa después en la app., las opciones a veces son un poco limitadas en ropa a diferencia de accesorios, pero AliExpress es donde más me gusta comprar porque siempre llegan a tiempo las compras y porque los cupones hacen que haya podido ya comprar muchas cosas pequeñas de calidad como colgantes o cristales a precios realmente bajos e incluso estoy planeando comprar cosas por lote y quizá revender, lo único es que se tardan un poco en llegar a veces y tendría que comprar muchas cosas a la vez y no sé si pudiera haber problemas con la logística pero no creo que haya problemas con eso, he pedido en mi última vez 12 cosas juntas y han llegado todas cada una individualmente embalada en un solo paquete con mucho esmero y todas en perfectas condiciones, entonces AliExpress es donde si puedo realizaré mínimo dos compras al mes.",אַהֲרֹן דיאז,6a5db6d5c2526c704191534e,MX,1,"Estimado cliente:
Gracias por tomarse el tiempo para compartir sus comentarios. Nos alegra que disfrute comprando con nosotros. Nuestro equipo siempre está aquí para brindarle una excelente experiencia, y nos complace saber que está satisfecho con nuestro servicio.
Saludos cordiales,
Equipo de Atención al Cliente de AliExpress",2026-07-21T01:45:27.000Z
www.aliexpress.com,id:6a5db012df31d1114549d463,native_id,6a5db012df31d1114549d463,5,false,1784532018,07/20/2026 07:20:18,Auch positive Erfahrungen bei AliExpress !!!,"Ich möchte hier nicht nur negative Kritiken zurücklassen

Ich hab' in letzter Zeit mehrmals positive Erfahrungen mit dem Kundenservice von AliExpress gemacht !

So hab' ich z.B. heute für eine etwas verbogene Smartphonehülle eine volle Rückerstattung ohne Rücksendung erhalten obwohl mir ursprünglich nur 1,61 Euro angeboten worden waren.

Das empfinde ich als sehr fair !

Danke dafür !",Nicole Casutt,657288f162ef8a0012c2b874,AT,9,"Sehr geehrte Kundin, sehr geehrter Kunde, vielen Dank, dass Sie sich die Zeit genommen haben, uns Ihr Feedback mitzuteilen. Wir freuen uns, dass Sie gerne bei uns einkaufen. Unser Team ist stets bemüht, Ihnen ein optimales Einkaufserlebnis zu bieten, und es ist toll zu wissen, dass Sie mit unserem Service zufrieden sind. Mit freundlichen Grüßen, Ihr AliExpress-Kundenservice-Team",2026-07-21T01:47:39.000Z
www.aliexpress.com,id:6a5dadd6f30438589b70e2a2,native_id,6a5dadd6f30438589b70e2a2,1,false,1784531446,07/20/2026 07:10:46,Sostanzialmente truffatori autorizzati,"Sostanzialmente truffatori autorizzati. Ho acquistato una batteria per un monopattino elettrico. La batteria è stata consegnata regolarmente, ma non era funzionante. Ho chiesto il reso che mi è stato negato. Pretendevano un video con le prove che la batteria non funzionasse! E come posso fare a dimostrarlo se non collegandola e facendo vedere che non funziona? È una batteria, non ci sono danni estetici (come pretendevano loro). Ho perso 35 euro. Lasciateli perdere, non acquistate da loro. ",Carmelo FORTUGNO,522c4ab900006400014b49ad,IT,12,"Gentile Cliente,

Ci scusiamo sinceramente per l'inconveniente causato dal prodotto ricevuto che non funziona come previsto. Abbiamo già avviato un'indagine sul problema e la forniremo aggiornamenti via e-mail il prima possibile. La preghiamo di controllare la sua casella di posta elettronica per ulteriori comunicazioni.

Se dispone di ulteriori dettagli o informazioni a supporto del problema, non esiti a condividerle con noi tramite questa e-mail o attraverso il nostro Centro assistenza. La sua collaborazione e pazienza durante questo processo sono molto apprezzate.

La ringraziamo per aver portato la questione alla nostra attenzione e ci scusiamo ancora una volta per qualsiasi disagio che questo possa averle causato.

Cordiali saluti,

Team del Servizio Clienti AliExpress",2026-07-21T06:08:14.000Z
www.aliexpress.com,id:6a5dac84e5f905c78810f196,native_id,6a5dac84e5f905c78810f196,5,false,1784531108,07/20/2026 07:05:08,Easy shopping,Easy shopping. Returns are easy. A good shopping experience.,Helen,6019d5c4ed25de001a0fccae,AU,4,"Dear Customer,
Thanks for taking the time to share your feedback. We're glad you're enjoying shopping with us. Our team is always here to provide a great experience, and it's awesome to know you're happy with what we do.
Best regards,
AliExpress Customer Service Team",2026-07-21T01:48:29.000Z
www.aliexpress.com,id:6a5da48d5b8067eb0fa064c8,native_id,6a5da48d5b8067eb0fa064c8,1,false,1784529069,07/20/2026 06:31:09,Reso gratuito - inesistente ,"Ordine 3074871889226196 da 750€ di valore. Bene arrivato danneggiato.
Molto deluso dalla gestione della richiesta di rimborso da parte di AliExpress.
ATTENZIONE avevo comprato con garanzia ""RESO GRATUITO"" ma poi AliExpress non la applica e propone un rimborso parziale ridicolo. ",pippo pippo,5db1f0f7aa3fb29f11249344,IT,13,"Gentile Cliente,

Innanzitutto, desideriamo esprimere le nostre più sincere scuse per le condizioni in cui è arrivato il suo pacco. Siamo profondamente dispiaciuti che il prodotto sia arrivato danneggiato. Non è certo l'esperienza che desideriamo offrire a nessuno dei nostri stimati clienti, soprattutto a una persona importante come lei. Ci dispiace molto di averla delusa.

Stiamo conducendo un'indagine approfondita per capire cosa sia andato storto, facendo tutto il possibile per garantire che ciò non accada di nuovo. Nel frattempo, la terremo aggiornata via e-mail su ogni fase del processo, in modo che sia sempre informato sui nostri progressi. La preghiamo di controllare la sua casella di posta (e la cartella spam, per sicurezza!) per questi aggiornamenti. Le promettiamo di risolvere la situazione al meglio.

La ringraziamo molto per averci segnalato il problema; il suo feedback è prezioso per noi. Se c'è qualcos'altro che possiamo fare per aiutarla in questo processo, non esiti a contattarci. Siamo qui per servirla con tutto il cuore.

Cordiali saluti,

AliExpress Team del Servizio Clienti",2026-07-21T06:12:04.000Z
www.aliexpress.com,id:6a5d7abe78b2977cfcb082d2,native_id,6a5d7abe78b2977cfcb082d2,1,false,1784518366,07/20/2026 03:32:46,Ik koop er NIET meer,"Ze doen zaken met uiterst dubieuze lokale vervoerders als Peddler   
Resultaat,  vaak "" is bezorgd"" , maar wel nergens te vinden.
Geen restitutie , je moet "" bewijs"" leveren....hoe, onmogelijk ! ",G.J.Schultz,4fdb68bc00006400011b4889,NL,67,"Geachte klant,
Onze excuses voor het ongemak dat u heeft ondervonden met betrekking tot de niet-ontvangst van uw pakket. We hebben een onderzoek ingesteld naar deze zaak en zullen u per e-mail op de hoogte houden van de voortgang. Daarnaast houden we dit gesprek op de hoogte van de ontwikkelingen. Controleer uw inbox regelmatig voor onze berichten.
Bedankt voor uw geduld en medewerking.
Met vriendelijke groeten,
Het klantenserviceteam van AliExpress",2026-07-20T06:06:02.000Z
www.aliexpress.com,id:6a5d565dcc15bc7c2b6fa6df,native_id,6a5d565dcc15bc7c2b6fa6df,1,false,1784509053,07/20/2026 00:57:33,Zakup okularów progresywnych,"Zakupiłem okulary progresywne na receptę. Wykonane zostały nieprawidłowe okulary, nie z mojej recepty. Udowodnienie błędu jest łatwe, bo do wykonanych okularów dołączają specyfikację z parametrami. Najpierw próbowano mi wmówić,  że to moja wina. Przesłane screeny wyjaśniły, że kłamią. Rozpocząłem procedurę zwrotu okularów. Dostałem dwa kody na zwrot. Jeden na oprawki, jeden na soczewki. Tylko, że soczewki są zamontowane w okularach. Zwróciłem okulary kodem na oprawki. Przesyłka została odebrana. Otrzymałem zwrot za ...oprawki. Wyjaśnienia, że soczewki są w okularach, nic nie dają. Zakończyli spór konkluzją, że nie ma pieniędzy,  bo nie było zwrotu soczewek.Po kilku dniach ""rozmowy ze ścianą"", doszedłem do wniosku, że to ich metoda na okradanie europejczyków. Nie są w stanie uczciwie sprzedać okularów, a chcą byśmy chcieli kupować ich samochody.",Henryk,6a5d562cc2526cb6ee912958,PL,1,"Szanowny Kliencie,
Przepraszamy za wszelkie niedogodności związane ze zwrotem i brakiem zwrotu pieniędzy. Rozpoczęliśmy już badanie zgłoszonego przez Ciebie problemu. Otrzymasz od nas odpowiedź e-mailem, a my będziemy na bieżąco informować o postępach w tej sprawie. Prosimy o regularne sprawdzanie skrzynki odbiorczej w celu uzyskania aktualizacji.
Dziękujemy za zrozumienie i współpracę.
Z poważaniem,
Zespół Obsługi Klienta AliExpress",2026-07-20T02:58:49.000Z
www.aliexpress.com,id:6a5d4eaa3f0734e505eaa036,native_id,6a5d4eaa3f0734e505eaa036,1,false,1784507082,07/20/2026 00:24:42,They may be the cheapest but…,"They may be the cheapest but unfortunately also the dumbest. If you move elsewhere it's like ""Nu address? Vot's DAT???""

P.S.:
Their response seems to confirm my opinion: ""To help us better understand your experience, please add details like order number or email through the Request Information form that we sent you.""",Andrew Mueller,6a42ed920a188fdea991c451,DE,2,"Dear Customer,
Please accept our deepest apologies for any inconvenience you've faced. We have taken action to investigate the issue you reported. We will respond to you via email and update the progress in this thread. Please kindly pay attention to check your email box.
Thank you for your understanding and cooperation.
Best regards,
AliExpress Customer Service Team",2026-07-20T02:52:53.000Z
www.aliexpress.com,id:6a5d4c14038cf7b16143ca76,native_id,6a5d4c14038cf7b16143ca76,1,false,1784506420,07/20/2026 00:13:40,FALSCHE  Steuer zum Vorteil von Aliexpress,"Naja man kennt ja AliExpress, aber jetzt reicht es, die neue Zollgebühren für Kleinsendungen werden nicht richtig umgesetzt. ZOLL IST JA JETZT 3€ PRO Produktgruppe, also bei 2 Artikel aus der gleichen Gruppe nur 3€ gesamt. Das wird aber von AliExpress ignoriert natürlich zum eigenen Vorteil da sie sich das Geld selbst einstecken. Mein Fall 2 Brillen beim gleichen Choise Verkäufer gekauft und musste 6€  zahlen obwohl richtig nur 3€ gewesen wäre. Vielen Dank dafür..... ",Katsche,6a5d4bf57b418c2f9083dfd5,DE,1,"Sehr geehrter Kunde, vielen Dank für Ihr Feedback. Besuchen Sie bitte unser Hilfecenter. Unser Kundenservice-Team hilft Ihnen gerne weiter und bietet Ihnen detaillierte Unterstützung:
https://helpcenter.aliexpress.com/s/BuyerHelp? Wir danken Ihnen für Ihr Verständnis und Ihre Kooperation. Mit freundlichen Grüßen, Ihr AliExpress-Kundenservice-Team",2026-07-20T02:51:53.000Z
www.aliexpress.com,id:6a5d354e6ac872c762846548,native_id,6a5d354e6ac872c762846548,1,false,1784500591,07/19/2026 22:36:31,Ainda não recebi minhas compras,Ainda não recebi minhas compras,Jorge Alípio  castilhos,6a5d35067b418cc05683cd92,BR,1,"Caro cliente,
Lamentamos profundamente o incómodo causado pela devolução do seu pacote ao remetente e pedimos as nossas sinceras desculpas por qualquer frustração que possa ter causado. Tenha a certeza de que estamos totalmente empenhados em resolver este problema e iniciámos uma investigação completa para identificar a causa raiz.
Forneceremos atualizações regulares por e-mail sobre o progresso da nossa investigação e as medidas que estamos a tomar para resolver este assunto. A sua compreensão e cooperação significam muito para nós e estamos empenhados em garantir a sua satisfação.
Obrigado pela sua paciência enquanto trabalhamos para corrigir isto.
Atenciosamente,
Equipa de atendimento ao cliente do AliExpress",2026-07-20T02:46:42.000Z
www.aliexpress.com,id:6a5d293e125b9ff65f541900,native_id,6a5d293e125b9ff65f541900,1,false,1784497502,07/19/2026 21:45:02,AliExpress NIE PRZESTRZEGA PRAWA UNII…,"AliExpress NIE PRZESTRZEGA PRAWA UNII EUROPEJSKIEJ!!!!!!!!!

Zdecydowanie odradzam zakupy na AliExpress!

Kupiłem konsolę za 740,48 zł. Już po 6 dniach od odebrania przesyłki zgłosiłem odstąpienie od umowy, zgodnie z przepisami UE (14 dni na zwrot od momentu odebrania paczki). Oferta wyraźnie informowała o darmowym zwrocie i 90-dniowym okresie zwrotu. W praktyce okazało się, że były to jedynie obietnice.

Przez cały czas byłem odsyłany między sprzedawcą a AliExpress. Sprzedawca twierdził, że zwrotem zajmuje się platforma, platforma twierdziła, że sprzedawca. Nikt nie wygenerował etykiety zwrotnej, nikt nie wskazał sposobu odesłania produktu i nikt nie umożliwił wykonania zwrotu. Mimo że zgłosiłem go w terminie, zostałem skutecznie pozbawiony możliwości skorzystania z mojego ustawowego prawa.

Na koniec otrzymałem jedynie 37,98 zł zwrotu błędnie naliczonego VAT i opłat celnych. AliExpress uznał to za zakończenie sprawy, mimo że zwrot ten nie miał nic wspólnego z ceną produktu ani z moim odstąpieniem od umowy.

Próbowałem odzyskać pieniądze również poprzez procedurę chargeback w mBanku. Reklamacja została odrzucona bez merytorycznego odniesienia się do najważniejszego problemu – tego, że uniemożliwiono mi dokonanie zwrotu. W odpowiedzi AliExpress całkowicie pominięto tę kwestię.

Jeżeli decydujecie się na zakupy na AliExpress, pamiętajcie, że deklaracje o darmowych zwrotach nie gwarantują, że rzeczywiście będziecie mogli z nich skorzystać. W moim przypadku prawo do zwrotu istniało tylko na papierze, a wielotygodniowa korespondencja zakończyła się odmową rozwiązania problemu i pozostawieniem mnie z towarem, którego chciałem zgodnie z prawem zwrócić.

AliExpress NIE PRZESTRZEGA PRAWA UNII EUROPEJSKIEJ!!!!!!!!!",Rafał,681f8c98b83f2ce4cd782238,PL,5,"Szanowny Kliencie,
Bardzo przepraszamy za wszelkie niedogodności związane ze zwrotem. Prosimy o przyjęcie naszych najszczerszych przeprosin za wszelkie frustracje, jakie mogły powstać. Niezwłocznie rozpoczęliśmy analizę zgłoszonego przez Ciebie problemu i skontaktujemy się z Tobą e-mailem, gdy tylko pojawią się nowe informacje.
Prosimy o regularne sprawdzanie skrzynki odbiorczej, ponieważ będziemy tam wysyłać ważne informacje. Twoja cierpliwość i zrozumienie w tym trudnym czasie są dla nas niezwykle ważne i bardzo doceniamy Twoją współpracę.
W przypadku jakichkolwiek dodatkowych pytań lub wątpliwości prosimy o kontakt.
Z poważaniem,
Zespół Obsługi Klienta AliExpress",2026-07-20T02:45:54.000Z
www.aliexpress.com,id:6a5d245f2d80637611a3c106,native_id,6a5d245f2d80637611a3c106,1,false,1784496255,07/19/2026 21:24:15,Leider können wir keine 0 Sterne…,"Leider können wir keine 0 Sterne vergeben. 
Wir haben für unsere Kawasaki Zephyr einen kompletten Dichtungssatz für den Vergaser bestellt. Bekommen haben wir nur die Membrane.
Total enttäuscht.  Erste Bestellung und nie wieder.",Hartmuth Wittig,680e0a4bbf768b0001e36ebd,DE,2,"Sehr geehrte Kundin, sehr geehrter Kunde, es tut uns sehr leid, dass Sie ein Problem hatten. Wir möchten unseren Kunden natürlich ein anderes Einkaufserlebnis bieten. Wir würden uns Ihren Fall gerne ansehen und Ihnen weiterhelfen. Um Ihr Anliegen besser zu verstehen, bitten wir Sie, uns über das von uns zugesandte Informationsanfrageformular Details wie Ihre Bestellnummer oder E-Mail-Adresse mitzuteilen. Mit freundlichen Grüßen, Ihr AliExpress-Kundenservice-Team",2026-07-20T02:38:12.000Z
www.aliexpress.com,id:6a5d1a7c95776f95fe5a2e0c,native_id,6a5d1a7c95776f95fe5a2e0c,1,false,1784493724,07/19/2026 20:42:04,Les frais de douane ont été rajouté…,"Les frais de douane ont été rajouté après la validation bancaire de ma commande . Ma nouvelle adresse n a pas été prise en compte . J ai chaté avec 3 personnes pour annuler deux commandes et changer l adresse ,on m affirme que l on s'occupe de tout et le lendemain les commandes sont expédiées et bien sûr a la mauvaise adresse . A voir si je vais les avoir???? 
Manque de sérieux , terminé les commandes chez eux.",Virginie Champenois,6a5d1a77ff3db238c8b98a53,FR,1,"Cher client,

Veuillez accepter nos plus sincères excuses pour la gêne occasionnée. Nous avons pris des mesures pour examiner le problème que vous avez signalé. Nous vous répondrons par e-mail et vous tiendrons informé de l'avancement de la situation dans cette discussion. Veuillez consulter régulièrement votre boîte de réception.

Nous vous remercions de votre compréhension et de votre coopération.

Cordialement,

L'équipe du service client AliExpress",2026-07-20T02:32:44.000Z
www.aliexpress.com,id:6a5d157853cb66b19c0f3bdb,native_id,6a5d157853cb66b19c0f3bdb,2,false,1784492440,07/19/2026 20:20:40,"AliExpress,","AliExpress,

I am disappointed by the lack of transparency and accountability regarding the Football Mania credit exchange program. Many users invested significant time and effort participating in the event, earning credits with the expectation that they could be redeemed as advertised.

However, the redemption process has been unclear, inconsistent, and extremely frustrating. Credits often become unavailable instantly, opportunities to redeem appear limited without explanation, and users are left without meaningful communication about how the system operates.

Participants deserve clear information about redemption availability, allocation rules, and any limitations affecting exchanges. A promotional event should provide a fair and realistic opportunity for users to obtain the rewards they have worked toward.

I respectfully request that AliExpress provide greater transparency regarding the Football Mania credit exchange system and offer a fair solution for users who were unable to redeem their earned credits despite actively participating in the promotion.

Thank you.
",Felipe Pegos,671fd163fa1ace76954d8aae,BR,1,"Dear Customer,
We are very sorry to hear that you have encountered an issue. This is not the experience we want for our customers. We'd love to look into this case and see how we can help. To help us better understand your experience, please add details like order number or email through the Request Information form that we sent you.
Best regards,
AliExpress Customer Service Team",2026-07-20T02:25:44.000Z
www.aliexpress.com,id:6a5d0254f70255a88a6d130c,native_id,6a5d0254f70255a88a6d130c,1,false,1784487540,07/19/2026 18:59:00,משתמשים בפרסל הום הגנבים,משתמשים בפרסל הום הגנבים,Everet,6a5d0240ff3db27bc9b971c4,IL,1,"לקוח יקר,
אנו מצטערים מאוד לשמוע שנתקלת בבעיה. זו אינה החוויה שאנו רוצים עבור לקוחותינו. נשמח לבדוק את המקרה הזה ולראות כיצד נוכל לעזור. כדי לעזור לנו להבין טוב יותר את החוויה שלך, אנא הוסף פרטים כמו מספר הזמנה או כתובת דוא""ל באמצעות טופס בקשת המידע ששלחנו לך.
בברכה,
צוות שירות הלקוחות של AliExpress",2026-07-20T02:22:16.000Z
www.aliexpress.com,id:6a5d01270cd2330b7db02c66,native_id,6a5d01270cd2330b7db02c66,1,false,1784487239,07/19/2026 18:53:59,"They don't refund money for returning…They don't refund money for returning products, they steal customers. This is not the Ali Express of old.","They don't refund money for returning products, they steal customers. This is not the Ali Express of old.",Loren Maman,6a5d0122ff3db2b5feb97069,IL,1,"Dear Customer,
We sincerely apologize for any inconvenience you have experienced. We have initiated an investigation into the issue you reported regarding the incorrect item. We will keep you updated on the progress and respond to you via email. Please keep an eye on your inbox for further communication.
Thank you for your understanding and cooperation.
Best regards,
AliExpress Customer Service Team",2026-07-20T02:21:16.000Z
www.aliexpress.com,id:6a5cfbeabf7db6a90ed17a53,native_id,6a5cfbeabf7db6a90ed17a53,1,false,1784485898,07/19/2026 18:31:38,Rimborso per nulla gratuito,"Il 6 luglio 2026 ho effettuato l'acquisto di un set di 5 luci per la pesca a bolentino. Nella scheda del prodotto non era specificato fino a quale profondità potevano essere utilizzate ma, poichè era specificato che i resi erano gratuiti, ho aspettato la ricezione della merce per valutare il prodotto. Una volta ricevuto il materiale e valutandolo inadatto ai mie scopi, ho avviato la procedura di reso e mi è stato richiesto di pagare le spese di spedizione, che invece  Aliexpress dichiara di essere gratuite. Dato che mi sembra un comportamento commeraciale scorretto, non comprerò più da Aliexpress e pubblico questa recensione per mettere in guardia altri eventuali clienti di questa pratica scorretta",GIUSEPPE MARTINO,5988381c0000ff000ab851fb,IT,8,"Gentile cliente,
Ci dispiace molto per l'inconveniente riscontrato. Non è certo questo il tipo di esperienza che desideriamo offrire ai nostri clienti. Vorremmo esaminare il caso e capire come possiamo aiutarla. Per aiutarci a comprendere meglio la sua esperienza, la preghiamo di aggiungere dettagli come il numero d'ordine o l'indirizzo email tramite il modulo di richiesta informazioni che le abbiamo inviato.
Cordiali saluti,
Team del Servizio Clienti AliExpress",2026-07-20T02:17:20.000Z
www.aliexpress.com,id:6a5cf6ee392094b732ee96a9,native_id,6a5cf6ee392094b732ee96a9,1,false,1784484622,07/19/2026 18:10:22,Beställde 2 stk kullager med korrekt…,"Beställde 2 stk kullager med korrekt uppgift om storlek samt typ, erhöll en större storlek, önskade rätt storlek tillskickat, men man valde att återbetala- dock enbart 30% av kostnaden!! Jag överklagade skickade bilder på min beställning samt de lager som har skickats, men någon förklaring fick jag inte, vg se nedan!
Ej seriöst! Känner mig lurat!
""Regarding this request, we have carefully revisited all the proof provided, including the newly updated proof and found that the proof is not effective enough to prove your claim. And now this request has exceeded the AliExpress protection period. """,Thomas,50185bf100006400011e5f36,SE,23,"Bästa kund,

Vi beklagar djupt de besvär som orsakats av avvikelsen i varan du mottog. Vi kan vara försäkrade om att vi tar denna fråga på största allvar och proaktivt undersöker problemet du rapporterade gällande den felaktiga varan.

Vi uppskattar ditt tålamod medan vi arbetar med att lösa detta ärende. Du kan förvänta dig en detaljerad och grundlig uppdatering som skickas till din e-postadress, och vi kommer att se till att den här tråden hålls uppdaterad. Vänligen håll ett öga på din inkorg för vår kommunikation.

Din förståelse och ditt stöd betyder mycket för oss, och vi är fast beslutna att säkerställa din tillfredsställelse. Tack för att du ger oss möjlighet att åtgärda detta problem.

Med vänliga hälsningar,

AliExpress kundtjänstteam",2026-07-20T02:15:13.000Z
www.aliexpress.com,id:6a5cf46e0aa1c1f643d5b9ab,native_id,6a5cf46e0aa1c1f643d5b9ab,1,false,1784483982,07/19/2026 17:59:42,Quiero devolver uno de mis dos ultimos…,"Quiero devolver uno de mis dos ultimos pedidos recibidos y no figuran en la lista de pedidos, con lo cual, al no recordar el numero de pedido no me pueden atender. ¿Porque no figuran esos ultimos pedidos? Esta compañia es un engaño. NO COMPREIS AQUI!!",Gerardo Alcazar,6a5cf43a7b418c264a838bd2,ES,1,"Estimado cliente:
Lamentamos mucho que haya tenido este problema. Sabemos que esta no es la experiencia que deseamos para nuestros clientes. Nos gustaría investigar su caso y ver cómo podemos ayudarle. Para comprender mejor su experiencia, por favor, incluya detalles como el número de pedido o su correo electrónico en el formulario de solicitud de información que le enviamos.
Saludos cordiales,
Equipo de Atención al Cliente de AliExpress",2026-07-20T02:08:51.000Z
www.aliexpress.com,id:6a5cf33d1085a2cd837182b8,native_id,6a5cf33d1085a2cd837182b8,1,false,1784483677,07/19/2026 17:54:37,Bestelltes Angebot (2 Geräte als Paket) nicht geliefert,"Kettensäge mit kleinerem Zusatzgerät als Paket ""Sommerspecial"" wie angeboten bestellt - nur das kleinere Gerät wurde geliefert (Preis komplett abgebucht). Versuche hier nachzuhaken durch unverständliche und z.T. widersprüchliche Querverweise und links ins Leere verunmöglicht. 
NIE WIEDER!!",L. Dietrich,6a5cf325ff3db2eb5ab961be,DE,1,"Sehr geehrte Kundin, sehr geehrter Kunde,

es tut uns unendlich leid, dass Ihre Bestellung nicht vollständig angekommen ist. Das entspricht nicht unseren Erwartungen! Sie verdienen nichts weniger als Perfektion, und wir bedauern dies zutiefst.

Seien Sie versichert, wir kümmern uns mit höchster Priorität um Ihr Anliegen! Unser Team arbeitet bereits intensiv daran, die Ursache des Problems zu ermitteln, und wir sind fest entschlossen, die Sache so schnell wie möglich aufzuklären. Sobald wir Neuigkeiten haben, informieren wir Sie umgehend per E-Mail, sodass Sie keinen Schritt verpassen. Bitte behalten Sie daher Ihren E-Mail-Eingang (und gegebenenfalls auch Ihren Spam-Ordner) im Auge, um auf dem Laufenden zu bleiben.

Sollten Sie weitere Fragen haben oder Unterstützung benötigen, zögern Sie bitte nicht, uns zu kontaktieren. Wir helfen Ihnen gerne weiter.

Herzliche Grüße,

Ihr AliExpress Kundenservice-Team",2026-07-20T02:07:36.000Z
www.aliexpress.com,id:6a5cf11cf8dc4e0cb23939c0,native_id,6a5cf11cf8dc4e0cb23939c0,1,false,1784483132,07/19/2026 17:45:32,Site non fiable,Les vendeurs sont des vrais escroc. Ils adorent arnaqué les gens. Ils savent vendre mais quand c'est un produit défectueux ils font rien le retour reste clôturé. Grosse arnaque sur le site aliexpress. Ne commandé rien car j'ai commandé des produits il y en a 3 qui sont défectueux. Ils ne veulent rien savoir. C'est ridicule. C'est un site qui n'est pas fiable il y a que des menteurs. À fuir !!!!!!,Sélé,5fda9fb56b8626001a55b8cd,FR,2,"Cher client,

Nous vous prions de bien vouloir accepter nos excuses pour les désagréments occasionnés par le dysfonctionnement du produit que vous avez reçu. Nous avons immédiatement commencé à examiner le problème et vous tiendrons informé par e-mail dès que possible. Veuillez consulter régulièrement votre boîte de réception.

Si vous disposez de détails ou d'informations complémentaires concernant ce problème, n'hésitez pas à nous les communiquer via cette conversation ou via notre Centre d'aide. Nous vous remercions de votre coopération et de votre patience.

Nous vous remercions de nous avoir signalé ce problème et nous vous prions de bien vouloir accepter nos excuses pour la gêne occasionnée.

Cordialement,

L'équipe du service client AliExpress",2026-07-20T02:04:34.000Z
www.aliexpress.com,id:6a5cd29a4cc5c67cf61dee00,native_id,6a5cd29a4cc5c67cf61dee00,1,false,1784475322,07/19/2026 15:35:22,Con i dazi doganali applicati dal primo…,"Con i dazi doganali applicati dal primo luglio , non si può più acquistare su questa piattaforma, non è più conveniente. Già da un po di tempo si è verificato che i prezzi erano quasi pari a quelli di Amazon e eBay , ora addirittura alcuni articoli costano meno in Italia . E dopo 24 anni : ADDIO AliExpress ",Rita Manna,5feb215d5ad6be001bba7a85,IT,13,"Gentile Cliente,
Ci scusiamo sinceramente per qualsiasi inconveniente causato. Per quanto riguarda il problema con i dazi doganali, stiamo seguendo attivamente la situazione e Le risponderemo via e-mail il prima possibile. La preghiamo di controllare la Sua casella di posta elettronica per i nostri aggiornamenti.
La ringraziamo in anticipo per la Sua pazienza e comprensione. Per qualsiasi ulteriore domanda, non esiti a contattarci.
Cordiali saluti,
Team del Servizio Clienti di AliExpress",2026-07-20T01:35:32.000Z
www.aliexpress.com,id:6a5ccbb56109899d29a6fee8,native_id,6a5ccbb56109899d29a6fee8,1,false,1784473557,07/19/2026 15:05:57,ESCROCS ,"Du vol ce site !

Colis jamais reçu et aucun remboursement !

FUYEZ !!!! ",Julia  P,60f3d65e90d8e0001126985f,FR,14,"Cher client,
Nous vous présentons nos sincères excuses pour le désagrément que vous avez subi en raison de la non-réception de votre colis. Nous avons déjà entamé une enquête à ce sujet et nous vous répondrons par courrier électronique pour vous informer de l'évolution de la situation. En outre, nous tiendrons ce fil de discussion à jour au fur et à mesure de l'évolution de la situation. Veillez à consulter régulièrement votre boîte de réception pour prendre connaissance de nos communications.
Nous vous remercions de votre patience et de votre coopération.
Cordialement,
L'équipe du service clientèle d'AliExpress",2026-07-20T01:38:31.000Z
www.aliexpress.com,id:6a5cc7639b06c4ce246636fa,native_id,6a5cc7639b06c4ce246636fa,1,false,1784472452,07/19/2026 14:47:32,OJO CON ALIEXPRESS Y LA EMPRESA A TU…,OJO CON ALIEXPRESS Y LA EMPRESA A TU HORA EXPRESS.  Hice dos pedidos a aliexpress y después de esperar mas de lo habitual me indicaron que lo entregaría la estafadora empresa  A TU HORA EXPRESS con un pin de entrega. SORPRESA SORPRESA  que lo indican como entregado falsificando mi firma e inventándose un DNI. Me puse en contacto con aliexpress e inicie numerosas apelaciones y me exigían pruebas concluyentes. A la que les envié el correo de A TU HORA EXPRESS admitiendo que no se entrego y que iniciarían una investigación sobre lo ocurrido. OH SORPRESA SORPRESA ALIEXPRESS DICE QUE NO SON SUFICIENTES LAS PRUEBAS. Conclusión son tan ladrones y estafadores aliexpress como las empresas de reparto que ellos elige. MUCHO CUIDADO CON ESTA RED DE ESTAFADORES Y DENUNCIADLO A LA OCU.,PABLO,5cc1d30a8eb10e3043a8b666,ES,19,"Estimado cliente,
Lamentamos sinceramente las molestias ocasionadas. Estamos tomando medidas inmediatas para resolver este problema. Sin embargo, hemos observado que el número de pedido que nos ha facilitado es incorrecto. Por favor, vuelva a comprobar los detalles en la página de información de su pedido.
Para asegurarnos de que podemos ayudarle eficazmente, le rogamos que introduzca el número de pedido correcto y otros datos relevantes en el formulario «Solicitud de información». En cuanto recibamos la información actualizada, nos pondremos en contacto con usted por correo electrónico.
Gracias por su comprensión y cooperación. Lamentamos profundamente las molestias ocasionadas y agradecemos su paciencia. Si tiene más preguntas, no dude en ponerse en contacto con nosotros.
Saludos cordiales,
Equipo de Atención al Cliente de AliExpress",2026-07-20T01:40:11.000Z
www.aliexpress.com,id:6a5cc70e181d2964480191e1,native_id,6a5cc70e181d2964480191e1,1,false,1784472366,07/19/2026 14:46:06,"Beste mensen,","Beste mensen,

Na mijn 1ste revieuw werd mij beloofd het probleem omtrent mijn bestelling opgelost te worden zo snel mogelijk.Tot op heden nog steeds geen verdere track en trace informatie en dus ook gewoon ook nog geen pakket ontvangen.Ik wil gewoon mijn geld terug en bestel dit dan wel via een andere betrouwbare site.Was een cadeau voor mijn zoon zijn verjaardag 17juli en dus stond ik niet met het beloofde cadeau in mijn handen en dat maakt mij furieus. 
Mensen laat je niet bedotten door valse beloftes want ze houden hun beloftes ni na.
Mvg,
Sv",Shana,62e58da95c8901001365658a,BE,9,"Beste klant,
Bedankt dat u contact met ons heeft opgenomen. We waarderen uw feedback en zijn vastbesloten om uw problemen op te lossen. We hebben uw klacht al eerder behandeld, maar het lijkt erop dat er een nieuw twistpunt is. Als gevolg daarvan hebben we uw zaak nu opnieuw beoordeeld om ervoor te zorgen dat alle aspecten grondig worden bekeken.
We zullen met u blijven communiceren via e-mail, dus aarzel niet om contact met ons op te nemen via e-mail voor updates of verdere verduidelijking.
Hartelijk dank voor uw geduld en medewerking tijdens dit proces.
Met vriendelijke groet,
AliExpress Klantenservice",2026-07-20T02:05:39.000Z
www.aliexpress.com,id:6a5cc70e98f5359c462d20ec,native_id,6a5cc70e98f5359c462d20ec,1,false,1784472366,07/19/2026 14:46:06,"Awful, avoid","Awful. The product took a few months and then the courier they used kept avoiding delivery saying my address was wrong when it wasnt. After demanding a refund the courier suddenly delivered it. Then what was delivered was nothing like what was advertised. A piece of furniture missing half of the railing and tiny, a fraction of the size specified. Complete waste of time and money. At this point not worth trying to return, it will just go straight in the garbage and an expensive mistake on my side to order from this dodgey company. My advice, your better off paying a little more from somewhere local. Such a scam",Michael Stephan,63319d0895cad700131495ef,AU,3,"Dear Customer,
We are very sorry to hear that you have encountered an issue. This is not the experience we want for our customers. We'd love to look into this case and see how we can help. To help us better understand your experience, please add details like order number or email through the Request Information form that we sent you.
Best regards,
AliExpress Customer Service Team",2026-07-20T01:56:25.000Z
www.aliexpress.com,id:6a5cc12cd073ce03c015dec5,native_id,6a5cc12cd073ce03c015dec5,1,false,1784470860,07/19/2026 14:21:00,Refund ,"I am extremely disappointed with AliExpress and the way my return of two dresses was handled. The dresses did not fit me, and I followed the correct return process. The seller confirmed that the return should be free, but instead of a smooth solution, I had to deal with a complicated and frustrating process.
I felt that AliExpress did not properly protect the buyer. Even though I provided all the necessary information and tried to resolve everything fairly, the return process was stressful and time-consuming.
Be careful when ordering clothes on AliExpress. If the item does not fit, returning it may not be as easy as expected. I expected better customer service and stronger support for buyers.
This experience has seriously affected my trust in AliExpress. I hope the return system will be improved so other customers do not have to go through the same problems.",Lucie Lužová,6a5cc122b06fbfb3b5eb8f84,CZ,1,"Dear Customer,
We are truly sorry for the inconvenience you’ve experienced regarding your return. Please accept our heartfelt apologies for any frustration this may have caused. We have promptly begun looking into the issue you reported and will reach out to you via email as soon as we have updates.
Kindly take a moment to check your inbox regularly, as we will be sending important updates there. Your patience and understanding during this time mean a great deal to us, and we deeply appreciate your cooperation.
If you have any further concerns or questions, please don’t hesitate to let us know.
Warm regards,
AliExpress Customer Service Team",2026-07-20T02:07:00.000Z
www.aliexpress.com,id:6a5cb35b31153058f9a9905a,native_id,6a5cb35b31153058f9a9905a,1,false,1784467323,07/19/2026 13:22:03,"Dno dna, gorzej niż 10 lat temu","Myślałam, że przez lata coś się poprawiło na tym markecie - ale jednak jest jeszcze gorzej. To jedna wielka wylęgarnia oszustów i cwaniaczków. Kupujesz towar 300 szt, a dostajesz 100szt, zawinięte - więc liczą na to że nie policzysz. Żadne reklamacje i spory nc nie dają - w odpowiedzi dostajesz grzeczne formułki z automatu i informację że twoje dowody są niewystarczające (nawet nagary film jak rozwijam towar i widać że jest tylko 30%). Oczywiście sprzedawca sam nie odpowiedział w całym procesie ani razu na zarzuty i dowody... i mimo że regulamin zakłada, że ma odpowiedzieć w ciągu 24h, to regulamin sobie a Aliexpress sobie - odrzucą wszystko co im nie na rączkę. Wszędzie gadasz z automatem.",maja,62ca88d0fdb0270012d6b3c8,PL,3,"Szanowny Kliencie,
Dziękujemy za zwrócenie naszej uwagi na tę sprawę. Szczerze przepraszamy za niedogodności, których doświadczyłeś.
Chcielibyśmy poinformować, że aktywnie analizujemy zgłoszony problem. Ponieważ jednak dochodzenie nadal trwa, nie doszliśmy jeszcze do wniosku ani nie przesłaliśmy aktualizacji. Zapewniamy, że gdy tylko uzyskamy rozwiązanie lub dalsze informacje, niezwłocznie powiadomimy Cię o tym za pośrednictwem poczty elektronicznej. Prosimy o śledzenie skrzynki odbiorczej w poszukiwaniu naszej odpowiedzi.
Jeśli masz dodatkowe pytania lub potrzebujesz dalszej pomocy w międzyczasie, nie wahaj się z nami skontaktować.
Z wyrazami szacunku,
Zespół Obsługi Klienta AliExpress",2026-07-20T02:13:17.000Z
www.aliexpress.com,id:6a5cad873341a9cd1e046776,native_id,6a5cad873341a9cd1e046776,1,false,1784465831,07/19/2026 12:57:11,Useless Fraudulent Customer Support ,"Had an item which was delivered broken. I’ve tried  and tried again to get a replacement or a refund and have got absolutely and frustratingly nowhere. Chatted with the manufacturer and they say they can get involved. Chatted with Ali and they say I have to raise a dispute. Did that and their  “dispute” system does not work. Upload video and pics of the fault as instructed - it does not work - and their AI app ignores that and continually defaults to state I have changed my 
mind and want to return it! It’s not the value which is negligible, but it’s the principle. Useless. ",Rob,507aab25000064000124136f,GB,51,"Dear Customer,
Please accept our deepest apologies for any inconvenience you've faced. We have taken action to investigate the issue you reported. We will respond to you via email and update the progress in this thread. Please kindly pay attention to check your email box.
Thank you for your understanding and cooperation.
Best regards,
AliExpress Customer Service Team",2026-07-20T02:14:10.000Z
www.aliexpress.com,id:6a5cac993a5d2e661d9226b6,native_id,6a5cac993a5d2e661d9226b6,1,false,1784465593,07/19/2026 12:53:13,Toujours les mêmes réponse formulées…,Toujours les mêmes réponse formulées par l’IA mais rien de concret.Un site de voleurs de grand chemin et d’escrocs de haut vol,Fabrice Francois,5d9f352073c63e69ffdb357e,FR,28,"Cher client,
Nous vous remercions d'avoir porté cette question à notre attention. Nous nous excusons sincèrement pour les désagréments que vous avez subis.
Nous tenons à vous informer que nous étudions activement le problème que vous nous avez signalé. Toutefois, l'enquête étant toujours en cours, nous ne sommes pas encore parvenus à une conclusion ou ne vous avons pas encore envoyé de mise à jour. Soyez assuré que dès que nous aurons une solution ou de plus amples informations, nous vous en informerons immédiatement par courrier électronique. Surveillez votre boîte de réception pour connaître notre réponse.
Si vous avez d'autres questions ou si vous avez besoin d'aide entre-temps, n'hésitez pas à nous contacter.
Cordialement,
L'équipe du service clientèle d'AliExpress",2026-07-20T02:15:32.000Z
www.aliexpress.com,id:6a5ca73e04509707cba83d23,native_id,6a5ca73e04509707cba83d23,1,false,1784464222,07/19/2026 12:30:22,"Diffidate, non comprate.","Diffidate, non comprate assolutamente nulla. Dall'oggetto che vale una lira alle cose costose perchè se e cosa vi arriva sarà sempre una roulette russa. HO provato per l'ultima volta, ho acquistato un poco f8 ultra e, prezzo conveniente ma, già ero titubante se arrivasse a destinazione visto i trascorsi avuti. Inoltre mi hanno inviato la versione sbagliata (ho preso quella da 16gb/512gb invece ho ricevuto 12gb/256gb).  Consiglio meglio spendere qualcosa in più ma avere la sicurezza che arrivi il prodotto e quello giusto.",Fabio Pandich,69c29e26e9321014e3c15434,IT,3,"Gentile cliente,
La ringraziamo per averci segnalato questo problema. Ci scusiamo sinceramente per l'inconveniente che ha subito.
Desideriamo informarla che stiamo esaminando attivamente il problema da lei segnalato. Tuttavia, poiché l'indagine è ancora in corso, non abbiamo ancora raggiunto una conclusione o inviato un aggiornamento. Non appena avremo una soluzione o ulteriori informazioni, ve lo comunicheremo immediatamente via e-mail. Tenete d'occhio la vostra casella di posta per ricevere la nostra risposta.
Se nel frattempo avesse ulteriori domande o bisogno di assistenza, non esiti a contattarci.
Cordiali saluti,
Il team del servizio clienti di AliExpress",2026-07-20T02:18:46.000Z
www.aliexpress.com,id:6a5c841e8fbb2701ea680cf0,native_id,6a5c841e8fbb2701ea680cf0,1,false,1784455230,07/19/2026 10:00:30,ATTENZIONE NON RIMBORSANO LE SPEDIZIONI,"Esperienza assurda per un rimborso di un ordine. Ordino delle barre tetto per auto e mi arrivano (dopo 2 mesi!) differenti da quanto ordinato (errore o truffa? Non saprei). Visto il costo elevato, contesto subito al venditore e, visto che cercava di prendere tempo, apro subito la controversia ad AliExpress. Dopo aver mandato foto e documenti sulla difformità, mi dicono che posso procedere all restituzione però mi scrivono che siccome il corriere NON SA GESTIRE I RESI E IL PACCO È VOLUMINOSO DEVO PROCEDERE A SPESE MIE E POI MI AVREBBERO RIMBORSATO (scoprirò poi che questa bizzarra dichiarazione è solo un escamotage per non rimborsare le spese!). Seguo le istruzioni (utilizzo Poste Italiane, pacco originale, spedizione più economica, tracciamento, ecc.) e spedisco nei tempi da loro indicati. Il pacco arriva a USpeed ( hub in Italia) nei termini di tempo imposti, anche se sul loro tracking non risultava consegnato (ma Poste mi ha fornito la prova di consegna). Dopo molto tempo mi scrivono che ho diritto al rimborso e dispongono la restituzione alla banca. MA DELLE SPESE DI SPEDIZIONE NEANCHE L'OMBRA! Inizio a segnalare che non mi sono state restituire e una operatrice (Luna) mi dice ""ci penso io"" ma la risposta che ricevo il giorno dopo è che il prodotto acquistato non prevede il rimborso delle spese di spedizione... Peccato solo che sia falso perché l'annuncio prevedeva la restituzione gratuita entro 90 giorni (fino a  5 nel mese e la prima gratis) e io non ho fatto nessuna restituzione prima di questa e peccato anche che io sia stato anche nei 14 giorni di ripensamento per legge per le vendite a distanza. Il venditore, inoltre, ha riconosciuto l'errore quindi la restituzione non può essere a carico mio. Continuo a contestare la circostanza ma continuano ad accampare generiche scuse. NON FIDATEVI ASSOLUTAMENTE PERCHÉ VI SCRIVONO CHE VI RIMBORSERANNO MA POI TROVANO SCUSE PER NON FARLO. Ci rimetterete semplicemente. Aliexpress andava bene per i prodotti a basso costo e, quindi, a basso rischio ma visti i dazi  ormai applicati, i prezzi gonfiati di conseguenza e la mancanza di serietà nella gestione resi e rimborsi, non conviene più. Meglio rivolgesti ad altre piattaforme più serie dove la restituzione e il customer care è reale ed efficiente piuttosto che avere a che fare con boot e operatori scadenti. ",zeus iroso,5339fca900006400016bcdc5,IT,3,"Gentile cliente,
La ringraziamo per averci segnalato questo problema. Ci scusiamo sinceramente per l'inconveniente che ha subito.
Desideriamo informarla che stiamo esaminando attivamente il problema da lei segnalato. Tuttavia, poiché l'indagine è ancora in corso, non abbiamo ancora raggiunto una conclusione o inviato un aggiornamento. Non appena avremo una soluzione o ulteriori informazioni, ve lo comunicheremo immediatamente via e-mail. Tenete d'occhio la vostra casella di posta per ricevere la nostra risposta.
Se nel frattempo avesse ulteriori domande o bisogno di assistenza, non esiti a contattarci.
Cordiali saluti,
Il team del servizio clienti di AliExpress",2026-07-20T02:26:21.000Z
www.aliexpress.com,id:6a5c7e2073204b07feac4b3b,native_id,6a5c7e2073204b07feac4b3b,1,false,1784453696,07/19/2026 09:34:56,They delivered the wrong item and now I…,"They delivered the wrong item and now I can't find details about ordre, This was the first and time i ordre anything from them.....
",Thomas Ahsbahs,5a2923670000ff000aed9946,DK,9,"Dear Customer,
Thank you for bringing this matter to our attention. We sincerely apologize for the inconvenience you have experienced.
We would like to inform you that we are actively looking into the issue you reported. However, as the investigation is still ongoing, we have not yet reached a conclusion or sent you an update. Rest assured, once we have a solution or further information, we will notify you immediately via email. Please keep an eye on your inbox for our response.
If you have any additional questions or require further assistance in the meantime, please don’t hesitate to contact us.
Best regards,
AliExpress Customer Service Team",2026-07-20T02:28:30.000Z
www.aliexpress.com,id:6a5c7d6946d43d66d02f9e11,native_id,6a5c7d6946d43d66d02f9e11,1,false,1784453513,07/19/2026 09:31:53,Zurückgesandte Ware wird nicht erstattet ,"Zurückgesandte Ware wird nicht gutgeschrieben da angeblich was falsches zurück gekommen ist.
Komisch nur, dass bei dem Händler nur ein Teil bestellt wurde 
FINGER WEG!!!! trifft leider genau das Klischee was man Chinesischen Firmen nachsagt 
Den falschen gelieferten Artikel will man auch nicht zur Verfügung stellen- wie auch, kann ja nicht sein. Ich habe 78 Euro in den Sand gesetzt, kann nur davon abraten ",Rey,6a5c7d57ff3db2af20b8ee92,DE,1,"Sehr geehrter Kunde,
vielen Dank, dass Sie das Formular zur Informationsanfrage ausgefüllt haben. Wir haben jedoch festgestellt, dass die Bestellnummer nicht angegeben wurde und die von Ihnen angegebene E-Mail-Adresse mit keiner Bestellung in unserem System übereinstimmt. Ohne weitere gültige Informationen können wir Ihren Fall zur Zeit nicht weiter bearbeiten.
Damit wir Ihnen besser helfen können, können Sie Ihre Auftragsnummer nachschlagen und weitere Unterstützung in unserem Hilfe-Center suchen:
https://helpcenter.aliexpress.com/s/BuyerHelp
Wir bedanken uns für Ihre Mitarbeit und stehen Ihnen gerne zur Verfügung, wenn Sie weitere Fragen haben oder Hilfe benötigen.
Mit freundlichen Grüßen,
AliExpress-Kundenservice-Team",2026-07-20T02:29:46.000Z
www.aliexpress.com,id:6a5c7964ae31b608af95d9d4,native_id,6a5c7964ae31b608af95d9d4,1,false,1784452484,07/19/2026 09:14:44,1-Star Review,"
1-Star Review
I do not recommend AliExpress. In my experience, the company did not send the item I ordered, and I felt misled throughout the process. It was very frustrating to pay for a product that never arrived.
I found the communication and customer service disappointing, and I did not feel that my issue was handled fairly. Based on my experience, this is not a company I can trust, and I would be very cautious before ordering from them.
",Matilda,6422e2e201554f0016d3ae12,GB,4,"Dear Customer,
We are very sorry to hear that you have encountered an issue. This is not the experience we want for our customers. We'd love to look into this case and see how we can help. To help us better understand your experience, please add details like order number or email through the Request Information form that we sent you.
Best regards,
AliExpress Customer Service Team",2026-07-20T02:30:39.000Z
www.aliexpress.com,id:6a5c7678d78b2bcc39641153,native_id,6a5c7678d78b2bcc39641153,1,false,1784451736,07/19/2026 09:02:16,Pocas veces reconocen sus errores en…,"Pocas veces reconocen sus errores en envío de producto, si te faltan el cliente pierde esos productos faltante, lo digo con base a mí me a sucedido en varias oportunidades, y nunca el reclamo próspera, para mi son unos delincuente, disfrazado de empresa, o unos estafadores, si te quitan una o dos más  piezas por millones de clientes, es un buen dinero robado a los compradores, ",Miguel Mendez,6a53fb314024a437f7a16973,ES,3,"Estimado cliente,
Gracias por llamar nuestra atención sobre este asunto. Nos disculpamos sinceramente por los inconvenientes que ha experimentado.
Nos gustaría informarle de que estamos investigando activamente el problema que nos ha comunicado. Sin embargo, como la investigación sigue en curso, aún no hemos llegado a una conclusión ni le hemos enviado una actualización. Tenga la seguridad de que, en cuanto tengamos una solución o más información, se lo notificaremos inmediatamente por correo electrónico. Esté atento a su bandeja de entrada para recibir nuestra respuesta.
Si tiene más preguntas o necesita más ayuda mientras tanto, no dude en ponerse en contacto con nosotros.
Saludos cordiales,
Equipo de Atención al Cliente de AliExpress",2026-07-20T02:34:12.000Z
www.aliexpress.com,id:6a5c6868fedce580d1831f90,native_id,6a5c6868fedce580d1831f90,1,false,1784448136,07/19/2026 08:02:16,ALIEXPRESS NON PAGA,"Ord 3073849562723271.
Sono trascorsi 50 gg da quando il pacco risulta consegnato ma io NON l ho mai ricevuto e 50gg che chiedo ad ALIEXPRESS e a IMILE ( corriere) di farmi sapere chi e dove sia stato consegnato il pacco.NESSUNA RISPOSTA !!anzi ALIEXPRESS chiede a me prova di non consegna ..assurdo!!addirittura mi hanno chiesto di recarmi in posta ( senza dirmi quale) x farmi rilasciare una dichiarazione in tal senzo.Cosa che ho fatto..ma Poste non rilascia nessuna dichiarazione ..ovvio!!
RICHIESTA ALIEXPRESS
Si prega di fornire una prova di mancata ricezione emessa dall'ufficio postale e provvederemo a rimborsarvi. Vi suggeriamo di rispondere a questa email entro 48 ore.
≈=======
Tutto questo x non rimborsare !!si parla di una cifra ridicola 18 euro!!
La tecnica sempre la stessa con risposte di frasi fatte ;
-Fai richiesta di rimborso
-ti rispondono di aggiungere ulteriori prove
-la richiesta NON viene accettata senza alcuna giustificazioni e ti consigliano di rivolgerti al servizio assistenza
- anche qui alla domanda chi e dove sia stato consegnato il pacco non sono stati in grado di rispondere e l operatore inoltra richiesta al famoso TEAM 
-ricevi consiglio di rivolgerti al corriere che nonostante decine di chiamate ,messaggi tel.e mail non risponde ma ti manda su un link dove il.pacco risulta consegnato ma non dicono dove 
-ALIEXPRESS continua a chiederti di rivolgerti al corriere o fornire prove di non ricezione !!
Questa la procedura..praticamente ti prendono in giro e non ne esci.
MI CHIEDO COME POSSA ESSERE TOLLERATO UN SIMILE COMPORTAMENTO DALLE AUTORITA COMPETENTI
===========
Risposta di ALIEXPRESS alla.mia mail
-------------
Siamo spiacenti di informarla che la sua richiesta di ricorso è stata respinta.

Abbiamo rilevato che la sua contestazione è ancora in fase di elaborazione. Le suggeriamo di attendere la risoluzione definitiva. Qualora non fosse soddisfatto dell'esito finale, potrà presentare nuovamente ricorso; la richiesta verrà esaminata in conformità con il regolamento vigente.

Nota: La preghiamo di non rispondere a questa e-mail/messaggio, poiché la casella di posta non è abilitata a ricevere risposte. Per eventuali ulteriori domande, la invitiamo a visitare il nostro Centro Assistenza 
---------------
Respinta ma non dicono motivazione !!!
Ora aspettiamo risposta in Trustpilot...

",giancarlo cominetti,64085c1daedd6600135ceaea,IT,15,"Gentile cliente,
Grazie per la vostra pazienza. Ho notato che il vostro rappresentante del servizio clienti dedicato sta attualmente gestendo il vostro caso. A causa della complessità della situazione, potrebbe essere necessario un po' più di tempo per risolvere il problema. Tuttavia, ho già sollecitato il team a rispondere alla vostra email il prima possibile.
Vi invitiamo a continuare a comunicare con il vostro rappresentante del servizio clienti dedicato via email per ulteriori aggiornamenti.
Grazie per la vostra comprensione e apprezziamo la vostra collaborazione.
Cordiali saluti,
Team di assistenza clienti AliExpress",2026-07-20T02:50:05.000Z
www.aliexpress.com,id:6a5c5037085f0e086fb3ced8,native_id,6a5c5037085f0e086fb3ced8,1,false,1784441943,07/19/2026 06:19:03,Leider kann man nicht 0 punkte geben,"Leider kann man nicht 0 punkte geben. Ich versuche mich seit Wochen von dem Newsletter abzumelden. 
Ist nicht möglich. 
Habe schon 4 Emails geschickt und bekomme keine Antwort. 
Das ist so lästig ",Ed Me,5fd4209f7cee98001a1aedf4,DE,5,"Sehr geehrter Kunde,
bitte entschuldigen Sie die Unannehmlichkeiten, die Ihnen entstanden sind, aufrichtig. Wir haben Maßnahmen ergriffen, um das von Ihnen gemeldete Problem zu untersuchen. Wir werden Ihnen per E-Mail antworten und die Fortschritte in diesem Thread aktualisieren. Bitte achten Sie darauf, Ihr E-Mail-Postfach zu überprüfen.
Vielen Dank für Ihr Verständnis und Ihre Mitarbeit.
Mit freundlichen Grüßen,
AliExpress-Kundenservice-Team",2026-07-20T02:58:32.000Z
www.aliexpress.com,id:6a5c4bc92f09e820d9218334,native_id,6a5c4bc92f09e820d9218334,1,false,1784440809,07/19/2026 06:00:09,I will never shop on AliExpress again.,"I will never shop on AliExpress again.
My order was marked as ""delivered,"" but I never received it. The proof of delivery contains a signature that is not mine, and I never authorized anyone to sign on my behalf. The delivery photo also does not match my mailbox.
Despite providing these details and opening a dispute, my claim was rejected without a fair resolution. I lost both my money and my order.
I am sharing my experience so other customers are aware and can be cautious.",Bac,6a5c4bbf7b418c7970830588,FR,1,"Dear Customer,
Thank you for bringing this matter to our attention. We sincerely apologize for the inconvenience you have experienced.
We would like to inform you that we are actively looking into the issue you reported. However, as the investigation is still ongoing, we have not yet reached a conclusion or sent you an update. Rest assured, once we have a solution or further information, we will notify you immediately via email. Please keep an eye on your inbox for our response.
If you have any additional questions or require further assistance in the meantime, please don’t hesitate to contact us.
Best regards,
AliExpress Customer Service Team",2026-07-20T03:03:09.000Z
www.aliexpress.com,id:6a5c3aa3e165a1b276953492,native_id,6a5c3aa3e165a1b276953492,1,false,1784436419,07/19/2026 04:46:59,I resisted ever buying anything on this…,"I resisted ever buying anything on this online marketplace because I heard horror stories about their reputation but I finally took the plunge and boy did I end up regreting that decision. They allow scam advertisers to list items for sale that dont actually exist or are AI doctored pictures of popular products. Their customer service is horrendous, if you can even get them to respond during US business hours. I puchased an inverter from one of their 'trusted' sellers and the inverter shipped to me was broken. I tried to work with the Seller to fix the issues and they delayed and offered videos about other equipment or incorrectly labeled parts. That delay took me past the 15 day return period and even thought the Seller admitted they shipped me a faulty product they said they required Ali Express to approve my dispute. The dispute link on the AliExpress website did not work and when I got to them through a chatbot, they insisted on a process that had me submit evidence to an email address that did not accept reply messages and thus gave them what they needed to deny my dispute claim. Another purchase was cancelled after the seller collected my payment and then sat on my money for a month with no intention of ever shipping me the product I thought I was buying. These are simply not honorable people. Please avoid. ",Mark Jergens,69a4ce6cd6c35211dc695967,US,3,"Dear Customer,
Thank you for bringing this matter to our attention. We sincerely apologize for the inconvenience you have experienced.
We would like to inform you that we are actively looking into the issue you reported. However, as the investigation is still ongoing, we have not yet reached a conclusion or sent you an update. Rest assured, once we have a solution or further information, we will notify you immediately via email. Please keep an eye on your inbox for our response.
If you have any additional questions or require further assistance in the meantime, please don’t hesitate to contact us.
Best regards,
AliExpress Customer Service Team",2026-07-20T03:12:06.000Z
www.aliexpress.com,id:6a5c05b0fb83c129637201f5,native_id,6a5c05b0fb83c129637201f5,1,false,1784422864,07/19/2026 01:01:04,Il colosso del risparmio,"Antico regno del pezzo introvabile e del prezzo affare, questo gigante dell'e-commerce si ritrova oggi con i magazzini stracolmi e la sterminata flotta di cargo ormai quasi inutilizzata.
 I dazi imposti dalle varie nazioni hanno fatto sì che non ci sia più nessuna convenienza nel comprare da loro, a prezzi mediamente quadruplicati. 
La garanzia sui resi gratuiti e' fittizia, la richiesta di prove assurde e del pagamento delle spese di spedizione del reso hanno mangiato la già poca fiducia di cui godevano.

Sono rimasti solo gli antichi metodi da casbah; come una volta il piccolo truffatore cercava di rifilarti un pacco, oggi pur di mantenere il traffico sul sito ingannano i pochi clienti rimasti con giochini truffa, dove il sistema si blocca o si intasa ogni volta che si tratta di pagare.
Ci sono modi più dignitosi di morire, questo è patetico. 
",Paola,6a030e7662191433456528f3,IT,2,"Cher client,
Nous nous excusons sincèrement pour le désagrément causé par le produit que vous avez reçu et qui ne fonctionne pas comme prévu. Nous avons déjà commencé à enquêter sur le problème et nous vous tiendrons au courant par courrier électronique dès que possible. Veuillez garder un œil sur votre boîte de réception pour toute communication ultérieure.
Si vous avez des détails supplémentaires ou des informations complémentaires concernant le problème, n'hésitez pas à les partager avec nous par le biais de ce fil de discussion ou de notre Centre d'aide. Nous apprécions grandement votre coopération et votre patience tout au long de ce processus.
Nous vous remercions d'avoir porté ce problème à notre attention et nous nous excusons encore une fois pour la frustration que cela a pu causer.
Cordialement,
L'équipe du service clientèle d'AliExpress",2026-07-19T03:47:03.000Z
www.aliexpress.com,id:6a5c0299d4c56e79dc62e0ff,native_id,6a5c0299d4c56e79dc62e0ff,1,false,1784422073,07/19/2026 00:47:53,Évitez AliExpress ! Ils ne protègent pas les acheteurs* ,"Mon expérience avec AliExpress a été catastrophique. J'ai reçu la résistance pour ma machine à café. Elle a fonctionné sept fois, puis plus du tout. J'ai ouvert un litige et fourni tous les éléments demandés : des photos nettes et une vidéo montrant le problème. Mais AliExpress a ignoré les preuves et a pris le parti du vendeur sans aucune raison valable. Ils prétendent offrir une « protection des acheteurs », mais c'est un mensonge. Après cela, j'ai perdu toute confiance en AliExpress. Acheter sur cette plateforme est risqué et stressant. Des plateformes comme Temu règlent ce genre de problèmes en deux jours. AliExpress ne fait que traîner les choses et espère que vous abandonnerez. Je partage cet avis pour avertir les autres acheteurs.


",Hafamen,6a5c0158b06fbf8140eb1c92,MA,2,"Cher client,

Nous sommes sincèrement désolés d'apprendre que vous avez rencontré un problème. Nous ne souhaitons pas que nos clients vivent une telle expérience. Nous aimerions examiner votre cas et voir comment nous pouvons vous aider. Afin de mieux comprendre votre situation, veuillez ajouter des détails tels que votre numéro de commande ou votre adresse e-mail via le formulaire de demande d'informations que nous vous avons envoyé.

Cordialement,

L'équipe du service client AliExpress",2026-07-19T03:46:04.000Z
www.aliexpress.com,id:6a5bb9f36f9db4ec3de0943c,native_id,6a5bb9f36f9db4ec3de0943c,1,false,1784403475,07/18/2026 19:37:55,"Der Verkäufer hat uns eine defekte Ware gesendet und ist für Reparatur, Rücksendung und Rückerstattung nicht bereit.","Der verkäufer hat uns eine defekte Ware gesendet und ist für Reparatur, Rücksendung und Rückerstattung nicht bereit.",Jörg Weber,674ff9a5d161bcb0ac82444e,DE,30,"Sehr geehrte Kundin, sehr geehrter Kunde, vielen Dank für Ihre Geduld. Ich habe festgestellt, dass Ihr zuständiger Kundendienstmitarbeiter sich derzeit um Ihr Anliegen kümmert. Aufgrund der Komplexität des Sachverhalts kann die Bearbeitung etwas länger dauern. Ich habe ihn jedoch bereits gebeten, Ihre E-Mail schnellstmöglich zu beantworten. Bitte kontaktieren Sie Ihren zuständigen Kundendienstmitarbeiter weiterhin per E-Mail, um weitere Informationen zu erhalten. Vielen Dank für Ihr Verständnis und Ihre Kooperation. Mit freundlichen Grüßen, Ihr AliExpress-Kundenservice-Team",2026-07-19T03:37:25.000Z
www.aliexpress.com,id:6a5bb716e1f447fb843bbc2b,native_id,6a5bb716e1f447fb843bbc2b,1,false,1784402742,07/18/2026 19:25:42,they lie about the delivery date for…,they lie about the delivery date for months or they may not deliver the package at all.,Revaz Macharadze,629665bc48784e0011fa9a04,US,2,"Dear Customer,
We sincerely apologize for the inconvenience you’ve experienced regarding the non-receipt of your package. We have already initiated an investigation into this matter and will respond to you via email with updates. Additionally, we will keep this thread updated as progress unfolds. Please be sure to check your inbox regularly for our communication.
Thank you for your patience and cooperation.
Best regards,
AliExpress Customer Service Team",2026-07-19T03:33:37.000Z
www.aliexpress.com,id:6a5baddac41d5c1050ab7171,native_id,6a5baddac41d5c1050ab7171,1,false,1784400378,07/18/2026 18:46:18,Oke om te beginnen haf ik een michael…,Oke om te beginnen haf ik een michael jackson t shirt besteld maar er kwam een heel ander shirt binnen met een hond erop daar was ik niet blij mee. Vorige week heb ik weer twee t shirts van michael jackson besteld maar stond er maar 1 op het mailtje dus was ik opgelicht en nus stonden 2 dezelfde t shirts weer met een hond erop. Ze hebben ook een armbandje opgestuurd terwijl ik dat nieteens had besteld dus aliexpress is geen aanrader,Lizzy Klokkers,6a5badd1ff3db25324b86ee3,NL,1,"Geachte klant,
Onze excuses voor het ongemak dat u heeft ondervonden. We hebben een onderzoek ingesteld naar het door u gemelde probleem met het verkeerde artikel. We houden u op de hoogte van de voortgang en zullen u per e-mail antwoorden. Houd uw inbox in de gaten voor verdere berichten.
Bedankt voor uw begrip en medewerking.
Met vriendelijke groeten,
Het klantenserviceteam van AliExpress",2026-07-19T03:27:08.000Z
www.aliexpress.com,id:6a5bacc8087e8b873928cb2a,native_id,6a5bacc8087e8b873928cb2a,1,false,1784400104,07/18/2026 18:41:44,BRAK ZAUFANIA do tej platformy 31-razy…,BRAK ZAUFANIA do tej platformy 31-razy zgłaszalem problem ze SPAMEM związanym z nieuczciwym sprzedawcą który wysłał mi wybrakowany produkt a Adminstracja AliExpress tutaj z pseudo wyższego szczebla odpisują na eMaila że przezcież to nic takiego i życzymy Ci miłego dnia przyjacielu... OSZUŚCI jakich mało... i co teraz w odpowiedzi na ten komentarz po raz 31 odpiszecie że intensywnie pracujemy nad rozwiązaniem problemu...,Zbigniew Czernicki,69174c94ef3d6c34fac57240,PL,14,"Szanowny Kliencie,
Dziękuję za kontakt i szczerze doceniam Twoją cierpliwość, podczas gdy pracujemy nad rozwiązaniem tej sprawy.
Aby kontynuować, uprzejmie zalecam bezpośredni kontakt z Twoim dedykowanym przedstawicielem obsługi klienta. Są oni najlepiej przygotowani do pomocy w Twojej konkretnej sprawie i poprowadzą Cię przez cały proces. Pamiętaj, aby dostarczyć wszelkie istotne dowody lub dokumentację potwierdzające Twoją sytuację — pomoże nam to lepiej zrozumieć problem i sprawniej znaleźć rozwiązanie.
Zaufaj nam, ponieważ naprawdę zależy nam na Twojej pomocy i zapewnieniu sprawiedliwego rozwiązania. Twoja satysfakcja jest dla nas ważna i dołożymy wszelkich starań, aby rozwiązać Twoje wątpliwości.
Dziękujemy za zrozumienie i współpracę.
Z poważaniem,
Zespół Obsługi Klienta AliExpress",2026-07-19T03:22:03.000Z
www.aliexpress.com,id:6a5ba2b0f59f943948be50eb,native_id,6a5ba2b0f59f943948be50eb,1,false,1784397520,07/18/2026 17:58:40,Zostałem okradziony,"Zostałem okradziony - zamówiłem przedmiot za kwotę prawie 1600 PLN, okazał się niezgodny z opisem, więc postanowiłem go zwrócić. Otrzymałem etykietę i informację, że koszt wysyłki zwrotu to 15 PLN. Niestety otrzymałem tylko 800 PLN zwrotu, a pozostałe prawie 800 PLN zniknęło. Sprzedawca twierdzi, że to koszty wysyłki, a aliexpress twierdzi, że wysłałem niekompletny towar… nie polecam zakupów na tej platformie, ja już nigdy nic tam nie kupię. ",Bartosz Blicharz,663d3036b55dd3a803ae8b07,PL,2,"Drogi Kliencie,
Bardzo nam przykro z powodu niedogodności, których doświadczyłeś w związku z powrotem. Proszę przyjąć nasze szczere przeprosiny za wszelkie frustracje, jakie mogło to spowodować. Natychmiast zaczęliśmy analizować zgłoszony przez Ciebie problem i skontaktujemy się z Tobą pocztą elektroniczną, gdy tylko będziemy mieć aktualizacje.
Uprzejmie poświęć chwilę na regularne sprawdzanie skrzynki odbiorczej, ponieważ będziemy tam wysyłać ważne aktualizacje. Twoja cierpliwość i zrozumienie w tym czasie wiele dla nas znaczą i bardzo doceniamy Twoją współpracę.
Jeśli masz jakiekolwiek dalsze wątpliwości lub pytania, nie wahaj się nas powiadomić.
Ciepłe pozdrowienia,
Zespół obsługi klienta AliExpress",2026-07-19T03:19:54.000Z
www.aliexpress.com,id:6a5ba118b56698e05367ffd7,native_id,6a5ba118b56698e05367ffd7,1,false,1784397112,07/18/2026 17:51:52,Very disappointed that my mom ordered a…,Very disappointed that my mom ordered a hearing aid and wanted to return and went through all the right steps and had all in place they they said they would not issue her a refund. She’s 85 years old and this is not right for anyone. I would NEVER  trust them again….BUYER BEWARE….you you have money to waste then go ahead as they are NOT HONOURABLE with their return policy ….i had to give them a start to make this post although if I had to e option they would get minus starts with a big RED CAUTION …..,Lori,6a5ba107236e3d3cc5d977b1,CA,1,"Dear Customer,
We are very sorry to hear that you have encountered an issue. This is not the experience we want for our customers. We'd love to look into this case and see how we can help. To help us better understand your experience, please add details like order number or email through the Request Information form that we sent you.
Best regards,
AliExpress Customer Service Team",2026-07-19T03:17:38.000Z
www.aliexpress.com,id:6a5b964acb5ed19e882f16b0,native_id,6a5b964acb5ed19e882f16b0,1,false,1784394346,07/18/2026 17:05:46,I placed an order (8212466431475063) on…,"I placed an order (8212466431475063) on July 8. On July 17th, it had yet to ship - and when I checked the details, the seller had moved the dispatch date forward - it was not scheduled to ship for 21 additional days. I cancelled the order and reordered the product from a reputable vendor. I woke up this morning to lies from the Ali seller - stating the order had been dispatched, but the tracking not uploaded, so they would do that now. The tracking clearly demonstrated that they dispatched *something* with a tracking number within hours of receiving my cancellation request. Having already ordered replacements from a reputable vendor (and knowing that this order will sit in an Ali sorting centre for a week) I have asked that this order be cancelled, in keeping with my request submitted well before dispatch. Instead, Ali support was very happy to tell me that my parcel was on the way, and that they understand the ""anticipation"" of waiting for an order. So perhaps there is a parcel on the way (full of things I no longer need) but more likely, I will have to wait out a 75 day clock to claim a refund when nothing arrives. I keep coming up against reasons to NEVER USE ALI AGAIN. One of these days, it will stick. But seriously - time and time again, the savings I realize by shopping here are clawed back by the fraud that is endemic on the site. ",banana jerky,6a5b9636c2526c39468fbf82,CA,1,"Dear Customer,
Please accept our deepest apologies for any inconvenience you've faced. We have taken action to investigate the issue you reported. We will respond to you via email and update the progress in this thread. Please kindly pay attention to check your email box.
Thank you for your understanding and cooperation.
Best regards,
AliExpress Customer Service Team",2026-07-19T03:14:57.000Z
www.aliexpress.com,id:6a5b8e73117bca372628d006,native_id,6a5b8e73117bca372628d006,2,false,1784392339,07/18/2026 16:32:19,"Grosse arnaque ,apres une commande pour…","Grosse arnaque ,apres une commande pour un GPS le colis a ete marqué mis dans la boite aux lettres (les dimensions du colis sont beaucoup plus grandes que les boites aux lettres) le transporteur a admis par ecrit que le colis n’a pa pu etre ́livré. J’ai transmis toutes les preuves a AliEXPRESS qui refuse tout remboursement c’est juste une arnaque a mon avis j’ai donc fermé mon compte AliExpresse",Jean-marc Le fessant,6239a1d269039f00128445c3,FR,3,"Cher client,

Nous vous prions de bien vouloir accepter nos excuses pour les désagréments occasionnés par la non-réception de votre colis. Une enquête est en cours et nous vous tiendrons informé par e-mail. Nous mettrons également à jour cette conversation au fur et à mesure de l'avancement de la situation. Veuillez consulter régulièrement votre boîte de réception.

Nous vous remercions de votre patience et de votre coopération.

Cordialement,

L'équipe du service client AliExpress",2026-07-19T03:06:52.000Z
www.aliexpress.com,id:6a5b8dedb723ce939b379b64,native_id,6a5b8dedb723ce939b379b64,1,false,1784392205,07/18/2026 16:30:05,ordered some shirts my fault wrong size…,ordered some shirts my fault wrong size return only get part payment rip off jon luke leeds,Mr J Luke,568bacbf0000ff0001f96e40,GB,16,"Dear Customer,
We are truly sorry for the inconvenience you’ve experienced regarding your return. Please accept our heartfelt apologies for any frustration this may have caused. We have promptly begun looking into the issue you reported and will reach out to you via email as soon as we have updates.
Kindly take a moment to check your inbox regularly, as we will be sending important updates there. Your patience and understanding during this time mean a great deal to us, and we deeply appreciate your cooperation.
If you have any further concerns or questions, please don’t hesitate to let us know.
Warm regards,
AliExpress Customer Service Team",2026-07-19T03:04:39.000Z
www.aliexpress.com,id:6a5b89013d2d3a84815ac282,native_id,6a5b89013d2d3a84815ac282,1,false,1784390946,07/18/2026 16:09:06,Comparez,"Client depuis de nombreuses années, je vais arrêter de commander chez eux car en règle général tous les petits produits peu cher ont énormément augmenté de près du double en un an, arrivant au même prix que l'on trouve ches tous les discouteurs Français, surtout depuis la mise en place des 3 €uros du gouvernement Français, ce qui en fait est très bien car cela nous oblige à achetre chez nous. Il n'y a que si je veux acheter un tracteur ou gros engin qui sont toutefois 5 à 6 fois moins cher en chine ou Aliexpress et temu sont moins cher. Aussi, avant d'acheter n'hesitez pas à visualiser mano mano ou lerooy merlin ou amazon.....",Serge Brendlé,633f09643a39cb0012473599,FR,7,"Cher client,

Nous vous remercions pour votre avis. Nous prendrons en compte vos suggestions afin d'améliorer nos services.

Nous apprécions sincèrement votre contribution et nous nous engageons à vous offrir une meilleure expérience. N'hésitez pas à nous faire part de vos suggestions ou de vos préoccupations.

Cordialement,
L'équipe du service client AliExpress",2026-07-19T03:02:56.000Z
www.aliexpress.com,id:6a5b861906737bc6a1d14405,native_id,6a5b861906737bc6a1d14405,1,false,1784390201,07/18/2026 15:56:41,DO NOT USE THE ALIEXPRESS APP OR ONLINE…,"DO NOT USE THE ALIEXPRESS APP OR ONLINE SHOP – ESPECIALLY THE WALLET!

This is based on my own experience.

I returned some items and was refunded, but I chose to keep the refund in my AliExpress Wallet to use for future purchases.

Later, I ordered more items using that wallet credit. One order arrived broken, so I returned it but my refund was £0. I let it go because it was only a few pounds and I didn’t want the hassle.

Then another order arrived with the wrong item. I contacted customer service, provided screenshots and all the evidence they requested, but after everything, the representative (“Aria”) still told me I would receive a £0 refund.

The £22.69 I had originally been refunded and stored in my AliExpress Wallet, my own money, was effectively gone because I had used wallet credit to pay for the order.

So from my experience, once you use AliExpress Wallet credit to buy something, returning that item may result in a £0 refund, even if the item is faulty or incorrect.

I won’t be shopping with AliExpress again, and I’d strongly advise others to be very careful about using the wallet feature.",Sani Welch,6a33265e8c034d9c9dbe2a6c,GB,2,"Dear Customer,
We sincerely apologize for any inconvenience you have experienced. We have initiated an investigation into the issue you reported regarding the incorrect item. We will keep you updated on the progress and respond to you via email. Please keep an eye on your inbox for further communication.
Thank you for your understanding and cooperation.
Best regards,
AliExpress Customer Service Team",2026-07-19T01:44:55.000Z
www.aliexpress.com,id:6a5b81483eebabd3715f2975,native_id,6a5b81483eebabd3715f2975,1,false,1784388968,07/18/2026 15:36:08,0 estrellas se merecen,"0 estrellas se merecen. No me quieren devolver los gastos de devolución que hice de unos productos, dando vueltas siempre y pidiéndome la misma documentación una y otra vez, si esto no está solucionado el lunes, voy a ir a consumo, basta ya de tantos ladrones y sinvergüenzas ",C. I. C.,624bda4eb4f76f0012b06eb2,ES,5,"Estimado cliente:
Le pedimos disculpas sinceramente por las molestias ocasionadas al no haber recibido el reembolso de los gastos de envío de la devolución. Le agradecemos su comprensión y le pedimos que comprenda la frustración o decepción que esto le haya podido causar.
Nuestra prioridad es garantizar que su experiencia con nosotros siga siendo positiva y satisfactoria.
Le mantendremos informado periódicamente por correo electrónico sobre el progreso de nuestra investigación y cualquier novedad. Agradecemos enormemente su paciencia y colaboración, y nos comprometemos a resolver este problema lo antes posible.
Gracias por su comprensión y apoyo continuo. Por favor, revise su correo electrónico para recibir más información y no dude en contactarnos directamente si tiene alguna pregunta o inquietud.
Saludos cordiales,
Equipo de Atención al Cliente de AliExpress",2026-07-19T01:48:20.000Z
www.aliexpress.com,id:6a5b7e5a11f74a0219c65662,native_id,6a5b7e5a11f74a0219c65662,1,false,1784388218,07/18/2026 15:23:38,"This seller, Ali Express OVER CHARGES (Fraud)","I went through the purchase procedure (price of item with taxes was $5.89) then after paying and checkout, all of a sudden the price went up to $ 10.43.  Isn't that consider fraud???????

I canceled my order, of course.

I have both the price BEFORE the fraud and the price AFTER the charges were processed in photos to show their fraud practices.

""Buyer beware!""

I just got an e-mail from Ali Express offering me the difference between what I had originally paid and that difference.....in this NEW e-mail, they're OFFERING me that difference in CREDIT, no apology, no increased offer due to THEIR incompetence and FRAUDULANT business practice.",Bruce Brent,65abea56a1886400127f3f9a,US,4,"Dear Customer,
Please accept our deepest apologies for any inconvenience you've faced. We have taken action to investigate the issue you reported. We will respond to you via email and update the progress in this thread. Please kindly pay attention to check your email box.
Thank you for your understanding and cooperation.
Best regards,
AliExpress Customer Service Team",2026-07-19T01:53:08.000Z
www.aliexpress.com,id:6a5b7b494ec4d4816ccf4d6a,native_id,6a5b7b494ec4d4816ccf4d6a,1,false,1784387433,07/18/2026 15:10:33,OJO EN COMPRAR EN ALIEXPRESS ,"
​❌ OJO CON COMPRAR EN ALIEXPRESS: Si hay incidencias, despídete de tu dinero
​
Quiero alertar a los usuarios sobre mi nefasta experiencia reciente con AliExpress y, en concreto, con la tienda Zhiyu boutique Store. 

Lo barato en esta plataforma sale muy, muy caro.
​🧵 Caso 1: Desconectador de batería defectuoso
​El pasado 16/07/26 compré un desconectador/interruptor de batería para mi motocicleta. Al llevarlo al concesionario oficial de Suzuki en Alicante para su instalación, los mecánicos comprobaron que el artículo está defectuoso y no interrumpe la electricidad de la batería.
​Solicité el reembolso de los 7 euros y la devolución del producto aportando 3 imágenes claras. AliExpress me pidió ""más pruebas"", por lo que les envié 5 fotos adicionales. ¿La respuesta a los tres días? ""Solicitud de reembolso no exitosa"". A pesar de tener el diagnóstico de un taller oficial, se lavan las manos.
​🧵 Caso 2: Máscara facial rota y sin recoger
​Esta falta de protección al comprador no es un hecho puntual. En otro pedido reciente compré una máscara facial que llegó completamente rota. Seguí todos los pasos indicados por la plataforma para el reembolso y la recogida del artículo: no han hecho ni una cosa, ni la otra.

​⚠️ Conclusión:
 Una atención al cliente de nota 0
​Vendedores sin escrúpulos: Algunos vendedores se quedan con tu dinero sabiendo que te envían artículos defectuosos o rotos, porque el sistema los protege a ellos, no al consumidor.
​Gestores inútiles: Los agentes de atención al cliente de AliExpress están aleccionados para dar muy buenas palabras y mostrar falsa empatía, pero la resolución real es nula.
​Sin garantías: Si tienes el más mínimo problema, olvídate de que te devuelvan el dinero o pasen a recoger el producto.

​Mi consejo: No os arriesguéis. Es preferible pagar un poco más en plataformas que sí respondan ante los fraudes y los productos defectuosos. 
¡AliExpress nunca más!",FR,625d85f533f4c20012ed6003,ES,22,"Estimado cliente:

Lamentamos sinceramente los inconvenientes causados ​​por el producto que recibió, el cual no funciona como se esperaba. Ya hemos comenzado a investigar el problema y le enviaremos actualizaciones por correo electrónico lo antes posible. Por favor, revise su bandeja de entrada para recibir más información.

Si tiene detalles adicionales o información que respalde el problema, no dude en compartirla con nosotros a través de este correo electrónico o mediante nuestro Centro de ayuda. Agradecemos enormemente su cooperación y paciencia durante este proceso.

Gracias por informarnos sobre este asunto y lamentamos nuevamente cualquier molestia que esto le haya podido causar.

Saludos cordiales,

Equipo de Atención al Cliente de AliExpress",2026-07-19T02:06:34.000Z
www.aliexpress.com,id:6a5b69e6e7e702f6b7e7064d,native_id,6a5b69e6e7e702f6b7e7064d,1,false,1784382982,07/18/2026 13:56:22,Slechte klantenservice ,"Klantenservice was vroeger goed maar is tegenwoordig heel slecht. Alleen de verkoper wordt in bescherming genomen. Al heb je het bewijs duidelijk, krijg je alleen een sorry en verder heb je pech.",Jkl,6a0090ff2c17276f5f89ca4e,NL,5,"Geachte klant,
Gelieve onze diepste verontschuldigingen te aanvaarden voor het ongemak dat u hebt ondervonden. We hebben actie ondernomen om het door u gemelde probleem te onderzoeken. We zullen per e-mail reageren en de voortgang in deze thread bijwerken. Houd uw e-mailbox in de gaten.
Bedankt voor uw begrip en medewerking.
Met vriendelijke groeten,
AliExpress Klantenservice",2026-07-19T02:08:28.000Z
www.aliexpress.com,id:6a5b68f57e569292eafd8b3b,native_id,6a5b68f57e569292eafd8b3b,1,false,1784382741,07/18/2026 13:52:21,Potessi dare zero stelle l'avrei fatto…,Potessi dare zero stelle l'avrei fatto ! Chi a dato di più è perché non ha dovuto chiedere un reso oppure fare un reclamo è trovarsi  affrontare l'intelligenza artificiale che è molto gentile ma altre tanto inutile a risolvere la situazione! Consiglio vivamente di stare lontano da questi siti cinesi a qui importa soltanto di prendere soldi facili è subito con fregature mlte di loro grosolane che anche un bambino piccolo capirebbe è altre molto nascoste è ben organizate !!!,adrian haj,5f003706c6fd790fdbb8a2a7,IT,7,"Gentile cliente,
La preghiamo di accettare le nostre più sentite scuse per gli inconvenienti che ha dovuto affrontare. Abbiamo preso provvedimenti per indagare sul problema da lei segnalato. Le risponderemo via e-mail e aggiorneremo i progressi in questa discussione. Si prega di prestare attenzione a controllare la propria casella di posta elettronica.
Grazie per la comprensione e la collaborazione.
Cordiali saluti,
Il team del servizio clienti di AliExpress",2026-07-19T02:13:06.000Z
www.aliexpress.com,id:6a5b587d67f0d0ed82e359fe,native_id,6a5b587d67f0d0ed82e359fe,1,false,1784378525,07/18/2026 12:42:05,I have been ordering from Ali Express…,"I have been ordering from Ali Express for years. I know when I receive my packages I they get to be a little banged up, but the contents are great inside. I also wait some time to receive my items, and I have learned to deal with that. The sellers I purchase from, are great and I haven’t been able to find the same merchandise anywhere else, so I adapted and it works for me. What I can’t take is no regard for me as a customer and the money I spend. Their customer service is unhelpful and robotic. They use a logistics company called “ Cainio Express “ I don’t know if they have a new driver and he is just incompetent as well as there customer service. But, I need to receive the orders I place. The last like 17 items I have purchased, which I believe was broken down in about 6 packages were delivered to an unknown home. This has happened on n the past, but with items under $20 and I just let it go. Ali Express will not refund you when your package is delivered. They don’t care if it was sent to the wrong home. Nor, will they get you to a supervisor to rectify the situation. They don’t do that there. They will not refund or reship. They tell you to contact the logistics company. That was horrible. They they gave me a lost and stolen package pdf certificate and still denied my refund, why? This logistics company is not delivering the merchandise. Ali Express, Please do something about this, it’s a huge problem.  I received a reply for order numbers and additional information, for some reason there was a system glitch and I was unable to add the order numbers and my phone number. I have escalated cases and been denied refunds. I was told to submit information from the logistics company which I did for the first order and I was told to get more information. I have asked to speak with a supervisor or someone who can help several times and told by customer service there was no additional help and they were very rude to me. How can I get someone to help me? This has been like over 11 items already delivered to the wrong address, with no help from logistics and they keep delivering to the same house because I can see it in the photos they provide. 
Thank you for replying, I have placed about 3 orders this week and I am afraid of Cainio getting assigned to my orders. Your customer service told me they were blocked from picking up my packages, and I would receive an email confirmation. I never did, and I called back the next rep told me that I would have to reach out to each seller individually. I have done that, they have no say on who the packages get assigned to. Please help me. I need my packages. ",Lisa Di Dolce,6a52fd0415b72ecd80fd8e70,US,3,"Dear Customer,
We sincerely apologize for the inconvenience you’ve experienced regarding the non-receipt of your package. We have already initiated an investigation into this matter and will respond to you via email with updates. Additionally, we will keep this thread updated as progress unfolds. Please be sure to check your inbox regularly for our communication.
Thank you for your patience and cooperation.
Best regards,
AliExpress Customer Service Team",2026-07-19T02:20:27.000Z
www.aliexpress.com,id:6a5b522a65f3d657ea530df0,native_id,6a5b522a65f3d657ea530df0,1,false,1784376906,07/18/2026 12:15:06,Des voleurs,"Des voleurs, j’ai reçu un luminaire cassé que
J’ai dû renvoyer à mes frais car soit disant il allait me les rembourser en même temps sauf qu’il ne vous rembourse rien ni le luminaire, ni les frais. ",Rouvre Marine,63aaf4421b576500139c9b9c,FR,2,"Cher client,

Nous vous prions de bien vouloir accepter nos excuses pour les désagréments rencontrés lors de votre retour et l'absence de remboursement. Nous avons déjà commencé à examiner le problème que vous avez signalé. Vous recevrez une réponse de notre part par e-mail et nous vous tiendrons informé(e) de l'avancement de la situation ici. Veuillez consulter régulièrement votre boîte de réception.

Nous vous remercions de votre compréhension et de votre coopération.

Cordialement,

L'équipe du service client AliExpress",2026-07-19T02:27:40.000Z
www.aliexpress.com,id:6a5b4bc6c862a2a0fa7b1ff7,native_id,6a5b4bc6c862a2a0fa7b1ff7,1,false,1784375270,07/18/2026 11:47:50,Aliexpress ist am absoluten Tiefpunkt…,"Aliexpress ist am absoluten Tiefpunkt angelangt. Wird Zeit, daß sich die chinesische Staatsführung darum kümmert. Ali repräsentiert nach außen ein China, wie China nicht ist.
Nun zum Fall: Vor dem Kauf eines escooters fragte ich explizit mehrmals beim sogenannten ""Kundenservice"" ( der keiner ist! ) nach wielange Garantie bzw. Gewährleistung besteht. Man versprach mir 12 Monate. Nach 11 Monaten lässt sich der escooter u.a. nicht einmal mehr einschalten, also wirtschaftlicher Totalschaden. Aliexpress verlangt Fotos und Video, erschwert aber das hochladen, schaltet KI chatbots vor im Kundenservice, schottet sich ab, spielt auf Zeit, schürt immer wieder Hoffnungen und lehnt letztlich Reparatur,  Umtausch, Erstattung des Kaufpreises etc. gänzlich ab.
Nun aufpassen: der Versand des escooters erfolgte von einer deutschen GmbH aus Deutschland mit DPD, natürlich nicht wie vorgeschrieben als Gefahrgut wegen der Li-ion Akkus, sondern als ganz normales Paket.
Unabhängig davon gab es unlängst einen Brand in der Lagerhalle des Versenders....!?
Aufgrund des deutschen Versenders gilt die deutsche 24 Monate dauernde Gewährleistung  mit Beweislastumkehr innerhalb der ersten 12 Monate. Aber das interessiert Aliexpress nicht, auch nicht die Brandgefahr mit möglichen verheerenden Folgen, die von einem escooter mit unbekanntem Elektronik Defekt ausgehen können. 
Da ich eine sehr gute Allianz Rechtschutzversicherung habe wird nun eben dagegen vorgegangen. 
Unnötig zu erwähnen, daß ich künftig bei Aliexpress nichts mehr bestellen werde. 
Und Ali erspare mir dein schleimiges Gesülze, ich werde nicht mehr mit deinen Chatbots nutzlos meine kostbare Zeit verschwenden.",Robert,64fac213fe77f40011cab29e,DE,10,"Sehr geehrter Kunde,
Wir entschuldigen uns aufrichtig für die Unannehmlichkeiten, die durch das Produkt verursacht wurden, das Sie erhalten haben und das nicht wie erwartet funktioniert. Wir haben bereits damit begonnen, das Problem zu untersuchen und werden Sie so bald wie möglich per E-Mail über den aktuellen Stand informieren. Bitte behalten Sie Ihren Posteingang im Auge, um weitere Informationen zu erhalten.
Wenn Sie zusätzliche Details oder Informationen zu dem Problem haben, können Sie uns diese gerne über diesen E-Mail-Thread oder über unser Help Center mitteilen. Wir schätzen Ihre Kooperation und Geduld während dieses Prozesses sehr.
Wir danken Ihnen, dass Sie uns auf diese Angelegenheit aufmerksam gemacht haben, und entschuldigen uns nochmals für die entstandenen Unannehmlichkeiten.
Mit freundlichen Grüßen,
AliExpress Kundenservice-Team",2026-07-19T02:31:36.000Z
www.aliexpress.com,id:6a5b4a4c715bc2dbccf64228,native_id,6a5b4a4c715bc2dbccf64228,1,false,1784374892,07/18/2026 11:41:32,Fuyez ce site au plus vite.,"Fuyez ce site au plus vite.
",Robert Moi,64df9ab44298b80012631c4f,FR,5,"Cher client,

Nous sommes sincèrement désolés d'apprendre que vous avez rencontré un problème. Nous ne souhaitons pas que nos clients vivent une telle expérience. Nous aimerions examiner votre cas et voir comment nous pouvons vous aider. Afin de mieux comprendre votre situation, veuillez ajouter des détails tels que votre numéro de commande ou votre adresse e-mail via le formulaire de demande d'informations que nous vous avons envoyé.

Cordialement,

L'équipe du service client AliExpress",2026-07-19T02:32:23.000Z
www.aliexpress.com,id:6a5b4994589024a614664ebb,native_id,6a5b4994589024a614664ebb,1,false,1784374708,07/18/2026 11:38:28,Mucho cuidado con los artículos que…,"Mucho cuidado con los artículos que aparecen con devoluciones gratuitas: te hacen pagar los gastos de envío y luego no te los devuelven. Las reclamaciones las responde un bot que pone respuestas vagas y aleatorias.
Me responden con mensaje automático de respuesta pidiendo que les haga llegar más información, pero no han enviado ningún formulario, ni hacen caso cuando contacto a diario con ellos.",Popeya Marina,6a5b498ac2526ce8538f66d7,ES,1,"Estimado cliente:
Lamentamos mucho que haya tenido este problema. Sabemos que esta no es la experiencia que deseamos para nuestros clientes. Nos gustaría investigar su caso y ver cómo podemos ayudarle. Para comprender mejor su experiencia, por favor, incluya detalles como el número de pedido o su correo electrónico en el formulario de solicitud de información que le enviamos.
Saludos cordiales,
Equipo de Atención al Cliente de AliExpress",2026-07-19T02:35:30.000Z
www.aliexpress.com,id:6a5b3856f330a58ff87e9b60,native_id,6a5b3856f330a58ff87e9b60,1,false,1784370294,07/18/2026 10:24:54,"NEVER, Ever, Order from Aliexpress!","Never, ever, order from this company! They lie. They emailed me that my order had been delivered. It hadn't. We were home all day. They said they tried calling us. They didn't. There was neither a message nor notification of a call missed. It's impossible to track their shippers, whose delivery service stinks! We are due a hefty refund ... which we'll never see because AliExpress makes it next-to-impossible to get any satisfaction from their AI and customer service bots. Do yourselves a favor: Don't even consider buying from/through this company if you don't want regrets.",Bruce Joffe,587d4af70000ff000a6d1bd1,US,11,"Dear Customer,
We sincerely apologize for the inconvenience you’ve experienced regarding the non-receipt of your package. We have already initiated an investigation into this matter and will respond to you via email with updates. Additionally, we will keep this thread updated as progress unfolds. Please be sure to check your inbox regularly for our communication.
Thank you for your patience and cooperation.
Best regards,
AliExpress Customer Service Team",2026-07-19T02:42:39.000Z
www.aliexpress.com,id:6a5b37c43c66885cd43b2248,native_id,6a5b37c43c66885cd43b2248,1,false,1784370148,07/18/2026 10:22:28,ZP11968126301 suivie batterie Dell e6430s voilà des mois sans nouvelle de beau escrocs ,Voilà depuis 24 avril et toujours pas reçu ma batterie ,M. MALAGNOUX Dominique,54091c0d000064000188ac86,FR,49,"Sehr geehrte Kundin, sehr geehrter Kunde, wir entschuldigen uns aufrichtig für die Unannehmlichkeiten, die Ihnen durch den Nichterhalt Ihres Pakets entstanden sind. Wir haben bereits eine Untersuchung eingeleitet und werden Sie per E-Mail über den Stand der Dinge informieren. Wir halten Sie auch hier auf dem Laufenden. Bitte überprüfen Sie regelmäßig Ihren Posteingang. Vielen Dank für Ihre Geduld und Ihr Verständnis. Mit freundlichen Grüßen, Ihr AliExpress Kundenservice-Team",2026-07-19T02:48:38.000Z
www.aliexpress.com,id:6a5b3212f8a99be28e714d38,native_id,6a5b3212f8a99be28e714d38,1,false,1784368691,07/18/2026 09:58:11,C’est un vol organisé rien à voir avec…,"C’est un vol organisé rien à voir avec TEMU et TikTok j’ai demandé le retour d’une commande et quand j’ai pas reçu l’étiquette j’ai relancé ma demande obligé pour passé par chat intelligent qui m’as proposé un remboursement partiel et que j’ai accepté faute de frappe et depuis j’ai relancé une dizaine des fois ma demande est clôturé et le pire c’est les agents qu’ils disent, on est là pour toi, on va t’aider, on va résoudre le problème après y a plus de réponse et ça sera ma dernière commande. J’ai essayé même de supprimer mon compte, on m’a pas répondu fini ce site de …,,",Adir Aram,64198c85d946dc00133ca42f,FR,6,"Cher client,

Nous sommes sincèrement désolés d'apprendre que vous avez rencontré un problème. Nous ne souhaitons pas que nos clients vivent une telle expérience. Nous aimerions examiner votre cas et voir comment nous pouvons vous aider. Afin de mieux comprendre votre situation, veuillez ajouter des détails tels que votre numéro de commande ou votre adresse e-mail via le formulaire de demande d'informations que nous vous avons envoyé.

Cordialement,

L'équipe du service client AliExpress",2026-07-19T02:50:15.000Z
www.aliexpress.com,id:6a5b068f3218d9ff7fe9f684,native_id,6a5b068f3218d9ff7fe9f684,1,false,1784357560,07/18/2026 06:52:40,Scammers ,"Scammers I returned the camera I bought recently they said it's not the same and refused refund, no proof photo of the camera they received or anything just like that we not going to refund you 🤬🤬🤬
I'll sue you for deformation it's not china it's UK and you will pay for it 🤬🤬🤬",Hristo Rankov,5d5ae4bbeaeb39474ed5eefa,GB,33,"Dear Customer,
We sincerely apologize for any inconvenience you have experienced regarding your return and the lack of a refund. We have already begun investigating the issue you reported. You will receive a response from us via email, and we will keep this thread updated with the latest progress. Please be sure to check your inbox regularly for updates.
Thank you for your understanding and cooperation.
Best regards,
AliExpress Customer Service Team",2026-07-19T02:53:37.000Z
www.aliexpress.com,id:6a5b01b641bfb2d554a2a5d3,native_id,6a5b01b641bfb2d554a2a5d3,5,false,1784356312,07/18/2026 06:31:52,Los productos cumplen con la calidad…,"Los productos cumplen con la calidad ofertada, el tiempo de entrega es bastante aceptable ",Paul.,6a5b01a2b06fbf2224ea2a25,MX,1,"Estimado cliente:
Gracias por tomarse el tiempo para compartir sus comentarios. Nos alegra que disfrute comprando con nosotros. Nuestro equipo siempre está aquí para brindarle una excelente experiencia, y nos complace saber que está satisfecho con nuestro servicio.
Saludos cordiales,
Equipo de Atención al Cliente de AliExpress",2026-07-19T01:36:23.000Z
www.aliexpress.com,id:6a5afefa62cdfa4822ecceb5,native_id,6a5afefa62cdfa4822ecceb5,1,false,1784355610,07/18/2026 06:20:10,My order was expected to be delivered…,"My order was expected to be delivered between July 10 and July 14, but I never received it. I also haven't received a refund despite contacting customer support. The tracking has not been helpful, and I'm very disappointed with the service.""
Before posting a review, it's worth checking whether your dispute or refund request is still being processed. If AliExpress resolves the issue, you can always update your Trustpilot review later to reflect the outcome.",rana,671b97b43c88bd043ab0f36c,PK,2,"Dear Customer,
We sincerely apologize for the inconvenience you’ve experienced regarding the non-receipt of your package. We have already initiated an investigation into this matter and will respond to you via email with updates. Additionally, we will keep this thread updated as progress unfolds. Please be sure to check your inbox regularly for our communication.
Thank you for your patience and cooperation.
Best regards,
AliExpress Customer Service Team",2026-07-19T02:56:50.000Z
www.aliexpress.com,id:6a5aeebb8b1dfcf75dedd70c,native_id,6a5aeebb8b1dfcf75dedd70c,1,false,1784351451,07/18/2026 05:10:51,Dramat oszuści,"Dramat oszuści, nie mają wpływu na oddanie pieniędzy za towar który jest beznadziejny, nie kupujcie nic zostaniecie oszukani ,omijać omijać te ścierwa!!!!!!!!!!!!!",Adam,6a5aee95ff3db23a1fb7c227,PL,1,"Drogi Kliencie,
Szczerze przepraszamy za niedogodności związane z otrzymanym produktem, który nie działa zgodnie z oczekiwaniami. Rozpoczęliśmy już dochodzenie w tej sprawie i jak najszybciej przekażemy aktualne informacje za pośrednictwem poczty elektronicznej. Prosimy o śledzenie skrzynki odbiorczej w celu uzyskania dalszych informacji.
Jeśli masz jakieś dodatkowe szczegóły lub informacje pomocnicze dotyczące problemu, prosimy o podzielenie się nimi z nami za pośrednictwem tego wątku e-mail lub za pośrednictwem naszego Centrum pomocy. Twoja współpraca i cierpliwość podczas tego procesu są bardzo mile widziane.
Dziękujemy za zwrócenie naszej uwagi na tę sprawę i jeszcze raz przepraszamy za wszelkie frustracje, które mogła ona spowodować.
Z wyrazami szacunku,
Zespół Obsługi Klienta AliExpress",2026-07-19T02:58:19.000Z
www.aliexpress.com,id:6a5acf182c2a7336e4f445c3,native_id,6a5acf182c2a7336e4f445c3,1,false,1784343352,07/18/2026 02:55:52,Mis delivery and no refund,"I uploaded significant evidence to prove that my package was mis delivered, and AliExpress is blaming ME for the issue, AND making me contact the courier to provide evidence for them. This company has horrible customer service and will find any way to deny a refund.",John,6a5acf07ff3db220e2b7b578,US,1,"Dear Customer,
Due to the lack of completed request information form, we regret to inform you that we are unable to process your case due to insufficient information. Please accept our deepest apologies for any inconvenience you've faced. If you need further assistance or have any additional questions, please don't hesitate to consult our Help Center at AliExpress.
https://helpcenter.aliexpress.com/s/BuyerHelp
Thank you for your understanding and cooperation.
Best regards,
AliExpress Customer Service Team",2026-07-18T05:41:47.000Z
www.aliexpress.com,id:6a5abb7f2491f025b3e9b00e,native_id,6a5abb7f2491f025b3e9b00e,1,false,1784338335,07/18/2026 01:32:15,"Dishonest, Lairs ","They are dishonest, I had a complaint regarding missing items from a purchased made, I uploaded the screen shots of the item as advertised and pictures showing all the items that made up the purchase, AliExpress customer service emailed asking for more which of course their isn't, so they denied my request to a part refund. They are scammers in my view completely dishonest and rely on being ""Untouchable"" being based in China.",Alan,6a5aba2cb06fbf416eea0b37,NZ,1,"Dear Customer,
Unfortunately, we are unable to process your case as the request information form has not been filled out, and we lack the necessary details to proceed. We apologize for any inconvenience this may have caused. If you need further assistance or have any additional questions, please don't hesitate to reach out to our Help Center at https://helpcenter.aliexpress.com/s/BuyerHelp.
Best regards,
AliExpress Customer Service Team",2026-07-18T05:42:37.000Z
www.aliexpress.com,id:6a5ab097ba37a7405d337994,native_id,6a5ab097ba37a7405d337994,1,false,1784335543,07/18/2026 00:45:43,"Bestellt, bezahlt und nichts geliefert ","Hice el pedido, pagué y no recibí nada. A pesar de haber tenido varias malas experiencias con AliExpress, decidí hacerles un pedido una vez más. Necesitaba una nueva maneta de embrague para mi Honda. Dos semanas después, encontré el sobre de envío vacío en mi buzón. Nadie más tiene acceso a mi buzón. Unas diez consultas a AliExpress no sirvieron de nada. Solo frases vacías —o mejor dicho, mentiras— como «Su solicitud se está tramitando de inmediato con la máxima prioridad» o «Estamos iniciando la devolución del importe de la compra a su cuenta». Todo fueron palabras huecas. Al final compré la maneta en un concesionario de motos local; costaba solo unos pocos euros más, pero era «Made in Germany».
Tras publicar mi reseña en TrustPilot, recibí una respuesta inmediata y estandarizada de AliExpress. Fue totalmente ridícula. Me pedían una descripción del problema y el número de pedido: información que ya había facilitado en la propia reseña y que había comunicado al servicio de atención al cliente de AliExpress al menos diez veces. Engañar a los clientes parece estar profundamente arraigado en las prácticas de esta empresa.",Lothar,6553a941d640b80012ff9408,ES,3,"Estimado cliente:
Gracias por proporcionarnos la información. Lamentablemente, no pudimos encontrar los detalles de su pedido con la dirección de correo electrónico que nos facilitó. Sin embargo, le enviaremos un correo electrónico en breve. Por favor, responda a dicho correo y adjunte la documentación justificativa, como el comprobante de pago, para que podamos ayudarle a localizar su pedido y resolver el problema.
Gracias por su colaboración. Esperamos su respuesta.
Saludos cordiales,
Equipo de Atención al Cliente de AliExpress",2026-07-18T05:44:21.000Z
www.aliexpress.com,id:6a5aab3e8c57aea08bfa71bc,native_id,6a5aab3e8c57aea08bfa71bc,1,false,1784334174,07/18/2026 00:22:54,12 magneten voor een hor deur besteld…,"12 magneten voor een hor deur besteld en betaald maar heb er maar een ontvangen, heb dat gemeld bij aliexpress maar ze hebben de zaak afgesloten ben dus gewoon opgeligt, omdat ik nu voor de tweede keer ben opgeligt door aliexpress heb ik mijn account verwijderd bij die oplichters ",apedi,5a01a3660000ff000adf01c1,NL,7,"Geachte klant,

Het spijt ons enorm dat uw bestelling niet compleet is aangekomen. Dit is absoluut niet de ervaring die we u willen bieden! U verdient niets minder dan perfectie en we vinden het vreselijk dat dit is gebeurd!

Wees gerust, we behandelen deze zaak met de grootste urgentie! Ons team is al hard aan het werk om te onderzoeken wat er mis is gegaan en we zijn vastbesloten om dit zo snel mogelijk op te lossen. Zodra we updates hebben, sturen we die direct naar uw inbox, zodat u geen enkele stap in ons proces mist. Houd daarom uw e-mail (en mogelijk ook uw spammap) in de gaten om op de hoogte te blijven.

Mocht u nog vragen hebben of verdere hulp nodig hebben, aarzel dan niet om contact met ons op te nemen. We staan ​​altijd voor u klaar.

Met vriendelijke groet,

Het klantenserviceteam van AliExpress",2026-07-18T05:48:13.000Z
www.aliexpress.com,id:6a5aa938dc0fff717ce0efbd,native_id,6a5aa938dc0fff717ce0efbd,1,false,1784333656,07/18/2026 00:14:16,ESTAFA TOTAL,NUNCA DEJA INTERCAMBIAR LOS DIAMANTES POR PREMIOS,ALFREDO,615b7900d4899a0012a00881,ES,102,"Estimado cliente:
Gracias por informarnos sobre este asunto. Le pedimos disculpas por las molestias ocasionadas.
Le informamos que estamos investigando activamente el problema que nos ha reportado. Sin embargo, dado que la investigación aún está en curso, todavía no hemos llegado a una conclusión ni le hemos enviado ninguna actualización. Le aseguramos que, en cuanto tengamos una solución o más información, le notificaremos de inmediato por correo electrónico. Por favor, revise su bandeja de entrada para ver nuestra respuesta.
Si tiene alguna pregunta o necesita ayuda adicional, no dude en contactarnos.
Saludos cordiales,
Equipo de Atención al Cliente de AliExpress",2026-07-18T05:50:16.000Z
www.aliexpress.com,id:6a5aa3a83931fd45233b38f0,native_id,6a5aa3a83931fd45233b38f0,1,false,1784332232,07/17/2026 23:50:32,Don't trust Aliexpress,"So i made an order and the package said delivered, and i did not receive the package, so i contacted the shipping company they said my address was not the address on the package that the package was sent to a different address so i tried to contact the seller didn't get anywhere ai bot tried the customer service the same thing asked for a human and started talking to what i thought was a human but got the same answers like the customer service is ai, tried to do a refund could not get anywhere it kept wanting me to contact the shipping company so if you do order anything off there site don't expect to get anywhere with customer service because it is a joke to many scammers on there site, and i tried to contact the seller and i could not find there store anymore like it just vanished DONT BUY FROM ALIEXPRESS",Mark Montgomery,6a55fb08236e3d49aed24848,US,2,"Dear Customer,
We sincerely apologize for the inconvenience you’ve experienced regarding the non-receipt of your package. We have already initiated an investigation into this matter and will respond to you via email with updates. Additionally, we will keep this thread updated as progress unfolds. Please be sure to check your inbox regularly for our communication.
Thank you for your patience and cooperation.
Best regards,
AliExpress Customer Service Team",2026-07-18T05:53:18.000Z
www.aliexpress.com,id:6a5a95bed6724709b8a4422d,native_id,6a5a95bed6724709b8a4422d,5,false,1784328670,07/17/2026 22:51:10,"Buena protección de envío , muy buen modelo.","Aparte de ser enviado bien protegido, el modelo es muy bonito.",Alfredo RS,6a5a95b7b06fbfe363e9e6de,MX,1,"Estimado cliente:
Gracias por tomarse el tiempo para compartir sus comentarios. Nos alegra que disfrute comprando con nosotros. Nuestro equipo siempre está aquí para brindarle una excelente experiencia, y nos complace saber que está satisfecho con nuestro servicio.
Saludos cordiales,
Equipo de Atención al Cliente de AliExpress",2026-07-18T05:38:42.000Z
www.aliexpress.com,id:6a5a9059a90edd793987f192,native_id,6a5a9059a90edd793987f192,1,false,1784327289,07/17/2026 22:28:09,Never Received My Orders,"Never Received My Orders – No Refund
I ordered two items (#3074445716710783 and #3074319383940783). The original estimated delivery date was June 29, but as of July 17, I still haven't received either order. The tracking numbers (CNGF001FL0783000030117947 and CNGF001FL0783000029893232) are invalid on UniUni. Instead of issuing a refund, they postponed the delivery again until August 16. Very disappointing service. I still have no items and no refund. Buyers should be aware",ibrahim ashour,6a5a8ed6b06fbf42ebe9de83,EG,1,"Dear Customer,
We sincerely apologize for the inconvenience you’ve experienced regarding the non-receipt of your package. We have already initiated an investigation into this matter and will respond to you via email with updates. Additionally, we will keep this thread updated as progress unfolds. Please be sure to check your inbox regularly for our communication.
Thank you for your patience and cooperation.
Best regards,
AliExpress Customer Service Team",2026-07-18T05:56:12.000Z
www.aliexpress.com,id:6a5a8681e2d80c14f340f5b1,native_id,6a5a8681e2d80c14f340f5b1,1,false,1784324769,07/17/2026 21:46:09,👎👎👎👎👎“”BEWARE AND BE AWARE”” OF…,"👎👎👎👎👎“”BEWARE AND BE AWARE”” OF CUSTOMER SERVICE AND ALIEXPRESS ESPECIALLY A STORE CALLED DONGSUO OFFICIAL STORE AS I GOT SCAMMED FROM THIS SELLER WHO IS NOT THE SELLER HE IS ONLY THE SHIPPER SO HE COULD NOT HELP ME WITH MY REFUND SO BELIEVE ME PLEASE AS I HAD THE ABSOLUTELY WORSE EXPERIENCE IN MY LIFE CAUSING ME TO GET SO STRESSED OUT AND SICK PLUS ALIEXPRESS SELLERS ARE SCAMMERS AND DISHONEST BECAUSE THEY USE THE HIGH END DESIGNER RUNWAY PHOTOGRAPHS OF WHAT YOU WILL RECEIVE BUT WHAT YOU GET IS A REAL BAD REPLICA ANYWAY I THOUGHT PEOPLE SHOULD KNOW THE REAL TRUTH AS I AM A BUYER AND SELLER FOR OVER 35 YEARS AND AS I SAID THIS EXPERIENCE WAS HORRIBLE, THANK YOU FOR READING THIS REVIEW AND GOD BLESS 🙏🙏🙏🙏🙏🙏🙏🙏",Adele H Bucci,678c04a02f1c1cdd826af343,CA,3,"Dear Customer,
We are truly sorry for the inconvenience you’ve experienced regarding your return. Please accept our heartfelt apologies for any frustration this may have caused. We have promptly begun looking into the issue you reported and will reach out to you via email as soon as we have updates.
Kindly take a moment to check your inbox regularly, as we will be sending important updates there. Your patience and understanding during this time mean a great deal to us, and we deeply appreciate your cooperation.
If you have any further concerns or questions, please don’t hesitate to let us know.
Warm regards,
AliExpress Customer Service Team",2026-07-18T05:57:18.000Z
www.aliexpress.com,id:6a5a85faa244fea2cc3c2ca4,native_id,6a5a85faa244fea2cc3c2ca4,1,false,1784324634,07/17/2026 21:43:54,Are the perfumes genuine on the…,Are the perfumes genuine on the aliexpress app,Tracey Hayden,683cb610f0e9f30c865ec818,GB,20,"Dear Customer,
Due to the lack of completed request information form, we regret to inform you that we are unable to process your case due to insufficient information. Please accept our deepest apologies for any inconvenience you've faced. If you need further assistance or have any additional questions, please don't hesitate to consult our Help Center at AliExpress.
https://helpcenter.aliexpress.com/s/BuyerHelp
Thank you for your understanding and cooperation.
Best regards,
AliExpress Customer Service Team",2026-07-18T05:58:10.000Z
www.aliexpress.com,id:6a5a723a60ecd6782501ed0b,native_id,6a5a723a60ecd6782501ed0b,1,false,1784319578,07/17/2026 20:19:38,I would give them 0 stars if I could,"I would give them 0 stars if I could. I ordered a lzakmr game console, I paid for the 1 TB model and they sent me the 500 GB model. I filed a request for an exchange and I was told to send the one I received back, they paid for the shipping and they said that I sent it back for the listed reason was not needed which was not true they refunded me $18.00 dollars of my $264.00 dollars and claim they never received my return, after multiple attempts to resolve this issue they refuse to send me what I paid for or a full refund. I was a good customer and I don't participate in fraud or theft I just wanted what I paid for. I will just spend my money at a more reputable company.",mike gale,6a5a7228b06fbf89fae9b7b2,US,1,"Dear Customer,
We are truly sorry for the inconvenience you’ve experienced regarding your return. Please accept our heartfelt apologies for any frustration this may have caused. We have promptly begun looking into the issue you reported and will reach out to you via email as soon as we have updates.
Kindly take a moment to check your inbox regularly, as we will be sending important updates there. Your patience and understanding during this time mean a great deal to us, and we deeply appreciate your cooperation.
If you have any further concerns or questions, please don’t hesitate to let us know.
Warm regards,
AliExpress Customer Service Team",2026-07-18T06:02:34.000Z
www.aliexpress.com,id:6a5a6e8626534a56aefe254e,native_id,6a5a6e8626534a56aefe254e,2,false,1784318630,07/17/2026 20:03:50,So far it’s been absolutely rubbish…,"So far it’s been absolutely rubbish ,still waiting on orders a sent 5/6 week ago ,could o& gone to china or were ever and go5th3 quicker myself ,terrible service I,ll not use the again ",Philip Deeming,67eba76a89ee14810450e470,GB,2,"Dear Customer,
We deeply regret the inconvenience you’ve experienced regarding the non-receipt of your package. Please rest assured that we have already begun looking into this matter and are committed to resolving it as quickly as possible. We will keep you informed of any updates via email and will also ensure this thread is updated as progress continues.
Kindly check your inbox regularly for our communications, as we aim to provide you with timely updates.
Your cooperation means a great deal to us, and we truly appreciate your trust in AliExpress.
Warm regards,
AliExpress Customer Service Team",2026-07-18T06:03:24.000Z
www.aliexpress.com,id:6a5a6b65c5d3efaa465badc0,native_id,6a5a6b65c5d3efaa465badc0,1,false,1784317829,07/17/2026 19:50:29,Scamseite,"Scamseite. Absoulte Frechheit, auf keinen Fall bestellen! Scam, bei Rückgaben muss man die Artikel in ein anderes Land schicken und dies ist oft teurer als die zurückzusendenden Artikel selbst. Des Weiteren musste ich Alixpress erst via Paypal konfliktfall dazu bringen, mir dies überhaupt anzubieten. Finger weg",dinggond,6a5a6b56b06fbf7bfbe9adfc,AT,2,"Sehr geehrter Kunde,
leider müssen wir Ihnen mitteilen, dass wir Ihren Fall aufgrund der unzureichenden Angaben nicht bearbeiten können. Bitte entschuldigen Sie die Unannehmlichkeiten, die Ihnen entstanden sind. Wenn Sie weitere Hilfe benötigen oder zusätzliche Fragen haben, zögern Sie bitte nicht, unser Hilfe-Center bei AliExpress zu konsultieren.
https://helpcenter.aliexpress.com/s/BuyerHelp
Wir danken Ihnen für Ihr Verständnis und Ihre Mitarbeit.
Mit freundlichen Grüßen,
AliExpress-Kundenservice-Team",2026-07-18T06:04:10.000Z
www.aliexpress.com,id:6a5a64285268b49728bbe8e8,native_id,6a5a64285268b49728bbe8e8,5,false,1784315976,07/17/2026 19:19:36,Nickel au fond,"Personnellement depuis mon adhésion! entre bricole et colis sérieux ! je n'ais rien à dire quelques petit litiges sur deux, trois colis ,défaut d'origine, ou appareil défectueux! preuve à l' appui, photo échange, demande amiable,  ils  règlent souvent de façon positif .j'ai toujours eu les colis correspondant, les prix sont parfois plus intéressant que chez les concurrents! .  Amazon étant les pires un compte chez eux 3 colis ne correspondais pas  j'ai coupez cours direct  et les prix 🤢..  cdiscount !  toujours une bonne experience ,mais à présent les prix  hélas sont plus attractif ailleurs sur d'autre article ont compare partout c'est le jeux l' économie bascule à la meilleur offre.ils faut parfois baisser les prix car on vend plus, mais amazon ou autre non pas l' air d' avoir cet logique avec la grosse tête et la notoriété comme,  Mr fusée qu'il s envoie en l' air ! il va vite s écraser, tout change très vite et comme leurs emploi intérimaire de trie! tout est incertain ! qu'il réfléchisse et courbe l'échine pour rester compétitif ",ikky EMERY,6a5a64167b418c5f7c816c85,FR,1,"Cher client,

Merci d'avoir pris le temps de nous faire part de vos commentaires. Nous sommes ravis que votre expérience d'achat vous plaise. Notre équipe est toujours là pour vous offrir une expérience optimale, et nous sommes heureux de savoir que vous êtes satisfait de nos services.

Cordialement,

Service client AliExpress",2026-07-18T05:39:39.000Z
www.aliexpress.com,id:6a5a5e4fe6464802bb45beb8,native_id,6a5a5e4fe6464802bb45beb8,1,false,1784314479,07/17/2026 18:54:39,Arnaque sur taxe petit colis.,"Non seulement Nous avons droit a une taxe petit colis depuis le 1 er juillet, qui normalement s'applique par catégorie de produit, donc si je commande 5 chemises différentes chez le même vendeur qui ont les même code au douane,  selon les nouvelles règles je dois payer que 3.60€ de frais de douane petit colis , Aliexpress prélève plusieurs fois cette taxe alors que les 5 chemises sont aussi livrée dans le même colis. ainsi plus de 18 euros de frais prélevé par Ali express alors qu'ils ne reverseront que 3.60 euros aux douanes. ",αω,651cc21889a7fc0012563d30,FR,6,"Cher client,

Merci pour votre commentaire.

Veuillez consulter notre Centre d'aide, où notre équipe du service client est à votre disposition pour vous assister et vous fournir une assistance détaillée :

https://helpcenter.aliexpress.com/s/BuyerHelp?

Nous vous remercions de votre compréhension et de votre collaboration.

Cordialement,

L'équipe du service client AliExpress",2026-07-18T06:13:32.000Z
www.aliexpress.com,id:6a5a5b65743949cb7562645a,native_id,6a5a5b65743949cb7562645a,1,false,1784313733,07/17/2026 18:42:13,Komplette Ware zurückgeschickt und nur…,"Komplette Ware zurückgeschickt und nur einen Teil wieder erstattet bekommen. Betrüger, wie sie im Buch stehen.",Andrea Bone,5ea3dc9e949c721d90558552,DE,10,"Sehr geehrte Kundin, sehr geehrter Kunde, wir entschuldigen uns aufrichtig für die Unannehmlichkeiten, die Ihnen im Zusammenhang mit Ihrer Rücksendung und der ausbleibenden Rückerstattung entstanden sind. Wir haben bereits mit der Untersuchung Ihres Anliegens begonnen. Sie erhalten in Kürze eine Antwort per E-Mail. Wir halten Sie hier über den aktuellen Stand auf dem Laufenden. Bitte überprüfen Sie regelmäßig Ihren Posteingang. Vielen Dank für Ihr Verständnis und Ihre Kooperation. Mit freundlichen Grüßen, Ihr AliExpress Kundenservice-Team",2026-07-18T06:20:26.000Z
www.aliexpress.com,id:6a5a54fb82e50cd8c2dc35fe,native_id,6a5a54fb82e50cd8c2dc35fe,1,false,1784312091,07/17/2026 18:14:51,CRAP CLIENT SERVICE ,CRAP CLIENT SERVICE I RECEIVED THE WRONG STUF ASKED FOR A REFUND THEY OFFERED HALF THE MONEY I REJECTED TWICE AND THEY STEEL MADE THE HALF REFUND I OBJECTED TO IT THE ANSWER INSUFFICIENT PROOF OF WRONG PART AFTER HAVING PICTURES OF THE PART I ORDERED FROM THEM AND THE ONE I RECEIVED I EVEN OFERED FOR THEM TO COLECT THE WRONG PART AND REFUND ALL MY MONEY BECAUSE I WILL HAVE TO TRASH THE PART IT DOESN'T FIT MY CAR JUST LOST MONEY IT'S A LAST TIME BUYING FROM THIS PLATFORM,Tiago Gaspar,6a5a54f67b418c2287815347,PT,1,"Dear Customer,
We sincerely apologize for any inconvenience you have experienced. We have initiated an investigation into the issue you reported regarding the incorrect item. We will keep you updated on the progress and respond to you via email. Please keep an eye on your inbox for further communication.
Thank you for your understanding and cooperation.
Best regards,
AliExpress Customer Service Team",2026-07-18T06:23:41.000Z
www.aliexpress.com,id:6a5a5440b6312422f62d9cba,native_id,6a5a5440b6312422f62d9cba,1,false,1784311904,07/17/2026 18:11:44,Do not buy in AliExpress 3 month to…,"Do not buy in AliExpress 3 month to receive a reimbursement even it was crear the product was stocked somewhere and i need the product to charge my car as electric it is. The only solution is to wait 90 days as the policy is .. This is a Shame of a quality plataform, i strongly recomendación to buy in others or inmediate markets this is not acceptable",Pedro Barros,5e05e0b5361d615efc0838e0,ES,16,"Dear Customer, 
Thank you for reaching out, and I truly appreciate your patience as we work to resolve this matter for you.
To move forward, I kindly recommend reaching out to your dedicated customer service representative directly. They are best equipped to assist you with your specific case and will guide you through the process. Please be sure to provide any relevant evidence or documentation that supports your situation—this will help us better understand the issue and find a solution more efficiently.
Please trust that we are genuinely committed to helping you and ensuring a fair resolution. Your satisfaction is important to us, and we’ll do everything we can to address your concerns.
Thank you for your understanding and cooperation.
Best regards,
AliExpress Customer Service Team",2026-07-18T06:27:24.000Z
www.aliexpress.com,id:6a5a4f209aede00236cd12f2,native_id,6a5a4f209aede00236cd12f2,1,false,1784310592,07/17/2026 17:49:52,Une fois de plus,"Une fois de plus, je me suis encore fait arnaquer sur AliExpress, et en plus je dois retourner la marchandise à mes frais, c’est devenu un site à bannir complètement",Etienne Jacquet,61d6893e5f51740012e36f8f,FR,34,"Cher client,

Merci pour les informations fournies. Malheureusement, nous n'avons pas pu retrouver les détails de votre commande à l'adresse e-mail indiquée. Nous vous enverrons un e-mail prochainement. Veuillez y répondre en nous fournissant les justificatifs nécessaires, comme une preuve de paiement, afin que nous puissions vous aider à localiser votre commande et à résoudre ce problème.

Nous vous remercions de votre collaboration et attendons votre réponse.

Cordialement,

Service client AliExpress",2026-07-18T06:34:53.000Z
www.aliexpress.com,id:6a5a44e46f67568f04851da8,native_id,6a5a44e46f67568f04851da8,1,false,1784307972,07/17/2026 17:06:12,i am blacklisted by a seller so i can…,"15/07/26
i am blacklisted by a seller so i can not send him messages through chat. 
I get reply :contact customer service. 
i contact customer service, show them the screen shots which of course they only read after you tell them : Please READ before asknig questions. 
Case gets escalated to ""senior team"" 

""Case ID: 2053808431988221
Start Time: 2026-07-16 20:31""

17/07/2026
I get email reply from Aliexpress:

""We are sorry to inform you that for some reason the seller has added you to their shop's blacklist. If you still wish to purchase from this seller, please contact the seller to discuss the matter. Thank you for your understanding and co-operation."" 🤦🏼‍♂️

I reply:
I can not contact seller because he has blocked my messages. Why do you ask me to contact seller ??

Please provide useful solution to this issue instead of just a useless link and telling me to contact him.

UPDATE: 18/07/26

Aliexpress replies:
We are sorry to inform you that for some reason the seller has added you to their shop's blacklist.

Please comply, thank you for your cooperation. You need to operate it yourself.If you do not know how to contact the merchant, here are some instructions for you, please click here for more information.

🤦🏼‍♂️🤦🏼‍♂️🤦🏼‍♂️

My answer:

I repeat: 

I can not contact seller because he has blocked my messages. 

Do your job and contact him to know why I have been blacklisted

Provide useful solution to this issue instead of just a useless link and telling me to contact him.

More in next episode 💀",nwol,6a5a4498ff3db2ecfeb708df,FR,1,"Dear Customer,
Please accept our deepest apologies for any inconvenience you've faced. We have taken action to investigate the issue you reported. We will respond to you via email and update the progress in this thread. Please kindly pay attention to check your email box.
Thank you for your understanding and cooperation.
Best regards,
AliExpress Customer Service Team",2026-07-18T06:47:30.000Z
www.aliexpress.com,id:6a5a4466119586e94bb35eca,native_id,6a5a4466119586e94bb35eca,1,false,1784307846,07/17/2026 17:04:06,Sent a watch strap back still intact ,"Sent a watch strap back still intact 
Asking for a refund they don’t want it back 
After a long process I have been given permission to return back to them 
Sent back the watch strap 
Was given a refund of £16.89 
The strap cost £85.39 
No reason why that much 
Spoken to them still don’t give a reason why 
They just give you the runaround 
And still don’t explain why only 16.89 
Should have been £85.39 
They have a 90 day return period 
And I sent back to them 2 days after receiving it they are rubbish rubbish 
Don’t buy anything from them they are useless and useless and rubbish still will not give me my refund they send the had to take 2.5% off for handing and to pay for the return and the exchange rate sill only received £16.89 where is the rest of the money £85.39
They have done nothing to help me at all they are useless and rubbish is this how they treat their customers after a return don’t want to give your money back shame on them shame on them where is my £85.39 refund not the £16.89 that you gave me RUBBISH 

now they say they have lost the strap and that why they only paid £16.89   it should be £85.39 they lost it we go a round and around do not buy from them if have to return it you will not get your money back 
it a  all thy want is your money and do not care  

so the refund was £16.89 should have be £85.39 ",Customer,586a8cd60000ff000a67c2bd,GB,7,"Dear valued customer,
First and foremost, please allow us to express our deepest apologies for the inconvenience you’ve experienced regarding your refund. We are truly sorry that this has happened, and we cannot thank you enough for bringing this matter to our attention. Your patience and understanding mean the world to us during this time.
We want to assure you that we are actively investigating this issue with the utmost urgency. Our team is working tirelessly to resolve it as quickly as possible, and we will personally ensure that you receive a detailed update via email every step of the way. Please keep an eye on your inbox, as we promise to keep you fully informed throughout this process.
Once again, thank you for giving us the opportunity to make things right. You are incredibly important to us, and we are committed to ensuring your complete satisfaction.
Warm regards,
AliExpress Customer Service Team",2026-07-18T06:51:17.000Z
www.aliexpress.com,id:6a5a3eb0c661d9b07be03b8d,native_id,6a5a3eb0c661d9b07be03b8d,2,false,1784306384,07/17/2026 16:39:44,désorme je ne commanderai plus sur ali…,désorme je ne commanderai plus sur ali express car avec les taxes cela  revient au meme que dans les commerces de proximite,jean claude fjc,6835a6b62f2478c75a02a600,FR,2,"Cher client,

Nous vous prions de nous excuser pour la gêne occasionnée. Les prix peuvent être modifiés lors du paiement en raison de divers facteurs, notamment les changements de prix du vendeur, les fluctuations monétaires, les taux de change, le lieu d'expédition, l'adresse de livraison (pays/région), le mode de livraison choisi, les promotions, les remises ou les coupons. Le calcul de la TVA sera mis à jour en conséquence.

N'hésitez pas à nous contacter si vous avez des questions ou besoin d'aide.

Cordialement,

L'équipe du service client AliExpress",2026-07-18T06:53:36.000Z
www.aliexpress.com,id:6a5a3ac96e1ede4ed4e83a03,native_id,6a5a3ac96e1ede4ed4e83a03,1,false,1784305385,07/17/2026 16:23:05,The Worst Online Shopping Experience…,"The Worst Online Shopping Experience I’ve Ever Had

This has been, without question, the worst online shopping experience I have ever had.

The air conditioner I received arrived damaged. I immediately reported the issue, expecting the platform to protect the buyer when an item arrives defective.

Instead, I was repeatedly asked to return a very large and heavy item by self-shipping. I explained multiple times that I have health limitations and live alone, making it physically impossible for me to transport it. None of this was taken into consideration.

Customer service kept promising that my case would be escalated, but nothing ever changed. I spent hours contacting support, repeating the same explanation to different agents, only to receive the same scripted responses. In one case, an agent kept me waiting for a long time while supposedly working on my case, and the chat was automatically closed by the system for “no response” even though I was actively waiting.

I even tried to reach a reasonable solution with the seller, but the seller refused to cooperate. Instead of holding the seller accountable for shipping a damaged product, AliExpress placed the entire burden on me.

After shopping on many online marketplaces over the years, I have never experienced customer service this frustrating. This experience has completely destroyed my confidence in buying from AliExpress again.

My advice to anyone purchasing expensive or heavy items is simple think twice before ordering. If something goes wrong, don’t assume the platform will stand behind you.",Steve Ustin,6a5a3ab6ff3db29b14b6f604,US,1,"Dear Customer,
We are truly sorry for the inconvenience you’ve experienced regarding your return. Please accept our heartfelt apologies for any frustration this may have caused. We have promptly begun looking into the issue you reported and will reach out to you via email as soon as we have updates.
Kindly take a moment to check your inbox regularly, as we will be sending important updates there. Your patience and understanding during this time mean a great deal to us, and we deeply appreciate your cooperation.
If you have any further concerns or questions, please don’t hesitate to let us know.
Warm regards,
AliExpress Customer Service Team",2026-07-18T06:55:19.000Z
www.aliexpress.com,id:6a5a38637aded33e23cb2592,native_id,6a5a38637aded33e23cb2592,1,false,1784304771,07/17/2026 16:12:51,Expérience catastrophique,"Expérience catastrophique avec AliExpress.

J’ai acheté un smartphone d’environ 300 €, couvert par la garantie acheteur AliExpress. Pourtant, le colis a été volé ou détourné par le prestataire de livraison choisi par le vendeur. Le livreur a même signé à ma place afin de faire apparaître le colis comme livré.

J’ai transmis une attestation sur l’honneur confirmant la non-réception du colis. Malgré plusieurs réclamations, le vendeur et AliExpress refusent toujours de me rembourser.

J’ai ouvert un litige, mais je n’ai reçu que des réponses automatiques, suivies de refus systématiques, sans véritable examen de la situation ni prise en compte des preuves fournies.

Je ne comprends pas pourquoi aucune méthode de sécurisation de la livraison, comme un code de remise ou une vérification d’identité, n’est mise en place pour des produits de cette valeur.

À ce jour, malgré toutes mes relances, je n’ai obtenu aucune solution ni aucun remboursement.

Une expérience extrêmement décevante avec un mépris total pour les clients.
",Roman,6a5a384d7b418c9bf8811bed,FR,1,"Cher client,

Nous vous prions de bien vouloir accepter nos excuses pour les désagréments occasionnés par la non-réception de votre colis. Une enquête est en cours et nous vous tiendrons informé par e-mail. Nous mettrons également à jour cette conversation au fur et à mesure de l'avancement de la situation. Veuillez consulter régulièrement votre boîte de réception.

Nous vous remercions de votre patience et de votre coopération.

Cordialement,

L'équipe du service client AliExpress",2026-07-18T06:57:55.000Z
www.aliexpress.com,id:6a5a2e23d2ab6612e539aadd,native_id,6a5a2e23d2ab6612e539aadd,1,false,1784302147,07/17/2026 15:29:07,Aliexpress ne réponds pas aux mails,"Aliexpress ne réponds pas aux mails. Ils répondent lorsque nous écrivons au travers de Truspilot. Cela leur donne bonne conscience, mais ils ne vous donnent pas en direct de réponse pour régler le problème et ils ne veulent pas rembourser leur erreur. De plus leur communication est quasi irréelle à comprendre. D'une part ils font ceux qui ne comprennent pas votre demande et il faudrait envoyer plusieurs fois les mêmes preuves de leur erreur, et en plus  une communication supplémentaire me précise qu'ils vont me livrer ce qu'ils m'ont déjà livré (avec erreur). Je voudrais bien avoir la réponse d'un responsable et pas d'une IA.",MendesFrance,602aa776e375b4001a42ea80,FR,19,"Cher client,

Nous vous remercions de nous avoir contactés et de votre patience pendant que nous travaillons à la résolution de ce problème.

Pour aller de l'avant, nous vous recommandons de contacter directement votre représentant du service client dédié. Il est le mieux placé pour vous aider et vous accompagnera tout au long de la procédure. Veuillez fournir toute preuve ou documentation pertinente qui étaye votre situation ; cela nous permettra de mieux comprendre le problème et de trouver une solution plus rapidement.

Soyez assuré(e) de notre engagement à vous aider et à trouver une solution équitable. Votre satisfaction est notre priorité et nous mettrons tout en œuvre pour répondre à vos préoccupations.

Nous vous remercions de votre compréhension et de votre coopération.

Cordialement,

L'équipe du service client AliExpress",2026-07-18T02:00:44.000Z
www.aliexpress.com,id:6a5a2dc848d8919b20be1be2,native_id,6a5a2dc848d8919b20be1be2,3,false,1784302056,07/17/2026 15:27:36,Finora tutto bene ma adesso con le…,"Finora tutto bene ma adesso con le nuove alte spese di spedizione conviene comprare in europa. Le leggi europee fanno sempre danno ai consumatori
",Marco Bianchi,656d758db7323900122b18b2,IT,6,"Gentile cliente,

La ringraziamo per il suo feedback. Prenderemo attentamente in considerazione i suoi suggerimenti e li utilizzeremo per migliorare i nostri servizi.

Apprezziamo la sua opinione e ci impegniamo a offrire un'esperienza migliore ai nostri clienti. Per qualsiasi ulteriore suggerimento o dubbio, non esiti a contattarci.

Cordiali saluti,

Team del Servizio Clienti di AliExpress",2026-07-18T02:11:42.000Z
www.aliexpress.com,id:6a5a2809b4dd6b225b389b54,native_id,6a5a2809b4dd6b225b389b54,1,false,1784300585,07/17/2026 15:03:05,aliexpress a mai più ,"aliexpress a mai più 
dopo più di 10 anni che acquisto su aliExpress è arrivato il momento per me di interrompere il rapporto con loro. il 22 maggio di quest'anno ho acquistato un video proiettore (ordine n.3073095234119789), articolo consegnato il 29 maggio. appena aperto e provato mi sono accorto che non funzionava per cui ho contattato l'assistenza clienti di aliExpress che, dopo aver voluto documentato il mal funzionamento, mi hanno chiesto di restituire l'articolo inviandomi una etichetta per la restituzione. l'1 giugno ho spedito il reso con corriere UPS che ha consegnato regolarmente l'articolo il 9 giugno. gli ho inoltrato la ricevuta di spedizione in quanto 
dal sito di aliExpress il reso risultava da spedire nonostante invece fosse già stato consegnato.
ebbene fino ad oggi, dopo piu di un mese dalla consegna del reso, attendo un rimborso da parte loro. li ho contattati diverse volte ma le loro risposte sono standard (sia che chatto con operatore virtuale e non) risposte che servono, non a risolvere il problema, ma a prendere tempo, dando l'impressione di non vole rimborsare. pertanto dopo questa esperienza negativa non mi rimane altro che non fare più acqusti da loro. so bene che per loro  la perdita  di un cliente non fa testo ma comunque sarà mia cura raccontare questa mia esperienza negativa avuta con aliExpress, sia con parenti, amici, conoscenti, vicini nonché raccontarla sul web dove potrò farlo e recensire negativamente aliExpress. ",piero pistone,60d1120c190dfd001a23b66d,IT,8,"Gentile Cliente,

Ci scusiamo sinceramente per l'inconveniente causato dal prodotto ricevuto che non funziona come previsto. Abbiamo già avviato un'indagine sul problema e la forniremo aggiornamenti via e-mail il prima possibile. La preghiamo di controllare la sua casella di posta elettronica per ulteriori comunicazioni.

Se dispone di ulteriori dettagli o informazioni a supporto del problema, non esiti a condividerle con noi tramite questa e-mail o attraverso il nostro Centro assistenza. La sua collaborazione e pazienza durante questo processo sono molto apprezzate.

La ringraziamo per aver portato la questione alla nostra attenzione e ci scusiamo ancora una volta per qualsiasi disagio che questo possa averle causato.

Cordiali saluti,

Team del Servizio Clienti AliExpress",2026-07-18T02:22:39.000Z
www.aliexpress.com,id:6a5a2709bbf77bb922106fae,native_id,6a5a2709bbf77bb922106fae,1,false,1784300329,07/17/2026 14:58:49,Make that make sense!,"A  package I ordered was reported by the local courier as undeliverable because my address was unknown? (Not my first time buying, and no issues previously). I tried following up but there were no contact details of the courier company available online for me to follow up. When I requested a refund from Aliexpress my request was turned down since I could not produce proof of non-delivery of the package.  Make that make sense!!",Wayne,5b7bc1d64de5666d342b9c80,NZ,6,"Dear Customer,
We sincerely apologize for the inconvenience you’ve experienced regarding the non-receipt of your package. We have already initiated an investigation into this matter and will respond to you via email with updates. Additionally, we will keep this thread updated as progress unfolds. Please be sure to check your inbox regularly for our communication.
Thank you for your patience and cooperation.
Best regards,
AliExpress Customer Service Team",2026-07-18T02:23:40.000Z
www.aliexpress.com,id:6a5a25e980c1cd426feb3883,native_id,6a5a25e980c1cd426feb3883,1,false,1784300041,07/17/2026 14:54:01,Account bloccato per un ordine fantasma mai arrivato. Assistenza pessima ,"Servizio clienti totalmente inefficiente. Voglio chiudere definitivamente il mio account AliExpress, ma il sistema mi impedisce di farlo a causa di una pendenza ancora aperta per un vecchio ordine del 12 dicembre 2025.

Ho pagato 61,57 € per un articolo che non è mai arrivato. Il venditore stesso mi ha confermato in chat che la merce non era disponibile, ma l'ha fatto solo dopo che avevo già pagato. Nonostante le mie decine di segnalazioni sia al venditore che ad AliExpress per riavere il rimborso, ad oggi l'ordine risulta ancora paradossalmente ""in viaggio"" dopo mesi!

Questa situazione assurda mi sta impedendo di esercitare il mio diritto di cancellare l'account.

Chiedo formalmente ad AliExpress:
Per l'ordine n. 3065638978219641: Lo sblocco immediato della pratica, il rimborso completo dei miei 61,57 € e la chiusura manuale dell'ordine così da potermi permettere di eliminare definitivamente il mio account dalla vostra piattaforma.

Smettetela di rispondere con frasi fatte e bot automatici, risolvete questo problema interno.",cesare amoroso,585da4600000ff000a650c83,IT,16,"Gentile cliente,
Ci scusiamo sinceramente per il disagio arrecato dalla mancata ricezione del pacco. Abbiamo già avviato un'indagine in merito e la contatteremo via e-mail per fornirle aggiornamenti. Inoltre, terremo aggiornata questa conversazione man mano che ci saranno sviluppi. La preghiamo di controllare regolarmente la sua casella di posta elettronica per ricevere le nostre comunicazioni.
La ringraziamo per la pazienza e la collaborazione.
Cordiali saluti,
Team del Servizio Clienti di AliExpress",2026-07-18T02:30:18.000Z
www.aliexpress.com,id:6a5a137c31adeddcb890755e,native_id,6a5a137c31adeddcb890755e,1,false,1784295324,07/17/2026 13:35:24,Blago prišlo pokvarjeno,"Blago prišlo pokvarjeno - nedelujoče. Takoj sem zahteval povračilo in sem pričakoval, da bom lahko brezplačno vrnil blago. Temu ni bilo tako, čeprav tako piše v reklami!
Plačal sem 10€ da sem njihovo pokvarjeno blago lahko vrnil. Sedaj je že deset dni pri njih, trgovec je nedosegljiv,Ali pa se samo izgovarja, da še ni potekel, njihov razpoložljiv čas odgovora. ",Jurij Jurtela,6a5a1374ff3db2d5a9b6a83a,SI,1,"Spoštovani kupec,
Iskreno se opravičujemo za morebitne nevšečnosti, ki ste jih imeli v zvezi z vračilom in neizpolnitvijo pogojev za vračilo kupnine. Težavo, ki ste jo prijavili, smo že začeli preiskovati. Odgovor boste prejeli po e-pošti, to temo pa bomo posodabljali z najnovejšim napredkom. Redno preverjajte svoj nabiralnik za posodobitve.
Hvala za razumevanje in sodelovanje.
Lep pozdrav,
Ekipa za pomoč strankam AliExpress",2026-07-18T02:33:50.000Z
www.aliexpress.com,id:6a5a132e860e00e2550c55ac,native_id,6a5a132e860e00e2550c55ac,1,false,1784295246,07/17/2026 13:34:06,Een kleine uiteenzetting:,"Een kleine uiteenzetting:
Eind mei doe ik een bestelling bij alixpress de beloofde leverdatum kon al niet nageleefd worden na ruim 3 weken is het zover kans op uitlevering niet dus krijg een bericht dat het door DHL afgeleverd is niet dus het tweede deel komt als nog 14 dagen later wel binnen maar het eerste word vast beraden gezegd geleverd te zijn na verkopende partij menig keer contact gehad te hebben geen resultaat te boeken en geen contact meer mee te krijgen terug bij Alinietexptes zeggen ze moet je bij DHL zijn die geven ook niet thuis dat bedrijf moeten ze ook boycotten maar ik nog steeds geen eerste deel ontvangen maar wel moeten betalen heb mijn account direct verwijderd van Alibaba want daar wordt je op de site ook niet veel wijzer linkje zus linkje zo moet mij aan mijn woordkeuze houden maar bij deze een waardeloos bedrijf het is dat het een groot concern is die je niet zomaar de das om kan laten doen maar mijn zegen heb je mag van mij afbranden!!!!!!!
Moet dus uiteindelijk ruim anderhalve maand gewoon voor iets betalen wat ik nooit heb gehad, kl.t.n bedrijf ",Harry Laan,6970968d60a40b43f5b930ee,NL,7,"Geachte klant,
Hartelijk dank voor uw geduld. Ik heb gemerkt dat uw toegewezen klantenservicemedewerker momenteel uw zaak behandelt. Vanwege de complexiteit van de situatie kan het iets langer duren voordat deze is opgelost. Ik heb hen echter al verzocht om zo snel mogelijk op uw e-mail te reageren.
Neem alstublieft contact op met uw toegewezen klantenservice via e-mail voor verdere updates.
Bedankt voor uw begrip en we stellen uw medewerking op prijs.
Met vriendelijke groeten,
Het klantenserviceteam van AliExpress",2026-07-18T02:39:11.000Z
www.aliexpress.com,id:6a5a06c23bc9605ebf47b76a,native_id,6a5a06c23bc9605ebf47b76a,2,false,1784292066,07/17/2026 12:41:06,Aliexpress fatica ad accettare resi.,"Aliexpress ha il braccino corto quando si tratta di rimborsare prodotti visivamente non congrui all'ordine.
Ho ordinato in tempi diversi due magliette con stampa personalizzata. La prima volta sbagliata e mi han riconosciuto il reso togliendo spese di spedizione (ok ma l'errore non l'ho fatto io...), la seconda volta sbagliata pure e ora predendono che sia io a spedire a mie spese. NON CI SIAMO!
Un peccato perché è molti anni che acquisto tramite questo sito e pochissime volte ho dovuto fare reso, ma ora i costi stanno aumentando (tra valore prodotto e spedizione + dogana) a parità di qualità e quindi se una cosa non va bene preferisco restituirla.",Roberto,65cb26915ca239001201bfe9,IT,4,"Gentile Cliente,

Ci scusiamo profondamente per l'inconveniente causato dall'articolo errato che ha ricevuto. La preghiamo di essere certo che stiamo prendendo la questione molto seriamente e stiamo indagando attivamente sul problema da lei segnalato relativo all'articolo errato.

Apprezziamo la sua pazienza mentre lavoriamo per risolvere la questione. Riceverà un aggiornamento dettagliato e completo via e-mail e ci assicureremo che questa conversazione rimanga aggiornata. La preghiamo di controllare la sua casella di posta per le nostre comunicazioni.

La sua comprensione e il suo supporto sono molto importanti per noi e ci impegniamo a garantire la sua soddisfazione. Grazie per averci dato l'opportunità di risolvere questo problema.

Cordiali saluti,

Il Team del Servizio Clienti di AliExpress",2026-07-18T02:42:32.000Z
www.aliexpress.com,id:6a5a05d3fb6fb84f4e2bcfa3,native_id,6a5a05d3fb6fb84f4e2bcfa3,1,false,1784291827,07/17/2026 12:37:07,Bestellte und bezahlte Ware nicht erhalten,Bestellte und bezahlte Ware nicht erhalten. Sowohl der Verkäufer als auch AliExpress wollen die Sache aussitzen. Eine Schande das es solche Unternehmen gibt. Ich rate jeden vom Einkauf bei AliExpress ab.,Horst,6755eed3a8509e0fe7084014,DE,3,"Sehr geehrte Kundin, sehr geehrter Kunde, wir entschuldigen uns aufrichtig für die Unannehmlichkeiten, die Ihnen durch den Nichterhalt Ihres Pakets entstanden sind. Wir haben bereits eine Untersuchung eingeleitet und werden Sie per E-Mail über den Stand der Dinge informieren. Wir halten Sie auch hier auf dem Laufenden. Bitte überprüfen Sie regelmäßig Ihren Posteingang. Vielen Dank für Ihre Geduld und Ihr Verständnis. Mit freundlichen Grüßen, Ihr AliExpress Kundenservice-Team",2026-07-18T02:46:09.000Z
www.aliexpress.com,id:6a5a01d413466ea5f2721791,native_id,6a5a01d413466ea5f2721791,1,false,1784290804,07/17/2026 12:20:04,E' una azienda che riesce a prendere in…,"E' una azienda che riesce a prendere in giro chi acquista.
Educatamente ti fanno perdere tempo nei rimborsi senza risolvere il problema. ",GAETANO ARNONE,62379ab8dac5c800120efa24,IT,2,"Gentile cliente,
La ringraziamo per la pazienza. Ho notato che il suo caso è attualmente gestito dal suo referente del servizio clienti. Data la complessità della situazione, la risoluzione potrebbe richiedere un po' più di tempo. Tuttavia, ho già sollecitato il referente a rispondere alla sua email il prima possibile.
La preghiamo di continuare a comunicare con il suo referente del servizio clienti via email per ulteriori aggiornamenti.
La ringraziamo per la comprensione e per la collaborazione.
Cordiali saluti,
Team del Servizio Clienti di AliExpress",2026-07-18T02:53:56.000Z
www.aliexpress.com,id:6a5a01a44a1d5110cd867aaf,native_id,6a5a01a44a1d5110cd867aaf,1,false,1784290756,07/17/2026 12:19:16,Al limite della truffa !!,"Al limite della truffa !!! Per me è una truffa . Sul sito scrivono il titolone in nero in grassetto 
2 Pezzi Fari LED Mobili 19x15W RGBW con Zoom, Wash e Beam, DMX512 per DJ, Discoteca, Feste, Teatro, Illuminazione Scenica CE
POI NE ARRIVA UNO SOLO !!! in grigio chiaro su sfondo bianco con caratteri microscopici vicino al prezzo 1x ed il prezzo . 1x vi assicuro che è faticoso da leggere. E' palesemente una tecnica per ingannare il cliente.  Devo dire che il prezzo infatti mi ha lasciato perplesso ed avrei dovuto prestare maggiore attenzione MAI MAI PIU' ALIEXPRESS. Diffidate",Fabio Gandolfi,66d566507e32b2948d34c81a,IT,8,"Gentile cliente,

Ci dispiace moltissimo che il suo ordine non sia arrivato completo. Non è certo questa l'esperienza che desideriamo offrirle! Lei merita solo la perfezione e ci dispiace davvero tanto!

Le assicuriamo che stiamo trattando la questione con la massima urgenza! Il nostro team è già al lavoro per indagare su cosa sia andato storto e siamo determinati a fare chiarezza il prima possibile. Non appena avremo aggiornamenti, glieli invieremo direttamente via email, in modo che non si perda nemmeno un passaggio del nostro processo. La preghiamo quindi di controllare la sua casella di posta elettronica (e magari anche la cartella spam) per rimanere aggiornato.

Per qualsiasi ulteriore domanda o necessità di assistenza, non esiti a contattarci. Siamo sempre a sua disposizione.

Cordiali saluti,

Team del Servizio Clienti AliExpress",2026-07-18T02:58:14.000Z
www.aliexpress.com,id:6a59ff99f8b81a894013623b,native_id,6a59ff99f8b81a894013623b,1,false,1784290233,07/17/2026 12:10:33,Avoid like the plague,"Everything is fine as long as the correct item is delivered and on time. 

If something goes wrong, that is not your fault, you're doomed.

In this case, I ordered 3 car grills, left, right and front. I waited 35 days for the order to deliver.
When it arrived, the order was incomplete. The seller had only sent the right and front. Left was missing.

I was offered a small partial refund. Not even an option for the missing part to be shipped???

To source the part locally, it would cost me double the amount I was offered as a part refund. 

I messaged back with this information. 

Due to the delay in communication and my car already being in the garage for so long, I ordered the missing part with next day delivery and sent everything to the garage so they could resume the repair. 

A few days later they are insisting on a full return and to add insult to injury, I have to pay the return shipping upfront!?

Many more emails and live chats followed. I explained it's impossible for me to return, as the parts have been sent on to the garage. 

Live chat agents tell me I'll receive a refund, then I receive an email telling me to return the item and threatening to close the case. 

Absolutely shocking and disgraceful customer service.
____________________________________________

EDIT - In response to your reply

Completely fake concern (most likely AI generated). The email I received after this are the same, copy/paste responses. Neither the individual seller, nor AliExpress are interested in resolving anything. And they are in China so literally above any UK law.
",Myr R4,5c4b7a8fd246cf1de85b444e,GB,9,"Dear Customer,
We are absolutely mortified to hear that your order arrived incomplete. This is simply unacceptable, and we cannot apologize enough for the frustration and inconvenience this must have caused you. It should never have happened, and we are deeply sorry for letting you down in such a way.
We are already on high alert to investigate how this could have occurred, leaving no detail unchecked to ensure it doesn’t happen again. As soon as we have any updates or progress to share, we will send them directly to your inbox. So please, keep an eye on your email (and spam folder, just in case!) so you don’t miss a thing.
You mean the world to us, and we are truly grateful for your patience while we work to resolve this issue. If there’s anything else we can do to make this right please don’t hesitate to reach out. We’re here to serve you with all our hearts.
With our sincerest apologies,
AliExpress Customer Service Team",2026-07-18T03:03:06.000Z
www.aliexpress.com,id:6a59fc9d281bb506cc3804ca,native_id,6a59fc9d281bb506cc3804ca,2,false,1784289469,07/17/2026 11:57:49,vendedor vendendo produto que nao é permitido,Vendedor vendeu produto que nao é liberado pela alfandega. Aguardando estornar o dinheiro,douglas,6a59fc89236e3dda64d79922,BR,1,"Prezado(a) Cliente,

Pedimos sinceras desculpas pelo inconveniente causado pela retenção alfandegária do seu pacote e pelo atraso resultante. Informamos que iniciamos uma investigação minuciosa para identificar a causa e evitar que isso se repita.

Enviaremos atualizações regulares por e-mail sobre o andamento da investigação e as medidas que estamos tomando para solucionar o problema. Agradecemos sua compreensão e cooperação, e estamos empenhados em garantir sua satisfação e a entrega pontual do seu pedido.

Agradecemos sua paciência e a confiança contínua em nós.

Atenciosamente,

Equipe de Atendimento ao Cliente do AliExpress",2026-07-18T03:07:11.000Z
www.aliexpress.com,id:6a59f34b6bef4252599eb1c5,native_id,6a59f34b6bef4252599eb1c5,1,false,1784287083,07/17/2026 11:18:03,"Bauletto moto danneggiato, nessun rimborso","Il prodotto è arrivato danneggiato: presentava un'evidente ammaccatura. Fortunatamente è comunque utilizzabile, quindi ho contattato l'assistenza di AliExpress chiedendo un rimborso parziale, perché desideravo tenere l'articolo. Dopo aver aspettato oltre un mese per la consegna, non avevo né il tempo né la voglia di restituirlo e attendere un'altra spedizione.

L'assistenza mi ha invitato ad aprire una richiesta di reso. Ho allegato tutte le foto del bauletto danneggiato, ma la richiesta è stata respinta. Ho ricontattato il servizio clienti, che mi ha detto nuovamente di aprire una richiesta di reso. L'ho fatto una seconda volta, allegando ancora le prove fotografiche, ma anche questa richiesta è stata rifiutata, senza una motivazione concreta. Ho ricevuto soltanto il solito messaggio standard:

""Dopo un attento esame, siamo spiacenti di comunicare che la tua recente richiesta di restituzione/rimborso non soddisfa i nostri standard di prova e, pertanto, non possiamo elaborare il rimborso...""

A quel punto ho contattato nuovamente l'assistenza e mi è stato detto che avrei dovuto registrare un video durante l'apertura del pacco per dimostrare che il danno fosse presente fin dall'inizio.

Ho cercato di spiegare che non è possibile tornare indietro nel tempo e registrare un video che nessuno mi aveva detto fosse indispensabile. Avevo già fornito fotografie chiare del prodotto danneggiato, ma hanno continuato a ripetere che senza il video non avrebbero potuto fare nulla.

La mia esperienza è stata estremamente deludente: il problema non è stato tanto il prodotto danneggiato, quanto la gestione dell'assistenza clienti, che si è limitata a fornire risposte standard senza cercare una soluzione ragionevole. Se un articolo arriva danneggiato e il cliente presenta prove fotografiche, ci si aspetterebbe almeno una valutazione seria della richiesta, soprattutto quando viene chiesto soltanto un rimborso parziale.",Marco,6a59f332b06fbfadfde8d166,IT,1,"Gentile Cliente,

Innanzitutto, desideriamo esprimerle le nostre più sincere scuse per le condizioni in cui è arrivato il suo pacco. Siamo profondamente dispiaciuti che il prodotto sia arrivato danneggiato. Non è certo l'esperienza che desideriamo offrire a nessuno dei nostri stimati clienti, soprattutto a una persona importante come lei. Ci dispiace molto di averla delusa.

Stiamo conducendo un'indagine approfondita per capire cosa sia andato storto, facendo tutto il possibile per garantire che ciò non accada di nuovo. Nel frattempo, la terremo aggiornata via e-mail su ogni fase del processo, in modo che sia sempre informato sui nostri progressi. La preghiamo di controllare la sua casella di posta (e la cartella spam, per sicurezza!) per questi aggiornamenti. Le promettiamo di risolvere la situazione al meglio.

La ringraziamo molto per averci segnalato il problema; il suo feedback è prezioso per noi. Se c'è qualcos'altro che possiamo fare per aiutarla in questo processo, non esiti a contattarci. Siamo qui per servirla con tutto il cuore.

Cordiali saluti,

AliExpress Team del Servizio Clienti",2026-07-18T03:11:38.000Z
www.aliexpress.com,id:6a59f2af1c738f8f8cb1e37d,native_id,6a59f2af1c738f8f8cb1e37d,5,false,1784286927,07/17/2026 11:15:27,Usually no problems with delivery.,Usually no problems with delivery.,IAN CARTWRIGHT,60fae3f53856b30012be3e45,GB,13,"Dear Customer,
Thanks for taking the time to share your feedback. We're glad you're enjoying shopping with us. Our team is always here to provide a great experience, and it's awesome to know you're happy with what we do.
Best regards,
AliExpress Customer Service Team",2026-07-18T01:44:51.000Z
www.aliexpress.com,id:6a59ebff938b49c1de1b0dee,native_id,6a59ebff938b49c1de1b0dee,1,false,1784285215,07/17/2026 10:46:55,BUYER BE WARNED,"Further to my previous review I did receive email from their""Customer Services"".  This is driven by their AI system.  Whilst it is automatic it certainly is not intelligent.  It responds with irrelevant standard paragraphs and request actions unrelated to your request - after which it reuses to accept your request to return / refund.  BUYER BE WARNED - if you manage to get goods which are correct and undamaged - well done, but if you get anything you don't want to keep for whatever reason - you have no chance.  Just check other similar postings. ",Philip Andrew Couch,6006b045f618e10019c1dc19,GB,3,"Dear Customer, 
Thank you for reaching out, and I truly appreciate your patience as we work to resolve this matter for you.
To move forward, I kindly recommend reaching out to your dedicated customer service representative directly. They are best equipped to assist you with your specific case and will guide you through the process. Please be sure to provide any relevant evidence or documentation that supports your situation—this will help us better understand the issue and find a solution more efficiently.
Please trust that we are genuinely committed to helping you and ensuring a fair resolution. Your satisfaction is important to us, and we’ll do everything we can to address your concerns.
Thank you for your understanding and cooperation.
Best regards,
AliExpress Customer Service Team",2026-07-18T03:21:18.000Z
www.aliexpress.com,id:6a59e94f4bb0c5e43d7d6575,native_id,6a59e94f4bb0c5e43d7d6575,1,false,1784284527,07/17/2026 10:35:27,964D80094907F,"964D80094907F
lunga data per la spedizione. non ci sono tracciamento nella merce, fermo in dogana da settimane, nessun info. questo sarebbe primo e ultimo. addios",Sisi Dul,5865ec7b0000ff000a66d91e,IT,5,"Gentile cliente,
Ci scusiamo sinceramente per il disagio arrecato dalla mancata ricezione del pacco. Abbiamo già avviato un'indagine in merito e la contatteremo via e-mail per fornirle aggiornamenti. Inoltre, terremo aggiornata questa conversazione man mano che ci saranno sviluppi. La preghiamo di controllare regolarmente la sua casella di posta elettronica per ricevere le nostre comunicazioni.
La ringraziamo per la pazienza e la collaborazione.
Cordiali saluti,
Team del Servizio Clienti di AliExpress",2026-07-18T03:24:12.000Z
www.aliexpress.com,id:6a59e59e1c56f34afe881239,native_id,6a59e59e1c56f34afe881239,1,false,1784283582,07/17/2026 10:19:42,Se potessi non metterei nemmeno una…,"Se potessi non metterei nemmeno una stella. 30 euro di coperta, risultata da loro consegnata, mai arrivata, mai rimborsata. Eliminato subito applicazione. Grazie Ali express ",Elena Ranieri,626ad0bb8011e50012b58607,IT,3,"Gentile cliente,
purtroppo non siamo in grado di elaborare il suo caso poiché il modulo di richiesta informazioni non è stato compilato e non disponiamo dei dettagli necessari per procedere. Ci scusiamo per gli eventuali disagi che ciò può aver causato. Se ha bisogno di ulteriore assistenza o ha altre domande, non esiti a contattare il nostro Help Center all'indirizzo https://helpcenter.aliexpress.com/s/BuyerHelp.
Cordiali saluti,
Il team del servizio clienti di AliExpress",2026-07-18T03:27:54.000Z
www.aliexpress.com,id:6a59e1bd75296166691a4249,native_id,6a59e1bd75296166691a4249,2,false,1784282589,07/17/2026 10:03:09,Las nuevas normativas y el buscador han empeorado la experiencia,"Las nuevas normativas europeas hacen muy difícil saber el precio final de los artículos. Pensé que con ""choice"" eso quedaba más fácil, pero es inútil. 
También ha cambiado algo el buscador de Aliexpress y ahora el número de sugerencias incorrectas es muchísimo mayor.",Aitzol Zuloaga Izaguirre,636504d3a273830012218d32,ES,3,"Estimado cliente:
Gracias por sus comentarios. Tendremos en cuenta sus sugerencias y las utilizaremos para mejorar nuestros servicios.
Agradecemos sinceramente su opinión y nos comprometemos a brindar una mejor experiencia a nuestros clientes. Si tiene alguna otra recomendación o inquietud, no dude en compartirla con nosotros.
Saludos cordiales,
Equipo de Atención al Cliente de AliExpress",2026-07-18T03:29:05.000Z
www.aliexpress.com,id:6a59dcb51fc435225d5cc9b3,native_id,6a59dcb51fc435225d5cc9b3,1,false,1784281301,07/17/2026 09:41:41,OUER Official Store (Dongguan WaLi) – Defective 58.4V 7A LiFePO4 Battery Charger and Unresolved Warranty Claim on AliExpress,"AliExpress – OUER Official Store (Dongguan WaLi Electronic Co., Ltd.)
Produkt: Ładowarka do akumulatorów LiFePO4 58,V 7A
Kupiłem na AliExpress cztery ładowarki do akumulatorów LiFePO4 58,4 V 7 A od OUER Official Store (Dongguan WaLi Electronic Co., Ltd.). Jedna z nich uległa awarii po bardzo niewielkim rzeczywistym użytkowaniu.
Po zgłoszeniu reklamacji oczekiwałem realizacji gwarancji. Zamiast tego byłem odsyłany od jednej procedury do drugiej, otrzymywałem sprzeczne informacje i wielokrotnie proszono mnie o dowody, które już wcześniej przekazałem.
Nagrałem film, przesłałem zdjęcia i szczegółowo opisałem usterkę. Mimo to nadal nie otrzymałem jednoznacznej decyzji dotyczącej gwarancji.
Sprzedawca deklaruje doskonałą obsługę posprzedażową, jednak moje doświadczenie jest dokładnym przeciwieństwem tych zapewnień. Obietnice zamieszczone na stronie produktu niewiele znaczą, jeżeli po awarii klient trafia do labiryntu sprzecznych informacji, niekończących się procedur i ciągłego proszenia o te same materiały zamiast rzeczywistego rozwiązania problemu.
Niestety Biuro Obsługi Klienta AliExpress również nie rozwiązało problemu. Po zażądaniu dodatkowych dowodów zignorowano przekazane materiały i wielokrotnie odsyłano mnie do procedur, które wcześniej sami uznali za niedostępne dla mojego zamówienia.
Mój wniosek jest prosty: nie mogę polecić ani ładowarki LiFePO4 58,4 V 7 A, ani OUER Official Store (Dongguan WaLi Electronic Co., Ltd.), ani sposobu, w jaki AliExpress potraktował moje zgłoszenie gwarancyjne.
Andrzej Migas

Aktualizacja (18.07.2026):
AliExpress odpowiedział na moją opinię na Trustpilot, ponownie prosząc o kontakt i przekazanie informacji. Niestety właśnie to opisałem w swojej recenzji. Wszystkie wymagane informacje przekazywałem już wielokrotnie. Zamiast rozwiązania mojego zgłoszenia gwarancyjnego byłem odsyłany do tych samych procedur, z których nie mogłem już skorzystać. Odpowiedź AliExpress nie zawiera żadnego konkretnego rozwiązania mojego problemu.",Andrzej,6a59dca8236e3df8afd76462,PL,1,"Szanowny Kliencie,

Przepraszamy za wszelkie niedogodności związane z otrzymanym przez Ciebie produktem, który nie działa zgodnie z oczekiwaniami. Rozpoczęliśmy już badanie problemu i prześlemy Ci aktualizacje e-mailem tak szybko, jak to możliwe. Prosimy o śledzenie skrzynki odbiorczej w celu dalszej korespondencji.

Jeśli posiadasz dodatkowe informacje lub wyjaśnienia dotyczące problemu, prosimy o ich przesłanie za pośrednictwem tego wątku e-mail lub naszego Centrum pomocy. Doceniamy Twoją współpracę i cierpliwość w trakcie całego procesu.

Dziękujemy za zgłoszenie tej sprawy i jeszcze raz przepraszamy za wszelkie problemy, które mogły zostać spowodowane.

Z poważaniem,

Zespół Obsługi Klienta AliExpress",2026-07-18T03:32:51.000Z
www.aliexpress.com,id:6a59d8d6c84f1f77b474a4fd,native_id,6a59d8d6c84f1f77b474a4fd,1,false,1784280310,07/17/2026 09:25:10,Continuano a inviarmi mail e a…,"Continuano a inviarmi mail e a rispondermi qui su trustpilot per farsi dare i riferimenti dell'ordine, per poi fare una FINTA verifica e stabilire che non ho diritto a nulla.

MAI PIU', statene alla larga, io ho già cancellato l'account.
Comprate solo se costa veramente poco e siete sicuri di non dover mai fare un reso o utilizzare la garanzia.",Daniele Argiolas,55b87dc40000ff0001d01071,IT,12,"Gentile cliente,
La ringraziamo per aver portato questa questione alla nostra attenzione. Ci scusiamo sinceramente per il disagio riscontrato.
Desideriamo informarla che stiamo esaminando attivamente il problema da lei segnalato. Tuttavia, poiché l'indagine è ancora in corso, non abbiamo ancora raggiunto una conclusione né le abbiamo inviato un aggiornamento. La assicuriamo che, non appena avremo una soluzione o ulteriori informazioni, la informeremo immediatamente via e-mail. La preghiamo di controllare la sua casella di posta elettronica per la nostra risposta.
Se nel frattempo avesse ulteriori domande o necessitasse di ulteriore assistenza, non esiti a contattarci.
Cordiali saluti,
Team del Servizio Clienti di AliExpress",2026-07-18T03:37:32.000Z
www.aliexpress.com,id:6a59d8c4b5d8d6efcddb376d,native_id,6a59d8c4b5d8d6efcddb376d,1,false,1784280292,07/17/2026 09:24:52,impuestos aliexpres abusivos,compraba mucho ..pero ahora con los impuestos ya no compro no vale la pena,David Nolla Fernández,6294b2030d273c0011032081,ES,9,"Estimado cliente:
Gracias por sus comentarios.
Visite nuestro Centro de ayuda, donde nuestro equipo de atención al cliente estará encantado de ayudarle y brindarle asistencia detallada:
https://helpcenter.aliexpress.com/s/BuyerHelp?
Agradecemos su comprensión y colaboración.
Saludos cordiales,
Equipo de Atención al Cliente de AliExpress",2026-07-18T03:41:42.000Z
www.aliexpress.com,id:6a59d1ae7a9428dcf9387435,native_id,6a59d1ae7a9428dcf9387435,1,false,1784278479,07/17/2026 08:54:39,Ich bin sehr enttäuscht von diesem…,"Ich bin sehr enttäuscht von diesem Verkäufer. Ich habe meine Bestellung bereits im Februar aufgegeben, aber bis heute ist sie nicht angekommen. Ich habe den Verkäufer mehr als 12 Mal kontaktiert und alle möglichen Wege versucht, ihn zu erreichen. Leider habe ich entweder keine Antwort erhalten oder mein Anliegen wurde nicht gelöst.

Das war für mich eine sehr schlechte Erfahrung. Ich kann diesen Verkäufer aufgrund des mangelnden Kundenservices und der nicht gelieferten Bestellung nicht empfehlen.",Zakariya Najmi,6a59d1a6ff3db2a69fb63b68,DE,2,"Sehr geehrte Kundin, sehr geehrter Kunde, wir entschuldigen uns aufrichtig für die Unannehmlichkeiten, die Ihnen durch den Nichterhalt Ihres Pakets entstanden sind. Wir haben bereits eine Untersuchung eingeleitet und werden Sie per E-Mail über den Stand der Dinge informieren. Wir halten Sie auch hier auf dem Laufenden. Bitte überprüfen Sie regelmäßig Ihren Posteingang. Vielen Dank für Ihre Geduld und Ihr Verständnis. Mit freundlichen Grüßen, Ihr AliExpress Kundenservice-Team",2026-07-18T03:46:22.000Z
www.aliexpress.com,id:6a59c4bac539114c89951ec3,native_id,6a59c4bac539114c89951ec3,5,false,1784275162,07/17/2026 07:59:22,Placing orders was so easy…,"Placing orders was so easy ,Communication was great with the sellers.any questions were answered very quickly.",Tom Dignam,69cde1791a47fae73cc0a646,AU,2,"Dear Customer,
Thanks for taking the time to share your feedback. We're glad you're enjoying shopping with us. Our team is always here to provide a great experience, and it's awesome to know you're happy with what we do.
Best regards,
AliExpress Customer Service Team",2026-07-18T01:45:17.000Z
www.aliexpress.com,id:6a59c2f9eeb4c80375214bee,native_id,6a59c2f9eeb4c80375214bee,1,false,1784274713,07/17/2026 07:51:53,Der Zusteller hat mein Paket nicht…,"Der Zusteller hat mein Paket nicht zugestellt, man dreht sich im Kreise, bis man keine Möglichkeiten mehr hat. ",Tuftuf Maus,5c0f79244f49406786b794a2,AT,3,"Sehr geehrter Kunde,
leider müssen wir Ihnen mitteilen, dass wir Ihren Fall aufgrund der unzureichenden Angaben nicht bearbeiten können. Bitte entschuldigen Sie die Unannehmlichkeiten, die Ihnen entstanden sind. Wenn Sie weitere Hilfe benötigen oder zusätzliche Fragen haben, zögern Sie bitte nicht, unser Hilfe-Center bei AliExpress zu konsultieren.
https://helpcenter.aliexpress.com/s/BuyerHelp
Wir danken Ihnen für Ihr Verständnis und Ihre Mitarbeit.
Mit freundlichen Grüßen,
AliExpress-Kundenservice-Team",2026-07-18T03:47:21.000Z
www.aliexpress.com,id:6a59c2e5d39fed3281c2bfe0,native_id,6a59c2e5d39fed3281c2bfe0,1,false,1784274694,07/17/2026 07:51:34,JE REVIENS SUR MON AFFAIRE AVEC VENDEUR…,"JE REVIENS SUR MON AFFAIRE AVEC VENDEUR ALIEXPRESS FR
Je réponds à votre service clients ALIEXPRESS FR.VOUS ME REMERCIER POUR MES EFFORTS DE RESOUDRE MON PROBLEME.
Alors non. Comment me remercier  après avoir reçu 3 rejets de ma demande deremboursement pour un colis jamais reçu?
Trois fois vous avez rejeté ma demande.Vous avez défendu votre vendeur et simplementvous avez laissé croire que je suis un menteur.
Seulement hier vous avez répondu après deux mois de réclamations.et COLISSIMO très serieuse entreprise a répondu.Dans 5 min j' ai recu leur réponse et vous allez recevoir leur e-mail que je reçois très rapidement.Votre vendeur avait oublié de noter le numéros de la rue de mon adresse mais il a recu lecolis retourné par COLISSIMO.
Le e-mail sera publié.Aux lecteurs d'apprécier vos rejets et votre volonté de résoudre un problème.Et je dois encore préciser que mon adresse est la même depuis 13 ans et j' ai recu des dizainesde colis de ALIEXPRESS.",elsal lerou,698a108250800375469401b4,FR,9,"Sehr geehrte Kundin, sehr geehrter Kunde, vielen Dank für Ihre Kontaktaufnahme. Wir wissen Ihre Geduld sehr zu schätzen, während wir an der Lösung Ihres Anliegens arbeiten. Um das Problem zu beheben, empfehlen wir Ihnen, sich direkt an Ihren zuständigen Kundendienstmitarbeiter zu wenden. Dieser kann Ihnen in Ihrem konkreten Fall am besten weiterhelfen und Sie durch den gesamten Prozess begleiten. Bitte stellen Sie uns alle relevanten Nachweise oder Dokumente zur Verfügung, die Ihre Situation belegen. Dies hilft uns, das Problem besser zu verstehen und effizienter eine Lösung zu finden. Wir versichern Ihnen, dass wir uns mit vollem Engagement für Sie einsetzen und eine faire Lösung gewährleisten möchten. Ihre Zufriedenheit ist uns wichtig, und wir werden alles daransetzen, Ihre Anliegen zu klären. Vielen Dank für Ihr Verständnis und Ihre Kooperation. Mit freundlichen Grüßen, Ihr AliExpress-Kundendienstteam",2026-07-18T03:50:17.000Z
www.aliexpress.com,id:6a59b5605dc2b8e5629d8cf2,native_id,6a59b5605dc2b8e5629d8cf2,1,false,1784271232,07/17/2026 06:53:52,Wanted to cancel an order,"Wanted to cancel an order m as I no longer needed it, they refused to let me cancel the order and quickly got it shipped in 1 hr of me complaining 

——
Updated 21/7
No need to investigate, just a simple warning to anyone reading this review ",Sam Newland,6a59b554c2526c17a08d9767,NZ,1,"Dear Customer,
Unfortunately, we are unable to process your case as the request information form has not been filled out, and we lack the necessary details to proceed. We apologize for any inconvenience this may have caused. If you need further assistance or have any additional questions, please don't hesitate to reach out to our Help Center at https://helpcenter.aliexpress.com/s/BuyerHelp.
Best regards,
AliExpress Customer Service Team",2026-07-18T03:51:08.000Z
www.aliexpress.com,id:6a59ac851d2a0af3153c0f79,native_id,6a59ac851d2a0af3153c0f79,5,false,1784268965,07/17/2026 06:16:05,Pequeno comprador e consumidor.  ,"Compro sempre no AliExpress TEMU e Shopee, o melhor é o AliExpress, preços, condições de pagamentos, descontos, confiança no consumidor, logística, só não sei como comprar com moedas, mas mesmo assim é a melhor plataforma de compras.",Waldir,6a59ac48ff3db2340fb625f7,BR,1,"Prezado(a) Cliente,

Agradecemos por dedicar seu tempo para compartilhar seu feedback. Ficamos muito felizes em saber que você gostou da sua experiência de compra conosco. Nossa equipe está sempre empenhada em proporcionar a você uma experiência de compra superior e ficamos muito satisfeitos em saber que você está satisfeito(a) com nosso serviço. Em relação a dúvidas sobre como usar moedas, você também pode encontrar informações e respostas neste link: https://helpcenter.aliexpress.com/s/BuyerHelp/knowledge?categoryId=276144101&m_station=BuyerHelp&questionId=1061168033

Atenciosamente,

Equipe de Atendimento ao Cliente do AliExpress",2026-07-18T01:51:53.000Z
www.aliexpress.com,id:6a59a96b1153394060b04468,native_id,6a59a96b1153394060b04468,1,false,1784268171,07/17/2026 06:02:51,Falscher Artikel wurde geliefert ,"Falscher Artikel wurde geliefert, Nachweise wie verlangt per Fotos und Videos geschickt, Screenshot der Kommunikation mit dem Verkäufer angehängt - alle Voraussetzungen erfüllt.
Trotzdem keine Rückerstattung.  Es werden weitere Nachweise gefordert, die unmöglich zu liefern sind. Hier ein Auszug von den geforderten zusätzlichen Nachweisen:

Zur besseren Untermauerung Ihres Antrags legen Sie bitte die folgenden Belege vor:
1. Postnachweis/Logistikdokumente, die Anomalien bei dem Paket bestätigen. Das Dokument muss die folgenden Details enthalten:
- Paketverfolgungsnummer: Die Verfolgungsnummer sollte mit der vom Verkäufer angegebenen übereinstimmen.
- Logistischer Status: Der Inhalt des Dokuments muss das Problem mit Ihrem Paket widerspiegeln, z. B. Beschreibungen von fehlenden Artikeln, Schäden usw.
- Quelle des Dokuments: Die E-Mail-Adresse sollte von dem Logistikunternehmen stammen. Bei Offline-Dokumenten (z. B. Fotos oder PDF-Dateien) müssen sie vom entsprechenden Logistikunternehmen stammen. Sie sollten zum Beispiel das offizielle Siegel oder die Unterschrift des Logistikunternehmens enthalten.
2. Ein vollständiges Unboxing-Video, aus dem hervorgeht, dass das Problem bereits vor dem Empfang bestand. Das Video muss enthalten:
- Deutliche und sichtbare Verpackungsetiketten.
- Eine vollständige Ansicht der intakten, ungeöffneten Verpackung.
- Bei zweilagigen Etiketten muss das untere Etikett nach dem Entfernen der obersten Lage gezeigt werden.
- Das Datum und die Uhrzeit der Videoaufnahme.
- Eine detaillierte und klare Aufzeichnung des spezifischen Problems, die eine reibungslose Wiedergabe ohne Stottern, Frame-Dropping oder Bearbeitung gewährleistet.
3. Kommunikationsprotokolle mit dem Verkäufer (z. B. Fehlergeständnisse, Rückerstattungsversprechen usw.) — dies dient als ergänzende Beweise. Falls bereitgestellt, ermöglichen sie eine klarere Bewertung der Probleme des Verkäufers.

Natürlich habe ich erst festgestellt,  dass der Artikel falsch ist, NACHDEM ich das Paket geöffnet hatte!
Nachweise von der Post (""amtliche Bestätigung, dass das Paket bereits bei Abholung fehlerhaft war) - wie soll man das machen ?? Soll ich da jetzt nochmal zur Post fahren und nachträglich eine eidesstattliche Erklärung abholen? 
Zudem klebt kein zweites Etikett auf dem Paket, sondern nur eins.
Ich KANN das ""zweite Etikett"" demzufolge gar nicht fotografieren!
Die geforderten Nachweise sind vin AliExpress absichtlich so gewählt, dass man sie nicht erbringen kann und somit Rückerstattung nicht erfolgt.
Ich finde es eine Unzumutbarkeit und Frechheit, wie hier mit den Kunden umgegangen wird. Das hat mit Käuferschutz nichts zu tun und ist absolut käufer-unfreundlich.
",Jessica Schröder,6a34da3d5d63d471febab439,DE,5,"Sehr geehrte Kundin, sehr geehrter Kunde, wir entschuldigen uns aufrichtig für die Ihnen entstandenen Unannehmlichkeiten. Wir haben eine Untersuchung des von Ihnen gemeldeten Problems mit dem falschen Artikel eingeleitet. Wir halten Sie über den Stand der Dinge auf dem Laufenden und antworten Ihnen per E-Mail. Bitte behalten Sie Ihren Posteingang im Auge. Vielen Dank für Ihr Verständnis und Ihre Kooperation. Mit freundlichen Grüßen, Ihr AliExpress Kundenservice-Team",2026-07-18T03:55:53.000Z
www.aliexpress.com,id:6a59a8251070bdc7cf7e652d,native_id,6a59a8251070bdc7cf7e652d,1,false,1784267845,07/17/2026 05:57:25,AliExpress uses online suppliers that usually don't deliver,"AliExpress uses online suppliers that are less than 50% reliable or legitimate. Expect a problem with shipping for many or most orders and constant delays and excuses. A lot of persistence is necessary to cancel and get a refund. I think since most orders are small that most buyers just forget about it and give up without a refund, which I think the seller hopes will happen. I used to order regularly from AliExpress but now I have given up completely. The suppliers need to be vetted by AliExpress and certified reliable, otherwise it is mostly a scam. ",John Ferchak,6997d8b5b2781e24ac31da47,LA,3,"Dear Customer,
Unfortunately, we are unable to process your case as the request information form has not been filled out, and we lack the necessary details to proceed. We apologize for any inconvenience this may have caused. If you need further assistance or have any additional questions, please don't hesitate to reach out to our Help Center at https://helpcenter.aliexpress.com/s/BuyerHelp.
Best regards,
AliExpress Customer Service Team",2026-07-18T03:57:37.000Z
www.aliexpress.com,id:6a5996cd3397c9ff99c5212f,native_id,6a5996cd3397c9ff99c5212f,5,false,1784263405,07/17/2026 04:43:25,Have been using AliExpress for couple…,"Have been using AliExpress for couple months now and find their suppliers, products and service excellent, including an occasion when I decided what I had ordered wasn't exactly what I wanted and the return process was extremely easy.",Robert,69e6b874720868029459d5b2,AU,3,"Dear Customer,
Thanks for taking the time to share your feedback. We're glad you're enjoying shopping with us. Our team is always here to provide a great experience, and it's awesome to know you're happy with what we do.
Best regards,
AliExpress Customer Service Team",2026-07-18T01:52:56.000Z
www.aliexpress.com,id:6a5992ff09437f4523b60af3,native_id,6a5992ff09437f4523b60af3,3,false,1784262431,07/17/2026 04:27:11,Good prices for some items. ,"Some very good original items for sale and at great prices. Some items require an extra postage cost, eg cosmetics.
Difficulty viewing all items in an order. 
Sometimes items in an order are posted separately. Also had difficulty returning an item that was not as described. ",Judy,6881513304313ef480349a73,AU,2,"Dear Customer,
Unfortunately, we are unable to process your case as the request information form has not been filled out, and we lack the necessary details to proceed. We apologize for any inconvenience this may have caused. If you need further assistance or have any additional questions, please don't hesitate to reach out to our Help Center at https://helpcenter.aliexpress.com/s/BuyerHelp.
Best regards,
AliExpress Customer Service Team",2026-07-18T04:02:02.000Z
www.aliexpress.com,id:6a5986b96f11fd56a55626f5,native_id,6a5986b96f11fd56a55626f5,2,false,1784259289,07/17/2026 03:34:49,Regra da RFB não considerada,"Deveria ter sido alertado pelo Aliexpress sobre a regra da Receita Federal do Brasil, que exige que o destinatário seja o mesmo do CPF do comprador.
Meus pedidos foram devolvidos pela alfândega e agora aguardo o reembolso.

São 2 pedidos #:
8212794365208906
8212793404548906",Mario,672bc650d3d3c178b5d2eb7c,BR,2,"Prezado(a) Cliente,

Lamentamos profundamente informar sobre a falha na liberação alfandegária do seu pacote e qualquer inconveniente ou frustração que isso possa ter lhe causado. Saiba que lamentamos sinceramente qualquer transtorno que isso tenha lhe causado.

Garantimos que estamos investigando ativamente o ocorrido para identificar a causa raiz e assegurar que tais incidentes não se repitam. Nossa equipe está trabalhando diligentemente para resolver este problema o mais rápido possível.

Manteremos você informado(a) por e-mail sobre o andamento da nossa investigação e quaisquer outras medidas que tomarmos para solucionar este problema. Sua paciência e compreensão são muito importantes para nós e estamos comprometidos em resolver esta situação de forma satisfatória.

Agradecemos sua confiança e compreensão. Por favor, fique atento(a) à sua caixa de entrada para receber nossas atualizações e não hesite em nos contatar caso tenha mais alguma dúvida ou preocupação.

Atenciosamente,

Equipe de Atendimento ao Cliente do AliExpress",2026-07-17T05:36:46.000Z
www.aliexpress.com,id:6a5985c7d164970f15dc803f,native_id,6a5985c7d164970f15dc803f,5,false,1784259047,07/17/2026 03:30:47,The range of product outstanding,"The range of product outstanding, the quality and pricing is excellent and that is why I placed the order.  On the rare occasion, if I need to refund process is simple and easy.",Jeff Davis,6a5985b7c2526c22258d832a,AU,1,"Dear Customer.

Thank you for contacting us. We apologise for your unpleasant shopping experience. Our agent sent you an email, please check it out. If you have any questions, please feel free to reply to us via email and we will respond as soon as possible.

Thank you for your understanding and support!

Sincerely.

AliExpress Customer Service Team",2026-07-17T03:39:48.000Z
thehalara.com,id:6a5f56d776f16b56daaab10c,native_id,6a5f56d776f16b56daaab10c,5,true,1784640247,07/21/2026 13:24:07,Great costumer service,Great costumer service. My item was as described. Will definitely shop again. ,Monica,6a5f56d6c2526c57b39396f0,US,1,,
thehalara.com,id:6a5f558017574b4c01e53eb2,native_id,6a5f558017574b4c01e53eb2,1,false,1784639904,07/21/2026 13:18:24,One star only because zero isn’t an…,"One star only because zero isn’t an option

Absolutely appalling service from Halara.

I placed my order on 26 June and received confirmation stating that delivery would take 5–7 business days, with a possible additional delay of 1–2 days. Based on the information provided at checkout and in the confirmation email, I reasonably expected my order to arrive by around 9 July at the latest.

Instead, it finally arrived on 21 July, more than 25 days after I placed the order. I had specifically ordered the clothes for a holiday from 12–19 July, so by the time they arrived, they were completely useless to me. Had Halara been honest about the actual timescale, I would never have placed the order.

I also spoke to a Halara customer service agent, who incredibly tried to claim that the order had arrived “on time” because it was delivered within 5–7 days of being shipped. They conveniently ignored the fact that Halara took around 20 days after I placed the order to ship it in the first place. Customers are given an expected delivery timeframe from the date they order— not from whatever date Halara eventually decides to dispatch it.

To make matters even worse, I have now discovered that I am expected to pay to return the clothes, despite only returning them because Halara failed to deliver within anything remotely close to the timeframe promised. It is outrageous that I should be left out of pocket because of their delays and poor service.

The delivery information was misleading, the customer service response was dismissive, and the overall experience has been incredibly frustrating. I certainly will not be ordering from Halara again, and I strongly advise anyone needing an order for a holiday, event or specific date to shop elsewhere.",Marion Bryant,63358e0ba9883700120c3119,GB,5,,
thehalara.com,id:6a5f54ae041d32646ca8b517,native_id,6a5f54ae041d32646ca8b517,5,true,1784639694,07/21/2026 13:14:54,Great fit and quality,Great fit and quality ,Jessica Wester,64c95be642b3880012ed6a13,US,4,,
thehalara.com,id:6a5f548860b204515707af13,native_id,6a5f548860b204515707af13,1,true,1784639656,07/21/2026 13:14:16,I’m not interested in using your…,I’m not interested in using your company anymore. Please take me off your constant mailing list.,Jay,6a5f54877b418c0b05864781,US,1,,
thehalara.com,id:6a5f53b3dd2769445e397700,native_id,6a5f53b3dd2769445e397700,5,true,1784639443,07/21/2026 13:10:43,I'm OBSESSED,"I am OBSESSED with everything I ordered. Though it took quite awhile to receive, I'm very happy with all the items. The shorts fit soooooo perfectly. They are comfortable and don't ride up during activity. The romper is adorable and so lightweight! I'll definitely be ordering again!",Laura,6a5f53b2b06fbf4e0bee80a2,US,1,,
thehalara.com,id:6a5f53089b17927e443096b7,native_id,6a5f53089b17927e443096b7,5,true,1784639272,07/21/2026 13:07:52,Toller Kundenservice ,"Toller Kundenservice , ich hatte eine Reklamation, da mir eine Hose nicht gefallen hat und es gab keinerlei Probleme. Die anderen Hosen sehen gut aus, auch nach dem Waschen. Total bequem . Ich werde auf jeden Fall wieder dort bestellen. ",Natalie Gessner-Rademacher,689504209600697e2af8aeb8,DE,3,,
thehalara.com,id:6a5f51a01d51465758f4e2be,native_id,6a5f51a01d51465758f4e2be,5,true,1784638912,07/21/2026 13:01:52,I am a Halara girl for life!!!!,"I love the fit..they are the most comfortable jeans I ever owned and being only 5'1"" the length is perfect in petite..I  never owned a pair of bell bottoms that didn't drag on the ground these fit perfectly for my short frame. I am so glad I ordered them and im gonna purchase every color..I absolutely love everything
I ever ordered from Halara. A big win for me thankyou. Everything is always shipped pretty quickly ive never had a problem with the delivery service. I am definitely A Halara girl!!!  Oh and I love the free gifts the socks are amazingly soft and comfortable ",JoAnn,6a5f519fc2526c84b0938c1f,US,1,,
thehalara.com,id:6a5f4ee6f9b7636f799c06ec,native_id,6a5f4ee6f9b7636f799c06ec,5,true,1784638214,07/21/2026 12:50:14,Von der Bestellung bis zum Erhalt der Ware ging es schnell. Ware hat eine gute Qualität. ,Habe erstmal bestellt. Von der Bestellung bis zur Lieferung ging es schnell.  Die Ware hat eine gute Qualität! Gern wieder!,Andrea,6a5f4ee5ff3db22fe3bc138c,DE,1,,
thehalara.com,id:6a5f4e424ac1343060ebf7be,native_id,6a5f4e424ac1343060ebf7be,5,true,1784638050,07/21/2026 12:47:30,Preis-Leistungsverhältnis 1A,"Passt alles super, wunderschöne Schnitte, Preis-Leistungsverhältnis 1A!!! Schöne Qualität und kein Bügeln nötig. Nur die Lieferung hat ein bisschen lang gedauert. Trotzdem absolut weiterzuempfehlen.",Sandra R.,6a25e48b6142ad84353b96d7,DE,3,,
thehalara.com,id:6a5f4d736750e71623ff8ffa,native_id,6a5f4d736750e71623ff8ffa,3,true,1784637843,07/21/2026 12:44:03,Der Stoff sieht in der Werbung feiner…,Der Stoff sieht in der Werbung feiner aus,Karin,6a5f4d72ff3db29f7ebc10f3,CH,1,,
thehalara.com,id:6a5f4cfe1b9cba6e87dc1e10,native_id,6a5f4cfe1b9cba6e87dc1e10,5,true,1784637726,07/21/2026 12:42:06,Repeat shopper!,"Always can find what I am looking for, usually with a great discount. Repeat shopper x 20!",Larry Diaz,61374f5609f6400012063e55,US,2,,
thehalara.com,id:6a5f4cfeb475b901de47b15a,native_id,6a5f4cfeb475b901de47b15a,5,true,1784637726,07/21/2026 12:42:06,Absolutely delighted 🙌🏻👍,"Thought the social media posts were too good to be true. I gave it a chance. I am delighted !!!! With quality, fit, weight of fabric and the feel of trousers. I ordered two and will be ordering more. I rarely give reviews but on this occasion. ",Eileen Coogans,5c755a83d3b1071add7e9a08,GB,23,,
thehalara.com,id:6a5f4cc002888bf51d0d8263,native_id,6a5f4cc002888bf51d0d8263,5,true,1784637664,07/21/2026 12:41:04,They feel amazing on and look great too.,They feel amazing on and look great too. ,Mary Gladding,650ed8ed3b8c000012cff8fc,US,2,,
thehalara.com,id:6a5f4c7b459412e368d65fae,native_id,6a5f4c7b459412e368d65fae,1,true,1784637595,07/21/2026 12:39:55,Pants do not fit and I do not like the…,Pants do not fit and I do not like the material. They look cheap. I am trying to return them but the site won’t let me. Pls help me with that problem. Thanks Julie Sheff ,Julie,6a5f4c7a236e3dd20bdd2945,US,1,,
thehalara.com,id:6a5f4bd3347c1a9c55a9b6fb,native_id,6a5f4bd3347c1a9c55a9b6fb,5,true,1784637427,07/21/2026 12:37:07,Easy,Very simple ,BJ,6a5f4bd27b418cfd468636ba,US,1,,
thehalara.com,id:6a5f4a6c2d61ed5332045a88,native_id,6a5f4a6c2d61ed5332045a88,5,true,1784637068,07/21/2026 12:31:08,Love the paints,Love the paints. Order came swiftly. No hassel on the return just because I didn't like the style.,Dawn,6a5f4a6b236e3d442add2581,US,1,,
thehalara.com,id:6a5f488a2f11ade2d5af2301,native_id,6a5f488a2f11ade2d5af2301,5,true,1784636586,07/21/2026 12:23:06,Website is easy to navigate,"Website is easy to navigate. Items are described we’ll, checkout process is easy.",Melanie Ladek,642a0f3d4793ef0014c208de,US,8,,
thehalara.com,id:6a5f4866c1c07d28f0af70cd,native_id,6a5f4866c1c07d28f0af70cd,4,true,1784636550,07/21/2026 12:22:30,Good customer service nice product good…,Good customer service nice product good delivery.  ,MRS SUSAN TURNER,5b60a9884de5666d3478db8b,GB,13,,
thehalara.com,id:6a5f46cd5e6913be3ed40b63,native_id,6a5f46cd5e6913be3ed40b63,5,true,1784636141,07/21/2026 12:15:41,Work,Good deals.,Gretchen,6a5f46cd236e3d4825dd1eaa,US,1,,
thehalara.com,id:6a5f457c4af6c78ff396f56c,native_id,6a5f457c4af6c78ff396f56c,5,true,1784635804,07/21/2026 12:10:04,I LOVE EVERYTHING I order from Halara!,I LOVE EVERYTHING I order from Halara!! It's all SO comfortable and SO cute!! ,Taryn Driggers,6253fd1230e1fa0012d7d0e0,US,3,,
thehalara.com,id:6a5f446966741ffb842b66c5,native_id,6a5f446966741ffb842b66c5,1,true,1784635529,07/21/2026 12:05:29,I didn’t receive my order,I didn’t receive my order.  They are doing nothing about it. They told me to contact the delivery company.  I feel like it’s there probably. They are the ones that picked that delivery company!!! I don’t have time to do this !!! Never will I order from them again!! And will tell everyone I know how I feel!!!!!!,Donna,6a5f4468ff3db20c41bc0076,US,1,,
thehalara.com,id:6a5f3ef9c5626873c6f0194a,native_id,6a5f3ef9c5626873c6f0194a,5,true,1784634137,07/21/2026 11:42:17,Although slightly more expensive I know…,Although slightly more expensive I know why now. Have ordered 4 items all staple everyday garments. Very flattering and comfortable. Keeps belly flat highly recommend.,Helen ,5907b25d0000ff000a933b94,GB,28,,
thehalara.com,id:6a5f3ea1e0e07c811841ffce,native_id,6a5f3ea1e0e07c811841ffce,5,true,1784634049,07/21/2026 11:40:49,Sehr bequem zu tragen ,Schnelle Lieferung. Qualität wie beschrieben. Kann ich nur weiter empfehlen ,Sonarzu Sucu,59ff341c0000ff000ade4246,DE,2,,
thehalara.com,id:6a5f3d9ff5ef028deb8d1a85,native_id,6a5f3d9ff5ef028deb8d1a85,5,true,1784633791,07/21/2026 11:36:31,Harlara Shorts,"Harlara Shorts

Tried shorts in the past for workouts but found them to ride up and was not comfortable.  Saw Harlara had an offer on shorts and read some reviews and thought ok lets try!
WOW, I live in the them.  Great for working out or just for relaxing.  Will be buying more in the future. ",Yo Mamamation,6245b8513ea46000126f113e,GB,8,,
thehalara.com,id:6a5f3bc5b47657e1b294e57a,native_id,6a5f3bc5b47657e1b294e57a,5,true,1784633317,07/21/2026 11:28:37,great product delivered fairly promptly,great product delivered fairly promptly ,Carol,6a5f3bc4b06fbf68b6ee535f,GB,1,,
thehalara.com,id:6a5f3b4312a1c61d3e88c716,native_id,6a5f3b4312a1c61d3e88c716,3,true,1784633187,07/21/2026 11:26:27,Die Ware ist sehr gut.,"Die Ware ist sehr gut.
Allerdings finde ich die Anzahl der Mails zur Bestellung extrem viel und manchmal auch nicht aktuell. Außerdem würden mir die Mails in deutscher Sprache reichen. Warum englisch???",Susanne Lehmann,63ff44e9dbe97d0013b39d7b,DE,2,,
thehalara.com,id:6a5f39b778f333891b27d80d,native_id,6a5f39b778f333891b27d80d,5,true,1784632791,07/21/2026 11:19:51,Goods arrived quickly and updates sent…,"Goods arrived quickly and updates sent on when goods would arrive.I was very pleased with my purchase, well worth the money. ",Susan_Dalgleish,54d8e6a80000ff0001a9d903,GB,15,,
thehalara.com,id:6a5f391f70db6353441918d6,native_id,6a5f391f70db6353441918d6,5,true,1784632639,07/21/2026 11:17:19,Love my new Halara shorts,"Love my new Halara shorts. 
I bought two pairs; ones with inner shorts for not so hot days/more sporty activities and ones without are great for heatwaves as they keep you cool and don’t ‘ride up’ when you walk. Halara was recommended to me and I have already recommended them on to others. ",Carli,61b77ed2a33af4001234fe02,GB,10,,
thehalara.com,id:6a5f390e65889e6390929c9f,native_id,6a5f390e65889e6390929c9f,5,true,1784632622,07/21/2026 11:17:02,Absolutely Fabulous!!!,This is my third order.  I love the quality and fit of the clothing.  I will definitely be ordering more.,Michelle Ramsay,5fc38a7c246e5d001af90761,GB,7,,
thehalara.com,id:6a5f390527b2ea2628cc06d0,native_id,6a5f390527b2ea2628cc06d0,5,true,1784632613,07/21/2026 11:16:53,Fabric,"Hi team, the shopping experience was fantastic. The materials of the pants I purchased, I would give it a 4 out of 5.  I guess I purchased the wrong styles.",Jessica,6a5f3904ff3db23e3ebbec58,US,1,,
thehalara.com,id:6a5f384132140e7054380933,native_id,6a5f384132140e7054380933,3,true,1784632417,07/21/2026 11:13:37,Shipping is EXTREMELY SLOW,"The clothing is great, the shipping takes extremely long.  Makes you not want to buy anything anymore. ",Mi,6a5f3840ff3db23dc0bbeb19,US,1,,
thehalara.com,id:6a5f351a6aad177f95dd5684,native_id,6a5f351a6aad177f95dd5684,5,true,1784631610,07/21/2026 11:00:10,Alles super,Alles super,Sandra,6a5f3519b06fbf0aceee47f0,DE,1,,
thehalara.com,id:6a5f31db37dfccdf9f1358c4,native_id,6a5f31db37dfccdf9f1358c4,4,true,1784630779,07/21/2026 10:46:19,Die Hose ist sehr schön,"Die Hose ist sehr schön. Ich bin sehr zufrieden. 
Der Versand war lange und sehr teuer.",Stefanie Kennedy,6a115b81dd910c1ee06fb423,DE,3,,
thehalara.com,id:6a5f319146a84a18c842e62b,native_id,6a5f319146a84a18c842e62b,2,true,1784630705,07/21/2026 10:45:05,Disappointed ,"Ive bought loads of jeans/trousers and always loved them. Always great quality and never minded having to wait for delivery, I ordered the new linen look ones and they were great so ordered 2 more pairs. The quality of the second pair is awful. I have only worn them once and the leg seams are splitting already. Very disappointed.

",Anne-Marie Jacobs,53b9c25100006400017d6ec2,GB,37,,
thehalara.com,id:6a5f2e57ca80d012407a4730,native_id,6a5f2e57ca80d012407a4730,5,true,1784629879,07/21/2026 10:31:19,I LOVE HALARA. BOTTOMS ARE ALWAYS PERFECTION. ,"i love halara ! probably won’t need to purchase bottoms both jeans and otherwise , including shorts - from anywhere else honestly. ",Alexandra Pratt,68a37bbf9600691e2607f457,US,2,,
thehalara.com,id:6a5f2d27a918d87ebca1f1b5,native_id,6a5f2d27a918d87ebca1f1b5,1,false,1784629575,07/21/2026 10:26:15,Ich würde am liebsten keinen Stern…,"Ich würde am liebsten keinen Stern geben, so Ärger ich mich gerade !!!!!! Ich warte seit Wochen auf die Bestätigung meiner Retoure, die nachweislich von der Post bei Halara zugestellt wurde!!!!! Eine Sendung über 100 Euro. Als Kontakt erhältst du nie wirklich Hilfe sondern landest immer bei irgend welchen Chatbots ",Marina Stecher,69004dff3e4e0d0da2ba7ca0,AT,2,,
thehalara.com,id:6a5f2cccc9ed107d832ae436,native_id,6a5f2cccc9ed107d832ae436,4,true,1784629484,07/21/2026 10:24:44,I order some linen trousers again as I…,I order some linen trousers again as I found the first couple of pairs I bought got a bit smaller after the wash. The new pairs were different leg length so I’ve had to had one pair taken up but they are lovely trousers,Emma ,571dbdc20000ff000a1a4fcb,GB,129,,
thehalara.com,id:6a5f2b08cfd435897edd621f,native_id,6a5f2b08cfd435897edd621f,5,true,1784629032,07/21/2026 10:17:12,Absolutely loved the trousers and love…,"Absolutely loved the trousers and love the style of tops, so comfy I don't want to take it off",Emma ,608855a0a3836a0013d12f1c,GB,6,,
thehalara.com,id:6a5f2a79f5bd8f389abf1973,native_id,6a5f2a79f5bd8f389abf1973,4,true,1784628890,07/21/2026 10:14:50,good quality ,Clothes arrived and were good quality and fit.  ,Angela,60997d25a30680001a60654b,GB,11,,
thehalara.com,id:6a5f25cd0b407e2fe3de4fb4,native_id,6a5f25cd0b407e2fe3de4fb4,4,true,1784627693,07/21/2026 09:54:53,Great products would order again,Great products would order again ,Sue,69f7625b79190580ae1ba000,GB,1,,
thehalara.com,id:6a5f22594edfc2f222bae63e,native_id,6a5f22594edfc2f222bae63e,2,true,1784626809,07/21/2026 09:40:09,Ich habe einige Teile behalten und muss…,"Ich habe einige Teile behalten und muss den Großteil allerdings zurückschicken. Dieses ist ein wahnsinniger Aufwand, der die Freude am Shopping bei Halara leider sehr trübt. Wer nicht alles behalten will sollte hier nicht bestellen. ",Yvonne,6a5f2259c2526cfd0193372c,DE,1,,
thehalara.com,id:6a5f2205b0810b66efdf6f09,native_id,6a5f2205b0810b66efdf6f09,5,true,1784626725,07/21/2026 09:38:45,Petite Style and fit were perfect,"Petite Style and fit were perfect! Colors are easy to pair with anything.  Shipping and delivery time were better than expected. 
Thank you!",Happy customer,6a5f2204236e3d0af1dcde33,US,1,,
thehalara.com,id:6a5f20c7bd2eee82d4dfc834,native_id,6a5f20c7bd2eee82d4dfc834,2,false,1784626407,07/21/2026 09:33:27,Very dissatisfied,Very dissatisfied.  Purchased high waisted/elastic waist trousers in May. Only worn three times. The fabric (viscose mix) has gone bobbly and the binding sealing the waist band has come off leaving raw edges which are frayed and “stripping”. Would not buy from this company again. ,Christine Croft,6a5f20bf7b418c46f085ec04,GB,1,,
thehalara.com,id:6a5f1d1cdc47a89dca66b5bd,native_id,6a5f1d1cdc47a89dca66b5bd,1,true,1784625468,07/21/2026 09:17:48,Habe was bestellt und es passt mir…,"Habe was bestellt und es passt mir nicht und es ist kompliziert es zurück zu senden es wird ständig die Bestellung nicht gefunden ich werde definitiv nichts mehr bestellen  ,ganz liebe Grüße ",Julia,6a5f1d1bff3db22375bbbde5,DE,1,,
thehalara.com,id:6a5f1c8f25a16eee73d81d2f,native_id,6a5f1c8f25a16eee73d81d2f,1,true,1784625327,07/21/2026 09:15:27,Der Kundenservice ist eine Katastrophe-…,"Der Kundenservice ist eine Katastrophe- im Chat antwortet keiner und per Mail habe ich nur gesagt bekommen, dass ich meine Teillieferung erst retournieren kann wenn die andere Teillieferung abgeholt wurde. Diese wurde jedoch bereits automatisch zurück gesendet und nun kann ich mein Paket nicht retournieren.",Janina,6a5f1c8eb06fbfd715ee1f54,DE,1,,
thehalara.com,id:6a5f1c3444baed0f428c13eb,native_id,6a5f1c3444baed0f428c13eb,4,true,1784625236,07/21/2026 09:13:56,Leicht tragbar ,"Qualität und Lieferung sind gut.
Ich trage die Hosenröcke sehr gerne. Waschen, schnell trocken wieder anziehen. ",Heidrun,6898663e65125e415740bae7,DE,2,,
thehalara.com,id:6a5f19c077ec7db4dd4f9c52,native_id,6a5f19c077ec7db4dd4f9c52,5,true,1784624609,07/21/2026 09:03:29,Gorgeous jumpsuit,"Gorgeous jumpsuit! I bought this for my daughter and she loved it so much that I bought a second one. Great quality, genius split at the back to allow you to go the toilet! Highly recommend. ",sharon shepherd,5c6011c0d2a869176bd210e7,GB,16,,
thehalara.com,id:6a5f18545d5bb217674e52a5,native_id,6a5f18545d5bb217674e52a5,5,true,1784624244,07/21/2026 08:57:24,Very comfortable ,Very comfortable with a good fit. The only downside is the time it takes for delivery although that does seem to have improved,Angela Lovett,575ee17d0000ff000a28c985,GB,46,,
thehalara.com,id:6a5f17def28932dc6d817451,native_id,6a5f17def28932dc6d817451,5,true,1784624126,07/21/2026 08:55:26,Prompt service and delivery and items…,Prompt service and delivery and items as described and good quality,Angela,5f7b373c20cb1731d74eefa6,GB,10,,
thehalara.com,id:6a5f1765f7ac76cecd445da3,native_id,6a5f1765f7ac76cecd445da3,5,true,1784624005,07/21/2026 08:53:25,Alles bestens,"Alles bestens - wie immer. Qualität wie beschrieben, die Bestellung wird einfach verarbeitet und die Lieferung war im geplanten zeitlichen Rahmen",Melanie,5adddfd24de5666d34af8f8f,AT,5,,
thehalara.com,id:6a5f1374eea6cbfb4a277a78,native_id,6a5f1374eea6cbfb4a277a78,3,true,1784622996,07/21/2026 08:36:36,50/50,Trousers fine.  Shorts not as expected. Delivery good.,Linda Jones,5e4548917762da23e027762c,GB,12,,
thehalara.com,id:6a5f12ad3379e95c99f91e87,native_id,6a5f12ad3379e95c99f91e87,5,true,1784622797,07/21/2026 08:33:17,Artikel war besser als erwartet.,Artikel war besser als erwartet.,Sabine Maschke,5d9e1e25078639275a1d3fbc,DE,4,,
thehalara.com,id:6a5f117f9485bcf4a46a5557,native_id,6a5f117f9485bcf4a46a5557,4,true,1784622495,07/21/2026 08:28:15,Lovely fit and fabric,"Lovely fit and fabric, just took over a week to arrive.",Jayne Bason,65aebdd3a18864001280c7e7,GB,2,,
thehalara.com,id:6a5f0e4fbf0c256126cc9d53,native_id,6a5f0e4fbf0c256126cc9d53,5,true,1784621679,07/21/2026 08:14:39,Qualität ,Halara hat sehr gute Qualität wo ich überrascht war und zum super Preis es dauert zwar bis die Bestellung kommt. ,Semra Yördem,68a7340e65125e2a0a5135fc,DE,5,,
thehalara.com,id:6a5f0b9ed6e724ad1cf7ee94,native_id,6a5f0b9ed6e724ad1cf7ee94,5,true,1784620990,07/21/2026 08:03:10,Alles gut,Alles gut. Diesmal sehr schnelle Lieferung. Ware und Passform top! ,Melanie,61b47605954016001210ee2e,DE,5,,
thehalara.com,id:6a5f09751390b784f1909933,native_id,6a5f09751390b784f1909933,5,true,1784620437,07/21/2026 07:53:57,I like that my items were shipped out…,I like that my items were shipped out fast ,Tiffanie,6a5f09747b418c208e85d5e6,US,1,,
thehalara.com,id:6a5f084f0fdc66e3cba8c076,native_id,6a5f084f0fdc66e3cba8c076,5,true,1784620143,07/21/2026 07:49:03,first time order ,"Quick shipping, tracking once it got close wasn't the best.  I have been looking at the dresses for awhile. It is SO hard to find anyone that has built in bras that aren't just a 'shelf bra'. I am a DDD and those aren't going to do a darn thing. I finally took the chance and  I am really impressed with the quality of the clothes. I got 2 dresses, 2 tops, some accessories and overalls.  everything was true to size or correct to the size chart.  plan to order again!",heather,691dce3d34d80c94c37d6555,US,2,,
thehalara.com,id:6a5f05f8c628984c19ccb5e9,native_id,6a5f05f8c628984c19ccb5e9,5,false,1784619544,07/21/2026 07:39:04,I had a successful return.,I had a return and was having difficulty completing it. Someone from Halara contacted me and helped me. I’m so thankful for the help and will be placing a new order soon.,Sally Ann Delaney,641ae8b7fa335b0013ea63bb,US,2,,
thehalara.com,id:6a5f05e643cc827e8e68fe1f,native_id,6a5f05e643cc827e8e68fe1f,5,true,1784619526,07/21/2026 07:38:46,Schnelle Lieferung,"Schnelle Lieferung, sehr gute Passform
Bin begeistert, Dankeschön ☺️",Silvia,678bea2efb436964ded093d2,DE,5,,
thehalara.com,id:6a5f0318dc6bc54839a31fb9,native_id,6a5f0318dc6bc54839a31fb9,4,true,1784618808,07/21/2026 07:26:48,Die Rücksendung gestaltete sich etwas…,"Die Rücksendung gestaltete sich etwas umständlich.
Ansonsten alles gut",Karin,6a5f0316c2526c208b931a4b,DE,1,,
thehalara.com,id:6a5effe9e60b66d873bcae63,native_id,6a5effe9e60b66d873bcae63,4,true,1784617993,07/21/2026 07:13:13,Delivery time is poor and communication…,Delivery time is poor and communication even by the app needs improving. Easy to order so why not easy to track ,Paula,540c4bd90000640001890c15,GB,18,,
thehalara.com,id:6a5efcad2fab36101d5e6aa7,native_id,6a5efcad2fab36101d5e6aa7,4,true,1784617165,07/21/2026 06:59:25,Kundendienst top,"Kundendienst top, Hose zu gross",Beatrice,6402e840e151240014130143,CH,5,,
thehalara.com,id:6a5efbab2cf4783e5348e013,native_id,6a5efbab2cf4783e5348e013,5,true,1784616907,07/21/2026 06:55:07,Amazing fit!,Amazing fit!,Tierra B,5c45d5c8703a768f8a9116b3,US,3,,
thehalara.com,id:6a5ef68dc89e7bd41405cce5,native_id,6a5ef68dc89e7bd41405cce5,5,true,1784615597,07/21/2026 06:33:17,Alles super 🤩,Alles super 🤩 ,Birgit Koeck,691181cf51678ed3098c3bd6,AT,3,,
thehalara.com,id:6a5ef4973c5070ab57b23352,native_id,6a5ef4973c5070ab57b23352,4,true,1784615095,07/21/2026 06:24:55,Die Hose ist wirklich sehr sommerlich…,Die Hose ist wirklich sehr sommerlich leicht. Material ist 👍. ,N.W,6749bd4a74d186557f1e667b,DE,2,,
thehalara.com,id:6a5ef118d606534da523d2ca,native_id,6a5ef118d606534da523d2ca,5,true,1784614200,07/21/2026 06:10:00,quick turnaround from order to…,"quick turnaround from order to shipping, great designs and colors",Daphne,692cb9e731cbb92b2a568c16,US,2,,
thehalara.com,id:6a5ef00b83dbdb1d9fa43e29,native_id,6a5ef00b83dbdb1d9fa43e29,5,true,1784613931,07/21/2026 06:05:31,Immer wieder gerne ,"Ich bin mit meiner Bestellung bei Halara sehr zufrieden. Die Kleidung entspricht den Bildern, ist hochwertig verarbeitet und trägt sich angenehm. Besonders positiv fand ich die Passform und die gute Qualität der Stoffe. Auch die Lieferung verlief problemlos und die Artikel waren sorgfältig verpackt. Insgesamt eine sehr gute Erfahrung – ich werde hier gerne wieder bestellen und kann Halara mit gutem Gewissen weiterempfehlen.",Zora Löffler,5db9382a4c1783bfed5b3920,DE,4,,
thehalara.com,id:6a5eeb2e58f474fc28203554,native_id,6a5eeb2e58f474fc28203554,4,true,1784612686,07/21/2026 05:44:46,Response to my feedback without me…,Response to my feedback without me directly contacting them. ,Alisha,6a59c845b06fbfbc0be8973b,US,2,,
thehalara.com,id:6a5ee976685c1d18eb74e54e,native_id,6a5ee976685c1d18eb74e54e,5,true,1784612246,07/21/2026 05:37:26,Love love love,I love all 4 pants that I have bought.  ,Rosalinda Viramontes,66d7c0cf9ca5ba7a87a61695,US,3,,
thehalara.com,id:6a5ee8f03ec3b7b805e403dc,native_id,6a5ee8f03ec3b7b805e403dc,5,true,1784612113,07/21/2026 05:35:13,Great quality clothes the skirts and…,"Great quality clothes the skirts and shorts I got are super comfortable, soft fabric and fit true to size!",Robert,695469f43d98f0aa470fc892,US,2,,
thehalara.com,id:6a5ee8d39184d0159de45c7b,native_id,6a5ee8d39184d0159de45c7b,4,true,1784612083,07/21/2026 05:34:43,Shipping took longer than expected,Shipping took longer than expected,Monika,6a5ee8d2b06fbfa814edfe55,US,1,,
thehalara.com,id:6a5ee7bcf982c93cc93f8963,native_id,6a5ee7bcf982c93cc93f8963,5,true,1784611804,07/21/2026 05:30:04,Go Halara! ,Great experience from beginning to end.  Fast secure shipping and quality products. ,Lina,6a5ee7bab06fbf31a5edfdd1,US,1,,
thehalara.com,id:6a5ee67c3d24a041cbcd2cd7,native_id,6a5ee67c3d24a041cbcd2cd7,5,true,1784611484,07/21/2026 05:24:44,Great stuff ,Loved the pants! Fit well!,Diana,6a5ee67b7b418c394185c4a5,US,1,,
thehalara.com,id:6a5ee650c878ce59ed25cf0e,native_id,6a5ee650c878ce59ed25cf0e,5,true,1784611440,07/21/2026 05:24:00,Super Hosen ,"Super Hosen , hab schon das 4 x bestellt und war immer zufrieden . Die Hosen sind Mega bequem und halten super .Die Lieferung dauert zwar etwas ist es mir aber wert . ",Naomi Wolf,635bfc19156bd00017a66b47,DE,6,,
thehalara.com,id:6a5ee6209f3bf31eda39f410,native_id,6a5ee6209f3bf31eda39f410,5,true,1784611392,07/21/2026 05:23:12,Quality is perfect,"Quality is perfect, I love the shorts and the leggings! Hyper fixation is the shorts I can’t get enough, just the delivery that lets it down when ordered off the app it takes too long ",Heather,65462e97df1ff40011964530,GB,2,,
thehalara.com,id:6a5ee2282cab789b4ddbda9e,native_id,6a5ee2282cab789b4ddbda9e,1,true,1784610376,07/21/2026 05:06:16,Several items were to big,Several items were to big. When I tried to return the items it is nearly impossible to return them. They have the worst return system.,Ashlee,6a5ee227b06fbf474dedfb45,US,1,,
thehalara.com,id:6a5ee1ec1124155d922d575c,native_id,6a5ee1ec1124155d922d575c,2,true,1784610317,07/21/2026 05:05:17,Sent me the wrong size,"Sent me the wrong size, I don't fit 2 of them now. Just gave them away to a 6th grader who could fit them. 
Always love the products but occasionally get the wrong size. ",Heather Wilson,64deb03ace7fb20014599134,US,2,"Hello,
Thank you for sharing your feedback. We're truly sorry to hear that you received the wrong size for two of your items.
Our team has already reached out to you via email regarding this matter so we can assist you further and work toward the best possible solution. Please kindly check your inbox (including your spam/junk folder) and reply to our email at your convenience.
Thank you for your patience and for giving us the opportunity to make things right.",2026-07-21T10:18:09.000Z
thehalara.com,id:6a5ee083316949a4558a7bd5,native_id,6a5ee083316949a4558a7bd5,5,true,1784609955,07/21/2026 04:59:15,I love the quality of their clothing,I love the quality of their clothing. The pants are true to size as well as their dresses. ,terri Miller,69ea2b452c172780f871a7fb,US,3,,
thehalara.com,id:6a5edffc5b5e3306c15b8bb1,native_id,6a5edffc5b5e3306c15b8bb1,1,true,1784609820,07/21/2026 04:57:00,No respons lately,No response lately,Reem,6a5edffbc2526cd3bc93094d,US,1,"Hello,
Thank you for reaching out to us. We're truly sorry to hear that you have not received a response recently.
We completely understand how frustrating it must be to be waiting for assistance without an update. Please accept our sincere apologies for the delay and any inconvenience this has caused.
If you have any further questions, please contact us at service@cs.halara.com. We're here to assist you!
Thank you for your patience and understanding. We appreciate the opportunity to help resolve this for you.",2026-07-21T10:22:27.000Z
thehalara.com,id:6a5edf3533f34de968276c33,native_id,6a5edf3533f34de968276c33,5,true,1784609621,07/21/2026 04:53:41,Nice selection of clothes,"Nice selection of clothes for great prices. Love the quality, soft material comfortable pants",Barbara Wagner,5d92acb59b9e300bc492dd46,US,4,,
thehalara.com,id:6a5edda9147c9afec333a737,native_id,6a5edda9147c9afec333a737,5,true,1784609225,07/21/2026 04:47:05,Great price,"Great price, received product in timely manner,  and loved the shorts I ordered.  They fit like a glove",Carrie,6a5edda8b06fbf634aedf916,US,1,,
thehalara.com,id:6a5edd81c696aab61d9721c9,native_id,6a5edd81c696aab61d9721c9,5,true,1784609185,07/21/2026 04:46:25,Breites Angebot,"Breites Angebot, gute Qualität, Passform stimmt, angenehme Preise und schnelle Lieferung ",Petra,6a588396b06fbf153ce6f526,DE,2,,
thehalara.com,id:6a5edc0899f84792244c1db6,native_id,6a5edc0899f84792244c1db6,5,true,1784608808,07/21/2026 04:40:08,The material feels great,The material feels great. I don’t like wearing shorts but I will wear these. Next I will try the jeans ,Connie,6a5edc07b06fbf0a8cedf821,US,1,,
thehalara.com,id:6a5eda484be4df530a29c197,native_id,6a5eda484be4df530a29c197,5,true,1784608360,07/21/2026 04:32:40,Easy to order and I receive my packages…,Easy to order and I receive my packages in excellent time.,Terri,6a5eda487b418cfbb585bf0a,US,1,,
thehalara.com,id:6a5ed9d8230c53b20e314b97,native_id,6a5ed9d8230c53b20e314b97,5,true,1784608248,07/21/2026 04:30:48,Item was undeliverable at my PO Box and…,Item was undeliverable at my PO Box and the probkem was quickly resolved and I received my package promptly.,Lydia,6a5ed9d77b418ca26185beca,PR,1,,
thehalara.com,id:6a5ed8edf89fa1446916a172,native_id,6a5ed8edf89fa1446916a172,5,true,1784608013,07/21/2026 04:26:53,Easy to order,Easy to order.  Great products with really good quality. ,Katina,6a5ed8ecb06fbfbd81edf698,US,1,,
thehalara.com,id:6a5ed7cacd7b72f59731dc88,native_id,6a5ed7cacd7b72f59731dc88,4,true,1784607722,07/21/2026 04:22:02,Skirt was too long,Skirt was too long. Love everything else. ,Michelle,6a5ed7c9236e3d2003dcac84,US,1,,
thehalara.com,id:6a5ed6f9d4f2813468bf0cad,native_id,6a5ed6f9d4f2813468bf0cad,5,true,1784607513,07/21/2026 04:18:33,Everything fit as expected,"Everything fit as expected. And I really, like the purchases I made.",Monica,6a5ed6f8c2526c56079304c0,US,1,,
thehalara.com,id:6a5ed5a0678eefa21d215e81,native_id,6a5ed5a0678eefa21d215e81,5,true,1784607168,07/21/2026 04:12:48,I have not received the products yet,I have not received the products yet,Leon,6a5ed59fc2526cf19f930401,US,1,,
thehalara.com,id:6a5ed4768dc365311a904cf4,native_id,6a5ed4768dc365311a904cf4,1,true,1784606870,07/21/2026 04:07:50,Damaged item that I can't select to return,I have contacted customer care about receiving a damaged non returnable swimsuit.   I was told to follow a quick link for returning it.   However i could not select to return that item and have emailed customer care again to advise.   They still have not replied so review may be different should they reply and make it right. ,Patricia,6a5ed476236e3dc5bbdcaac0,US,1,"Hello,
Thank you for taking the time to share your feedback with us. We're truly sorry to hear about the difficulties you experienced with the damaged swimsuit and the return process.
We would like to confirm that we have received your email, and our relevant team has processed this matter.
Thank you for your patience and for giving us the opportunity to make things right.",2026-07-21T10:23:22.000Z
thehalara.com,id:6a5ed381f21dd8e28bcb6547,native_id,6a5ed381f21dd8e28bcb6547,5,true,1784606625,07/21/2026 04:03:45,Great jeans,Great jeans! Well made!,Sheree,6a5ed380c2526ce63e9302e1,US,1,,
thehalara.com,id:6a5ed20f35fdcabd8fccaa12,native_id,6a5ed20f35fdcabd8fccaa12,2,true,1784606255,07/21/2026 03:57:35,It took over a month for my order and…,It took over a month for my order and everything except one pair of shorts was way to big,Kelly,6a5ed20eff3db22b23bb91cb,US,1,"Hello,
Thank you for sharing your feedback. We're truly sorry to hear that your order took longer than expected to arrive and that most of the items did not fit as you hoped.
Our team has already reached out to you via email regarding this matter so we can assist you further and work toward the best possible solution. Please kindly check your inbox (including your spam/junk folder) and reply to our email at your convenience.
Thank you for your patience and for giving us the opportunity to make things right.",2026-07-21T10:08:16.000Z
thehalara.com,id:6a5ed122a00a7bb40ee03c97,native_id,6a5ed122a00a7bb40ee03c97,5,true,1784606018,07/21/2026 03:53:38,Highwaisted drawstring pants…,"I bought 3 pair of the high waisted drawstring pants while they were on sale. Love the fabric! I am barely 5'3"" and ordered the petite. The length is perfect. I read previous reviews and ordered the small size. They fit beautifully. Very happy with my purchase. Previously had only ordered leggings from Halara.",Sharon  McGrail,6566857ec7b8e00012b5fbeb,US,5,,
thehalara.com,id:6a5ed0c9aaa950599edce65b,native_id,6a5ed0c9aaa950599edce65b,3,true,1784605929,07/21/2026 03:52:09,No pockets and how long it took to come,No pockets and how long it took to come ,Mm,6a5ed0c9236e3d8d86dca8ec,US,1,"Hello,
Thank you for sharing your feedback. We're truly sorry to hear that the item did not meet your expectations, especially regarding the pocket design and the delivery time.
Our team has already reached out to you via email regarding this matter so we can assist you further and work toward the best possible solution. Please kindly check your inbox (including your spam/junk folder) and reply to our email at your convenience.
Thank you for your patience and for giving us the opportunity to make things right.",2026-07-21T10:11:30.000Z
thehalara.com,id:6a5ecff3587b023f7f53f7ed,native_id,6a5ecff3587b023f7f53f7ed,3,true,1784605715,07/21/2026 03:48:35,I got two pairs of the popular shorts…,I got two pairs of the popular shorts and they just don’t fit like I thought they would. ,Christie Austin,63d934112a1d7800129df3a4,US,3,"Hello,
Thank you for sharing your feedback. We're truly sorry to hear that the shorts did not fit as you expected.
Our team has already reached out to you via email regarding this matter so we can assist you further and work toward the best possible solution. Please kindly check your inbox (including your spam/junk folder) and reply to our email at your convenience.
Thank you for your patience and for giving us the opportunity to make things right.",2026-07-21T10:05:46.000Z
thehalara.com,id:6a5ecf5ffaff474d648e0446,native_id,6a5ecf5ffaff474d648e0446,5,true,1784605567,07/21/2026 03:46:07,customer service is awesome,customer service was great to work with ,Stephie moore,65ad5af19148e50012d85d34,US,2,,
thehalara.com,id:6a5ecf5de760dd82511a38d6,native_id,6a5ecf5de760dd82511a38d6,5,true,1784605565,07/21/2026 03:46:05,Fabulous Company and Products,"I have ordered several pairs of incredibly comfortable jeans, in several colors. They are my go to choice for daily wear. I have also purchase other types of pants in various colors and have found them a wonderful addition to my wardrobe, especially when I need to dress more formally. The quality of both types of pants is great, they hold their shape and the color has not faded. Ordering is easy and delivery has never disappointed. I simply can't rate these pants high enough!",Charlene McC,615f43ae2c51760013afed71,US,11,,
thehalara.com,id:6a5ecef126e1d05ebd5e1724,native_id,6a5ecef126e1d05ebd5e1724,5,true,1784605457,07/21/2026 03:44:17,I’m not a short person and well now I am.  Well you came to me by Instagram and I…,Well you came to me by Instagram and I took a chance and LOVE my 5” light pink shorts in an XL.  Quality great.  Ordering so easy.  ,Kelly Bowles,669550fc776b863a95c119e1,US,1,,
thehalara.com,id:6a5ece74485e45f789970a20,native_id,6a5ece74485e45f789970a20,5,true,1784605332,07/21/2026 03:42:12,Highly Recommend Halara,"The 3 items I have purchased with Halara are workout capris & maxi dresses. The quality of their products is soft, thick, comfortable, reliable for wear & tear. Highly recommend Halara",Shepherd Wedding,69f24fe85f73f9c3409b1c71,US,2,,
thehalara.com,id:6a5ecd319c83a85916ca6411,native_id,6a5ecd319c83a85916ca6411,5,true,1784605009,07/21/2026 03:36:49,I received my first order and…I love my new top!,I received my first order and absolutely love the top.  It was easy and to look at what I was interested in as everything is well organized.  It was easy to see what was available in my size too.,Lori Vining,69baae4907ee8a1c37f74304,US,2,,
thehalara.com,id:6a5ecd03c9e26eddcb5c82f5,native_id,6a5ecd03c9e26eddcb5c82f5,5,true,1784604963,07/21/2026 03:36:03,Sizing is perfect delivery was super…,Sizing is perfect delivery was super easy to track. Excellent price for the quality!!,Rachel,6a5ecd027b418c4d2585b7f7,US,1,,
thehalara.com,id:6a5ecb12f623e4913664ec7c,native_id,6a5ecb12f623e4913664ec7c,5,true,1784604466,07/21/2026 03:27:46,Great customer service,Great customer service. 100% recommend. ,James,6a5ecb11236e3d4ef3dca5e3,US,1,,
thehalara.com,id:6a5eca9fe09949a1821a97ac,native_id,6a5eca9fe09949a1821a97ac,1,true,1784604351,07/21/2026 03:25:51,The shipping takes forever.,The shipping takes forever. ,Rebecca,6a5eca9eb06fbfeb3eedef5f,US,1,"Hello,
Thank you for sharing your feedback. We're truly sorry to hear that the delivery took longer than you expected.
Our team has already reached out to you via email regarding this matter so we can assist you further and work toward the best possible solution. Please kindly check your inbox (including your spam/junk folder) and reply to our email at your convenience.
Thank you for your patience and for giving us the opportunity to make things right.",2026-07-21T10:21:45.000Z
thehalara.com,id:6a5ec9998a411526e3be923f,native_id,6a5ec9998a411526e3be923f,5,true,1784604089,07/21/2026 03:21:29,Satisfied Customer ,I love Halara products.  They are easy care and extremely comfortable to wear. I will definitely shop there again.,Mildred,6a5ec998236e3d6975dca516,US,1,,
thehalara.com,id:6a5ec9864a16d021fef42321,native_id,6a5ec9864a16d021fef42321,5,true,1784604070,07/21/2026 03:21:10,Muy buen calidad y la talla corresponde,Muy buen calidad y la talla corresponde ,Karen nariel,6a5ec9867b418c41a285b5f5,MX,1,,
thehalara.com,id:6a5ec90a367c42191c6e944b,native_id,6a5ec90a367c42191c6e944b,1,true,1784603946,07/21/2026 03:19:06,There are strings come out all over…,There are strings come out all over these beige pants. Didn't even wash them yet. For the price I think thats crazy. I think they would be wonderful if it weren't for the fact that they seem to be falling apart straight out of the bag. I won't go through the hassle of returning them . Just lesson learned I guess. ,TIFFANY,6a5ec909ff3db27d7bbb8d1e,US,1,"Hello,
Thank you for sharing your feedback. We're truly sorry to hear that the pants did not meet your expectations.
Our team has already reached out to you via email regarding this matter so we can assist you further and work toward the best possible solution. Please kindly check your inbox (including your spam/junk folder) and reply to our email at your convenience.
Thank you for your patience and for giving us the opportunity to make things right.",2026-07-21T10:25:19.000Z
thehalara.com,id:6a5ec8a1ddfdc2ab8d516174,native_id,6a5ec8a1ddfdc2ab8d516174,5,true,1784603841,07/21/2026 03:17:21,Nice shorts,"Shipped on time
",Janelle Wilson,5a996d694de5666d3404de39,US,5,,
thehalara.com,id:6a5ec81e8ceae26f18be6ad4,native_id,6a5ec81e8ceae26f18be6ad4,2,true,1784603710,07/21/2026 03:15:10,Missing items,Missing items,Moira,6982761350800387e38b3250,US,3,"Hello,
We’re truly sorry to hear about your experience and understand your frustration regarding your order arrived with missing item(s). Please accept our sincere apologies for any inconvenience caused.
We would like to confirm that we have received your email, and our relevant team has processed this matter.
Thank you for your patience and for giving us the opportunity to make things right.",2026-07-21T10:16:34.000Z
thehalara.com,id:6a5ec72416b0b06764e7a7a2,native_id,6a5ec72416b0b06764e7a7a2,3,true,1784603460,07/21/2026 03:11:00,Took forever to get here.,Took forever to get here.,Valerie,6a5ec723ff3db24134bb8c18,US,1,"Hello,
Thank you for sharing your feedback. We're truly sorry to hear that the delivery took longer than you expected.
Our team has already reached out to you via email regarding this matter so we can assist you further and work toward the best possible solution. Please kindly check your inbox (including your spam/junk folder) and reply to our email at your convenience.
Thank you for your patience and for giving us the opportunity to make things right.",2026-07-21T10:18:21.000Z
thehalara.com,id:6a5ec718940e06c85df4f5c8,native_id,6a5ec718940e06c85df4f5c8,5,true,1784603448,07/21/2026 03:10:48,Entrega puntual,"Entrega puntual, muy buena calidad ",Norma,6a5ec718c2526caed092fc19,MX,1,,
thehalara.com,id:6a5ec5a335a805b9159088f6,native_id,6a5ec5a335a805b9159088f6,5,true,1784603075,07/21/2026 03:04:35,Clothing fit true to size,Clothing fit true to size.  The communication about where my package was and estimated arrival was amazing.  ,Katelyn,6a5ec5a27b418cbabd85b3c9,US,1,,
thehalara.com,id:6a5ec4474e73b2e287e589b8,native_id,6a5ec4474e73b2e287e589b8,5,true,1784602727,07/21/2026 02:58:47,I love the clothes,I love the clothes ,Glenda,6a5d9401c2526c79159145dd,US,2,,
thehalara.com,id:6a5ec3b5262f7539b324a131,native_id,6a5ec3b5262f7539b324a131,5,true,1784602581,07/21/2026 02:56:21,"I love the shorts,leggings,and jumpsuit…","I love the shorts,leggings,and jumpsuit I have purchased so far . I received it in a reasonable time. It’s a site I trust ",Rebecca,6a5ec3b4b06fbfab6eedeb83,US,1,,
thehalara.com,id:6a5ec2721566e8ff4f9c1a8c,native_id,6a5ec2721566e8ff4f9c1a8c,4,true,1784602258,07/21/2026 02:50:58,Tardanza en envíos y no se apoyan retornos,"Se tarda mucho en llegar el pedido como si fuera de las tiendas chinas baratas y esta es de hecho cara ,además que te pidan cubrir el costo de transporte en devoluciones también es absurdo en estos tiempos . En calidad me gusta.",Raquel,6a5ec271236e3d3520dca136,MX,1,,
thehalara.com,id:6a5ec270966ace2291790071,native_id,6a5ec270966ace2291790071,5,true,1784602256,07/21/2026 02:50:56,Everything I have ever ordered has been…,"Everything I have ever ordered has been great!! I love getting exactly what I order! 
Thank you",Kathie Law,636bee14bbfa6d0014750b12,US,3,,
thehalara.com,id:6a5ec1f374ee129e4cc369f1,native_id,6a5ec1f374ee129e4cc369f1,5,true,1784602131,07/21/2026 02:48:51,Good fit and comfortable!,Good fit and comfortable!,Terri,6a5ec1f3ff3db2c424bb88fb,US,1,,
thehalara.com,id:6a5ec183d77361ab1e72bac0,native_id,6a5ec183d77361ab1e72bac0,5,true,1784602019,07/21/2026 02:46:59,Excellent clothes and customer service.,Excellent clothes and customer service. ,Melane Hall,637e7d2912462500119d3ac3,US,3,,
thehalara.com,id:6a5ec02e38ce748a4810c710,native_id,6a5ec02e38ce748a4810c710,1,true,1784601678,07/21/2026 02:41:18,I didn’t receive my free items that…,I didn’t receive my free items that were shown under my order review. I reached out to the love help chat and got disconnected so my issue was never resolved . Sizing was off on pants and shirt I ordered. So I spent so much on nothing. ,Leslie,6a5ec02d236e3d912cdc9fdd,US,1,"Hello,
Thank you for sharing your feedback. We're sorry to hear that your experience  how upsetting it must have been not to receive your free item, to be disconnected from our live chat before your issue was resolved, and to find that the pants and shirt did not fit as expected.
Our team has already reached out to you via email regarding this matter so we can assist you further and work toward the best possible solution. Please kindly check your inbox (including your spam/junk folder) and reply to our email at your convenience.
Thank you for your patience and for giving us the opportunity to make things right.",2026-07-21T10:30:59.000Z
thehalara.com,id:6a5ebfe3853a3dabfc09ccf5,native_id,6a5ebfe3853a3dabfc09ccf5,1,true,1784601603,07/21/2026 02:40:03,I am having problems returning my pants…,"I am having problems returning my pants and found out they won’t give me a refund, I have to get a gift card!  Can’t talk to anyone because there is no phone number and I don’t want to email or chat on line!  Won’t recommend this place to order from!",Marlene Zurawski,6839953a4e662d2d242aa933,US,2,"Hello,
Thank you for taking the time to share your feedback with us. We're truly sorry to hear about the difficulties you've experienced with your return and that you were unable to reach us through your preferred contact method.
We would like to confirm that we have received your email, and our relevant team has processed this matter.
Thank you for your patience and for giving us the opportunity to make things right.",2026-07-21T09:40:15.000Z
thehalara.com,id:6a5ebf6f65e8f193f59b15a4,native_id,6a5ebf6f65e8f193f59b15a4,4,true,1784601487,07/21/2026 02:38:07,I absolutely love these pants however…,I absolutely love these pants however there was not enough info regarding the shipping - thats why I removed one star.  But definitely worth the wait.,Merci,6a5ebf6e236e3ddf9ddc9f58,US,1,,
thehalara.com,id:6a5ebed926a1b35a7cf6f689,native_id,6a5ebed926a1b35a7cf6f689,5,true,1784601337,07/21/2026 02:35:37,Muy fácil de ordenar,Muy fácil de ordenar,Lidice,6a5ebed9ff3db24da7bb86fd,MX,1,,
thehalara.com,id:6a5ebe9436619e10d7601f74,native_id,6a5ebe9436619e10d7601f74,5,true,1784601268,07/21/2026 02:34:28,Love mostly everything I've purchased…,Love mostly everything I've purchased from Halara. ,MELINDA CAMPBELL,67bd2eee50283b3b7c1e99ed,US,2,,
thehalara.com,id:6a5eb9ea38d414bac2716dc1,native_id,6a5eb9ea38d414bac2716dc1,5,true,1784600074,07/21/2026 02:14:34,I love the material,I love the material. This company has never let me down when it comes to fabric and fit ,Julie,6a5eb9e9c2526c184b92f425,US,1,,
thehalara.com,id:6a5eb9d19628e76712263b47,native_id,6a5eb9d19628e76712263b47,5,true,1784600050,07/21/2026 02:14:10,First time buyer,I was a first time buyer and was impressed with the quality and the delivery. Although the pants I purchased are too big(buyers fault)I will be exchanging them and look into more!  The purchase came in a timely manner!  ,DT,6a5eb9d0ff3db2e596bb83dc,US,1,,
thehalara.com,id:6a5eb8bc7b772a41087e4572,native_id,6a5eb8bc7b772a41087e4572,5,true,1784599772,07/21/2026 02:09:32,I love everything that I have bought…,I love everything that I have bought from this company ,Aimee McGurn,6880ea709600693515e1ebb3,US,2,,
thehalara.com,id:6a5eb8113b2fd7bf1555edc6,native_id,6a5eb8113b2fd7bf1555edc6,1,true,1784599601,07/21/2026 02:06:41,I need to return one and need to know…,I need to return one and need to know the procedure,Susan,6a5eb810b06fbf2fbaede3e8,US,1,"Hello,
Thank you for sharing your feedback. We're sorry to hear that you need to return an item, and we understand that having a clear return process is important.
Our team has already reached out to you via email regarding this matter so we can assist you further and work toward the best possible solution. Please kindly check your inbox (including your spam/junk folder) and reply to our email at your convenience.
Thank you for your patience and for giving us the opportunity to make things right.",2026-07-21T09:41:53.000Z
thehalara.com,id:6a5eb680ad8f2bbd39f9dc4f,native_id,6a5eb680ad8f2bbd39f9dc4f,4,true,1784599200,07/21/2026 02:00:00,Love what i bought shipping is just slow,Love what i bought shipping is just slow,Farah,6a5eb67f7b418cc96385aa4f,US,1,,
thehalara.com,id:6a5eb63c3317a1b79181dde4,native_id,6a5eb63c3317a1b79181dde4,5,true,1784599132,07/21/2026 01:58:52,Teachers aid,"Seen some of your clothes at my daughters and fell in love with them.  Had to get some more ,and I’m not done.  I’m starting a new job at a Christian school and need some new things you have filled my need and I will be proud to wear them. ",Anita gordee,6a5eb63bb06fbf3db0ede2ae,US,1,,
thehalara.com,id:6a5eb56a279be930d097470d,native_id,6a5eb56a279be930d097470d,1,true,1784598922,07/21/2026 01:55:22,Cannot return items,Cannot return items. Million emails back and forth. ,CD,6392133119be8000165e4c2b,US,2,"Hello,
Thank you for taking the time to share your feedback with us. We're truly sorry to hear that you've had such a frustrating experience with the return process.
We completely understand how disappointing it must be to exchange numerous emails and still be unable to complete your return.
We would like to confirm that we have received your email, and our relevant team has processed this matter.
Thank you for your patience and for giving us the opportunity to make things right.",2026-07-21T09:39:07.000Z
thehalara.com,id:6a5eb53ec4577f9a3a84b91f,native_id,6a5eb53ec4577f9a3a84b91f,5,true,1784598878,07/21/2026 01:54:38,Love the way the HALARA pants fit,"Love the way the HALARA pants fit. 
Material is nice and they look great ! ",Natalia Duran,63fe63d50c09bf0016d34eb7,US,2,,
thehalara.com,id:6a5eb40a9e3934da8a857397,native_id,6a5eb40a9e3934da8a857397,2,true,1784598570,07/21/2026 01:49:30,Takes too long to receive an order and…,Takes too long to receive an order and God forbid if you need to return something. It’s impossible. Will never order from them again. ,Kimberly,6a5eb409b06fbf0790ede101,US,1,"Hello,
Thank you for sharing your feedback. We're truly sorry to hear that your experience did not meet your expectations.
Our team has already reached out to you via email regarding this matter so we can assist you further and work toward the best possible solution. Please kindly check your inbox (including your spam/junk folder) and reply to our email at your convenience.
Thank you for your patience and for giving us the opportunity to make things right.",2026-07-21T09:44:37.000Z
thehalara.com,id:6a5eb29b1aaf54b5670f378b,native_id,6a5eb29b1aaf54b5670f378b,5,true,1784598203,07/21/2026 01:43:23,Customer service was very responsive in…,Customer service was very responsive in email when I did not know where my order was. They communicated daily through email and were very helpful. My order just hadn’t shipped yet and it take 7-10 days to get your order through regular delivery. They were very nice and helpful and my clothes were in individual packages and folder nicely when arrived. Clothes are very nice and soft and beautiful.,NATALIE M BISHOP,604a0d3f5c85680019efc2d3,US,4,,
thehalara.com,id:6a5eb19071f875de084fd386,native_id,6a5eb19071f875de084fd386,5,true,1784597936,07/21/2026 01:38:56,I love my new items!,I love my new items!,Kimberly,6a5eb190b06fbfb60deddf20,US,1,,
thehalara.com,id:6a5eb1868129cc71f05b4e00,native_id,6a5eb1868129cc71f05b4e00,4,true,1784597926,07/21/2026 01:38:46,Loved what I got,"Loved what I got!  Just a little snug , but doable. ",Debbie Hopson,58f964c10000ff000a8f7787,US,10,,
thehalara.com,id:6a5eb11eeed9365b166198e9,native_id,6a5eb11eeed9365b166198e9,1,true,1784597822,07/21/2026 01:37:02,Terrible company to do business with,"Couldn't cancel an order within minutes of placing it, just told to return after receiving it. Then was told I have to pay return shipping even though it should never have been shipped to me, and finding return process extremely hard to do and confusing. Ended up keeping items and just going to resell on poshmark.  ",Constance S Jackson,58a71d5a0000ff000a78a212,US,4,"Hello,
Thank you for sharing your feedback. We completely understand how frustrating and disappointing it must have been to request a cancellation shortly after placing your order, only to be advised to return the items after delivery.
Our team has already reached out to you via email regarding this matter so we can assist you further and work toward the best possible solution. Please kindly check your inbox (including your spam/junk folder) and reply to our email at your convenience.
Thank you for your patience and for giving us the opportunity to make things right.",2026-07-21T09:49:37.000Z
thehalara.com,id:6a5eb0cf533dbe6be5d7ea2f,native_id,6a5eb0cf533dbe6be5d7ea2f,5,true,1784597743,07/21/2026 01:35:43,Love the shorts and plan to buy more…,Love the shorts and plan to buy more for school!,Paula,6a5eb0ce7b418cf56e85a5e8,US,1,,
thehalara.com,id:6a5eb07c71f495ab6793967f,native_id,6a5eb07c71f495ab6793967f,4,true,1784597660,07/21/2026 01:34:20,Everything I ordered is great,"Everything I ordered is great,just had to wait longer than expected. Fit and quality was as expected. Jean are very comfortable.",Joye,69f798ff79190522d41bd645,US,3,,
thehalara.com,id:6a5eaf35c6016339f727906b,native_id,6a5eaf35c6016339f727906b,5,true,1784597333,07/21/2026 01:28:53,Fast delivery,Fast delivery. Clothes quality is the best.  Love it,Vanesa,6a5eaf35c2526c14ad92ebf3,US,1,,
thehalara.com,id:6a5eaf2c033d5a41a32b5419,native_id,6a5eaf2c033d5a41a32b5419,5,true,1784597324,07/21/2026 01:28:44,Clothes quality is amazing,"Clothes quality is amazing, and customer service is beyond fast and responsive to questions! Happy with my purchase and this company! ",Karlee,6a5eaf2bff3db2f99fbb7c04,US,1,,
thehalara.com,id:6a5eaef9dbf635ba49368a68,native_id,6a5eaef9dbf635ba49368a68,5,true,1784597273,07/21/2026 01:27:53,Everything was perfect,"Everything was perfect. Quick delivery, great quality items. Good fit. So happy with this company. ",Sherry,6a5eaef8c2526c374392ebc9,US,1,,
thehalara.com,id:6a5eae0b5cb5c2a3c987566e,native_id,6a5eae0b5cb5c2a3c987566e,1,false,1784597035,07/21/2026 01:23:55,Never again,I received a pair of capris that were too large and I wanted to return them. The process was so frustrating and time-consuming that I'm going to keep them. I tried for 2 hours to give them the info they were requesting :the order number. They said it didn't match anything in their database. I responded that the order number came in from Halara on an email to my email address which I've used for 27 years. They still said it didn't match. My assessment is that they don't want returns and will do whatever they can to not take the return. My time is more important than dealing with their nonsense. No more 'phantom' orders from me. My business will go elsewhere.,Hope G,695fc14b31cbb937f08f24a6,US,4,"Hello,
We’re sorry to hear about your concerns and understand your hesitation.
To help us properly review your case and provide accurate assistance, could you please kindly share your order number? Alternatively, you may also email your details to us at service@cs.halara.com, and our team will be happy to look into this for you.
We appreciate your feedback and the opportunity to clarify any misunderstandings.

If you have any further questions, please contact us at service@cs.halara.com. We're here to assist you!",2026-07-21T09:39:35.000Z
thehalara.com,id:6a5eadd2bb1b57c9fcc1dd3e,native_id,6a5eadd2bb1b57c9fcc1dd3e,5,true,1784596978,07/21/2026 01:22:58,Sie haben sofort auf meine Mail…,"Sie haben sofort auf meine Mail geantwortet und aber leider kein yRückschein erhalten  was aber später geklärt werden konnte. 
Mfg

Lange 
",Petra,6a5eadd1ff3db253f7bb7aee,DE,1,,
thehalara.com,id:6a5eac559399fd0d865f9c26,native_id,6a5eac559399fd0d865f9c26,5,true,1784596597,07/21/2026 01:16:37,Exactly like the online advertisements The items were true to fit and…,The items were true to fit and look/feel exactly as expected from online advertisements. ,Billie,6a5eac547b418ce15685a211,US,1,,
thehalara.com,id:6a5eaba03dde429d96409615,native_id,6a5eaba03dde429d96409615,1,true,1784596416,07/21/2026 01:13:36,You messed up and sent me medium pants…,You messed up and sent me medium pants and not the large I ordered and would not replace them.   I can’t get the deal again without buying three.  So wrong.  ,Dawn,6a5eab9f236e3d9921dc9088,US,1,"Hello,
We're truly sorry to hear about your experience, and we sincerely apologize for the frustration and disappointment this has caused.
We completely understand how upsetting it must have been to receive the wrong size and to feel that you couldn't take advantage of the original promotion again.
After checking your order, we can confirm that your case has already been processed, and we have provided you with a gift card as part of the resolution.
If you have any further questions or need any additional assistance, please don't hesitate to contact us at service@cs.halara.com (mailto:service@cs.halara.com). We're always here to assist you.",2026-07-21T10:10:22.000Z
thehalara.com,id:6a5eab50829c3a4989d79a26,native_id,6a5eab50829c3a4989d79a26,2,true,1784596336,07/21/2026 01:12:16,I love everything I ordered,"I love everything I ordered. Great quality, fabrics and fit. The  only complaint I have  is that it took so long to arrive which wouldn’t be so bad if there were more  communication on the delivery date. ",Carmon,6a5eab4fc2526c4e6e92e85e,US,1,"Hello,
Thank you for sharing your feedback. We're sorry to hear that your experience the longer wait and the lack of communication regarding your delivery.
Our team has already reached out to you via email regarding this matter so we can assist you further and work toward the best possible solution. Please kindly check your inbox (including your spam/junk folder) and reply to our email at your convenience.
Thank you for your patience and for giving us the opportunity to make things right.",2026-07-21T10:12:10.000Z
thehalara.com,id:6a5eab07480d56494220c4d6,native_id,6a5eab07480d56494220c4d6,5,true,1784596264,07/21/2026 01:11:04,Timely delivery,Timely delivery.  Items fit well.,Laura,6a5eab07b06fbfcd91edd99e,US,1,,
thehalara.com,id:6a5ea956ad3fa0816ff31514,native_id,6a5ea956ad3fa0816ff31514,5,true,1784595830,07/21/2026 01:03:50,Love the shorts,Love the shorts!   Fabulous wear!,Marlene,6a5ea955b06fbf5949edd82b,US,1,,
thehalara.com,id:6a5ea876de2e0ab99af1dd44,native_id,6a5ea876de2e0ab99af1dd44,5,true,1784595606,07/21/2026 01:00:06,First timer,This was my first time ordering and I am very impressed with the items I received.  ,Carrie,69cd7c8e1a47fadf10c053ca,US,2,,
thehalara.com,id:6a5ea83253cae665eb6fa218,native_id,6a5ea83253cae665eb6fa218,5,true,1784595538,07/21/2026 00:58:58,Great communication,"I really like the way the company provided me updates on my shipping when it was delayed. I was excited to get my order and was happy that even though it was delayed, I knew exactly when it was coming.",Tiffany Hamm,5bd1ad415ecef83157e3c380,US,2,,
thehalara.com,id:6a5ea5f814bc2b96627a1e25,native_id,6a5ea5f814bc2b96627a1e25,5,true,1784594968,07/21/2026 00:49:28,The items are great quality fabrics,The items are great quality fabrics.  The fit is as described and they are so comfortable to wear. Order status updates and customer service was excellent. ,Virginia,6a5ea5f7ff3db21a43bb73b9,US,1,,
thehalara.com,id:6a5ea5af426a5fe550d9c399,native_id,6a5ea5af426a5fe550d9c399,5,true,1784594895,07/21/2026 00:48:15,Return process was easy and quick,"Return process was easy and quick, unlike many others. ",Rhonda,6a5ea5aeb06fbf0f91edd492,US,1,,
thehalara.com,id:6a5ea4146462c4e2142d18d2,native_id,6a5ea4146462c4e2142d18d2,5,true,1784594484,07/21/2026 00:41:24,Einfach top,"Super Ware, top Service, schnelle Lieferung. Werde gerne wieder bestellen :)",Nädu_,6a1a99734a5f812ad27af2ec,CH,3,,
thehalara.com,id:6a5ea326bdf9505c4e25c3c1,native_id,6a5ea326bdf9505c4e25c3c1,4,true,1784594246,07/21/2026 00:37:26,delivery service quality,delivery service quality,Bogumiła Gdak,669aab029e4801f2dff8cfa2,GB,3,,
thehalara.com,id:6a5ea2839976770782b6b327,native_id,6a5ea2839976770782b6b327,5,true,1784594083,07/21/2026 00:34:43,The quality of the product is as represented ,"The quality of the product is as represented.
The product is nicely packaged.
Two of the tops that I ordered didn’t fit as I wanted. I think I ordered a size larger than I needed.  I did not try to return, instead I gave them to my granddaughter to try on.  She liked both of them, so, I had a nice experience to gift them to her.
I’m sure, from conversations with a couple of friends, had I chosen to return them there would not be an issue.
I still
Highly recommend this company.",Kathy Sullins Gammill,67a7cd27bbb6ea83df332e74,US,4,,
thehalara.com,id:6a5ea238264f358c63c6eef9,native_id,6a5ea238264f358c63c6eef9,1,true,1784594009,07/21/2026 00:33:29,I wrote asking how to return things and…,I wrote asking how to return things and received a very strange answer. ,Jerry Gagne,5e5bf4c25784307aa5a9a070,US,16,"Hello,
Thank you for sharing your feedback. We're truly sorry to hear that you received a confusing response when you contacted us about returning your items.
Our team has already reached out to you via email regarding this matter so we can assist you further and work toward the best possible solution. Please kindly check your inbox (including your spam/junk folder) and reply to our email at your convenience.
Thank you for your patience and for giving us the opportunity to make things right.",2026-07-21T09:42:08.000Z
thehalara.com,id:6a5ea11d16fbbd26ac062e18,native_id,6a5ea11d16fbbd26ac062e18,1,true,1784593725,07/21/2026 00:28:45,Your return policy is terrible,Your return policy is terrible. There is nobody to talk to to help with the return returns.,Renata,6a5ea11cc2526c702592de6c,US,1,"Hello,
Thank you for sharing your feedback. We're truly sorry to hear that you were disappointed with our return process.
Our team has already reached out to you via email regarding this matter so we can assist you further and work toward the best possible solution. Please kindly check your inbox (including your spam/junk folder) and reply to our email at your convenience.
Thank you for your patience and for giving us the opportunity to make things right.",2026-07-21T09:49:48.000Z
thehalara.com,id:6a5ea0a7ea8c45afe9753c90,native_id,6a5ea0a7ea8c45afe9753c90,5,true,1784593607,07/21/2026 00:26:47,LOVE my pants!,LOVE my pants!,Joanie,6a5ea0a67b418cd180859734,US,1,,
thehalara.com,id:6a5e9ecf013e7f4b97f5f76e,native_id,6a5e9ecf013e7f4b97f5f76e,5,true,1784593135,07/21/2026 00:18:55,Quality of product and,Quality of product and. Customer service,jeanne thompson,5d110d3e5e7811e72053dc86,US,3,,
thehalara.com,id:6a5e9e29a329b5d509c37a28,native_id,6a5e9e29a329b5d509c37a28,5,true,1784592969,07/21/2026 00:16:09,Ordered for my gal (by suggestion) My…,"Ordered for my gal (by suggestion) My experience navigating the site A+ and She absolutely loves the shorts that I got & is very excited about other products as well. 
As a side-note I DO see that the bundle deals offer MORE bang for the buck! Y'all are awesome Keep Rockin' ",Jimmie,6a5e9e28236e3d0ae4dc835d,US,1,,
thehalara.com,id:6a5e9db8d7091f2eabad79fa,native_id,6a5e9db8d7091f2eabad79fa,3,true,1784592856,07/21/2026 00:14:16,Great Products. Disappointed in Delays,"Great products, but the lack ofcommunication for delays in shipping are frustrating.

Everything in my order arrived except the two items that I was most waiting for.  For 8 days tracking has stated that my order was out for delivery. What is frustrating is the lack of communication as to what caused the delay. 

The other items arrived two weeks ago and there is no update as to where the remainder of the order may be.",Becky,6a5e9db77b418c5749859465,US,1,"Hello,
Thank you for sharing your feedback. We're truly sorry to hear about the delay with the remaining items in your order and the lack of communication regarding their delivery status.
Our team has already reached out to you via email regarding this matter so we can assist you further and work toward the best possible solution. Please kindly check your inbox (including your spam/junk folder) and reply to our email at your convenience.
Thank you for your patience and for giving us the opportunity to make things right.",2026-07-21T09:55:37.000Z
thehalara.com,id:6a5e9d41a5046fd9c90c1d83,native_id,6a5e9d41a5046fd9c90c1d83,1,true,1784592737,07/21/2026 00:12:17,Rücksendung nicht möglich ,"Es gibt keine Möglichkeit, die Ware zurückzusenden. Trotz meinem Hinweis, das die Verlinkung zur Rüchsendung nicht funktioniert, erhalte ich keine Rückmeldung oder Antwort!",Iris,6a5e9d407b418c7af08593e6,DE,1,"Sehr geehrter Kunde,
vielen Dank für Ihr Feedback. Es tut uns aufrichtig leid zu hören, dass Sie Probleme mit dem Rückgabeprozess hatten und dass der Rückgabelink nicht funktioniert hat.
Unser Team hat sich diesbezüglich bereits per E-Mail an Sie gewandt, damit wir Ihnen weiterhelfen und eine bestmögliche Lösung finden können. Bitte überprüfen Sie Ihren Posteingang (einschließlich Ihres Spam-/Junk-Ordners) und antworten Sie auf unsere E-Mail, sobald es Ihnen passt.
Vielen Dank für Ihre Geduld und dafür, dass Sie uns die Gelegenheit geben, die Angelegenheit zu klären.",2026-07-21T10:00:29.000Z
thehalara.com,id:6a5e9c55879c65f46246fa9b,native_id,6a5e9c55879c65f46246fa9b,5,true,1784592501,07/21/2026 00:08:21,Ordering was easy and prices were…,Ordering was easy and prices were reasonable. I love the shirts I ordered,CBolick,6894813c04313e200949b568,US,5,,
thehalara.com,id:6a5e9bd702dbe3fc58d53d99,native_id,6a5e9bd702dbe3fc58d53d99,5,true,1784592375,07/21/2026 00:06:15,I wasn’t sure what I had ordered in the…,I wasn’t sure what I had ordered in the past and I sent them a letter on a weekend and figured I wouldn’t hear till the following week. To my surprise they answered me that same evening!! So I placed another order for some more items! Love the way their clothes fit and the quick service!,Sandy,661a80e0912cf30012410ddc,US,4,,
thehalara.com,id:6a5e9bc384cdfec337493cc9,native_id,6a5e9bc384cdfec337493cc9,5,true,1784592355,07/21/2026 00:05:55,Excellent material and super comfy so…,Excellent material and super comfy so cute,Michelle,6a5e9bc27b418c53ba859266,US,1,,
thehalara.com,id:6a5e9ab1a9db1edd5097c6ea,native_id,6a5e9ab1a9db1edd5097c6ea,5,true,1784592081,07/21/2026 00:01:21,Great selections,Great selections. Speedy shipping. Quality items. ,Jessica,6a5e9ab0b06fbf2ed6edc961,US,1,,
thehalara.com,id:6a5e9a887bb319b8b3e540e0,native_id,6a5e9a887bb319b8b3e540e0,1,true,1784592040,07/21/2026 00:00:40,Paid for express shipping and my order…,Paid for express shipping and my order is not going to be delivered within the time it should. ,Tonua,6a5e9a87ff3db22afabb683b,US,1,"Hello,
Thank you for sharing your feedback. We're truly sorry to hear that you were disappointed with the delivery time of your order.
Our team has already reached out to you via email regarding this matter so we can assist you further and work toward the best possible solution. Please kindly check your inbox (including your spam/junk folder) and reply to our email at your convenience.
Thank you for your patience and for giving us the opportunity to make things right.",2026-07-21T10:05:22.000Z
thehalara.com,id:6a5e98b37cbf5f35d857f33b,native_id,6a5e98b37cbf5f35d857f33b,5,true,1784591571,07/20/2026 23:52:51,Fast shipment,"Fast shipment, great product!!! Thank you",Carlos Lugo,5ea9b932ada65cb84e0cc52e,US,3,,
thehalara.com,id:6a5e98b06250ec6d5f722931,native_id,6a5e98b06250ec6d5f722931,1,true,1784591568,07/20/2026 23:52:48,Rücksendung erschwert ,"Rücksendungen werden einem sehr erschwert und sind nicht gratis wie anfangs beworben. Die Mail vom Kundendienst existiert so nicht, man bekommt als Antwort, dass Mails aktuell nicht zugestellt werden können. Ihr tut euch keinen Gefallen wenn ihr dort bestellt.",Jasmin_S,60b9b7d39110c3001a8f9c14,DE,2,"Sehr geehrter Kunde,
vielen Dank für Ihr Feedback. Es tut uns leid zu hören, dass Sie mit dem Rückgabeprozess und der Kontaktaufnahme mit unserem Kundenservice Schwierigkeiten hatten.
Unser Team hat sich in dieser Angelegenheit bereits per E-Mail an Sie gewandt, damit wir Ihnen weiterhelfen und eine bestmögliche Lösung finden können. Bitte überprüfen Sie Ihren Posteingang (einschließlich Ihres Spam-/Junk-Ordners) und antworten Sie auf unsere E-Mail, sobald es Ihnen passt.
Vielen Dank für Ihre Geduld und dafür, dass Sie uns die Gelegenheit geben, die Angelegenheit zu klären.",2026-07-21T09:30:41.000Z
thehalara.com,id:6a5e98a57ea25093e8fb8896,native_id,6a5e98a57ea25093e8fb8896,3,true,1784591557,07/20/2026 23:52:37,Die Jeans sieht leider nicht so aus wie…,"Die Jeans sieht leider nicht so aus wie auf dem Foto. Das Material ist wirklich sehr angenehm weich aber die Passform ist leider nicht die, die ich erwartet habe.",Jessiko,56766b6f0000ff0001f54244,DE,14,"Sehr geehrter Kunde,
vielen Dank für Ihr Feedback. Es tut uns leid zu hören, dass die Jeans Ihre Erwartungen nicht erfüllt hat.
Unser Team hat sich diesbezüglich bereits per E-Mail an Sie gewandt, damit wir Ihnen weiterhelfen und die bestmögliche Lösung finden können. Bitte überprüfen Sie Ihren Posteingang (einschließlich Ihres Spam-/Junk-Ordners) und antworten Sie auf unsere E-Mail, sobald es Ihnen passt.
Vielen Dank für Ihre Geduld und dafür, dass Sie uns die Gelegenheit geben, die Angelegenheit zu klären.",2026-07-21T09:35:47.000Z
thehalara.com,id:6a5e97319bddefa646dc0b0f,native_id,6a5e97319bddefa646dc0b0f,5,true,1784591185,07/20/2026 23:46:25,Came in a timely manner!,Came in a timely manner!,Nancy,6a5e9730ff3db25673bb6481,US,1,,
thehalara.com,id:6a5e97195f97222a6c24e907,native_id,6a5e97195f97222a6c24e907,2,true,1784591161,07/20/2026 23:46:01,I am not receiving any answer on my…,"I am not receiving any answer on my request for a refund on one of my items. The skirt that I order came with a broken zipper. 
",Miriam,6a5e9718c2526c20ea92d3c9,US,1,"Hello,
Thank you for reaching out, and we're truly sorry to hear about your experience. We understand how frustrating it must be to be waiting for a resolution regarding your refund request, especially when the skirt arrived with a broken zipper.
Our team has already reached out to you via email regarding this matter so we can assist you further and work toward the best possible solution. Please kindly check your inbox (including your spam/junk folder) and reply to our email at your convenience.
Thank you for your patience and for giving us the opportunity to make things right.",2026-07-21T09:14:25.000Z
thehalara.com,id:6a5e96bc9fed63729ed19598,native_id,6a5e96bc9fed63729ed19598,5,true,1784591068,07/20/2026 23:44:28,Easy shopping,"Easy shopping, great updates once you place an order. Easy payment options. Some items come from a local warehouse quick. Excellent clothing line-especially for short girl options too!
",Kristen E,6399b00a15fd74001248b21b,US,7,,
thehalara.com,id:6a5e9674ad277cc8131411e0,native_id,6a5e9674ad277cc8131411e0,5,true,1784590996,07/20/2026 23:43:16,I gave a 5 because everything was easy…,"I gave a 5 because everything was easy and delivery was quick however shud have been a 3, the tank tops I cannot get them straight. They're just all tangled and no matter how hard I try I cant get get them to lay right and the stick out. The fit is fine and I love them but the straps are impossible",Michelle Lafrance,60b643fd293015001923385f,US,3,,
thehalara.com,id:6a5e95f1af7b8b3ab043948f,native_id,6a5e95f1af7b8b3ab043948f,5,true,1784590865,07/20/2026 23:41:05,My experience with Halara has been…,My experience with Halara has been great. The Customer Service has been very helpful. The clothing is absolutely beautiful comfortable and the styles are unique. I would highly recommend.,JoAnn,6a5e95f07b418c3301858bdc,US,1,,
thehalara.com,id:6a5e952f9700357f4ddb2a6f,native_id,6a5e952f9700357f4ddb2a6f,5,true,1784590671,07/20/2026 23:37:51,These pants are so comfortable,These pants are so comfortable. Got them for work. They're so soft and stretchy. I love the pockets. I'm really happy with them and at 5'3 they're not like high waters either cuz I was a little worried cuz I have a booty and you know it kind of makes my pants a little bit high waters. But no if it's perfectly I would definitely buy these pants again. Actually I may buy it again in some like blue. Maybe get some navy blue maybe get gray. I love the way they stretch around my curves like I feel so good in them even on my cycle. I feel good they're not too tight around the waist. I got my size. They feel good,Nesha ,613dd4269c54510012e52435,US,2,,
thehalara.com,id:6a5e950f28559c02451bbbe2,native_id,6a5e950f28559c02451bbbe2,5,true,1784590639,07/20/2026 23:37:19,I ordered the wrong size,"I ordered the wrong size, and instead of having to ship it back, I had the choice of a gift card. I was able to order the correct size and will find someone who can wear the other pair, which I did not have to return. That is awesome! ",Carol,6a5e950eff3db21182bb6210,US,1,,
thehalara.com,id:6a5e94756f8761ac0936bc7d,native_id,6a5e94756f8761ac0936bc7d,2,true,1784590485,07/20/2026 23:34:45,Depending on how you place your order,"Depending on how you place your order, depends on if you have to pay for returns. My return shipping was almost 10% of my order. Their website says first order is free to return, apparently not. Their stuff is cute but not necessarily worth the risk if I have to pay to return it. ",Tea,6a5e9474236e3d9b44dc78c5,US,1,"Hello,
Thank you for sharing your feedback. We're truly sorry to hear about your experience with the return process and the confusion regarding the return shipping fee.
Our team has already reached out to you via email regarding this matter so we can assist you further and work toward the best possible solution. Please kindly check your inbox (including your spam/junk folder) and reply to our email at your convenience.
Thank you for your patience and for giving us the opportunity to make things right.",2026-07-21T09:18:19.000Z
thehalara.com,id:6a5e94458ea00e4c5e1ca109,native_id,6a5e94458ea00e4c5e1ca109,5,true,1784590437,07/20/2026 23:33:57,Arrived promptly after ordering,Arrived promptly after ordering. Loved that each item was in a reusable plastic bag,Marie,6a5e9444b06fbf91d6edc24f,US,1,,
thehalara.com,id:6a5e9432473937d1574b3c4c,native_id,6a5e9432473937d1574b3c4c,3,true,1784590418,07/20/2026 23:33:38,The material is very thin,The material is very thin,Toni,6a5e9431b06fbf68c5edc234,US,1,"Hello,
Thank you for sharing your feedback. We're truly sorry to hear that the material did not meet your expectations.
Our team has already reached out to you via email regarding this matter so we can assist you further and work toward the best possible solution. Please kindly check your inbox (including your spam/junk folder) and reply to our email at your convenience.
Thank you for your patience and for giving us the opportunity to make things right.",2026-07-21T09:20:39.000Z
thehalara.com,id:6a5e936444e06a6b728a679d,native_id,6a5e936444e06a6b728a679d,3,true,1784590212,07/20/2026 23:30:12,The shipping took much longer than I…,"The shipping took much longer than I thought it would. I did not realize that this was shipping from out of the United States. I accidentally purchased the wrong color of shorts and because you are out of the country and I know it has to go through customs. I did not return the product. I felt the return process would be too complicated. I donated them. The shorts I bought were OK. I wouldn’t pay more than what I did. Although the shorts are breathable and wear nicely, they feel cheap. The high waistband isn’t as high or wide as I thought it would be the Capri workout pants that I bought aren’t the traditional 7/8 style-they seem more like traditional Capri almost to my knees-the waistband slips. It’s not as high as I thought it would be. They are breathable. They are lightweight, but I worry that they won’t last long even with good care.",Grace,6a5e9364236e3dfe99dc7767,US,1,"Hello,
Thank you for sharing your feedback. We truly appreciate your honesty and are sorry to hear that your experience did not fully meet your expectations.
Our team has already reached out to you via email regarding this matter so we can assist you further and work toward the best possible solution. Please kindly check your inbox (including your spam/junk folder) and reply to our email at your convenience.
Thank you for your patience and for giving us the opportunity to make things right.",2026-07-21T09:24:05.000Z
thehalara.com,id:6a5e92e4330037800e6ab074,native_id,6a5e92e4330037800e6ab074,5,true,1784590084,07/20/2026 23:28:04,Seen on Insta & ordered despite being…,"Seen on Insta & ordered despite being somewhat dubious. Checked reviews beforehand & they were positive.
Bought 3 pairs of shorts for yoga & absolutely love them. Would love some more, so many colours to choose from",Tracey Cowling,5d04ef54f371c6b647935389,GB,5,,
thehalara.com,id:6a5e92d9e34249607fb29b53,native_id,6a5e92d9e34249607fb29b53,2,true,1784590073,07/20/2026 23:27:53,Good Product - Slowest Shipping Ever,Slowest shipping ever ,Angie,6a5e92d87b418c25ce858832,US,1,"Hello,
Thank you for sharing your feedback. We're truly sorry to hear that you were disappointed with the shipping time.
Our team has already reached out to you via email regarding this matter so we can assist you further and work toward the best possible solution. Please kindly check your inbox (including your spam/junk folder) and reply to our email at your convenience.
Thank you for your patience and for giving us the opportunity to make things right.",2026-07-21T09:31:32.000Z
thehalara.com,id:6a5e924479c635e086dd5e8c,native_id,6a5e924479c635e086dd5e8c,1,true,1784589924,07/20/2026 23:25:24,Returns are difficult if not impossible,"I purchased many items. Four items do not fit. Halara can't find my order and it will not send a confirmation code to my email. I am frustrated. The only purchases that come up are some previous from last April. Obviously, you have a record of my order, as you are sending this request for a review of my recent order! ",Teresa McAdams,5ee91649d6502c4cf6d299e4,US,2,"We’re truly sorry to hear about your experience and understand your frustration regarding how disappointing it must be to have several items that don't fit while also being unable to locate your recent order or receive the verification code needed to access it. Please accept our sincere apologies for any inconvenience caused.
We would like to confirm that we have received your email, and our relevant team has processed this matter.
Thank you for your patience and for giving us the opportunity to make things right.",2026-07-21T07:19:54.000Z
thehalara.com,id:6a5e917062c54326cca55f32,native_id,6a5e917062c54326cca55f32,5,true,1784589712,07/20/2026 23:21:52,Halara are always a pleasure to deal…,Halara are always a pleasure to deal with. Their clothes are of good quality and super comfy to wear ,Paul,5ca35190a8a5470fcfa3abee,GB,11,,
thehalara.com,id:6a5e916529d208b2e0d72dbc,native_id,6a5e916529d208b2e0d72dbc,5,true,1784589702,07/20/2026 23:21:42,The best pant ever🩷,The best pant ever🩷,Amanda Arocho,610947eb7b060c0012aba8bc,US,4,,
thehalara.com,id:6a5e913991b90e46f6ce4330,native_id,6a5e913991b90e46f6ce4330,5,true,1784589657,07/20/2026 23:20:57,Easy to order,"Easy to order, price was great, love the fit and the texture of the fabric",Cyndi Bevly,60f250fc6c78840011f48792,US,6,,
thehalara.com,id:6a5e91181ca0cbb9b1146e76,native_id,6a5e91181ca0cbb9b1146e76,5,true,1784589624,07/20/2026 23:20:24,I ordered a dress and linen look…,I ordered a dress and linen look trousers. Both of them are perfect the trousers are cool and so comfortable. The dress looks good and feels nice to ware quality is really good. happy with the service also arrived when they said they would. Can not fault anything so I ordered another two pairs of trousers in different colours. ,Karen Sharkey,64b1b81339ef6900116f4fda,GB,4,,
thehalara.com,id:6a5e905a1f01db54debd652d,native_id,6a5e905a1f01db54debd652d,5,true,1784589434,07/20/2026 23:17:14,Superschön gute Qualität  alles…,"Superschön gute Qualität  alles geklappt, danke",Mel,6a5e9059ff3db2e7b8bb5c76,CH,1,,
thehalara.com,id:6a5e8fe42accc03b738a5877,native_id,6a5e8fe42accc03b738a5877,3,true,1784589316,07/20/2026 23:15:16,The return process was not easy,"The return process was not easy. I tried from the app on my phone 5 different times. It kept freezing up. I finally had to get on my computer and tell someone through the chat that this was making me not want to order from you again. Only then was I sent a link that actually worked. I really like Halara products, but tops I ordered just didn't work. It wasn't like I was never going to order again. I just needed to return those two items. I am a busy person and appreciate efficient, hassle free processes.",Melanie,6a5e8fe3ff3db23becbb5bda,US,1,"Thank you for sharing your feedback. We're sorry to hear that your experience how inconvenient it must have been to have the app repeatedly freeze and to spend extra time trying to complete your return. We sincerely apologize for the inconvenience this caused.
Our team has already reached out to you via email regarding this matter so we can assist you further and work toward the best possible solution. Please kindly check your inbox (including your spam/junk folder) and reply to our email at your convenience.
Thank you for your patience and for giving us the opportunity to make things right.",2026-07-21T07:21:50.000Z
thehalara.com,id:6a5e8f860405d3cd51ac744a,native_id,6a5e8f860405d3cd51ac744a,5,true,1784589222,07/20/2026 23:13:42,Produkt entspricht der Beschreibung,"Das Kleid sieht genauso aus wie auf dem Foto, die Abmessungen stimmen und es ist gut verarbeitet. Auch der Versand hat gut geklappt.",Irene,6a5e8f85ff3db2904fbb5b74,DE,1,,
thehalara.com,id:6a5e8edd756b02b35a278c34,native_id,6a5e8edd756b02b35a278c34,5,true,1784589053,07/20/2026 23:10:53,I love everything Iget from Halara!,I love everything Iget from Halara!,Sarah Formelli,62f7c39c444ab4001303048d,US,5,,
thehalara.com,id:6a5e8ed5c88fa796c5782677,native_id,6a5e8ed5c88fa796c5782677,5,true,1784589045,07/20/2026 23:10:45,Lovely products and a good company to…,Lovely products and a good company to deal with,Sandra Galdes-Giappone,60926d786f2da7001a29deb7,GB,8,,
thehalara.com,id:6a5e8ece9057f63b96e096f7,native_id,6a5e8ece9057f63b96e096f7,5,true,1784589038,07/20/2026 23:10:38,I was pleasantly surprised at how nice…,I was pleasantly surprised at how nice the quality of the clothes were and they were very affordable. I will certainly be purchasing more items from this vendor.,Rosangel,6a5e8eceff3db20b58bb5a80,US,1,,
thehalara.com,id:6a5e8eaa8a891f14c30134f5,native_id,6a5e8eaa8a891f14c30134f5,5,true,1784589002,07/20/2026 23:10:02,On-line ordering is easy.,On-line ordering is easy.,customer,68b893f4a02fb382d9f836be,US,2,,
thehalara.com,id:6a5e8e54ca6a45c21b947a4f,native_id,6a5e8e54ca6a45c21b947a4f,5,true,1784588916,07/20/2026 23:08:36,Comfortable leggings ,Love my leggings ,Chrissy,6a5e8e537b418cbc7385828e,US,1,,
thehalara.com,id:6a5e8e3cffbd03cf9e14123a,native_id,6a5e8e3cffbd03cf9e14123a,1,true,1784588892,07/20/2026 23:08:12,Flimsy material,Flimsy material ,Carol Bredeson,64d16937729381001252015b,US,1,"Thank you for sharing your feedback. We're sorry to hear that your experience you were disappointed with the material of the item. We sincerely apologize that it did not meet your expectations.
Our team has already reached out to you via email regarding this matter so we can assist you further and work toward the best possible solution. Please kindly check your inbox (including your spam/junk folder) and reply to our email at your convenience.
Thank you for your patience and for giving us the opportunity to make things right.",2026-07-21T07:26:08.000Z
thehalara.com,id:6a5e8d78bf0271368e0efd30,native_id,6a5e8d78bf0271368e0efd30,1,true,1784588696,07/20/2026 23:04:56,Ich habe das erste Mal bei Ihnen…,"Ich habe das erste Mal bei Ihnen bestellt und Sie können sicher sein, dass es auch das letzte Mal war.

Ich hatte zwei Hosen bestellt, die nicht passen und nun habe ich Schwierigkeiten diese Hosen zurück zu schicken ",Kerstin,6a5e8d77236e3d6ddedc7011,DE,1,"Sehr geehrter Kunde,
es tut uns aufrichtig leid, von Ihrem Erlebnis zu hören, und wir verstehen Ihre Enttäuschung darüber, wie frustrierend es für Sie gewesen sein muss, dass die Hose nicht gepasst hat und Sie Schwierigkeiten beim Rückgabeprozess hatten. Bitte nehmen Sie unsere aufrichtige Entschuldigung für die entstandenen Unannehmlichkeiten entgegen.
Wir möchten Ihnen bestätigen, dass wir Ihre E-Mail erhalten haben und dass unser zuständiges Team diese Angelegenheit bearbeitet hat.
Vielen Dank für Ihre Geduld und dafür, dass Sie uns die Gelegenheit geben, die Sache wieder in Ordnung zu bringen.",2026-07-21T08:44:25.000Z
thehalara.com,id:6a5e8cc1698de5cecf194a5c,native_id,6a5e8cc1698de5cecf194a5c,5,true,1784588513,07/20/2026 23:01:53,I didn’t like the way the clothes…,I didn’t like the way the clothes looked on me. They were so easy to work with on a return. ,Susan,6a5e8cc07b418c52408580a3,US,1,,
thehalara.com,id:6a5e8c89809293c788286e75,native_id,6a5e8c89809293c788286e75,5,true,1784588457,07/20/2026 23:00:57,Love the shorts ,"Love the shorts , good fit great material . Super comfortable.",Margaret,6a5e8c88c2526c2d0392c710,US,1,,
thehalara.com,id:6a5e8c104543a674ef89b20e,native_id,6a5e8c104543a674ef89b20e,1,true,1784588336,07/20/2026 22:58:56,Not true to size,"Not true to size, shipping took forever, now I need to come up with an alternate for an event. Way too big. First and last order from Halara.",Shouldn't Matter,6a5e8c0f7b418c0889857fc9,US,1,"We’re truly sorry to hear about your experience and understand your frustration regarding how disappointing it must have been to receive items that were not true to size, especially when you needed them for an upcoming event. Please accept our sincere apologies for any inconvenience caused.
We would like to confirm that we have received your email, and our relevant team has processed this matter.
Thank you for your patience and for giving us the opportunity to make things right.",2026-07-21T09:09:26.000Z
