domain,dedupe_key,dedupe_key_type,reviewId,reviewUrl,rating,title,text,publishedDate,experienceDate,language,likes,verificationLevel,isVerified,source,authorName,authorId,authorReviewCount,country,replyMessage,replyPublishedDate
www.aliexpress.com,id:6a69b804685494acfe2d8b6e,native_id,6a69b804685494acfe2d8b6e,https://www.trustpilot.com/reviews/6a69b804685494acfe2d8b6e,2,AliExpress has lost it's magic,"AliExpress has lost it's magic
I've been using AliExpress since 2014, and it was my first choice for electronic components, and small household items. However a number of selling practices have been introduced recently that really put the customer on the back foot. 
Many items are now advertised as Free shipping over ￡8.00, but cost less than £8 and only show a Max. 1 pcs/shopper so you never get the free shipping and are unable to bundle the item.
Also many  items are displayed at a cheap price, but when you click onto the item, it turns out that the cheap price refers to something else, so is not the real price.
Both of these practices really detract from the shopping experience, I have now switched over to e-bay for some of my shopping.",2026-07-29T10:21:24.000Z,2026-07-10T00:00:00.000Z,en,0,not-verified,false,Organic,Martin Rawson,59fc8a7d0000ff000adda6e0,22,GB,,
www.aliexpress.com,id:6a69aadb5dcc0bd0659c3c22,native_id,6a69aadb5dcc0bd0659c3c22,https://www.trustpilot.com/reviews/6a69aadb5dcc0bd0659c3c22,1,They will not return refund or exchange ,O my..I took a pic of the fed ex delivery just in case because the box was delivered with a hole in it right at the point of severe damage. Come to find out they sent me the wrong fryer and beneath the hole on the box was the severe damage I just addressed. They responded to my request for a return with a request for a video unboxing to prove the damage as well as a request i line up labels on the box and all of these insane instructions as if I knew before I opened the box there was damage. As foolish as their request I could have technically staged an unboxing... but for a 123 or so dollar purchase I'll eat the loss and warn others. Because I refuse to stress myself out to force them into respecting their own policies. Think reputable like HD Loews walmart Amazon Wayfair etc...but if you choose ali express after my warning you knew the risks!,2026-07-29T09:25:15.000Z,2026-07-27T00:00:00.000Z,en,0,not-verified,false,Organic,Sa id Abdul-Barr,691799dbef3d6c3107c5f623,4,US,,
www.aliexpress.com,id:6a699ea98e5cfdf727d90f59,native_id,6a699ea98e5cfdf727d90f59,https://www.trustpilot.com/reviews/6a699ea98e5cfdf727d90f59,1,Stay away!,"It used to be a decent place to buy small things and unusual gadgets. Not any more. The gadgets turn up faulty and when you try to return them, you loose on the postage. The customer care said that my receipt was wrong and nothing could convince them otherwise. Shame. Will never shop there again ",2026-07-29T08:33:13.000Z,2026-07-26T00:00:00.000Z,en,0,not-verified,false,Organic,customer,5c016e94f3da8572348d07ce,13,GB,,
www.aliexpress.com,id:6a692b77fa3659e0a4e713ad,native_id,6a692b77fa3659e0a4e713ad,https://www.trustpilot.com/reviews/6a692b77fa3659e0a4e713ad,2,I had a very disappointing experience…,"I had a very disappointing experience with AliExpress.

I ordered a bag, but they delivered the wrong item while I was away from home. As soon as I returned, I contacted customer service and explained the situation. They asked me to provide photos and videos as evidence, which I did. Despite submitting everything they requested, they later responded that I had not provided “valid evidence” and closed my case without resolving the issue or offering a refund or replacement.

As a customer, I feel this was unfair. If the evidence they requested was not sufficient, they should have clearly explained what additional proof was needed instead of simply closing the case.

Based on my experience, I encourage buyers to be cautious when ordering from AliExpress. If something goes wrong with your order, don’t assume you’ll receive fair support. My experience has left me feeling disappointed and without confidence in their customer service.",2026-07-29T00:21:43.000Z,2026-07-28T00:00:00.000Z,en,0,not-verified,false,Organic,Rose Rasky,6a692321ff3db25335c7f61a,1,NG,"Dear Customer,
We sincerely apologize for any inconvenience you have experienced. We have initiated an investigation into the issue you reported regarding the incorrect item. We will keep you updated on the progress and respond to you via email. Please keep an eye on your inbox for further communication.
Thank you for your understanding and cooperation.
Best regards,
AliExpress Customer Service Team",2026-07-29T05:40:36.000Z
www.aliexpress.com,id:6a68e87268c88eb9bf3fbea1,native_id,6a68e87268c88eb9bf3fbea1,https://www.trustpilot.com/reviews/6a68e87268c88eb9bf3fbea1,1,Ordered a dress and when it arrived it…,"Ordered a dress and when it arrived it wasn't like the picture, I tried to return it, they didn't give me a return label instead gave me 5% refund which I didn't agree to, and impossible to get any answers ",2026-07-28T19:35:46.000Z,2026-07-14T00:00:00.000Z,en,1,not-verified,false,Organic,MRS DEB RICHARDSON,5fb7f8795e1892001971af93,6,GB,"Dear Valued Customer,

We deeply regret the inconvenience caused by the discrepancy in the item you received. Please rest assured that we are taking this matter very seriously and are proactively investigating the issue you reported regarding the incorrect item.

We appreciate your patience as we work to resolve this matter. You can expect a detailed and thorough update to be sent to your email, and we will ensure that this thread remains up to date. Kindly keep an eye on your inbox for our communication.

Your understanding and support mean a great deal to us, and we are committed to ensuring your satisfaction. Thank you for giving us the opportunity to address this issue.

Warm regards,

AliExpress Customer Service Team",2026-07-29T05:52:59.000Z
www.aliexpress.com,id:6a68e38de26f5b482c5d6cf0,native_id,6a68e38de26f5b482c5d6cf0,https://www.trustpilot.com/reviews/6a68e38de26f5b482c5d6cf0,2,negative experience,"negative experience
long waiting for the wrong sent stuff",2026-07-28T19:14:54.000Z,2026-07-28T00:00:00.000Z,en,1,not-verified,false,Organic,Lachermeier Mentgen,694563e46148ea67d410897d,2,CZ,"Dear Customer,
We are truly sorry for the inconvenience caused.
We value your feedback and would like to learn more about your issue in order to assist you effectively. To help us fully understand your situation, we kindly ask you to complete the ""Information Request Form"" that we have sent to you. Please provide details such as your order number(s) or email.
Your cooperation will greatly help us resolve this matter more efficiently.
Thank you for your understanding and support.
Best regards,
AliExpress Customer Service Team",2026-07-29T05:53:42.000Z
www.aliexpress.com,id:6a68e1dbe43d511848f918ce,native_id,6a68e1dbe43d511848f918ce,https://www.trustpilot.com/reviews/6a68e1dbe43d511848f918ce,1,SCAMI EXPRESS ,"The representatives that you say are best equipped to help. Just refer my issues to the higher team.  Who in return do NOTHING. 

SO YOU CONTINUE TO RECEIVE 1 STAR REVIEWS

Scam scam scam

3072329036820336

One of twenty orders that I never received. MANY I WAS NEVER REFUNDED
due to not being able to give evidence of something I don't have. 

YOU ARE SCAMMING CUSTOMERS. 

IM DELIGHTED YOU RECEIVED A FINE OF MILLIONS FROM THE EU. FOR SELLING COUNTERFEIT GOODS   

YOU GOT WHAT YOU DESERVE 

ONE STAR REVIEW. 

",2026-07-28T19:07:39.000Z,2026-07-28T00:00:00.000Z,en,1,not-verified,false,Organic,Mark Leadbetter,5aaee12e4de5666d344950e0,313,IE,"Dear customer,
Sincerely apologize for the inconvenience caused.
Our agent has processed a refund for you. The refund is currently under review, and we will notify you by email once the review is approved. Typically, it takes 1-10 business days for refunds to be completed. Please kindly check. 
If you have any questions, please reply to the email directly or go to the help center page【https://helpcenter.aliexpress.com/s/BuyerHelp?】  for online customer service. 
Your understanding and cooperation are deeply appreciated.
Best regards,
AliExpress Customer Service Team",2026-07-29T05:58:41.000Z
www.aliexpress.com,id:6a68d4813b77be311a2ba8c5,native_id,6a68d4813b77be311a2ba8c5,https://www.trustpilot.com/reviews/6a68d4813b77be311a2ba8c5,1,Do not buy anything from here. Crooks! ,"Bought an item (android car play) started to go faulty 6 months into use. Emailed them, they asked for evidence. It happens when it does so I tried my best to catch it, sent them the evidence and and automated email goes"" your case is closed"" no option to return or anything from purchase. Avoid like the plague. ",2026-07-28T18:10:41.000Z,2026-06-19T00:00:00.000Z,en,1,not-verified,false,Organic,Altherstad Ragnar,6a68d47b7b418c124891a97a,1,GB,"Dear Customer,
We are very sorry to hear that you have encountered an issue. This is not the experience we want for our customers. We'd love to look into this case and see how we can help. To help us better understand your experience, please add details like order number or email through the Request Information form that we sent you.
Best regards,
AliExpress Customer Service Team",2026-07-29T05:59:23.000Z
www.aliexpress.com,id:6a68d191d72ba0dca4e5b41a,native_id,6a68d191d72ba0dca4e5b41a,https://www.trustpilot.com/reviews/6a68d191d72ba0dca4e5b41a,2,As has happened before...,"As has happened before, the customer has to pay for an item that doesn’t work! But the real problem lies in the way the customer HAS to provide evidence. It’s not always possible to provide a ridiculous photo or an equally ridiculous – and, above all, pointless – video to prove that the device doesn’t work!! 
And ‘obviously’, the customer who makes a complaint in good faith also HAS to bear the cost of a faulty device. 
In short, in my case, I’ve been ‘robbed’ of a handful of dollars, but I’ll carry on living happily ever after 💚, whilst the manufacturer of the camera 👎 that doesn’t work will, as far as I’m concerned, always remain a fraudster.
Furthermore, Aliexpress’s dispute resolution policy needs to be more concrete and realistic when it comes to evidence!",2026-07-28T17:58:09.000Z,2026-07-25T00:00:00.000Z,en,1,not-verified,false,Organic,Moreno,5b11e9a74de5666d347f844d,5,CH,"Dear Customer,
Thank you for providing the information. Unfortunately, we were unable to locate any order details using the email address you provided. However, we will send you an email shortly. Please reply to that email and provide supporting documents such as proof of payment, so we can further assist in locating your order and resolving the issue.
Thank you for your cooperation, and we look forward to your response.
Best regards,
AliExpress Customer Service Team",2026-07-29T05:59:55.000Z
www.aliexpress.com,id:6a68c893eca6bcbfa4cf9a91,native_id,6a68c893eca6bcbfa4cf9a91,https://www.trustpilot.com/reviews/6a68c893eca6bcbfa4cf9a91,1,DECEPTIVE!!!!,"DECEPTIVE!!!!!  They advertise a cat waterer, complete with description, picture, size, all for a special price.    When you order it, all you get are the filters.  This is the most DISHONEST website I have ever seen!  Looking at the reviews on their own site, they have done this many times.  STAY AWAY from these con artists.",2026-07-28T17:19:47.000Z,2026-07-24T00:00:00.000Z,en,1,not-verified,false,Organic,Bill Woelz,5b3467db4de5666d344e7507,15,US,"Dear Customer,
We are very sorry to hear that you have encountered an issue. This is not the experience we want for our customers. We'd love to look into this case and see how we can help. To help us better understand your experience, please add details like order number or email through the Request Information form that we sent you.
Best regards,
AliExpress Customer Service Team",2026-07-29T06:00:34.000Z
www.aliexpress.com,id:6a68c05dddc4bbd95394e3f0,native_id,6a68c05dddc4bbd95394e3f0,https://www.trustpilot.com/reviews/6a68c05dddc4bbd95394e3f0,1,Aliexpres has become a haven for fraud…,Aliexpres has become a haven for fraud and fakes. I noticed a seller a 12 piece spanner set for sale at a ridiculously cheap price (A good sign of a scam). When I looked closer at the listing even though all of the photos and the description were of a spanner set there was a single photo of what they were actually selling. It was a cheap set of allen keys. 5 people had already left 1 star reviews as they had been conned. I reported the listing to AE to try and stop other people losing money. Aliexpress decision was that the seller was doing nothing wrong and allowed the scam to continue. While AE actively support this type of fraudulent listing it is a very unsafe place to buy from.,2026-07-28T16:44:45.000Z,2026-07-28T00:00:00.000Z,en,1,not-verified,false,Organic,Scott Fleming,5ce278bc34e829d8998618cd,65,GB,"Dear Customer,
Thank you for your feedback. We sincerely apologize for the inconvenience caused and truly appreciate you bringing this to our attention. We are more than happy to investigate this case further and explore how we can assist you.
To better understand your situation, we kindly request that you provide detailed information, such as the order number or email, by filling out the ""Request for Information"" form we have sent to you. Your cooperation in providing these details will help us resolve the issue more effectively.
If you have any questions or need further assistance, please don’t hesitate to reach out.
Best regards,
AliExpress Customer Service Team",2026-07-29T06:01:28.000Z
www.aliexpress.com,id:6a68b6a68990d80b06a6a5ab,native_id,6a68b6a68990d80b06a6a5ab,https://www.trustpilot.com/reviews/6a68b6a68990d80b06a6a5ab,1,Poor understanding of English....????,"After battling with them to accept a return  (after the vendor offered derisory compensation) & receiving a refund, it appears to be over £8 less than it should be.
I've asked why, - an explanation, at least twice.
The wording of the Rejection email might as well be about the atmosphere around Mars.......it bears no relevance to the query.    And Customer Services have their own Processes, - they won't copy/paste a sentence from me, the customer. ",2026-07-28T16:03:19.000Z,2026-07-20T00:00:00.000Z,en,1,not-verified,false,Organic,Gary Dunn,62569e1d1023750012da96f7,4,GB,"Dear valued customer,
First and foremost, please allow us to express our deepest apologies for the inconvenience you’ve experienced regarding your refund. We are truly sorry that this has happened, and we cannot thank you enough for bringing this matter to our attention. Your patience and understanding mean the world to us during this time.
We want to assure you that we are actively investigating this issue with the utmost urgency. Our team is working tirelessly to resolve it as quickly as possible, and we will personally ensure that you receive a detailed update via email every step of the way. Please keep an eye on your inbox, as we promise to keep you fully informed throughout this process.
Once again, thank you for giving us the opportunity to make things right. You are incredibly important to us, and we are committed to ensuring your complete satisfaction.
Warm regards,
AliExpress Customer Service Team",2026-07-29T06:07:12.000Z
www.aliexpress.com,id:6a689b642a8a8fc19fb4d580,native_id,6a689b642a8a8fc19fb4d580,https://www.trustpilot.com/reviews/6a689b642a8a8fc19fb4d580,1,Giving them 1 star because it won't go…,Giving them 1 star because it won't go lower. Took money for items then sent them to an address I never entered and are refusing to refund because they were delivered.,2026-07-28T14:07:00.000Z,2026-07-10T00:00:00.000Z,en,1,not-verified,false,Organic,Craig Johnstone,6a059f915f73f9e336b0576e,3,GB,"Dear Customer,
We are truly sorry for the inconvenience caused.
We value your feedback and would like to learn more about your issue in order to assist you effectively. To help us fully understand your situation, we kindly ask you to complete the ""Information Request Form"" that we have sent to you. Please provide details such as your order number(s) or email.
Your cooperation will greatly help us resolve this matter more efficiently.
Thank you for your understanding and support.
Best regards,
AliExpress Customer Service Team",2026-07-29T02:00:37.000Z
www.aliexpress.com,id:6a6871405b6cb1ffd3139862,native_id,6a6871405b6cb1ffd3139862,https://www.trustpilot.com/reviews/6a6871405b6cb1ffd3139862,1,customer service is a joke,"Got an electrical item that broke.
Aliexpress is repeatedly sending me the same AI response that they need a rapport from companies THAT DO NOT EXIST to verify it's not uses error.
It's a 8 euro item..be real.
I have shopped on Ali for over 10 years and have spend thousands a year, but this has finally pushed me to delete my app and switch to one of the many alternatives.
Shame on you, aliexpress.

Tip: if anyone is dealing with this with an expensive item, just have AI make a fake rapport. They are breaking the law by treating us like this, do not let them steal your money!!",2026-07-28T11:07:12.000Z,2026-07-27T00:00:00.000Z,en,1,not-verified,false,Organic,Laura,570753e10000ff000a1580a5,5,NL,"Dear Customer,
Our sincerest apologies for the inconvenience caused by the defective product. We have started investigating the issue you reported and will be in touch with you via email shortly. Kindly stay tuned to your email for any important messages from us.
Thank you for your patience and support while we work on resolving this for you.
Warm regards,
AliExpress Customer Service Team",2026-07-29T02:51:15.000Z
www.aliexpress.com,id:6a68682960ef414d9e4c469f,native_id,6a68682960ef414d9e4c469f,https://www.trustpilot.com/reviews/6a68682960ef414d9e4c469f,1,Even the replies here are bots. Scam!,"Its crazy how absurdly bad and scammy this website is. Even when you leave a negative review here explaining what happened, they have a bot copypasting the same message asking for details to ""fix the problem"" but obviously they ignore that and nothing happens, since they have zero humans working in their company, or the ones they have are trained specifically to ignore their customers and steal their money. Wait and see how they reply asking for details and apologising. Its all bots and AI automatic replies that go nowhere and your money will stay lost and stolen forever. Do not use them!!! And tell everyone you know to avoid them always. ",2026-07-28T10:28:25.000Z,2026-07-25T00:00:00.000Z,en,1,not-verified,false,Organic,VansTheWall,6a635fbfff3db2648bc18add,3,DE,"Dear Customer,
Thank you for bringing this matter to our attention. We sincerely apologize for the inconvenience you have experienced.
We would like to inform you that we are actively looking into the issue you reported. However, as the investigation is still ongoing, we have not yet reached a conclusion or sent you an update. Rest assured, once we have a solution or further information, we will notify you immediately via email. Please keep an eye on your inbox for our response.
If you have any additional questions or require further assistance in the meantime, please don’t hesitate to contact us.
Best regards,
AliExpress Customer Service Team",2026-07-29T03:05:20.000Z
www.aliexpress.com,id:6a686613246cf5decf2980bf,native_id,6a686613246cf5decf2980bf,https://www.trustpilot.com/reviews/6a686613246cf5decf2980bf,1,Still awaiting shipping cost refund,"It's been over two weeks since my last email to Aliexpress providing them with the required proof of return.
They have been dancing around this issue for over a month now.
Aliexpress kindly refund me £18.78 as agreed.",2026-07-28T10:19:31.000Z,2026-07-10T00:00:00.000Z,en,1,not-verified,false,Organic,Louise Marie,6098ebeb3beaf40019c507b7,39,GB,"Dear Customer,
Thank you for your patience. I have noticed that your dedicated customer service representative is currently handling your case. Due to the complexity of the situation, it may take a bit longer to resolve. However, I have already urged them to respond to your email as soon as possible.
Please continue to communicate with your dedicated customer service via email for further updates.
Thank you for your understanding, and we appreciate your cooperation.
Best regards,
AliExpress Customer Service Team",2026-07-29T03:07:58.000Z
www.aliexpress.com,id:6a68494f5ed2e089239baf1c,native_id,6a68494f5ed2e089239baf1c,https://www.trustpilot.com/reviews/6a68494f5ed2e089239baf1c,1,Product faulty and bad customer service,"Really disappointed with my order from one seller, got some rings for chainmaille and the are the worst, tried to return them and had to provide proof of everything, the largest amount of rings ordered were awarded a 51c refund while spent over €20, tried to appeal to both seller and aliexpress and I get nothing but freaking ai responses and no one is really helping... this has really been an awful experience",2026-07-28T08:16:47.000Z,2026-07-28T00:00:00.000Z,en,1,not-verified,false,Organic,Sofia Reis,5f6bdbdcd41eaa6f07084ba7,8,IE,"Dear Customer,
We sincerely apologize for the inconvenience caused by the product you received that is not functioning as expected. We have already begun investigating the issue and will provide you with updates via email as soon as possible. Please keep an eye on your inbox for further communication.
If you have any additional details or supporting information regarding the issue, please feel free to share it with us through this email thread or via our Help Center. Your cooperation and patience throughout this process are greatly appreciated.
Thank you for bringing this matter to our attention, and we apologize once again for any frustration this may have caused.
Best regards,
AliExpress Customer Service Team",2026-07-29T03:22:44.000Z
www.aliexpress.com,id:6a68371b5799ce36f3a5c3af,native_id,6a68371b5799ce36f3a5c3af,https://www.trustpilot.com/reviews/6a68371b5799ce36f3a5c3af,1,Their client service is as bad as the products.,"Their client service is as bad as the products.
They sent me the wrong product, knowing it does not fit, and then said I must talk to the supplier on their chat page, where the supplier, of course, gave me the runaround. Now AliExpress said it has been too long they can no longer help resolve the issue. Don't buy from them; buy from reputable dealers, not scammers.

",2026-07-28T06:59:07.000Z,2026-06-26T00:00:00.000Z,en,1,not-verified,false,Organic,Francois Cornelis Le Roux,6a683702ff3db29525c67cac,1,ZA,"Dear Customer,
We deeply regret the discrepancy in the item you received and sincerely apologize for any inconvenience this may have caused. Please rest assured that we are actively investigating the issue and will keep you updated via email.
We value your understanding and trust as we work to resolve this matter. Your patience means a lot to us, and we are committed to ensuring a satisfactory resolution. Thank you for your support.
Best regards,
AliExpress Customer Service Team",2026-07-29T03:26:21.000Z
www.aliexpress.com,id:6a6822160194318c2ba3cf93,native_id,6a6822160194318c2ba3cf93,https://www.trustpilot.com/reviews/6a6822160194318c2ba3cf93,1,I bought a phone screen product and it…,"I bought a phone screen 
 and it wasn't working. The seller didn't respond to me.aliExpress They didn't give me anything, it's like they're helping me steal. I've been waiting for about 20 days, and I have all the proof, including a video to prove the product doesn't work and evidence of my conversations with the seller and on AliExpress.",2026-07-28T05:29:26.000Z,2026-06-23T00:00:00.000Z,en,1,not-verified,false,Organic,Hs Ae,6a68204c236e3d8d95e78f68,1,MT,"Dear Customer,
We sincerely apologize for the inconvenience caused by the product you received that is not functioning as expected. We have already begun investigating the issue and will provide you with updates via email as soon as possible. Please keep an eye on your inbox for further communication.
If you have any additional details or supporting information regarding the issue, please feel free to share it with us through this email thread or via our Help Center. Your cooperation and patience throughout this process are greatly appreciated.
Thank you for bringing this matter to our attention, and we apologize once again for any frustration this may have caused.
Best regards,
AliExpress Customer Service Team",2026-07-29T03:29:20.000Z
www.aliexpress.com,id:6a67f715df9a67998bd6b4ca,native_id,6a67f715df9a67998bd6b4ca,https://www.trustpilot.com/reviews/6a67f715df9a67998bd6b4ca,1,Three packages sent,Three packages sent - one not received. After 5 hours on my computer - several of their pages do not open - they say I have received the package.  I won't order from them again and I advise others not to order.,2026-07-28T02:25:57.000Z,2026-07-08T00:00:00.000Z,en,1,not-verified,false,Organic,Lois Kidd,6961d4576148ea01cf2cf05c,2,US,"Dear Customer,
We are very sorry to hear that you have encountered an issue. This is not the experience we want for our customers. We'd love to look into this case and see how we can help. To help us better understand your experience, please add details like order number or email through the Request Information form that we sent you.
Best regards,
AliExpress Customer Service Team",2026-07-28T03:43:52.000Z
www.aliexpress.com,id:6a67e3e5c0990e9fdd6f75fb,native_id,6a67e3e5c0990e9fdd6f75fb,https://www.trustpilot.com/reviews/6a67e3e5c0990e9fdd6f75fb,1,“”””BEWARE BE AWARE”””” DO NOT SHOP AT…,"“”””BEWARE BE AWARE”””” DO NOT SHOP AT ALIEXPRESS HORRIBLE TERRIBLE EXPERIENCE IN MY LIFE AS THEY ARE SCAMMERS AND LIARS!!!! 👎👎👎👎👎 AND THERE REPLIES (BELOW) ARE THE SAME OLD BROKEN RECORD AS THEY ALWAYS SAY THE SAME THING AND “”””NO ACTION”””” SHAME ON YOU ALIEXPRESS, SHAPE UP OR SHIP OUT!!!! 👎👎👎👎👎👎👎👎👎👎👎👎",2026-07-28T01:04:05.000Z,2026-07-07T00:00:00.000Z,en,1,not-verified,false,Organic,Adele H Bucci,678c04a02f1c1cdd826af343,3,CA,"Dear Customer,
Thank you for your patience. I have noticed that your dedicated customer service representative is currently handling your case. Due to the complexity of the situation, it may take a bit longer to resolve. However, I have already urged them to respond to your email as soon as possible.
Please continue to communicate with your dedicated customer service via email for further updates.
Thank you for your understanding, and we appreciate your cooperation.
Best regards,
AliExpress Customer Service Team",2026-07-28T03:44:39.000Z
www.aliexpress.com,id:6a67dcd419685b21e011d42c,native_id,6a67dcd419685b21e011d42c,https://www.trustpilot.com/reviews/6a67dcd419685b21e011d42c,1,Illegal customer service ,"Absolutely shocking customer service on a sinosmart car stereo system I purchased at a cost of £254.19. had the item a couple of months, various problems with it including the radio would randomly change stations or lose signal altogether. The weather app didn't work and was stuck on NANSHAN,the sound quality wasn't great either and the unit would only work when the car was running or ignition was on!!  I returned the item as faulty only to be told because it was beyond the 90 day window the money wouldn't be refunded, instead it would be put in a BONUS account for me to use!! I explained this was illegal and I'm currently taking legal action against ali express!! DON'T BUY ANYTHING YOU NEED TO RETURN AS YOU WILL NOT GET YOUR MONEY BACK.  Cheap Chinese crap!!!! ",2026-07-28T00:33:56.000Z,2026-07-27T00:00:00.000Z,en,1,not-verified,false,Organic,andrew florey,6213cf6e93ca980012ab38b8,5,GB,"Dear Customer,
We are very sorry to hear that you have encountered an issue. This is not the experience we want for our customers. We'd love to look into this case and see how we can help. To help us better understand your experience, please add details like order number or email through the Request Information form that we sent you.
Best regards,
AliExpress Customer Service Team",2026-07-28T03:45:42.000Z
www.aliexpress.com,id:6a67bcd2325f5dc0ac7daa86,native_id,6a67bcd2325f5dc0ac7daa86,https://www.trustpilot.com/reviews/6a67bcd2325f5dc0ac7daa86,1,AVOID AT ALL COSTS,Item delivered was incomplete and seller said only one item was sent correctly. Requested a refund from aliexpress on the day of receipt. Despite saying they'd respond within 48 hours it's been 14 days now. Staus is 'we're reviewing your request' and 'You will receive an update by 00:00:00'. Absolutely disgraceful customer service. Sellers listing was very misleading and clearly not reviewed by aliexpress. AVOID THIS COMPANY AT ALL COSTS,2026-07-27T22:17:22.000Z,2026-07-13T00:00:00.000Z,en,1,not-verified,false,Organic,Paul Lewis,5a8f103368b736becce8e00a,11,GB,"Dear Customer,

We are so so sorry to hear that your order didn’t arrive complete, this is NOT the experience we want for you! You deserve nothing less than perfection, we feel absolutely terrible about this!  

Rest assured, we are treating this matter with the utmost urgency! Our team is already hard at work investigating what went wrong, and we’re determined to get to the bottom of this as soon as possible. As soon as we have any updates, we’ll be sure to send them straight to your inbox, you won’t miss a single step of our process. So please, keep an eye on your email (and maybe even your spam folder) to stay in the loop.

If you have any more questions or need further assistance, please don’t hesitate to reach out we’re always here to help.

Warm regards,

AliExpress Customer Service Team",2026-07-28T03:55:15.000Z
www.aliexpress.com,id:6a679e01d40334463bfc08a3,native_id,6a679e01d40334463bfc08a3,https://www.trustpilot.com/reviews/6a679e01d40334463bfc08a3,1,Liars liars liars,Liars liars liars. They do not refund you. Beware. Big scam. ,2026-07-27T20:05:53.000Z,2026-07-27T00:00:00.000Z,en,1,not-verified,false,Organic,Laurent,65abd46d9148e50012d79658,2,AU,"Dear valued customer,
First and foremost, please allow us to express our deepest apologies for the inconvenience you’ve experienced regarding your refund. We are truly sorry that this has happened, and we cannot thank you enough for bringing this matter to our attention. Your patience and understanding mean the world to us during this time.
We want to assure you that we are actively investigating this issue with the utmost urgency. Our team is working tirelessly to resolve it as quickly as possible, and we will personally ensure that you receive a detailed update via email every step of the way. Please keep an eye on your inbox, as we promise to keep you fully informed throughout this process.
Once again, thank you for giving us the opportunity to make things right. You are incredibly important to us, and we are committed to ensuring your complete satisfaction.
Warm regards,
AliExpress Customer Service Team",2026-07-28T05:36:35.000Z
www.aliexpress.com,id:6a676da2384864c5b03da6f0,native_id,6a676da2384864c5b03da6f0,https://www.trustpilot.com/reviews/6a676da2384864c5b03da6f0,1,ALI EXPRESS SCAMMED US ,"We bought 2 scooters from Ali express. Ali express on the checkout page encourages us to pay VAT and shipping directly to the seller itself - so we did, we paid 110 Euro VAT. 

Then the seller cancels the order and we receive the rest of the money from ali back (but NOT the VAT). The seller then says hes shipped the scooters and want us to pay the rest of the money directly to him - we refuse because it seems strange. Until now (he promised the order would come 1  week ago) we have NOT received any scooters OR our VAT money back and the seller wants us to pay more money. On top of that - Ali express DOES NOT LISTEN and WILL NOT take responsibility for asking and encouraging us to pay VAT DIRECTLY TO THE SELLER!

ALI EXPRESS FACILITATES AND HELPS FRAUD COMPANYS AND CRIMINAL SELLERS TRICK PEOPLE OF MONEY!

WE WANT OUR 110 EURO - ALI EXPRESS MUST TAKE RESPONSIBILITY - THEY WROTE ON THEIR SITE THAT WE SHOULD MAKE PAYMENT ARRANGEMENT OF VAT DIRECTLY WITH THE SELLER!
",2026-07-27T16:39:30.000Z,2026-07-27T00:00:00.000Z,en,1,invited,false,BasicLink,Vic,59ad24580000ff000ac3b7bb,24,SE,"Dear Customer,
Thank you for your patience. I have noticed that your dedicated customer service representative is currently handling your case. Due to the complexity of the situation, it may take a bit longer to resolve. However, I have already urged them to respond to your email as soon as possible.
Please continue to communicate with your dedicated customer service via email for further updates.
Thank you for your understanding, and we appreciate your cooperation.
Best regards,
AliExpress Customer Service Team",2026-07-28T05:59:42.000Z
www.aliexpress.com,id:6a676c03ae1a1ebeaa89de7e,native_id,6a676c03ae1a1ebeaa89de7e,https://www.trustpilot.com/reviews/6a676c03ae1a1ebeaa89de7e,1,"Warning,do not use Aliexpress","Up to now I have been satisfied with Aliexpress but my recent order has shown a rapid decline in customer service. Having ordred a branded Lenovo Power Bank and receiving a completely different one to the advertised item, Aliexpress have refused to refund me my money and have closed the request! The seller has now contacted me offering a third of my money back. This is unacceptable behaviour from both Aliexpress and the seller as I have been sent something that is not the same as the one being advertised.",2026-07-27T16:32:35.000Z,2026-07-27T00:00:00.000Z,en,0,not-verified,false,Organic,Michael Pinkus,6a676bfbc2526c2f749d0526,1,GB,"Dear Customer,
We sincerely apologize for any inconvenience you have experienced. We have initiated an investigation into the issue you reported regarding the incorrect item. We will keep you updated on the progress and respond to you via email. Please keep an eye on your inbox for further communication.
Thank you for your understanding and cooperation.
Best regards,
AliExpress Customer Service Team",2026-07-28T05:52:06.000Z
www.aliexpress.com,id:6a676a7d49a7ab85884a252f,native_id,6a676a7d49a7ab85884a252f,https://www.trustpilot.com/reviews/6a676a7d49a7ab85884a252f,1,I'm so disappointed with AliExpress!!!,"I'm so disappointed with AliExpress!!! I had previously had good experiences as a buyer, but now I'm facing an outrageous situation, and I can't find any way to contact AliExpress customer support. My order number is: 5551106010096930
I received 10 m² of wallpaper with the image distorted and different from the product description. I opened Dispute #27679052 on June 25, 2026. Following the dispute instructions, I returned the items on July 3, 2026, paying $30 for return shipping. I attached the tracking number (CB800393193MD) to the dispute and also sent it to the seller together with the tracking webpage. I did everything required so that I could receive my $100 refund.
Immediately after I opened the dispute, the seller, ""Simple-fashion,"" stopped responding to all of my messages. My return package has been in China since July 14, and its current tracking status is ""Invoice missing."" It appears that the seller has not provided the required information about the parcel's value or confirmed that it is a returned package.
According to the dispute, I will receive my refund only after the seller receives the returned package. However, it seems that the seller is deliberately ignoring both my messages and the return shipment. My dispute is scheduled to expire on August 2, and I'm afraid I will lose my refund even though I have fully complied with all the requirements.
I have every possible piece of evidence showing that I followed the return process correctly and that the seller is ignoring the return. However, I cannot reach a human customer support representative. I can only communicate with an automated chatbot. There is no customer support email address, no clear information about customer service hours, and, most importantly, no clear way to contact a real person for assistance.

Can someone from AliExpress please review my case and help resolve this issue before my dispute expires?!!!",2026-07-27T16:26:05.000Z,2026-06-25T00:00:00.000Z,en,1,not-verified,false,Organic,Eva Agapov,686f8cfe2824b5719f3534f3,6,MD,"Dear Customer,
We sincerely apologize for any inconvenience you have experienced regarding your return and the lack of a refund. We have already begun investigating the issue you reported. You will receive a response from us via email, and we will keep this thread updated with the latest progress. Please be sure to check your inbox regularly for updates.
Thank you for your understanding and cooperation.
Best regards,
AliExpress Customer Service Team",2026-07-28T05:55:58.000Z
www.aliexpress.com,id:6a6751baf808d01731ef3527,native_id,6a6751baf808d01731ef3527,https://www.trustpilot.com/reviews/6a6751baf808d01731ef3527,5,I have ordered two seperate orders,"I have ordered two seperate orders from this company. Both arrived fast from China, with the best tracking communication I have ever seen, from each location the order arrived at. The Goovis HDMI  accessory ordered, I just tested, and works perfectly. Will be ordering from this company in the future.",2026-07-27T14:40:26.000Z,2026-07-27T00:00:00.000Z,en,0,not-verified,false,Organic,Brian,4d44249b0000640001063a1e,70,GB,"Dear Customer,
Thanks for taking the time to share your feedback. We're glad you're enjoying shopping with us. Our team is always here to provide a great experience, and it's awesome to know you're happy with what we do.
Best regards,
AliExpress Customer Service Team",2026-07-28T01:39:29.000Z
www.aliexpress.com,id:6a674debe442dd4cdd5c8190,native_id,6a674debe442dd4cdd5c8190,https://www.trustpilot.com/reviews/6a674debe442dd4cdd5c8190,5,Good app,Don’t trust others it’s a good app for cheap items and low shipping cost and the refund is quite quick delivery usually within few weeks,2026-07-27T14:24:11.000Z,2026-07-27T00:00:00.000Z,en,0,not-verified,false,Organic,Jadon Ng,698f673e2dcf0f6bcaeb9772,20,GB,"Dear Customer,
Thanks for taking the time to share your feedback. We're glad you're enjoying shopping with us. Our team is always here to provide a great experience, and it's awesome to know you're happy with what we do.
Best regards,
AliExpress Customer Service Team",2026-07-28T01:39:57.000Z
www.aliexpress.com,id:6a6743a510315fcfe6f32417,native_id,6a6743a510315fcfe6f32417,https://www.trustpilot.com/reviews/6a6743a510315fcfe6f32417,1,Cheap chinese knockoffs,Cheap chinese knockoffs. Do not buy magnesium gummies from here. They are full of sugar and no value yet they are $25 a packet. Very long postage times.,2026-07-27T13:40:21.000Z,2026-07-27T00:00:00.000Z,en,0,not-verified,false,Organic,Lisa Dale,601d0de8af9bdb00191985fb,4,AU,"Dear Customer,
We are very sorry to hear that you have encountered an issue. This is not the experience we want for our customers. We'd love to look into this case and see how we can help. To help us better understand your experience, please add details like order number or email through the Request Information form that we sent you.
Best regards,
AliExpress Customer Service Team",2026-07-28T01:59:18.000Z
www.aliexpress.com,id:6a674075353a23955bb1f5e8,native_id,6a674075353a23955bb1f5e8,https://www.trustpilot.com/reviews/6a674075353a23955bb1f5e8,1,i bought a electric mountain bike and…,i bought a electric mountain bike and within two months the motor has failed i have contacted AliExpress and also sent them video evidence of the bike not working all i got back was an email saying claim void asked them why and what do i need to do to prove and they just say claim void ,2026-07-27T13:26:45.000Z,2026-07-26T00:00:00.000Z,en,0,not-verified,false,Organic,andrew,640720d5cca7c7001340c5d4,7,GB,"Dear Customer,

We sincerely apologize for the inconvenience caused by the product you received that is not functioning as expected. We have already begun investigating the issue and will provide you with updates via email as soon as possible. Please keep an eye on your inbox for further communication.

If you have any additional details or supporting information regarding the issue, please feel free to share it with us through this email thread or via our Help Center. Your cooperation and patience throughout this process are greatly appreciated.

Thank you for bringing this matter to our attention, and we apologize once again for any frustration this may have caused.

Best regards,

AliExpress Customer Service Team",2026-07-28T02:01:59.000Z
www.aliexpress.com,id:6a671b1bd52ebf71b25dc589,native_id,6a671b1bd52ebf71b25dc589,https://www.trustpilot.com/reviews/6a671b1bd52ebf71b25dc589,2,Delayed shipping,"My order took over two weeks to arrive. When it finally came, the packaging was open and one item was not included. I reached out to customer service and received a slow response. It's frustrating because the product looked promising but the delivery experience was poor.",2026-07-27T10:47:23.000Z,2026-07-26T00:00:00.000Z,en,0,not-verified,false,Organic,Christine Castro,6a3bdc8d0a188f13e48a0e51,3,CZ,"Dear Customer,
We are very sorry to hear that you have encountered an issue. This is not the experience we want for our customers. We'd love to look into this case and see how we can help. To help us better understand your experience, please add details like order number or email through the Request Information form that we sent you.
Best regards,
AliExpress Customer Service Team",2026-07-28T02:24:53.000Z
www.aliexpress.com,id:6a67190f935ed935b36d9999,native_id,6a67190f935ed935b36d9999,https://www.trustpilot.com/reviews/6a67190f935ed935b36d9999,1,I bought a electric kayak motor cost…,I bought a electric kayak motor cost just over  £550.after aweek I noticed seller had still not posted item when I asked about said shipment had be delayed day after day the Chinese seller said they had to wait for delivery funny thing is when I ordered item it was in stock .said they were going to post in the end they did. I can't prove it but I think they just made up a label saying it had been posted but item did not move.and after 27 days of having my money aliexpress refunded me had my money nearly a month I did realise I was a bank and give interest free loans to aliexpress .but that ok i bought 4 new battery's for this electric engine and all they do is give me £5.50 which i have to spend in a month lol you no wear you can tuck that,2026-07-27T10:38:39.000Z,2026-06-25T00:00:00.000Z,en,0,not-verified,false,Organic,Brian Crick,69de34e49472ec1c06aa9ce5,2,GB,"Dear Valued Customer,
Thank you for bringing this matter to our attention. We are very sorry to hear about the seller's behavior that you have reported. Please rest assured that we have received the information you provided and will immediately begin investigating the issue.
We will contact you via email to keep you updated on the progress and resolution of your case. Your satisfaction and trust are important to us, and we are committed to ensuring a fair and prompt resolution.
Thank you for your patience and understanding. If you have any further questions or need additional assistance, please don’t hesitate to reach out.
Best regards,
AliExpress Customer Service Team",2026-07-28T02:33:12.000Z
www.aliexpress.com,id:6a6714be8b19479940563181,native_id,6a6714be8b19479940563181,https://www.trustpilot.com/reviews/6a6714be8b19479940563181,1,1star is 1star to many,1star is 1star to many. i ordered a wireless car adaptor for my apple car play. the item arrived where the box was crushed to death and open. when fully opening the box the actual device was missing and all that was in the box was a usb to type c adaptor. i've tried several times to get a refund for this item and they keep declining it.overioily they don't understand consumer rights so basically i've paid for a empty box and that's not on. best of it this is not the first time i've had issues with aliexpress and from now on won't be using them again so id advice people to shop elsewhere and somewhere where you will get what u actually pay for. ,2026-07-27T10:20:14.000Z,2026-07-23T00:00:00.000Z,en,0,not-verified,false,Organic,Scott Hoyland,665601bba38c0a76298735ba,3,GB,"Dear Customer,
Please accept our sincerest apologies for the damage to your recent order. We understand how disheartening it must have been to receive a product in such poor condition. This is simply unacceptable, and we are devastated to have failed in providing the exceptional service you deserve as one of our cherished customers.
To address this matter promptly, we have launched a comprehensive investigation into the cause of the issue. Your satisfaction is our top priority, and we are committed to resolving this as quickly as possible. Throughout this process, we will provide regular updates via email to ensure you are kept fully informed of our progress. Please monitor your inbox closely including your spam folder o stay updated on our efforts to rectify this situation.
Once again, we humbly apologize for the inconvenience caused and deeply value your understanding as we work towards a solution. Should you require further assistance or wish to share additional thoughts, please do not hesitate to reach out we are at your service.
With utmost respect and appreciation,
AliExpress Customer Service Team",2026-07-28T02:45:40.000Z
www.aliexpress.com,id:6a66e27a99d67870f803df78,native_id,6a66e27a99d67870f803df78,https://www.trustpilot.com/reviews/6a66e27a99d67870f803df78,1,AliExpress dispute process or a masterclass in doing nothing,"AliExpress customer support? Absolutely world-class. You open a dispute and they hit you with a copy-paste ""sorry we can't help, best of luck out there"" faster than the package took to arrive. But the second my bank got involved for a chargeback? Suddenly these guys are VERY responsive
fired off a neat little email to my bank claiming they'd tried to resolve everything. Then my bank asked for actual evidence of that. Crickets
And here's the cherry on top - they request evidence from customers via an email address that doesn't receive emails. Let that sink in. They set up a dead-end email, wave it around as proof they're ""communicating,"" then vanish the moment anyone asks for receipts. In most countries we have a word for that. CRIME
Stellar operation you're running, guys.",2026-07-27T06:45:46.000Z,2026-07-26T00:00:00.000Z,en,1,not-verified,false,Organic,Mykola Aleksandrov,69dbb6869478c6ed29dcc31f,33,UA,"Dear Customer,
Thank you for your patience. I have noticed that your dedicated customer service representative is currently handling your case. Due to the complexity of the situation, it may take a bit longer to resolve. However, I have already urged them to respond to your email as soon as possible.
Please continue to communicate with your dedicated customer service via email for further updates.
Thank you for your understanding, and we appreciate your cooperation.
Best regards,
AliExpress Customer Service Team",2026-07-28T03:24:19.000Z
www.aliexpress.com,id:6a66bc389c860cc4b48313b6,native_id,6a66bc389c860cc4b48313b6,https://www.trustpilot.com/reviews/6a66bc389c860cc4b48313b6,1,AliExpress courier held my parcel and marked it for disposition,"I ordered an essential phone-repair part on June 25. AliExpress’s U.S. last-mile courier, GOFO, marked a valid forwarding-warehouse address as insufficient even though I confirmed it repeatedly. GOFO later said the parcel was back at its warehouse and promised redelivery, but weeks passed without delivery or proactive notice. On July 24 GOFO said the parcel had been “marked for disposition, likely at the seller’s request,” yet provided no proof, date, or prior warning. AliExpress should urgently coordinate with its courier and seller, stop any disposition, locate and deliver the parcel, or send a replacement through a reliable carrier. I can provide the complete tracking and WhatsApp record privately.",2026-07-27T04:02:32.000Z,2026-07-24T00:00:00.000Z,en,0,invited,false,BasicLink,Konstantin,6a66bb83b06fbf2ea3f70417,2,GE,"Dear Customer,
We sincerely apologize for the inconvenience you’ve experienced regarding the non-receipt of your package. We have already initiated an investigation into this matter and will respond to you via email with updates. Additionally, we will keep this thread updated as progress unfolds. Please be sure to check your inbox regularly for our communication.
Thank you for your patience and cooperation.
Best regards,
AliExpress Customer Service Team",2026-07-28T03:39:41.000Z
www.aliexpress.com,id:6a662bde7b8dd70284acdf83,native_id,6a662bde7b8dd70284acdf83,https://www.trustpilot.com/reviews/6a662bde7b8dd70284acdf83,1,Disappointed ,I have to agree with the other rewiews about delivery.... First time ordering and still waiting. Website shows no further updates from carrier. Disappointed. ,2026-07-26T17:46:38.000Z,2026-07-15T00:00:00.000Z,en,1,not-verified,false,Organic,cbai,681656ce4db5a05e9ce7a19d,3,GY,"Dear Customer,
We are truly sorry for the inconvenience caused.
We value your feedback and would like to learn more about your issue in order to assist you effectively. To help us fully understand your situation, we kindly ask you to complete the ""Information Request Form"" that we have sent to you. Please provide details such as your order number(s) or email.
Your cooperation will greatly help us resolve this matter more efficiently.
Thank you for your understanding and support.
Best regards,
AliExpress Customer Service Team",2026-07-27T03:24:16.000Z
www.aliexpress.com,id:6a6605a4888b68581b6cf49f,native_id,6a6605a4888b68581b6cf49f,https://www.trustpilot.com/reviews/6a6605a4888b68581b6cf49f,4,Never had a bad experience,"Never had a bad experience, all my orders arrived promptly and even earlier than expected. All items in good condition, sometimes there would be substandard quality items but I always tell them and I get a refund or cash rebate of some kind so they're reasonable ",2026-07-26T15:03:32.000Z,2025-08-12T00:00:00.000Z,en,0,not-verified,false,Organic,Jennifer C,69237f29aa30486c617df72c,5,AU,"Dear Valued Customer,
Thank you for sharing your feedback with us—it truly matters and helps us grow. We are dedicated to continuously improving our services to provide you with the best possible shopping experience. Your satisfaction is our top priority, and we assure you that we take your concerns very seriously.
We deeply value your input and are grateful for your support. If you need further assistance or have any additional questions, please don't hesitate to reach out to our Help Center at https://helpcenter.aliexpress.com/s/BuyerHelp.
Warm regards,
AliExpress Customer Service Team",2026-07-27T01:57:55.000Z
www.aliexpress.com,id:6a66056cf2cecd480d462487,native_id,6a66056cf2cecd480d462487,https://www.trustpilot.com/reviews/6a66056cf2cecd480d462487,1,1 star is too much ! Never again !,"1 star is too much ! We've just had enough of AliExpress. The platform used to be a good alternative for some items... but its customer service has become the worst ever ! 
Last experience, we ordered a velvet jewellery box, to be given as a gift. The box arrived smashed. So it does not close properly and some interior parts have left marks on the velvet lining... which is ugly and no longer presentable.
We contacted the customer service which after reviewing the photos promised a replacement part. They gave us a tracking number. For multiple days, a couple of weeks, it was noted that the supposed parcel arrived... But, it didn't! It was actually somewhere in the country... but never arrived to our town at all. 
We re-contacted the customer service again... this time they asked for a video and bla bla bla... Then the 30 days return period ended.
End of the story for AliExpress :)
Never again... this comes from us and our acquaintance.

Update: reply on Aliexpress' answer:
After this post I got a silly message from the agent asking me to go back in time for about one month or so, and do an unboxing video.
I mean a jump in time of just one month should be manageable by anybody right?",2026-07-26T15:02:36.000Z,2026-06-14T00:00:00.000Z,en,1,not-verified,false,Organic,AA Germany,6a6605577b418cbfc08e2f49,1,DE,"Dear customer,
Sincerely apologize for the inconvenience caused. 
Due to the lack of valid information provided, we are unable to proceed further with your case. Please kindly check and reply to our agent' s email. If you have any other questions, please go to our Help center page for online customer service.
Your understanding and cooperation are deeply appreciated.
Best regards,
AliExpress Customer Service Team",2026-07-27T02:11:17.000Z
www.aliexpress.com,id:6a65ff9fe1f38d8ecaf1cf9b,native_id,6a65ff9fe1f38d8ecaf1cf9b,https://www.trustpilot.com/reviews/6a65ff9fe1f38d8ecaf1cf9b,1,Avoid if you have an issue.,"Have had a recent Blood Pressure issue. GP advised to monitor a couple of times per day. Decided to purchase a ""Smart Bracelet"" (not the cheep and cheerful one) from AliExpress. Description said it would also monitor BP along with other actions.When I received it it was obvious that it wouldn't achieve what I wanted (down to poor description). Regretfully decided to return it as description not correct. Contacted AliExpress via website, filled in the forms requested and was told that I would have to pay the return postage and they would investigate and get back to me with details in 24 - 48 hours, that was four days ago, nothing. They are quick to sell but not to refund. I have purchased from them before without issue but never again.",2026-07-26T14:37:51.000Z,2026-07-14T00:00:00.000Z,en,2,not-verified,false,Organic,Mr David Ellams,5bf29f5a7c0366717fc5a6a0,65,GB,"Dear Customer.

Thank you for contacting us. We apologise for your unpleasant shopping experience. Our agent sent you an email, please check it out. If you have any questions, please feel free to reply to us via email and we will respond as soon as possible.

Thank you for your understanding and support!

Sincerely.

AliExpress Customer Service Team",2026-07-27T02:14:29.000Z
www.aliexpress.com,id:6a65f79c145191c0e81dfbab,native_id,6a65f79c145191c0e81dfbab,https://www.trustpilot.com/reviews/6a65f79c145191c0e81dfbab,1,Terrible but should have expected it service,"** Addition post reply from Ali Express - They have already replied as per this review and have been no help, please do not take this response here in anyway that this will be resolved and I am waiting for the same message via email again. 

I ordered two items, after nearly a month the seller said they couldn’t ship the items. I used what Ali Express deem to be bonus cash to partially buy the item which they would not refund and no compensation was given resulting in me receiving 1p back. All I got was a robot replying to me saying ‘the coupon had expired’. Be very wary, will likely be a fake item and in a percentage of cases you won’t even get the item. ",2026-07-26T14:03:40.000Z,2026-07-20T00:00:00.000Z,en,1,not-verified,false,Organic,Thomas Allport,6a65f6e27b418c45518e1f4f,1,GB,"Dear Valued Customer,
Thank you for bringing this matter to our attention. We are very sorry to hear about the seller's behavior that you have reported. Please rest assured that we have received the information you provided and will immediately begin investigating the issue.
We will contact you via email to keep you updated on the progress and resolution of your case. Your satisfaction and trust are important to us, and we are committed to ensuring a fair and prompt resolution.
Thank you for your patience and understanding. If you have any further questions or need additional assistance, please don’t hesitate to reach out.
Best regards,
AliExpress Customer Service Team",2026-07-27T02:15:20.000Z
www.aliexpress.com,id:6a65bd25bb706ab586f88d8a,native_id,6a65bd25bb706ab586f88d8a,https://www.trustpilot.com/reviews/6a65bd25bb706ab586f88d8a,1,"Returned goods, did not get money back","Returned goods, did not receive a refund. That's what I call a scam.",2026-07-26T09:54:13.000Z,2026-07-26T00:00:00.000Z,en,2,not-verified,false,Organic,Janko Kosi,6a5b1b2dff3db2adcfb7d15e,2,AU,"Dear Customer.

Thank you for contacting us. We apologise for your unpleasant shopping experience. Our agent sent you an email, please check it out. If you have any questions, please feel free to reply to us via email and we will respond as soon as possible.

Thank you for your understanding and support!

Sincerely.

AliExpress Customer Service Team",2026-07-27T02:35:57.000Z
www.aliexpress.com,id:6a6566f5146bd35327f3e890,native_id,6a6566f5146bd35327f3e890,https://www.trustpilot.com/reviews/6a6566f5146bd35327f3e890,1,This website is spam,This website is spam. We never received our order. Customer service is terrible. ,2026-07-26T03:46:29.000Z,2026-04-25T00:00:00.000Z,en,2,not-verified,false,Organic,Kate,6a6566dfff3db2fceec39c3b,1,US,"Dear Customer,
Due to the lack of completed request information form, we regret to inform you that we are unable to process your case due to insufficient information. Please accept our deepest apologies for any inconvenience you've faced. If you need further assistance or have any additional questions, please don't hesitate to consult our Help Center at AliExpress.
https://helpcenter.aliexpress.com/s/BuyerHelp
Thank you for your understanding and cooperation.
Best regards,
AliExpress Customer Service Team",2026-07-26T06:23:34.000Z
www.aliexpress.com,id:6a65584cfbef62c408aae6cd,native_id,6a65584cfbef62c408aae6cd,https://www.trustpilot.com/reviews/6a65584cfbef62c408aae6cd,1,I bought two batteries (LIFEPO4) from…,"I bought two batteries (LIFEPO4) from the seller TCBWORTH Battery Store on aliExpress. They have a three year guarantee, one of them failed  7 months in and the seller declined and then Ghosted me. I contacted customer support and they declined to help because I could not video a internal electronic problem? They don't have the competence to evaluate the situation. So you have been warned to STAY  AWAY... 
Update: AliExpress wants me to prove the defect in a way that is impossible. They want me to video/photo the inside of the battery in a way that shows the defect! Impossible request. They do not understand battery technology. Again STAY AWAY from AliExpress for items like this...  ",2026-07-26T02:43:56.000Z,2025-11-29T00:00:00.000Z,en,2,not-verified,false,Organic,Wayne Bradford,55c67ff10000ff0001d2b857,7,US,"Dear customer,
Sincerely apologize for the inconvenience caused. 
Due to the lack of valid information provided, we are unable to proceed further with your case. Please kindly check and reply to our agent' s email. If you have any other questions, please go to our Help center page【https://helpcenter.aliexpress.com/s/BuyerHelp?】 for online customer service.
Your understanding and cooperation are deeply appreciated.
Best regards,
AliExpress Customer Service Team",2026-07-26T06:18:19.000Z
www.aliexpress.com,id:6a653768ca2a8536ed322532,native_id,6a653768ca2a8536ed322532,https://www.trustpilot.com/reviews/6a653768ca2a8536ed322532,2,Bought 3 of the same items from a…,"Bought 3 of the same items from a seller. They sent them separately, so I received 2 of the 3 items, this was 6th June 26. I'm still arguing with the buyer and putting in constant requests for a replacement or refund to Ali and keep getting denied. Because I stated I received 2 of the 3, and I have the messages from the seller, they say I recieved the package. Won't be buying from Ali again. ",2026-07-26T00:23:36.000Z,2026-06-06T00:00:00.000Z,en,2,invited,false,BasicLink,Cassandra May,6a653754b06fbf8267f5ea96,1,AU,"Dear Customer,
We deeply regret the inconvenience you’ve faced due to not receiving your package. Rest assured, we have taken immediate steps to investigate the issue you raised. You can expect an email from us soon, and we will ensure this thread is kept updated with the latest developments. Please check your email regularly for our communication.
Thank you for your trust and cooperation.
Best regards,
AliExpress Customer Service Team",2026-07-26T06:15:07.000Z
www.aliexpress.com,id:6a650c337299a3b7e5e7587b,native_id,6a650c337299a3b7e5e7587b,https://www.trustpilot.com/reviews/6a650c337299a3b7e5e7587b,1,Disgusting,"Disgusting, sent me two faulty fans, I wanted to return them however they refused to provide return label

They say provide valid evidence i sent them a video which clearly shows item not turning on the second item in the same order was giving burnt electric smell for which i have no idea what evidence can be provided ",2026-07-25T21:19:15.000Z,2026-07-25T00:00:00.000Z,en,2,not-verified,false,Organic,Ali A,6568d43c6a65cb00110892b6,13,GB,"Dear customer,
Sincerely apologize for the inconvenience caused. 
Due to the lack of valid information provided, we are unable to proceed further with your case. Please kindly check and reply to our agent' s email. If you have any other questions, please go to our Help center page【https://helpcenter.aliexpress.com/s/BuyerHelp?】 for online customer service.
Your understanding and cooperation are deeply appreciated.
Best regards,
AliExpress Customer Service Team",2026-07-26T06:04:22.000Z
www.aliexpress.com,id:6a650912a0f8f26765696817,native_id,6a650912a0f8f26765696817,https://www.trustpilot.com/reviews/6a650912a0f8f26765696817,1,No information about product.,"I bought a set of thin wires (1007 PVC Electronic wire) at the ""Shop 1103206810 Store"". About this product I have at least 4 questions. I can not ask them at the suppliers mail. So I cant use the product. Please, contact me for answering the questions. ",2026-07-25T21:05:54.000Z,2026-07-25T00:00:00.000Z,en,2,not-verified,false,Organic,Gerard,628cc41e6f91790012d1e198,5,NL,"Dear Customer.

Thank you for contacting us. We apologise for your unpleasant shopping experience. Our agent sent you an email, please check it out. If you have any questions, please feel free to reply to us via email and we will respond as soon as possible.

Thank you for your understanding and support!

Sincerely.

AliExpress Customer Service Team",2026-07-26T06:01:35.000Z
www.aliexpress.com,id:6a650239265743684376e44d,native_id,6a650239265743684376e44d,https://www.trustpilot.com/reviews/6a650239265743684376e44d,1,Bad and worse service with every day,"Held my funds for 20 days and decided to cancel my order without any explanation


That's the problem, I don't understand, how can you thank me for understanding when your only excuse is that the seller didn't ship before their final shipping period expired.
Aliexpress SCAMMERS",2026-07-25T20:36:41.000Z,2026-07-24T00:00:00.000Z,en,2,not-verified,false,Organic,Arr0gance42,59e9fb310000ff000ad77434,20,GB,"Dear Customer，
Thank you for contacting us. We apologize for your unpleasant shopping experience. Our agent sent you an email, please check it out. If you have any questions, please feel free to reply to us via email and we will respond as soon as possible.
Thank you for your understanding and support!
Sincerely，
AliExpress Customer Service Team",2026-07-26T05:58:32.000Z
www.aliexpress.com,id:6a64f7de1506d89f6530baf8,native_id,6a64f7de1506d89f6530baf8,https://www.trustpilot.com/reviews/6a64f7de1506d89f6530baf8,1,*** BEWARE ***,"I would advise anyone using Aliexpress to only order one item at a time because with multiple items in a package Aliexpress assumes all items are present and will not refund any missing items as happened to me with one missing item. Aliexpress guarantees are worthless and they will ensure they take up so much of your time and make it impossible to satisfy what they ask for that in the end you give up as your time is more valuable than the missing item. Here is the list of actions they insist on to consider a refund, as can be seen most of which is impossible to achieve, and of course it's designed that way!
To better handle your complaint regarding quality issues, please provide the following evidence to assist us in determining the actual situation:
1. Postal service proof/logistics documentation confirming abnormalities with the package. The document must include the following details:
·Package tracking number: The tracking number should match the one provided by the seller.
·Logistics status: The content on the document must reflect the issue you encountered, such as descriptions of missing items, damage, etc.
·Issuer of the document: The email address should originate from the logistics company. For offline documents (such as photos or PDF files), they must come from the corresponding logistics companyâ€”for example, bearing the official seal or signature of the logistics company.
2. A complete unboxing video showing that the problem existed upon receipt of the item. The video must include:
·The package label clearly visible.
·A full view of the intact, unopened package.
·If there are two layers of labels, the bottom label underneath must be shown after removing the top layer.
·The recording time.
·A detailed and clear recording of the specific issue, ensuring smooth playback without lagging, frame dropping, or editing.
3. Communication records with the seller (e.g., admissions of error, promises of refunds, etc.) as this serves as supplementary evidence. If provided, it will enable a clearer determination of the seller's issues.
Good luck to anyone trying to comply with that lot!!

And to add insult to injury you get invited to complete a survey on the way in which they've handled your request  .... BUT! ..... you can't complete the survey because it's all in Chinese!
Yep, you guessed it, it's designed that way so that their customer service staff never get any negative feedback! (Clever eh!).",2026-07-25T19:52:30.000Z,2026-07-23T00:00:00.000Z,en,2,not-verified,false,Organic,Mike Mercieca,5660c9f50000ff0001effd32,58,GB,"Dear customer,
Sincerely apologize for the inconvenience caused. 
Our agent has replied with more detailed information in the email. Please kindly check and reply to our agent. If you have any other questions, please go to our Help center page【https://helpcenter.aliexpress.com/s/BuyerHelp?】 for online customer service.
Your understanding and cooperation are deeply appreciated.
Best regards,
AliExpress Customer Service Team",2026-07-26T05:54:41.000Z
www.aliexpress.com,id:6a64f01d3752153dd2a88a33,native_id,6a64f01d3752153dd2a88a33,https://www.trustpilot.com/reviews/6a64f01d3752153dd2a88a33,1,Appalling crooks!,"Appalling crooks!

I ordered a spare battery for my Insta 360 X4. It arrived in a few days. The box was marked Insta 360 X4, the battery was well make, but it is too large for the Insta 360 X4 Camera. I asked for a refund, they asked for image of the damage, there was not any. I sent photographs proving the box was marked Insta 360 X4, the camera is Insta 360 X4 and this battery would not fit this camera ever. After lots of applications I recieved a notice stating, ""After careful review, we regret to inform you that your recent return/refund request did not meet our evidence standards and, therefore, we are unable to process your refund. To maintain fairness and integrity on our platform, we kindly suggest that you refer to our 【User Evidence Guidelines】 to further specify the issues with the product. We are committed to assisting you and will address your concerns promptly. Thank you for your understanding and cooperation!"" . I will never use these devious shits ever again, and cannot say avoid hard enough ever.",2026-07-25T19:19:25.000Z,2026-07-22T00:00:00.000Z,en,2,not-verified,false,Organic,John Stirzaker,5eabcdf446f4d002e0f7d539,16,GB,"Dear customer,
Sincerely apologize for the inconvenience caused. 
Our agent has replied with more detailed information in the email. Please kindly check and reply to our agent. If you have any other questions, please go to our Help center page【https://helpcenter.aliexpress.com/s/BuyerHelp?】 for online customer service.
Your understanding and cooperation are deeply appreciated.
Best regards,
AliExpress Customer Service Team",2026-07-26T05:48:04.000Z
www.aliexpress.com,id:6a64e68bd01fe1e0c12c9530,native_id,6a64e68bd01fe1e0c12c9530,https://www.trustpilot.com/reviews/6a64e68bd01fe1e0c12c9530,1,So that wasn’t too difficult was it,"So that wasn’t too difficult was it? 
I refer of course to your emailed response to my original question ie: why did you return my order to sender, your response is a complete fabrication of the truth, you all must be living in cloud cuckooland.
Heres what ACTUALLY happened:-
First order -  Arrived safely 3 weeks from order.
2nd order – Arrived eventually after my intervention with courier. I DID NOT INITIATE ANY CHARGEBACK. With yourselves OR Paypal
3RD ORDER – Returned to sender by yourselves BEFORE I requested a refund from Paypal. At no time have I ever requested a chargeback from AliExpress.
All this crap about orders frozen, unfrozen, chargebacks etc must be a fabrication of your imagination. However, I HAVE received your explanation, regardless of its departure to reality and for that I say thank you. You will be pleased to learn that my constant daily reviews will now cease to be posted. 
Well that brought the usual bullshit response.
",2026-07-25T18:38:35.000Z,2026-07-25T00:00:00.000Z,en,2,not-verified,false,Organic,Angryoap,5eff1bde82e34152eeca7604,101,GB,"Dear Customer, 
Thank you for reaching out, and I truly appreciate your patience as we work to resolve this matter for you.
To move forward, I kindly recommend reaching out to your dedicated customer service representative directly. They are best equipped to assist you with your specific case and will guide you through the process. Please be sure to provide any relevant evidence or documentation that supports your situation—this will help us better understand the issue and find a solution more efficiently.
Please trust that we are genuinely committed to helping you and ensuring a fair resolution. Your satisfaction is important to us, and we’ll do everything we can to address your concerns.
Thank you for your understanding and cooperation.
Best regards,
AliExpress Customer Service Team",2026-07-26T05:43:02.000Z
www.aliexpress.com,id:6a64e5c9e10e0ed6ad4e05de,native_id,6a64e5c9e10e0ed6ad4e05de,https://www.trustpilot.com/reviews/6a64e5c9e10e0ed6ad4e05de,5,Good service as always,Good service as always ,2026-07-25T18:35:21.000Z,2026-06-28T00:00:00.000Z,en,0,invited,false,BasicLink,mike peacock,60f2a6fc4269e300110dadea,7,GB,"Dear Customer,
Thanks for taking the time to share your feedback. We're glad you're enjoying shopping with us. Our team is always here to provide a great experience, and it's awesome to know you're happy with what we do.
Best regards,
AliExpress Customer Service Team",2026-07-26T03:39:48.000Z
www.aliexpress.com,id:6a64e26d0f07af2b40ce48a0,native_id,6a64e26d0f07af2b40ce48a0,https://www.trustpilot.com/reviews/6a64e26d0f07af2b40ce48a0,1,Awful,"Awful. Returns not honoured despite all proof and picture of return being provided. Had to get credit card to sort. Never received the extra paid for postage, which was supposed to be covered. Will never use again. ",2026-07-25T18:21:01.000Z,2026-07-25T00:00:00.000Z,en,2,not-verified,false,Organic,CHARLOTTE HARRIS,545800cc00006400019427e7,11,GB,"Dear Customer,
Due to the lack of completed request information form, we regret to inform you that we are unable to process your case due to insufficient information. Please accept our deepest apologies for any inconvenience you've faced. If you need further assistance or have any additional questions, please don't hesitate to consult our Help Center at AliExpress.
https://helpcenter.aliexpress.com/s/BuyerHelp
Thank you for your understanding and cooperation.
Best regards,
AliExpress Customer Service Team",2026-07-26T04:04:54.000Z
www.aliexpress.com,id:6a64d0d163f45415e46674a0,native_id,6a64d0d163f45415e46674a0,https://www.trustpilot.com/reviews/6a64d0d163f45415e46674a0,1,"Agents promised return shipping refund in writing, then refused to pay","I ordered multiple items; 12 arrived defective or not matching their
listings - seller fault, not change of mind. AliExpress approved every
dispute and refunded the product cost.

The catch: the return process forced 12 separate return shipments to a
single destination, so I paid for 12 individual labels myself - $78.51
out of pocket. Before shipping, I asked support twice whether return
shipping would be reimbursed. On two separate chats, agents confirmed
in writing that it would be. I have both screenshots.

I shipped all 12 parcels relying on those written promises. AliExpress
then refunded the products but refused the $78.51 return shipping, and
never once addressed the commitments their own agents made. Email
support declined; a live-chat agent only offered to ""document"" it.

If your agents give written assurances, honour them. I'm asking for the
$78.51 your team promised - nothing more than what was already committed
to me in writing.

Order numbers: 3074178359471892 3074178359211892 3074178359231892 3074178359251892 3074178359271892 3074178359291892 , 3074178359431892, 3074178359511892 3074178359331892, 3074178359371892, 3074178359411892",2026-07-25T17:05:53.000Z,2026-07-18T00:00:00.000Z,en,3,not-verified,false,Organic,Elizabeth T,6a64d0c37b418c33108d46da,1,US,"Dear customer,
Sincerely apologize for the inconvenience caused. 
Our agent has replied with more detailed information in the email. Please kindly check and reply to our agent. If you have any other questions, please go to our Help center page【https://helpcenter.aliexpress.com/s/BuyerHelp?】 for online customer service.
Your understanding and cooperation are deeply appreciated.
Best regards,
AliExpress Customer Service Team",2026-07-26T04:00:32.000Z
www.aliexpress.com,id:6a64ab91b7f377166476cb62,native_id,6a64ab91b7f377166476cb62,https://www.trustpilot.com/reviews/6a64ab91b7f377166476cb62,1,Misleading product advertisements,"Misleading product advertisements, slow shipping and unwillingness to refund purchases. 

I ordered a DIY felt patchwork kit from QQH Store via AliExpress.

The product was totally different than advertised.
Different colour material, no pattern template and no embellishments (eyes, flowers, etc.).                         Only embroidery threads, stuffing, material and a cheap scissor.
A refund was requested, but due to insufficient proof ( photos of the delivered order was provided to show the differences and the absence of certain items) that the product was different than advertised, the refund was refused. See below:

Request complete
Final Solution
No refund
Based on the insufficient proof you provided, we cannot approve this request. You can contact Customer Service for more help.
Request information
Pink Woodland Friends DIY Felt Patchwork Kit
Qty:1
36-Blush Fox diy patchwork set 
R222.85
Reason: Inaccurate website description
Submission time: PST 2026-07-24 03:09:16
Order ID: 3074489362621153

A dissatisfied customer have no rights and can apparently not return and be refunded for a product that does not correspond with a website advertisement and does not meet a customer’s expectations.
Goodbye Aliexpress, I will not shop from you again!
",2026-07-25T14:26:57.000Z,2026-07-09T00:00:00.000Z,en,2,not-verified,false,Organic,I Storm,6a64ab81b06fbf1763f556a9,2,ZA,"Dear Customer.

Thank you for contacting us. We apologise for your unpleasant shopping experience. Our agent sent you an email, please check it out. If you have any questions, please feel free to reply to us via email and we will respond as soon as possible.

Thank you for your understanding and support!

Sincerely.

AliExpress Customer Service Team",2026-07-26T02:05:05.000Z
www.aliexpress.com,id:6a647b01befe11d75c653244,native_id,6a647b01befe11d75c653244,https://www.trustpilot.com/reviews/6a647b01befe11d75c653244,1,AliExpress jou must give me back my…,"AliExpress jou must give me back my money.I can t negotiated with seller she tricks and is Ruud.I want partial refund 23 e and keep the item,i don t trust her to send retour she don t give money back
I am asking every day my refund to customers agent service and still no my refund! AliExpress work my dispute file ",2026-07-25T10:59:45.000Z,2026-07-25T00:00:00.000Z,en,2,not-verified,false,Organic,Clara BLOKVOORT,64384ade3aa5ae00126b6a8c,16,BE,"Dear customer,

Sincerely apologize for the inconvenience caused. 

Our agent has replied with more detailed information in the email. Please kindly check and reply to our agent. If you have any other questions, please go to our Help center page【https://helpcenter.aliexpress.com/s/BuyerHelp?】 for online customer service.

Your understanding and cooperation are deeply appreciated.

Best regards,
AliExpress Customer Service Team",2026-07-26T02:39:15.000Z
www.aliexpress.com,id:6a64742031e861808b5b7a6e,native_id,6a64742031e861808b5b7a6e,https://www.trustpilot.com/reviews/6a64742031e861808b5b7a6e,1,Don't buy anything from Aliexpress they are no good! ,"I got a defect screen for my phone and asked for refund, provided two video proof of defect, they offered refund upon return but did not provide any return coupon. I asked for partial refund without return but they closed the dispute. Wanted to appeal but the button did not work. Tried to contact them but was bounced by a chatbot over and over again. I will not buy anything else on aliexpress, they are not a good company and are not taking care of their customers. ",2026-07-25T10:30:24.000Z,2026-07-03T00:00:00.000Z,en,2,not-verified,false,Organic,Fabio,6a647397ff3db23cdbc2ae0f,1,SE,"Dear customer,

Sincerely apologize for the inconvenience caused. 

Our agent has replied with more detailed information in the email. Please kindly check and reply to our agent. If you have any other questions, please go to our Help center page【https://helpcenter.aliexpress.com/s/BuyerHelp?】 for online customer service.

Your understanding and cooperation are deeply appreciated.

Best regards,
AliExpress Customer Service Team",2026-07-26T02:52:19.000Z
www.aliexpress.com,id:6a645fcd023250a6938f6443,native_id,6a645fcd023250a6938f6443,https://www.trustpilot.com/reviews/6a645fcd023250a6938f6443,1,"Package not delivered, AliExpress don’t care. ","Like many others, the package I ordered via AliExpress did not arrive. It was then I discovered that AliExpress do not have any customer support. Sure they have what they label a “support centre”. It consists of a bot pasting unhelpful generic statements in circles. Shopping with this company is a gamble which you will lose if anything goes wrong. Do not take the risk.  ",2026-07-25T09:03:41.000Z,2026-07-24T00:00:00.000Z,en,2,not-verified,false,Organic,Matt,6a62be27236e3d59a4e1ecb9,2,AU,"Dear Customer,
Due to the lack of completed request information form, we regret to inform you that we are unable to process your case due to insufficient information. Please accept our deepest apologies for any inconvenience you've faced. If you need further assistance or have any additional questions, please don't hesitate to consult our Help Center at AliExpress.
https://helpcenter.aliexpress.com/s/BuyerHelp
Thank you for your understanding and cooperation.
Best regards,
AliExpress Customer Service Team",2026-07-26T03:15:52.000Z
www.aliexpress.com,id:6a644bb53f7d25b5225a635c,native_id,6a644bb53f7d25b5225a635c,https://www.trustpilot.com/reviews/6a644bb53f7d25b5225a635c,1,"My Experience with AliExpress ""Free…","My Experience with AliExpress ""Free Returns"" – Buyer Beware

I have been an online shopper for many years and have used both AliExpress and Temu. Unfortunately, my recent experience with AliExpress has been extremely disappointing.

I specifically ordered a **blue bag** because I did not want a black one. The seller sent me what is clearly a **black bag**, not the colour I ordered.

Since the item I received did not match the listing, I requested a **free return and refund**, which AliExpress advertises on eligible products. The listing stated that it came with a **90-day Free Return** if the product did not meet expectations.

I submitted multiple return requests and provided photos showing the item I received. Each time, AliExpress rejected my request, saying my photos were ""insufficient proof,"" despite the issue being that the product delivered did not match what I ordered.

What is most frustrating is that this isn't simply a case of changing my mind. I received an item that differs from what I purchased, yet I have still been unable to obtain the advertised free return.

In contrast, I have shopped with Temu for years and have had consistently straightforward experiences when using their free return policy. If an item is incorrect or doesn't meet expectations, the return process has been simple and hassle-free.

Based on my experience, I no longer have confidence in AliExpress's advertised Free Return policy. If you are considering buying from AliExpress because you believe the Free Return promise will protect you, I encourage you to carefully consider the potential difficulties if something goes wrong.

I hope AliExpress improves its dispute resolution process so that customers who receive items that do not match their orders can resolve the issue fairly and without unnecessary frustration.

This review reflects my personal experience with AliExpress and is intended to help other shoppers make informed purchasing decisions.
",2026-07-25T07:37:57.000Z,2026-07-25T00:00:00.000Z,en,2,not-verified,false,Organic,Mahnaz Roshandel,6593ff388114f00012ffade2,1,NZ,"Dear Customer.
Thank you for contacting us. We apologise for your unpleasant shopping experience. Our agent sent you an email, please check it out. If you have any questions, please feel free to reply to us via email and we will respond as soon as possible.
Thank you for your understanding and support!
Sincerely.
AliExpress Customer Service Team",2026-07-26T03:23:42.000Z
www.aliexpress.com,id:6a64317a2011ff2a28fea70e,native_id,6a64317a2011ff2a28fea70e,https://www.trustpilot.com/reviews/6a64317a2011ff2a28fea70e,1,Please never purchase from Ali express,"Please never purchase from Ali express, they scam their customers. None of the items described is what you will get and for some orders you will never receive it. They will keep your money and will not refund it. That’s how they make money by luring innocent customers with promising pictures. You will either receive an item not similar to the picture or nothing at all. This company needs to be investigated and shut down. This company is running a scam and I don’t know why they’re allowed to operate. I purchased an item, seller clearly told me she has not shipped the item. It’s been almost a month and past the date I should have received the item, however seller has attached a fake tracking which never updates and Ali express is refusing to give me back my money. Upon reading reviews this seller guanghe has scammed multiple customers by charging them and never sending the item yet Ali express continues to allow it. The whole platform needs to be shut down. Don’t buy no matter how nice the picture looks or how great of a value it is. You will be scammed out of your money and they will frustrate you with automated messages and bots. A bunch of liars. ",2026-07-25T05:46:02.000Z,2026-07-23T00:00:00.000Z,en,2,not-verified,false,Organic,lee lee,65e84c6f17c1410012b05815,2,US,"Dear Customer.
Thank you for contacting us. We apologise for your unpleasant shopping experience. Our agent sent you an email, please check it out. If you have any questions, please feel free to reply to us via email and we will respond as soon as possible.
Thank you for your understanding and support!
Sincerely.
AliExpress Customer Service Team",2026-07-26T03:30:03.000Z
www.aliexpress.com,id:6a63db61301ffcad29ae1598,native_id,6a63db61301ffcad29ae1598,https://www.trustpilot.com/reviews/6a63db61301ffcad29ae1598,1,COMPLETE and utter…,"COMPLETE and utter BULLSHIT>>>>>>>>>LMFAO

THEN THE BUYER IS RUN THRU A MAIZE OF NONSENSE TO GET A CLAIM DONE........ MORE BOVINE DUNG........NEVER AGAIN!!!!",2026-07-24T23:38:41.000Z,2026-07-23T00:00:00.000Z,en,2,not-verified,false,Organic,F You,6a63db32236e3d00d2e3725d,1,US,"Dear customer,

Sincerely apologize for the inconvenience caused. 

Our agent has replied with more detailed information in the email. Please kindly check and reply to our agent. If you have any other questions, please go to our Help center page【https://helpcenter.aliexpress.com/s/BuyerHelp?】 for online customer service.

Your understanding and cooperation are deeply appreciated.

Best regards,
AliExpress Customer Service Team",2026-07-25T02:05:33.000Z
www.aliexpress.com,id:6a63a6c34b1f30367ae77816,native_id,6a63a6c34b1f30367ae77816,https://www.trustpilot.com/reviews/6a63a6c34b1f30367ae77816,3,I've been shopping at AliExpress for…,I've been shopping at AliExpress for years now and the experience varies. Easy to find what you need. Keep up the good work!,2026-07-24T19:54:11.000Z,2026-07-19T00:00:00.000Z,en,0,invited,false,BasicLink,Aria,6a63a6b2ff3db238b8c21061,1,US,"Dear Valued Customer,
Thank you for sharing your feedback with us—it truly matters and helps us grow. We are dedicated to continuously improving our services to provide you with the best possible shopping experience. Your satisfaction is our top priority, and we assure you that we take your concerns very seriously.
We deeply value your input and are grateful for your support. If you need further assistance or have any additional questions, please don't hesitate to reach out to our Help Center at https://helpcenter.aliexpress.com/s/BuyerHelp.
Warm regards,
AliExpress Customer Service Team",2026-07-25T02:09:44.000Z
www.aliexpress.com,id:6a6364142b452c70a1e58027,native_id,6a6364142b452c70a1e58027,https://www.trustpilot.com/reviews/6a6364142b452c70a1e58027,1,I attempted to purchase brake caliper…,"I attempted to purchase brake caliper covers for my Goldwing.  I made at least five attempts with ZERO success.  The only available customer service phone just leads one into an endless commercial for some completely unrelated product with no exit available out of their endless, irrelevant menu.  The ad for the product states ""free shipping"", but when one actually goes to the product, they're asking for $16 for shipping.  Complete waste of time, zero customer service, sketchy business model, terribly designed website interactions, and no way to contact anyone by phone.",2026-07-24T15:09:40.000Z,2026-07-24T00:00:00.000Z,en,2,not-verified,false,Organic,lance hanson,6661f60b730fbf0bb567377d,9,US,"Dear Customer,
Due to the lack of completed request information form, we regret to inform you that we are unable to process your case due to insufficient information. Please accept our deepest apologies for any inconvenience you've faced. If you need further assistance or have any additional questions, please don't hesitate to consult our Help Center at AliExpress.
https://helpcenter.aliexpress.com/s/BuyerHelp
Thank you for your understanding and cooperation.
Best regards,
AliExpress Customer Service Team",2026-07-25T01:56:05.000Z
www.aliexpress.com,id:6a6363ba34b7b44d435c9407,native_id,6a6363ba34b7b44d435c9407,https://www.trustpilot.com/reviews/6a6363ba34b7b44d435c9407,1,They never delivered ,"I ordered in Italy tracking number IM06010000723430, they wrote the package was delivered, but it wasn't. I tried to contact client's service but they have a number in Milan that has no human operator, and an email that has an automatic answer with a link that doesn't work, I tried a lot of times from different devices  so no way to have the money back or to understand which one was the internal courier, because they don't give this information,  the only reference you have is the cinese courier,  so it's impossible to talk or to have a refund.It's a perfect fraud system, I will never again order from Aliexpress,  only with Temu, Temu deliverer everything I ordered ",2026-07-24T15:08:10.000Z,2026-07-22T00:00:00.000Z,en,2,invited,false,BasicLink,Bianca D.,65411e9d628d850012eeb3a3,3,IT,"Dear Customer,

We sincerely apologize for any inconvenience this may have caused you. Please accept our heartfelt apologies.

We have already replied to your email on July 27. Please review the content of our response.

If you have any further questions, please feel free to contact us by replying to this email.

Thank you for your understanding. Wishing you a wonderful day!

Best regards,
AliExpress Customer Service Team
www.Aliexpress.com",2026-07-25T02:00:07.000Z
www.aliexpress.com,id:6a632eb5b575c27ab77fdace,native_id,6a632eb5b575c27ab77fdace,https://www.trustpilot.com/reviews/6a632eb5b575c27ab77fdace,1,I would give no stars if i could,I would give no stars if i could. Ordered a car part to England. Was informed it was delivered. It isn't. The delivery note quoted a tracking number that refered to four items delivered to south africa. No genuine phone number. No contact information. Just nonsense from a bot. Think I have lost my money. Seems a scam.,2026-07-24T11:21:57.000Z,2026-07-24T00:00:00.000Z,en,2,not-verified,false,Organic,Mr Robinson,544c0eb1000064000192561a,19,GB,"Dear Customer.

Thank you for contacting us. 
We have processed a refund for your order, please see our email for details. We apologise for any inconvenience this may have caused you.
If you have any questions or need further assistance, please feel free to contact us by replying to the email. Thank you for your understanding and support!

Sincerely,
AliExpress Customer Service Team",2026-07-25T02:28:56.000Z
www.aliexpress.com,id:6a632e37a49fb83afdd7a51a,native_id,6a632e37a49fb83afdd7a51a,https://www.trustpilot.com/reviews/6a632e37a49fb83afdd7a51a,2,Used to be great unfortunately now they…,Used to be great unfortunately now they refuse returns. Refuse to refund or let you return damaged items. 100% aliexpress is on a slippery slope to failure. Temu us the new way forward,2026-07-24T11:19:51.000Z,2026-07-24T00:00:00.000Z,en,2,not-verified,false,Organic,Mark Pettit,5e4c1fe2bef4a4092071b068,10,GB,"Dear Customer,
Unfortunately, we are unable to process your case as the request information form has not been filled out, and we lack the necessary details to proceed. We apologize for any inconvenience this may have caused. If you need further assistance or have any additional questions, please don't hesitate to reach out to our Help Center at https://helpcenter.aliexpress.com/s/BuyerHelp.
Best regards,
AliExpress Customer Service Team",2026-07-25T02:29:38.000Z
www.aliexpress.com,id:6a6318762039d4c9b7a31d5d,native_id,6a6318762039d4c9b7a31d5d,https://www.trustpilot.com/reviews/6a6318762039d4c9b7a31d5d,1,Fake Sterling Silver Jewlery Almost Got Arrested For Aliexpress Incompitence Leaving Seller Sell Fake Products,"I am writing this review to warn other consumers about my experience with AliExpress.

I purchased a chain advertised as 925 Sterling Silver for approximately €85. I also paid import VAT and customs charges when it entered Cyprus because I believed I was purchasing genuine sterling silver jewellery.

When I later took the chain to a professional jeweller and pawnbroker, I was informed that the item was not genuine 925 sterling silver and had no precious metal value. The situation became so serious that the police were called because jewellery falsely represented as precious metal raises obvious concerns. After I explained that I had bought it from AliExpress believing it was genuine, I was allowed to leave without any action being taken against me.

From that moment, I expected AliExpress to protect its customer. Instead, I received generic responses, was told about buyer protection time limits, and was even asked to upload evidence to Google Drive rather than having the item professionally examined.

I have repeatedly asked AliExpress and the seller to:

Provide proof that the chain is genuine 925 sterling silver.
Produce any certificate of authenticity or assay report supporting the ""925"" claim.
Arrange and pay for tracked shipping so the chain can be sent to AliExpress headquarters or an independent laboratory for testing.
Refund my purchase, reimburse my import costs, and take responsibility if the item is proven not to be sterling silver.

Instead of answering these requests directly, my case has simply been passed between departments. It is now being investigated under Case No. 2053808477177295.

In my opinion, this experience demonstrates a serious failure of consumer protection. A marketplace that allows products to be advertised as precious metal should be able to verify those claims when challenged.

I trusted AliExpress, paid approximately €85 for what was advertised as genuine sterling silver, and ended up with an item that, according to the professional who examined it, is not sterling silver.

Until AliExpress either proves the authenticity of the product or fully compensates me, I cannot recommend buying jewellery or precious metals through this platform.

I will update this review once AliExpress reaches a final decision.",2026-07-24T09:47:02.000Z,2026-07-24T00:00:00.000Z,en,2,not-verified,false,Organic,Marios Panikos Panayiotou,64c8ae1c091191001245af75,7,CY,"Dear Customer,

We sincerely apologize for any inconvenience this may have caused you. Please accept our heartfelt apologies.

We have sent an email addressing the issue you encountered on July 27. Please review the content of that email.

If you have any further questions, please feel free to contact us by replying directly to this email.

Thank you for your understanding. Wishing you a wonderful day!

Best regards,
AliExpress Customer Service Team
www.Aliexpress.com",2026-07-25T02:41:17.000Z
www.aliexpress.com,id:6a6312d7a9f3f62ad5a292ab,native_id,6a6312d7a9f3f62ad5a292ab,https://www.trustpilot.com/reviews/6a6312d7a9f3f62ad5a292ab,1,Worst company ever,"Worst company ever

I have been told to wait for the order for 45 days. I have already waited for 24 days.
So they want me to wait for 60 days for order delivery. Even though at the time of placing order, it suggested delivery window of 21 days.

Dont buy from Ali Express",2026-07-24T09:23:03.000Z,2026-07-24T00:00:00.000Z,en,1,not-verified,false,Organic,Andy,6554afd30e86310012d1dc99,7,AU,"Dear Customer,
Unfortunately, we are unable to process your case as the request information form has not been filled out, and we lack the necessary details to proceed. We apologize for any inconvenience this may have caused. If you need further assistance or have any additional questions, please don't hesitate to reach out to our Help Center at https://helpcenter.aliexpress.com/s/BuyerHelp.
Best regards,
AliExpress Customer Service Team",2026-07-25T02:42:07.000Z
www.aliexpress.com,id:6a6311b1acdfa5fe45ba159f,native_id,6a6311b1acdfa5fe45ba159f,https://www.trustpilot.com/reviews/6a6311b1acdfa5fe45ba159f,1,24 ďays from date of payment there is…,"24 ďays from date of payment there is still no update on the tracking, USPS SITE itself says they have no details of the tracking number provided 
Aliexpress today said its enroute to my country but on 11th July they said it departed 
Any attempt to get a constructive answer from the bots have failed 
Compares this company to others I rate them as being the worst of all online services I have dealt with ",2026-07-24T09:18:09.000Z,2026-07-24T00:00:00.000Z,en,2,not-verified,false,Organic,Eugene,6a6311a1ff3db263f0c0fe43,1,AU,"Dear Customer,
Due to the lack of completed request information form, we regret to inform you that we are unable to process your case due to insufficient information. Please accept our deepest apologies for any inconvenience you've faced. If you need further assistance or have any additional questions, please don't hesitate to consult our Help Center at AliExpress.
https://helpcenter.aliexpress.com/s/BuyerHelp
Thank you for your understanding and cooperation.
Best regards,
AliExpress Customer Service Team",2026-07-25T02:42:47.000Z
www.aliexpress.com,id:6a6303d8e4261bf881bcd2b0,native_id,6a6303d8e4261bf881bcd2b0,https://www.trustpilot.com/reviews/6a6303d8e4261bf881bcd2b0,1,I’ve been promised a refund and they…,"I’ve been promised a refund and they keep sending me in loops to return an item where I have proof that I dont need to send it back AND get a full refund. The AI keeps sending me back in the same return loop. No one reads the proof I sent … such a shame and as a customer I do not feel heard or protected . 
I wouldn’t recommend buying there anymore ! 

Sadly it is not July 27 but June 4th… that’s how long you’ve been sending me in loops. Thank you for proving you don’t read what customers write!!! ",2026-07-24T08:19:04.000Z,2026-07-01T00:00:00.000Z,en,2,not-verified,false,Organic,Bart Nys,513b783a0000640001338c3d,15,BE,"Dear Customer,

We sincerely apologize for any inconvenience this may have caused you. Please accept our heartfelt apologies.

We have sent an email addressing the issue you encountered on July 27. Please review the content of that email.

If you have any further questions, please feel free to contact us by replying directly to this email.

Thank you for your understanding. Wishing you a wonderful day!

Best regards,
AliExpress Customer Service Team
www.Aliexpress.com",2026-07-25T02:48:58.000Z
www.aliexpress.com,id:6a62fe76426607e14c1cd28b,native_id,6a62fe76426607e14c1cd28b,https://www.trustpilot.com/reviews/6a62fe76426607e14c1cd28b,1,Be careful if you purchase from these…,"Be careful if you purchase from these as i purchased e-bike from this company £685 when it arrived it was scratched, wrong motor and no throttle they offered £100 joke really then a week after only used twice the battery died & to replace it is £298 so I got in touch with aliexpress and they refused to do anything even though the bike has a years warranty inc battery so now im stuck with a bike i can't use unless I buy the battery myself please be warned aliexpress I gave you everything asked of me your just being awkward and injustice ",2026-07-24T07:56:06.000Z,2026-06-11T00:00:00.000Z,en,2,not-verified,false,Organic,Mark Bell,651ed832b92927001296df16,11,GB,"Dear Customer,
Due to the lack of completed request information form, we regret to inform you that we are unable to process your case due to insufficient information. Please accept our deepest apologies for any inconvenience you've faced. If you need further assistance or have any additional questions, please don't hesitate to consult our Help Center at AliExpress.
https://helpcenter.aliexpress.com/s/BuyerHelp
Thank you for your understanding and cooperation.
Best regards,
AliExpress Customer Service Team",2026-07-25T02:50:20.000Z
www.aliexpress.com,id:6a62e6b85c2ee04c1b783d9c,native_id,6a62e6b85c2ee04c1b783d9c,https://www.trustpilot.com/reviews/6a62e6b85c2ee04c1b783d9c,1,SCAMMED by this company and no refund…,"SCAMMED by this company and no refund even when I provided the correct formal receipt I received by algerie poste and today when I asked the support to start the dispute and I will be providing another proof because I started a dispute with my shipping company he simply said I can't do that so no point of using a marketplace that can't provide support and even handle it's seller scams, tracking numbers RR022543468DZ RR022543848DZ
Very wrong very bad shopping platform very bad support 😕 doesn't care about customers they literally do this each time ",2026-07-24T06:14:48.000Z,2026-07-24T00:00:00.000Z,en,3,not-verified,false,Organic,Med Lemark,69c765188ee1017a39c11825,6,DZ,"Dear Customer, 
Thank you for reaching out, and I truly appreciate your patience as we work to resolve this matter for you.
To move forward, I kindly recommend reaching out to your dedicated customer service representative directly. They are best equipped to assist you with your specific case and will guide you through the process. Please be sure to provide any relevant evidence or documentation that supports your situation—this will help us better understand the issue and find a solution more efficiently.
Please trust that we are genuinely committed to helping you and ensuring a fair resolution. Your satisfaction is important to us, and we’ll do everything we can to address your concerns.
Thank you for your understanding and cooperation.
Best regards,
AliExpress Customer Service Team",2026-07-25T02:56:57.000Z
www.aliexpress.com,id:6a628202e6176e1d835de4b1,native_id,6a628202e6176e1d835de4b1,https://www.trustpilot.com/reviews/6a628202e6176e1d835de4b1,1,Rubbish,"The item was faulty & when I tried to contact or leave a review I couldn't the site was only responding to purchases & it's not the first time , I've had more faulty items than actual items & I lost my temper using your site & destroyed the item so 🤬 I'm not blaming Ali express because you have always made it write but your sellers are making a mockery of you and me. & It can get pretty confusing  . I'm not sure how the Ali express site works but it's a bit 1 sided, maybe customer service should get involved before rather than later then there's no confusion.ive tried to let you know on your site but I'm only limited to the answers I can give the order number is JJD0002234959690105 ",2026-07-23T23:05:06.000Z,2026-07-23T00:00:00.000Z,en,2,not-verified,false,Organic,Antony Wooldridge,6181128962cf410012042b3b,15,GB,"Dear Customer.
Thank you for contacting us. We apologise for your unpleasant shopping experience. Our agent sent you an email, please check it out. If you have any questions, please feel free to reply to us via email and we will respond as soon as possible.
Thank you for your understanding and support!
Sincerely.
AliExpress Customer Service Team",2026-07-24T05:36:10.000Z
www.aliexpress.com,id:6a6276b14c0d21482365a4d7,native_id,6a6276b14c0d21482365a4d7,https://www.trustpilot.com/reviews/6a6276b14c0d21482365a4d7,1,order placed for 4 items straight …,"order placed for 4 items straight  after noticed my address was wrong messaged straight away  after 5 days of messaging and being ignored and the help centre being as much help as wet toilet paper nothing has been sorted and now I am being ignored   ,After there comments 2 days ago to my surprise NOT nothing sorted  quick to comment slower than a tortoise to act  no message to me . if you have a problem they dont care they have taken your money now its 7 days after telling them its the wrong address and 4 days after they commented on here .nothing has happened and guess what they  have delivered it to the wrong address what a joke this company is .I have replied to emails and have 7 days of talking to the help desk ",2026-07-23T22:16:49.000Z,2026-07-23T00:00:00.000Z,en,1,not-verified,false,Organic,George Green,67c202321541d8ec1861e8dc,3,GB,"Dear customer,

Sincerely apologize for the inconvenience caused. 

Our agent has replied with more detailed information in the email. Please kindly check and reply to our agent. If you have any other questions, please go to our Help center page【https://helpcenter.aliexpress.com/s/BuyerHelp?】 for online customer service.

Your understanding and cooperation are deeply appreciated.

Best regards,
AliExpress Customer Service Team",2026-07-24T05:39:51.000Z
www.aliexpress.com,id:6a624fe0bc9dbd68adb9ae1f,native_id,6a624fe0bc9dbd68adb9ae1f,https://www.trustpilot.com/reviews/6a624fe0bc9dbd68adb9ae1f,1,I am very disappointed with this…,"I am very disappointed with this purchase. The SD cards I received appear to be fake. They do not provide the advertised storage capacity, the write speed is extremely slow, and they are unreliable for recording data.

To make matters worse, when I requested a return, I was told that I have to pay the return shipping cost, even though the products are defective and not as described. Customers should not have to pay to return counterfeit or faulty items.

I do not recommend buying SD cards from this seller. Be careful before purchasing.",2026-07-23T19:31:12.000Z,2026-07-20T00:00:00.000Z,en,1,not-verified,false,Organic,Salam,6366fee4ae062800148198fb,5,US,"Dear Customer,
Due to the lack of completed request information form, we regret to inform you that we are unable to process your case due to insufficient information. Please accept our deepest apologies for any inconvenience you've faced. If you need further assistance or have any additional questions, please don't hesitate to consult our Help Center at AliExpress.
https://helpcenter.aliexpress.com/s/BuyerHelp
Thank you for your understanding and cooperation.
Best regards,
AliExpress Customer Service Team",2026-07-24T06:12:59.000Z
www.aliexpress.com,id:6a6248615e0a22408ac4efb5,native_id,6a6248615e0a22408ac4efb5,https://www.trustpilot.com/reviews/6a6248615e0a22408ac4efb5,1,Absolutely horrific !!,Absolutely horrific !!! Still waiting for my order from over 5 weeks ago! Do not use!! No customer service at all ! ,2026-07-23T18:59:13.000Z,2026-07-23T00:00:00.000Z,en,1,not-verified,false,Organic,Gareth,6a6248167b418c0bc08a6e84,1,GB,"Dear Customer,
Due to the lack of completed request information form, we regret to inform you that we are unable to process your case due to insufficient information. Please accept our deepest apologies for any inconvenience you've faced. If you need further assistance or have any additional questions, please don't hesitate to consult our Help Center at AliExpress.
https://helpcenter.aliexpress.com/s/BuyerHelp
Thank you for your understanding and cooperation.
Best regards,
AliExpress Customer Service Team",2026-07-24T06:16:20.000Z
www.aliexpress.com,id:6a62246243c3ca3363a13563,native_id,6a62246243c3ca3363a13563,https://www.trustpilot.com/reviews/6a62246243c3ca3363a13563,1,DONT BUY FROM ALIEXPRESS NEVER EVER ,"DONT BUY FROM ALIEXPRESS NEVER EVER 


Subject: Formal Complaint Regarding Faulty Phone and Inadequate Refund

Dear AliExpress Customer Service,

I am writing to make a formal complaint regarding an iPhone 17 Pro that I purchased through your platform.

The phone I received is faulty. From the first day of use, the mobile network has repeatedly gone on and off, making it impossible to make reliable calls or use mobile data. The phone is not working properly and is not fit for its intended purpose.

I contacted customer service to request a full refund because the product is defective. However, I was only offered a partial refund of £35, even though I paid £90 for the phone.

This partial refund is not a fair resolution. With £35, I cannot purchase a replacement phone. A working phone with similar features would cost at least £70, meaning I would still be left significantly out of pocket because I received a faulty product.

Under consumer protection principles, when a product arrives defective or is not as described, the customer should not be expected to bear the financial loss. I therefore request one of the following resolutions:

A full refund of the £90 purchase price upon returning the faulty phone, or
A replacement phone that is fully functional and matches the description of the item I purchased.
I hope this matter can be resolved promptly and fairly. If a satisfactory solution cannot be reached, I will consider escalating my complaint through the appropriate dispute resolution process and, if applicable, through my payment provider.

I look forward to your prompt response.

Yours faithfully,

Mohammad Mazed D ALam
Order Number:  3071421789104415
Purchase Date: April 2026",2026-07-23T16:25:38.000Z,2026-04-23T00:00:00.000Z,en,1,not-verified,false,Organic,mazed alam,5c3174186e816760f373f4f6,4,GB,"Dear Customer.

Thank you for contacting us. We apologise for your unpleasant shopping experience. Our agent sent you an email, please check it out. If you have any questions, please feel free to reply to us via email and we will respond as soon as possible.

Thank you for your understanding and support!

Sincerely.

AliExpress Customer Service Team",2026-07-24T06:29:35.000Z
www.aliexpress.com,id:6a6203ea6fea69c15b394d1d,native_id,6a6203ea6fea69c15b394d1d,https://www.trustpilot.com/reviews/6a6203ea6fea69c15b394d1d,1,I recommend that no one deal with AliExpress again. Their customer service has not resolved my issue despite all the evidence and repeated follow-ups.  ,"I have been receiving the same email for nearly two months with no solution. I have had enough. Please see their email below and my response.
Dear Customer,
Thank you for contacting AliExpress Customer Care. We are committed to providing you with the support you need for your order
8211209687287177.
Please provide evidence of combined returns within 48 hours, including packaging videos and postal weighing.
Thank you for your patience and understanding. If you have any further questions or concerns, please do not hesitate to contact us.
Sincerely,
AliExpress Customer Care

My response 
Dear Customer Service,
I am extremely frustrated with the way this matter has been handled. I have sent the requested link and documents many times, yet I continue to receive the same responses without any clear explanation.
I have attached the link again to this email. Please confirm that you have received it and review it properly.
I want to know exactly what is going on with my case. Why is this still not resolved? I have followed every instruction and provided everything you asked for. There is no reason for these repeated delays.
I have had enough. I expect a clear explanation and a final resolution without any further excuses or requests for information that I have already submitted multiple times.
I look forward to your prompt response.
I recommend that no one deal with AliExpress again. Their customer service has not resolved my issue despite all the evidence and repeated follow-ups. This has been an extremely disappointing and frustrating experience
Kind regards,
Hewida 
",2026-07-23T14:07:06.000Z,2026-06-16T00:00:00.000Z,en,1,not-verified,false,Organic,Hewida Rizk,6a5de99c7b418c1d21845811,4,AU,"Dear Customer,
Thank you for bringing this matter to our attention. We sincerely apologize for the inconvenience you have experienced.
We would like to inform you that we are actively looking into the issue you reported. However, as the investigation is still ongoing, we have not yet reached a conclusion or sent you an update. Rest assured, once we have a solution or further information, we will notify you immediately via email. Please keep an eye on your inbox for our response.
If you have any additional questions or require further assistance in the meantime, please don’t hesitate to contact us.
Best regards,
AliExpress Customer Service Team",2026-07-24T02:31:03.000Z
www.aliexpress.com,id:6a61e1c74f3889814f512e79,native_id,6a61e1c74f3889814f512e79,https://www.trustpilot.com/reviews/6a61e1c74f3889814f512e79,1,AliExpress overcharging customs taxes > Support refuses to refund overcharge and fix their mistakes,"""The products arrived fine, but the platform's tax calculator & customer-support is complete nightmare.

I placed 2 separate orders (total 4 items across 2 product categories). Their previous system inflated the cost as they included flat 3€ custom duty on all products. AliExpress consolidated all items into ONE single package. Under EU/IOSS rules, the flat €3 custom fee should be charged per product category (€3 x 2 = €6). Instead, now their system had charged €3 for every individual item (€3 x 4 = €12), effectively double-charging me on import taxes, which were never refunded.

To make matters worse, customer support is a complete brick wall. Because the package was pre-paid via IOSS, it cleared customs automatically—meaning local customs release invoices & other documents literally do not exist. Yet, same scripted support has already demanded 'these invoices and documents' that don't exist in this universe 5–7 times in a row even after I already provided proof that I was overcharged. 

Buyers beware!!!: You will be trapped in an endless Circus-clown show loop being asked to prove taxes even if they were collected directly by AliExpress in the first place & documents everyone knows aren't real thing"". Whether this is a gross deliberate tactic to pocket extra fees or pure platform incompetence: BE EXTREMELY CAREFUL with AliExpress tax calculations! If their system miscalculates your tax, getting a refund is simply impossible",2026-07-23T11:41:27.000Z,2026-07-23T00:00:00.000Z,en,1,not-verified,false,Organic,Rosqa Posti,69de1c050a02e79f7b75f5e2,3,FI,"Dear Customer,
We sincerely apologize for any inconvenience caused. Regarding your issue with customs duties, we are actively following up and will respond to you via email as soon as possible. Please keep an eye on your inbox for our updates.
Thank you in advance for your patience and understanding. If you have any further questions, please feel free to contact us.
Best regards,
AliExpress Customer Service Team",2026-07-24T02:40:34.000Z
www.aliexpress.com,id:6a61de1b7bb8c43d1e0475c6,native_id,6a61de1b7bb8c43d1e0475c6,https://www.trustpilot.com/reviews/6a61de1b7bb8c43d1e0475c6,1,"Sold as new, received as faulty and sign of used and repaired ","I bought an item that was listed as brand new and described as being in stock, with 992 units available. I trusted the seller and purchased it for £145, plus shipping.
Unfortunately, the item I received was faulty. It also showed clear signs of having been previously used and repaired. Although I was still able to use it to some extent, it was essentially scrap and certainly not a new product.
I contacted the seller several times and also reported the issue to AliExpress through multiple levels of their dispute and reporting process. However, my claim was rejected. AliExpress replied that the listing did not violate their platform policies.
This means that, according to AliExpress's decision, sellers can advertise an item as brand new while supplying a used, repaired, or faulty product without the listing being considered a violation of the platform's rules.",2026-07-23T11:25:47.000Z,2026-07-13T00:00:00.000Z,en,1,not-verified,false,Organic,J M P ENGINEERING LTD,5da04f527c1d9c7780196d38,3,GB,"Dear customer,
Sincerely apologize for the inconvenience caused. 
Since your order is still under protection, please click [Open dispute or Returns/Refunds] on the details page of the order and upload the pictures you took as evidences. 
Kindly make sure you have correctly uploaded proof for your request and selected a refund method. If you're still unable to submit your request, please reply to our agent's email directly or go to our Help center page 【https://helpcenter.aliexpress.com/s/BuyerHelp?】for online customer service.
Your understanding and cooperation are deeply appreciated.
Best regards,
AliExpress Customer Service Team",2026-07-24T02:44:58.000Z
www.aliexpress.com,id:6a61dd9e9b2304c38b37966a,native_id,6a61dd9e9b2304c38b37966a,https://www.trustpilot.com/reviews/6a61dd9e9b2304c38b37966a,1,The new tax rules from 1st of July are…,"The new tax rules from 1st of July are meant to mislead. Some arbitrary amount is taken, called duties. Not broken down. Also it's almost double the amount of the products in my experience. Customer service assures you can easily apply for refund if you overpaid. And then when I did it was very frustrating and they asked me for 3 documents (they know) I don't have. To top it of, each time an interaction with customer service happens they have a manipulative policy to beg for a good review, because they trust I am a 'kindhearted customer'. And there is no distinction of whether I'm rating the agent or AliExpress. I suspect it's the latter, which is how they get the high scores in the first place. I think it's best to stay clear of AliExpress. ",2026-07-23T11:23:42.000Z,2026-07-23T00:00:00.000Z,en,2,not-verified,false,Organic,Liza Derenchenko,635bf74076cdfa0014edc1ce,11,DK,"Dear Customer，
Thank you for contacting us. We apologize for your unpleasant shopping experience. Our agent sent you an email, please check it out. If you have any questions, please feel free to reply to us via email and we will respond as soon as possible.
Thank you for your understanding and support!
Sincerely，
AliExpress Customer Service Team",2026-07-24T02:45:43.000Z
www.aliexpress.com,id:6a61d2e6a3269e35db9e3cde,native_id,6a61d2e6a3269e35db9e3cde,https://www.trustpilot.com/reviews/6a61d2e6a3269e35db9e3cde,1,Frustrating experience with Ali Express,"I ordered a Redmi Pad Pro 2 two days ago from Ireland. Unfortunately I have a second delivery address registered with them in Spain and I requested delivery to that address in error. I spent at least 8 hours online trying to change this and later cancel the order,speaking to a number of AliExpress and Simgrity agents by chat.
Having 'cancelled' twice I then get an email from Ali advising the item will arrive in 2 days. 
I now wonder if Ali Express is too large and lost control of it's systems. I will avoid them in future( and Simgrity,their supplier).",2026-07-23T10:37:58.000Z,2026-07-21T00:00:00.000Z,en,1,not-verified,false,Organic,Thomas Casey,51e424d5000064000143e744,23,IE,"Dear Customer,
Please accept our deepest apologies for any inconvenience you've faced. We have taken action to investigate the issue you reported regarding cancel the order. We will respond to you via email and update the progress in this thread. Please kindly pay attention to check your email box.
Thank you for your understanding and cooperation.
Best regards,
AliExpress Customer Service Team",2026-07-24T02:56:33.000Z
www.aliexpress.com,id:6a61cc3161d7cbb5daa2bde4,native_id,6a61cc3161d7cbb5daa2bde4,https://www.trustpilot.com/reviews/6a61cc3161d7cbb5daa2bde4,1,limiting purchases to just 1 per…,limiting purchases to just 1 per customer. POINTLESS USING THIS SITE NOW. I dont want a reply aliexpress,2026-07-23T10:09:21.000Z,2026-07-23T00:00:00.000Z,en,1,not-verified,false,Organic,Chris House,603e2d914280700019699f1f,25,GB,"Dear Customer,
Due to the lack of completed request information form, we regret to inform you that we are unable to process your case due to insufficient information. Please accept our deepest apologies for any inconvenience you've faced. If you need further assistance or have any additional questions, please don't hesitate to consult our Help Center at AliExpress.
https://helpcenter.aliexpress.com/s/BuyerHelp
Thank you for your understanding and cooperation.
Best regards,
AliExpress Customer Service Team",2026-07-24T03:12:11.000Z
www.aliexpress.com,id:6a61bbdf4be8a89eda5213fb,native_id,6a61bbdf4be8a89eda5213fb,https://www.trustpilot.com/reviews/6a61bbdf4be8a89eda5213fb,1,Extra 2 euro surcharge for each item with no legal base,"Products are ok but aliexpress now charges 2 euro extra for each item, justifying that it's the surcharge imposed by the Netherlands government.  That surcharge was never passed by dutch law, however customer service asks to send invoice and customs paperwork, which ironically is all handled by them and their own carrier. Do not buy products with delivery to The Netherlands as you will get hidden charges besides the 3 euro surcharge imposed by the EU starting July 1st 2026",2026-07-23T08:59:43.000Z,2026-07-23T00:00:00.000Z,en,1,not-verified,false,Organic,Juan Carro,5f8063a7515544001ac27c49,18,NL,"Dear Customer,
Thank you for your feedback.
Please visit our Help Center, where our customer service team is ready to assist you further and provide detailed support:
https://helpcenter.aliexpress.com/s/BuyerHelp?
We appreciate your understanding and cooperation.
Best regards,
AliExpress Customer Service Team",2026-07-24T03:34:27.000Z
www.aliexpress.com,id:6a61a32d6d35ea884633339b,native_id,6a61a32d6d35ea884633339b,https://www.trustpilot.com/reviews/6a61a32d6d35ea884633339b,1,I purchased a splash guard for my 2023…,"I purchased a splash guard for my 2023 Hyundai Sonata for nearly $80.00.  When it arrived it was totally wrong.  Did not fit at all.  I contacted the company, submitted pictures of the purchase and the rep verified the wrong product sent.  She submitted a request for return and refund.  Request approved.  I had to return the splash guard at my expense, despite their error via a non-commercial carrier.  When the splash guard is over 14 pounds in weight it was too expensive.  I took a partial refund of just over $21.00.  This experience is discracedul.  Do they do this deliberately?  I do not know but their return policy is discracedul.  I would never buy from them again or recommend this company to 
anyone else.  Be warned.  Steer clear.
I was sent a response from this company and wanted proof that I was a genuine customer.  Why would someone who is NOT a legitimate customer be offered a partial refund?It makes no sense that I have been given a partial refund if I was not a customer.  If I could submit pictures of the original and replacement splash guard I would but this review does not allow that.  Look at all the negative reviews.  That says something about this company ",2026-07-23T07:14:21.000Z,2026-07-21T00:00:00.000Z,en,1,not-verified,false,Organic,Christopher Griffin,650aa0b74305ad0012d63526,3,US,"Dear Customer.

Thank you for contacting us. We apologise for your unpleasant shopping experience. Our agent sent you an email, please check it out. If you have any questions, please feel free to reply to us via email and we will respond as soon as possible.

Thank you for your understanding and support!

Sincerely.

AliExpress Customer Service Team",2026-07-24T03:50:52.000Z
www.aliexpress.com,id:6a616e0527ad407bc854711f,native_id,6a616e0527ad407bc854711f,https://www.trustpilot.com/reviews/6a616e0527ad407bc854711f,1,So tired of trying to purchase a…,"So tired of trying to purchase a product and always getting that product incomplete or AliExpress using subpar delivery companies that don't do their job right and customer service with Ali  they makes it almost impossible get a refund, and they don't want to hold their sellers accountable for misleading details on their products",2026-07-23T03:27:33.000Z,2026-07-22T00:00:00.000Z,en,0,not-verified,false,Organic,Edwardnigmah,6306b16295fa150014678b57,3,US,"Dear Customer,
Due to the lack of completed request information form, we regret to inform you that we are unable to process your case due to insufficient information. Please accept our deepest apologies for any inconvenience you've faced. If you need further assistance or have any additional questions, please don't hesitate to consult our Help Center at AliExpress.
https://helpcenter.aliexpress.com/s/BuyerHelp
Thank you for your understanding and cooperation.
Best regards,
AliExpress Customer Service Team",2026-07-23T05:37:09.000Z
www.aliexpress.com,id:6a6153b1a5288261cc35e94b,native_id,6a6153b1a5288261cc35e94b,https://www.trustpilot.com/reviews/6a6153b1a5288261cc35e94b,1,"Forced ""Buy It Now"" dark patterns are losing you sales. Unusable system.","


I have three items sitting in my cart and I simply want to add a pack of iPhone screen protectors to my order. 

Instead, EVERY SINGLE screen protector listing forces this stupid ""Buy It Now"" / ""Special Offer"" promotion. It refuses to let me add the item to my basket and forces me into a completely separate checkout where I’m expected to pay separate postage costs!!!

I’m not playing these stupid games. I am not checking out twice and paying extra shipping fees just because your system blocks the cart button to pull a cheap trick. 
I just want to add some iPhone screen protectors to the rest of my order ans checkout. 

Because of this anti-consumer nonsense, you aren't just losing the screen protector sale you are losing the whole £20 order, I’m not buying a single thing from my basket until you fix this ridiculous system and let customers actually use normal shopping cart (and if you challenge this review, I will never purchase anything from you again) ",2026-07-23T01:35:13.000Z,2026-07-15T00:00:00.000Z,en,1,not-verified,false,Organic,P Miller,5f79a5c72af0b7a6239e8b79,207,GB,"Dear Customer,
Thank you for filling out the Request Information form. However, we noticed that the order number was not provided, and the email address you submitted does not match any orders in our system. Without more valid information, we are unable to proceed with your case at this time.
To help us assist you better, you can look up your order number and seek further assistance by visiting our Help Center:
https://helpcenter.aliexpress.com/s/BuyerHelp
We appreciate your cooperation and are here to help if you have any additional questions or need guidance.
Best regards,
AliExpress Customer Service Team",2026-07-23T05:38:38.000Z
www.aliexpress.com,id:6a6152778c6a0f4b3e33c530,native_id,6a6152778c6a0f4b3e33c530,https://www.trustpilot.com/reviews/6a6152778c6a0f4b3e33c530,1,Decharger does not work and AliExpress acts stupid,"2 months ago I bought a decharger for my BYD Atto 3 but it doesn't give power, and there's a little blue button, which is probably for checking, and it doesn't light up either.
I wrote to Aliexpress, who asked me to send a video as proof, but how on earth do you use a video to confirm that there's no power?",2026-07-23T01:29:59.000Z,2026-05-22T00:00:00.000Z,en,0,not-verified,false,Organic,Niels Graverholt,6471502392ae6c00126a2be1,22,DK,"Dear Customer.

Thank you for contacting us. We apologise for your unpleasant shopping experience. Our agent sent you an email, please check it out. If you have any questions, please feel free to reply to us via email and we will respond as soon as possible.

Thank you for your understanding and support!

Sincerely.

AliExpress Customer Service Team",2026-07-23T05:39:46.000Z
www.aliexpress.com,id:6a61376c5d4b732452f25b99,native_id,6a61376c5d4b732452f25b99,https://www.trustpilot.com/reviews/6a61376c5d4b732452f25b99,1,AliExpress fails to resolve empty package shipping scam,"Update: July 27, 2026
Twelve days after the July 14th deadline to they respond to my dispute, they are giving the buyer just 3 days (including a weekend day) to resubmit the exact same evidence provided when the dispute was first opened.
Not only do they waste the buyer's time, but they also set a tight deadline hoping the buyer won't see the request in time. Bear in mind: it took them 14 days to review the evidence I submitted, yet now they demand a response within 2 business days. This speaks volumes about the integrity of the AliExpress platform.
I have just resubmitted the video showing the opening of the package (which arrived empty), photos of the labels, and the condition of the package before it was opened.
I’ll likely provide another update in about 15 days, when they ask for the same evidence for the third time.
STAY AWAY FROM ALIEXPRESS.
- - - - - - - - - - - - - - - - - - - - - - - - 
ALIEXPRESS is definitely one site to avoid.
I bought a lithium battery, and the package arrived empty.(even though the bubble wrap where the battery should have been was there).
I opened a dispute on July 7, 2026, including a video of me opening the empty package and the weight of the package, and photos of the empty sealed package.  ALIEXPRESS said they would resolve it before July 14, 2026, yet today—July 23, 2026—I am still waiting for a resolution to the dispute and a refund for the item that never arrived.
There is a difference of only 8g between the weight I measured on an old scale and the shipping weight. A 1200mAh battery should weigh much more than that.
ALIEXPRESS won't resolve the issue, even with photos, videos, and weight measurements.",2026-07-22T23:34:36.000Z,2026-07-22T00:00:00.000Z,en,1,not-verified,false,Organic,Pedro Ribeiro,66ebde19411dc7b70fb80d22,10,PT,"Dear customer,

Sincerely apologize for the inconvenience caused. 

Our agent has replied with more detailed information in the email. Please kindly check and reply to our agent. If you have any other questions, please go to our Help center page【https://helpcenter.aliexpress.com/s/BuyerHelp?】 for online customer service.

Your understanding and cooperation are deeply appreciated.

Best regards,
AliExpress Customer Service Team",2026-07-23T05:46:07.000Z
www.aliexpress.com,id:6a6134b4cd0949992dda75fd,native_id,6a6134b4cd0949992dda75fd,https://www.trustpilot.com/reviews/6a6134b4cd0949992dda75fd,1,Charging return on incorrect item,"I ordered some pvc foam board. It came damaged. Item was returned free of charge and refunded. I reordered the same pvc foam board. I was sent styrene sheet. AliExpress refuse to refund without me paying for a return. This is clearly unacceptable.
This is the kind of risk you take with AliExpress, it is only fit for purchasing low value items which you are prepared to write off if something goes wrong.


",2026-07-22T23:23:00.000Z,2026-07-16T00:00:00.000Z,en,1,not-verified,false,Organic,Paul Nicklin,644a500381a725001208c795,4,GB,"Dear Customer.

Thank you for contacting us. We apologise for your unpleasant shopping experience. Our agent sent you an email, please check it out. If you have any questions, please feel free to reply to us via email and we will respond as soon as possible.

Thank you for your understanding and support!

Sincerely.

AliExpress Customer Service Team",2026-07-23T05:48:09.000Z
www.aliexpress.com,id:6a6123d08b2e879e0d2fd194,native_id,6a6123d08b2e879e0d2fd194,https://www.trustpilot.com/reviews/6a6123d08b2e879e0d2fd194,4,Struggled but finally got a refund for faulty product,"I purchased an item that was faulty, despite 2 attempts to return / replace I was getting nowhere. I provided a Trustpilot review of my experience and my return was reviewed again. This time AliExpress refunded the cost of the faulty item and not the vendor. Well done AliExpress in acting to restore their reputation",2026-07-22T22:10:56.000Z,2026-07-21T00:00:00.000Z,en,1,invited,false,BasicLink,Tom Howley,6a6123c9236e3d427fdfe810,1,GB,"Dear customer,

Sincerely apologize for the inconvenience caused. 

We immediately checked your order, and found the order has been refunded. Please contact your bank for more information. If you have any other questions, please reply directly to the email we sent you, and we will continue to assist you. Thank you for your patience and cooperation.

Your understanding and cooperation are deeply appreciated.

Best regards,
AliExpress Customer Service Team",2026-07-23T05:54:27.000Z
www.aliexpress.com,id:6a611e66a38832d7e622e0e5,native_id,6a611e66a38832d7e622e0e5,https://www.trustpilot.com/reviews/6a611e66a38832d7e622e0e5,1,Very Bad Customer service,"My item never arrived, and AliExpress has refused to refund me. Their chat agents keep repeating the same scripted lines, pretending to “check the system” and claiming they have “escalated the case” when they haven’t. They then close the chat so you can’t push further.

My order page shows no dispute button, no appeal option, nothing. AliExpress is blocking me from using Buyer Protection and refusing to deal with a clear non‑delivery.

Buyers need to be aware: if something goes wrong, AliExpress will stall, ignore you, and shut down chat instead of resolving the issue. I will be reporting this to Trading Standards.
I am getting generic emails from these people the latestvdate is Oct 4th. I didnt order this to wait fot an extraordnarilly long time. These sites need better regulation they try to put you off so they need not refund, this is my bresponse today Title: AliExpress hiding dispute options and refusing refunds

AliExpress has completely failed to resolve my non‑delivery issue. They keep sending copy‑and‑paste emails claiming my parcel is “in transit” and giving ridiculous delivery dates months away. My order page has no dispute button, no appeal option, nothing. Their chat agents shut down conversations and pretend to escalate cases that never get escalated.

This is not Buyer Protection — it’s Buyer Avoidance. I will be reporting AliExpress to Trading Standards for refusing refunds and blocking escalation.
Please please dont buy from them its the only way to ensure they are stopped will be sending this to Trading standards too, Too much of this going on",2026-07-22T21:47:50.000Z,2026-07-22T00:00:00.000Z,en,1,not-verified,false,Organic,Janet Erlam,65731a47087b6700125c1303,31,GB,"Dear Sir/Madam,

Thank you for contacting us. We are very sorry to have caused you an unpleasant shopping experience. After checking, your parcel is still in transit. Please be patient; if you still haven't received the parcel by then, please contact us again, and we will find a solution for you, or you can choose ‘not received’ as the reason for return/refund.

Once again, we apologise for any inconvenience caused and thank you for your patience and understanding.

Best regards,
AliExpress Customer Service Team",2026-07-23T05:55:17.000Z
www.aliexpress.com,id:6a610c13fa8cc4de07b78c84,native_id,6a610c13fa8cc4de07b78c84,https://www.trustpilot.com/reviews/6a610c13fa8cc4de07b78c84,1,One total scam,"One total scam. Customer service terrible will take your money and lie to you stating parcels on way with no tracking. Only to discover that you order was cancelled 10 days after ordering. A month later no item no refund and denying to bank that the order is cancelled. Avoid and shop elsewhere. 
You reply to them and then they pretend they haven’t received anything and that you haven’t responded. 
Totally avoid shop elsewhere with trusted websites. 
Still without a product or refund. Even the tracking says cancelled. One big scam. ",2026-07-22T20:29:39.000Z,2026-06-30T00:00:00.000Z,en,2,not-verified,false,Organic,Dean,582e1b840000ff000a587449,19,GB,"Dear Customer,
Due to the lack of completed request information form, we regret to inform you that we are unable to process your case due to insufficient information. Please accept our deepest apologies for any inconvenience you've faced. If you need further assistance or have any additional questions, please don't hesitate to consult our Help Center at AliExpress.
https://helpcenter.aliexpress.com/s/BuyerHelp
Thank you for your understanding and cooperation.
Best regards,
AliExpress Customer Service Team",2026-07-23T05:58:25.000Z
www.aliexpress.com,id:6a610011e2f459bcead0d9c6,native_id,6a610011e2f459bcead0d9c6,https://www.trustpilot.com/reviews/6a610011e2f459bcead0d9c6,1,This company gets from bad to worse ,"This company gets from bad to worse , their after sales service if something isn’t right or doesn’t get delivered is so appalling.

Order ref 3074025849142625",2026-07-22T19:38:25.000Z,2026-07-22T00:00:00.000Z,en,2,not-verified,false,Organic,Mr Phillip Parker,5d3b5a08a34cd7d8f060fa53,108,GB,"Dear Customer,
Due to the lack of completed request information form, we regret to inform you that we are unable to process your case due to insufficient information. Please accept our deepest apologies for any inconvenience you've faced. If you need further assistance or have any additional questions, please don't hesitate to consult our Help Center at AliExpress.
https://helpcenter.aliexpress.com/s/BuyerHelp
Thank you for your understanding and cooperation.
Best regards,
AliExpress Customer Service Team",2026-07-23T05:59:03.000Z
www.aliexpress.com,id:6a60c689407e1e5a58408347,native_id,6a60c689407e1e5a58408347,https://www.trustpilot.com/reviews/6a60c689407e1e5a58408347,1,RUN!!!  Absolute scam,"$382 in product never shipped.  Claimed it was the wrong address. I confirmed the address. Still wouldn't ship.  I gave a different address. ""Couldn't ship"" to that one either. Both are big office buildings that receive packages all the time. Nothing unusual.  Asked for a refund and he just kept saying ""Sorry friend"" and not refunding. Filled a dispute with PayPal.  Seller told paypal it did ship and gave a fake tracking number that couldn't be located.  Seller told me to cancel the dispute and he would refund the money. No way!  Finally got my refund from paypal today 5 weeks later.",2026-07-22T15:32:57.000Z,2026-06-09T00:00:00.000Z,en,2,not-verified,false,Organic,TBM,6a3007fa8c034d601cba0b34,2,US,"Dear Customer.
Thank you for contacting us. We apologise for your unpleasant shopping experience. Our agent sent you an email, please check it out. If you have any questions, please feel free to reply to us via email and we will respond as soon as possible.
Thank you for your understanding and support!
Sincerely.
AliExpress Customer Service Team",2026-07-23T03:04:11.000Z
www.aliexpress.com,id:6a60a8e9c8c02400030172e4,native_id,6a60a8e9c8c02400030172e4,https://www.trustpilot.com/reviews/6a60a8e9c8c02400030172e4,1,"Dear AliExpress Escalation Team,","Dear AliExpress Escalation Team,

I am writing to submit official, non-refutable evidence regarding the non-delivery and customs rejection of my Choice DDP order.

1. Official Logistics Status (Speedaf / 17TRACK - Tracking #MA052781271R):
As per the official tracking system updated on July 16, 2026, the status explicitly reads:
[Morocco] Clearance Exception [Import clearance failure, Product is not for personal use]

2. Local Carrier Statement (MedAfrica Express):
The local delivery company confirmed in writing that individual customs clearance cannot be processed by the recipient, and that the package return must be initiated directly by AliExpress / Seller.

Summary & Claim:
The package was officially rejected by customs on July 16, 2026.
The item was NEVER delivered to me and remains strictly in carrier custody / returning to sender.
Under Moroccan regulations, individual customs clearance certificates are not issued to buyers for commercial rejection. The attached 17TRACK / Speedaf system status is the ONLY valid official proof available.
Since I paid under the Choice service and the package cannot be cleared or delivered, keeping my funds violates Buyer Protection policy.
I demand an immediate FULL REFUND of $87.08.
Attached:
Official 17TRACK / Speedaf Tracking System Screenshot showing Clearance Failure.
Official Written Communication from local carrier MedAfrica.",2026-07-22T13:26:33.000Z,2026-07-16T00:00:00.000Z,en,2,not-verified,false,Organic,ShiiNoYari “Legend”,64e810397f23b0001274a16b,4,MA,"Dear Customer,
We sincerely apologize for the inconvenience caused by the customs detention of your package and the delay it has caused. Please know that we have initiated a thorough investigation to identify the cause and prevent it from happening again.
We will provide regular updates via email regarding the progress of our investigation and the steps we are taking to address this matter. Your understanding and cooperation are greatly appreciated, and we are dedicated to ensuring your satisfaction and the timely delivery of your order.
Thank you for your patience and continued trust in us.
Best regards,
AliExpress Customer Service Team",2026-07-23T03:30:07.000Z
www.aliexpress.com,id:6a60a544f955a31e0507bbb4,native_id,6a60a544f955a31e0507bbb4,https://www.trustpilot.com/reviews/6a60a544f955a31e0507bbb4,1,VOL MANIFESTE ET MENSONGES à RéPéTITION,"J'ai acheté une bague en mars 2025. Celle-ci est rapidement tombée en panne.
Je l'ai renvoyée et après plus de 100 messages d'échange, ils me disent avoir remboursé.
Or la carte initiale n'existe plus depuis juillet 2025.
La Banque Postale a confirmé, par écrit,  que jamais un remboursement n'avait été effectué, ni sur l'ancienne carte, ni sur la nouvelle et ALI ne répond plus et a bine menti et gardé l'argent, sinon celui-ci serait sur mon compte.
Je vais informer la DGCCRF mais je pense qu'ils sont blasés d'avoir autant de plaintes contre cette société.
Et bien sûr, ils vont répondre COMME à CHAQUE FOIS, que je suis un client prioritaire et qu'ils prennent en chargepour se couvrir au niveau de TRUSPILOT alors qu'ils ferment définitivement tous les recours.
ENGLISH
I bought a ring in March 2025. It quickly broke down.
I sent it back, and after an exchange of over 100 messages, they claim to have issued a refund.
However, the original card has not existed since July 2025.
La Banque Postale has confirmed in writing that no refund was ever made—neither to the old card nor the new one—and ALI has stopped responding; they clearly lied and kept the money, otherwise it would be in my account.
I am going to report this to the DGCCRF, though I imagine they are weary of the sheer number of complaints against this company.
And of course, they will reply—JUST LIKE EVERY TIME—saying I am a priority customer and that they are handling the matter (to cover themselves on Trustpilot), all while effectively shutting down every avenue for recourse.",2026-07-22T13:11:00.000Z,2026-07-22T00:00:00.000Z,en,2,not-verified,false,Organic,ABED-GREGOIRE / MONGIN DIT M.,64bfa33b7cfc66001293401d,11,FR,"Cher client,

Merci d’avoir contacté notre service. Nous vous présentons nos excuses pour l’expérience de shopping désagréable que vous avez rencontrée. Notre agent vous a envoyé un e-mail, veuillez svp le consulter. Si vous avez des questions, n’hésitez pas à nous répondre par e-mail et nous vous répondrons dans les plus brefs délais.

Merci pour votre compréhension et votre soutien !

Sincèrement,
L’équipe du Service Client AliExpress",2026-07-23T03:40:42.000Z
www.aliexpress.com,id:6a60a2b93ddebcaac259afac,native_id,6a60a2b93ddebcaac259afac,https://www.trustpilot.com/reviews/6a60a2b93ddebcaac259afac,2,Item simply never turned up,Tracking stopped updating after two weeks and the item never arrived. Had to open a dispute myself to get any money back at all.,2026-07-22T13:00:09.000Z,2026-07-22T00:00:00.000Z,en,2,not-verified,false,Organic,Douglas Butler,6a48237f5334acfb5e0e904f,2,IT,"Dear Customer,
Due to the lack of completed request information form, we regret to inform you that we are unable to process your case due to insufficient information. Please accept our deepest apologies for any inconvenience you've faced. If you need further assistance or have any additional questions, please don't hesitate to consult our Help Center at AliExpress.
https://helpcenter.aliexpress.com/s/BuyerHelp
Thank you for your understanding and cooperation.
Best regards,
AliExpress Customer Service Team",2026-07-23T03:08:47.000Z
www.aliexpress.com,id:6a6095fa9cd7a18152f458c2,native_id,6a6095fa9cd7a18152f458c2,https://www.trustpilot.com/reviews/6a6095fa9cd7a18152f458c2,1,I LIVE IN SCOTLAND WHICH IS PART OF THE…,"I LIVE IN SCOTLAND WHICH IS PART OF THE UK, HOWEVER THERE ARE A LOT OF CHINESE UNEDUCATED THAT BELIEVE  (UNITED KINGDOM IS ENGLAND ONLY)
NO WE ARE NOT IN A REMOTE LOCATION YOU SAY YOU DELIVER THE THE UK BUT I THINK YOU ARE UNEDUCATED YOU BELIEVE THE UK IS JUST ENGLAND, I WANT THE GOODS I PAID FOR OR I WILL CONTACT PAYPAL WHOM WILL TAKE LEGAL ACTION",2026-07-22T12:05:46.000Z,2026-07-22T00:00:00.000Z,en,2,not-verified,false,Organic,GLYN day,63f3a2a9264a800012fdffba,15,GB,"Dear Customer,

We sincerely apologize for any inconvenience this may have caused you. Please accept our heartfelt apologies.

We have sent an email addressing the issue you encountered on July 26. Please review the content of that email.

If you have any further questions, please feel free to contact us by replying directly to this email.

Thank you for your understanding. Wishing you a wonderful day!

Best regards,
AliExpress Customer Service Team
www.Aliexpress.com",2026-07-23T03:44:29.000Z
www.aliexpress.com,id:6a608f4d24a138ff832221df,native_id,6a608f4d24a138ff832221df,https://www.trustpilot.com/reviews/6a608f4d24a138ff832221df,1,2 times i bought items,"2 times i bought items, 2 times i did not received, what a joke, they told me to proof of lost, how even to proof it, its their courier,  after wasting so much time to recovery.. they rejected .

Their courier is the worst of the worst.

Avoid to buy from this company, TEMU is better",2026-07-22T11:37:17.000Z,2026-07-19T00:00:00.000Z,en,2,not-verified,false,Organic,Felix Kartadinata Pukiat,6a608f3b7b418c543487e145,1,AU,"Dear Customer,
We deeply regret the inconvenience you’ve faced due to not receiving your package. Rest assured, we have taken immediate steps to investigate the issue you raised. You can expect an email from us soon, and we will ensure this thread is kept updated with the latest developments. Please check your email regularly for our communication.
Thank you for your trust and cooperation.
Best regards,
AliExpress Customer Service Team",2026-07-23T03:47:50.000Z
www.aliexpress.com,id:6a6089fa89fb48e9823ebcff,native_id,6a6089fa89fb48e9823ebcff,https://www.trustpilot.com/reviews/6a6089fa89fb48e9823ebcff,1,Review of AliExpress,"
Review of AliExpress


keith lamert
6 reviews
AU
Rated 1 out of 5 stars
A day ago
Wrong item sent.The below is a copy of…
Wrong item sent.The below is a copy of our correspondence. 6 weeks later no refund and won't communicate 

This error is entirely our fault, and I respect
whatever decision you make. I will process a
50% refund right away.
'lease send me your order number, thank
you.
7:11 pm
UIuer 0Z122ou74/000/ 17. 0IueI
shipped Inbox
FESTOOL 202314 & 203974 PCB c...
1 item from AliExpress
Dispatched
Order number
8212260947568717
K
Track parcel
View order
View item
Based on 2 emails
Correct?
AlExpress
AliExpress
to me v
9
June
Unsubscribe
AliExpress
Fast delivery
Free returns
Thank you
7:12 pm y/
l've already processed the refund, and the
platform will complete it shortly
7.27


BUYER BEWARE",2026-07-22T11:14:34.000Z,2026-06-12T00:00:00.000Z,en,3,not-verified,false,Organic,keith lamert,69376218d7ccaa6c7663ce2b,7,AU,"Dear Customer,
Thank you for bringing this matter to our attention. We sincerely apologize for the inconvenience you have experienced.
We would like to inform you that we are actively looking into the issue you reported. However, as the investigation is still ongoing, we have not yet reached a conclusion or sent you an update. Rest assured, once we have a solution or further information, we will notify you immediately via email. Please keep an eye on your inbox for our response.
If you have any additional questions or require further assistance in the meantime, please don’t hesitate to contact us.
Best regards,
AliExpress Customer Service Team",2026-07-23T03:11:42.000Z
www.aliexpress.com,id:6a60890a1beb1f626e4409a6,native_id,6a60890a1beb1f626e4409a6,https://www.trustpilot.com/reviews/6a60890a1beb1f626e4409a6,2,Don't buy from Aliexpress unless you're…,"Don't buy from Aliexpress unless you're sure you'll keep the product. THEY DON'T GIVE ACTUAL RETURNS. They say they do, but you can only get partial returns (maybe 30% back of original price). You only have 14-15 days return window. And it's not possible to return just because you don't want the item - it has to be damaged or something. That being said, you can still find excellent products there - just don't expect returns as an option.",2026-07-22T11:10:34.000Z,2026-07-22T00:00:00.000Z,en,2,not-verified,false,Organic,Emma Gaffron,6a6088ffb06fbf1ff1f00ff2,1,SE,"Dear Customer,
Due to the lack of completed request information form, we regret to inform you that we are unable to process your case due to insufficient information. Please accept our deepest apologies for any inconvenience you've faced. If you need further assistance or have any additional questions, please don't hesitate to consult our Help Center at AliExpress.
https://helpcenter.aliexpress.com/s/BuyerHelp
Thank you for your understanding and cooperation.
Best regards,
AliExpress Customer Service Team",2026-07-23T03:13:28.000Z
www.aliexpress.com,id:6a608417d9ec3c9731441159,native_id,6a608417d9ec3c9731441159,https://www.trustpilot.com/reviews/6a608417d9ec3c9731441159,1,"Once, shame on you. Twice, shame on me.","After months of back and forth emails in which Aliexpress claimed to have delivered some furniture to us and we stated, emphatically, that it didn't, I just received this email from Aliexpress:

Dear Customer,

Regarding your order #3074703395752487, we sincerely apologize for the unpleasant experience you’ve had and for not receiving your package as expected.

According to the logistics tracking information, the status of your parcel is marked as ""Delivered."" However, we fully understand and take seriously your feedback that you did not actually receive the package. We recognize how concerning and frustrating this situation can be, and we truly appreciate your patience.

Please note that once a package arrives in the destination country, the final delivery is handled by the local postal service or courier provider. In accordance with our dispute resolution policy, we kindly recommend contacting your local post office or delivery company directly to further verify the actual delivery details—for example, whether it was delivered to a neighbor, placed in a mailbox, or left at a pickup point due to missed delivery attempts.

If it is confirmed that the package was indeed not delivered or has been lost, we kindly ask you to request an official **""Undelivered Proof""** or **""Lost Parcel Certificate""** from the relevant authority. The document should include the following:

- The tracking number of the parcel  
- A clear statement confirming the failure of delivery or loss of the package  
- An official stamp, agency logo, or electronic signature as valid authentication  
- If provided via email, please include a full screenshot showing the sender’s email address, subject line, and message body  

Once we receive a valid proof that meets these requirements, we will immediately submit it for review and proceed with the appropriate resolution, such as a refund or compensation, as quickly as possible.

For your convenience, below are the recommended contact details for the local logistics provider:  Chronopost.

Thank you sincerely for your understanding and cooperation throughout this process. Should you have any questions or updates, please don’t hesitate to reply to this email—we are always here to support you.

Wishing you all the best and smooth days ahead!

Best regards,  
AliExpress Customer Service Team  

Here's my reply:

NO! I will not waste another second on your red tape.

We attempted to confirm delivery status with both the original and local delivery service using our order number for tracking purposes.

Both indicated that they have no record of our shipment/order/purchase in their records or systems.

That's it! Aliexpress messed up and we now expect Aliexpress to fix this by refunding, in full, our payment.

If not, we will continue to post your emails (as this one) and our responses on consumer review-satisfaction websites ... like Trustpilot.

In fact, we just did!",2026-07-22T10:49:27.000Z,2026-07-22T00:00:00.000Z,en,3,not-verified,false,Organic,Bruce Joffe,587d4af70000ff000a6d1bd1,12,US,"Dear Customer,

We sincerely apologize for any inconvenience this may have caused you. Please accept our heartfelt apologies.

We have already replied to your email on July 23. Please review the content of our response.

If you have any further questions, please feel free to contact us by replying to this email.

Thank you for your understanding. Wishing you a wonderful day!

Best regards,
AliExpress Customer Service Team
www.Aliexpress.com",2026-07-23T03:53:36.000Z
www.aliexpress.com,id:6a607a4cc0dd5de1d09cdfcf,native_id,6a607a4cc0dd5de1d09cdfcf,https://www.trustpilot.com/reviews/6a607a4cc0dd5de1d09cdfcf,1,VERY DISAPPOINTING RETURN POLICY.,"VERY DISAPPOINTING RETURN POLICY.

AliExpress says that they offer free returns, but when you actually want to return something , they do not make it easy and do not allow you to return the item as advertised. This is very misleading and disappointing. I would not recommend buying from a company that does not honour its own return policy.",2026-07-22T10:07:40.000Z,2026-07-15T00:00:00.000Z,en,3,not-verified,false,Organic,Maria,6a607a1bc2526c3cad9505a1,1,GB,"Dear Customer,
Due to the lack of completed request information form, we regret to inform you that we are unable to process your case due to insufficient information. Please accept our deepest apologies for any inconvenience you've faced. If you need further assistance or have any additional questions, please don't hesitate to consult our Help Center at AliExpress.
https://helpcenter.aliexpress.com/s/BuyerHelp
Thank you for your understanding and cooperation.
Best regards,
AliExpress Customer Service Team",2026-07-23T03:14:39.000Z
www.aliexpress.com,id:6a606fa324a2032017891169,native_id,6a606fa324a2032017891169,https://www.trustpilot.com/reviews/6a606fa324a2032017891169,1,They don't allow you to return an item! TRASH,"NEVER NEVER EVER AGAIN!!!
Okay what they sell is obviously mostly trash. I bought some items, which were much different from their pictures, so I requested to return. BUT they said I have to pay 3 euros PER ITEM to return it and everything must be sent separately using their assigned QR codes. No, obviously I won't pay that money. I wrote a lot with their AI bots and said that they actually promise free return but asking 3 euros is unfair but I just received AI messages... I requested again but they said I CANNOT return an item because the reason I gave was not good enough (I chose I want to return because the quality is not as expected). But according to German laws, I have a 14-day window to return an item without explanation. They are obviously breaking the law by not allowing the customers to return. They should just be banned.",2026-07-22T09:22:11.000Z,2026-06-26T00:00:00.000Z,en,3,not-verified,false,Organic,Meggy B,69d8c1229472ec2304a4c137,4,DE,"Dear Customer,
Due to the lack of completed request information form, we regret to inform you that we are unable to process your case due to insufficient information. Please accept our deepest apologies for any inconvenience you've faced. If you need further assistance or have any additional questions, please don't hesitate to consult our Help Center at AliExpress.
https://helpcenter.aliexpress.com/s/BuyerHelp
Thank you for your understanding and cooperation.
Best regards,
AliExpress Customer Service Team",2026-07-23T03:18:19.000Z
www.aliexpress.com,id:6a606b79367c82d6475c4ad0,native_id,6a606b79367c82d6475c4ad0,https://www.trustpilot.com/reviews/6a606b79367c82d6475c4ad0,1,Makita batteries are NOT genuine. Check the weight.,"I purchased the 4 pack of 6Ah Makita batteries for $110
They arrived in about three weeks and looked, in every way, to be genuine, However, they seemed to weigh less than some genuine batteries I already owned.
On further investigation they weighed about 20% less than the genuine product and do not hold a charge.
I complained to AliExpress and they agreed to refund half my purchase price AND send me 4 genuine replacements. They refunded just 1 cent and did not send any replacements, despite telling me they were in the post and to be patient. 7 weeks later they are now saying I am not  getting my refund and that the supplier is no longer trading, despite the products still be widely available on their website.
DON'T deal with these guys as the products are NOT genuine.  Yes, I was a fool for believing that they would be for that price.",2026-07-22T09:04:25.000Z,2026-07-22T00:00:00.000Z,en,2,not-verified,false,Organic,David N,628f944b43341000137bdbbc,3,AU,"Dear Customer,

We sincerely apologize for any inconvenience this may have caused you. Please accept our heartfelt apologies.

We have sent an email addressing the issue you encountered on July 26. Please review the content of that email.

If you have any further questions, please feel free to contact us by replying directly to this email.

Thank you for your understanding. Wishing you a wonderful day!

Best regards,
AliExpress Customer Service Team
www.Aliexpress.com",2026-07-23T04:01:47.000Z
www.aliexpress.com,id:6a60578817d52c83e9585ae2,native_id,6a60578817d52c83e9585ae2,https://www.trustpilot.com/reviews/6a60578817d52c83e9585ae2,1,Avoid like the plague faulty item…,Avoid like the plague faulty item returned but will not pay full refund and it takes way too long in the first place...I bought boot liner fir car that was stained and poorly finished and they agreed full refund but never actually paid it  they took money off for return.   Be very wary of this company,2026-07-22T07:39:20.000Z,2026-07-22T00:00:00.000Z,en,2,not-verified,false,Organic,Glen Robertson,5776ab1a0000ff000a2e15a6,13,GB,"Dear customer,
Sincerely apologize for the inconvenience caused. 
We immediately checked your order, and found the order has been refunded. Please contact your bank for more information. If you have any other questions, please go to our Help center page【https://helpcenter.aliexpress.com/s/BuyerHelp?】 for online customer service.
Your understanding and cooperation are deeply appreciated.
Best regards,
AliExpress Customer Service Team",2026-07-23T04:08:41.000Z
www.aliexpress.com,id:6a604d6a17f60947f8ce77fa,native_id,6a604d6a17f60947f8ce77fa,https://www.trustpilot.com/reviews/6a604d6a17f60947f8ce77fa,1,They refuse to delete and remove my account.,"I recently made a purchase through Aliexpress, as I always do, but unfortunately this time the products arrived completely damaged and unusable due to poor packaging by the seller.
When I contacted Aliexpress to resolve the problem, they only refunded me 10% of the amount paid, meaning I lost my money.
In short, I trusted Aliexpress and this time I was left without money and without the product.
Avoid buying from Aliexpress; if something goes wrong, they will go against the buyer, always protecting dishonest sellers.
To make matters worse, I requested the cancellation and closure of my Aliexpress account, which was denied.
I am here now to report my case so that the same thing does not happen to other people.
I also want to emphasize to Aliexpress that for 50 SEK, you lost a customer who spent much more than that per month.
Aliexpress, please cancel my account and delete it!",2026-07-22T06:56:10.000Z,2026-07-22T00:00:00.000Z,en,2,not-verified,false,Organic,MLQ,66e26c6269f18960115bbe2e,9,SE,"Dear Customer.

Thank you for contacting us. We apologise for your unpleasant shopping experience. Our agent sent you an email, please check it out. If you have any questions, please feel free to reply to us via email and we will respond as soon as possible.

Thank you for your understanding and support!

Sincerely.

AliExpress Customer Service Team",2026-07-23T04:09:30.000Z
www.aliexpress.com,id:6a6049d96c42d12cadb0300a,native_id,6a6049d96c42d12cadb0300a,https://www.trustpilot.com/reviews/6a6049d96c42d12cadb0300a,1,Item not as ordered,"I ordered a dress to be made from a company called Fatapaese. I said all along for the dress to be made out of crepe. I said this right from the beginning the dress was to be Crepe and beaded lace. 
I got imitation silk and plain lace.
Not once was imitation silk even mentioned. 
The first dress they lied to me about it saying it had been made and shipped. That was a lie. They admitted they should have told me the truth.
So I sent the specifications of the picture which always said crepe and beaded lace. 
There were no live videos and photos of the making of the dress.
They showed me a picture right at the end and I had no idea it was not crepe and beaded lace.
I have the whole transcript from beginning to end. I only ever mentioned crepe and beaded lace. The picture was shown and shipped at the same time. I said to them I only want the dress if it's in crepe and beaded lace. They led me to believe this was what I was getting. Not once did imitation silk get mentioned. 
It was only when I received the dress I knew the material was incorrect.
So I opened a dispute saying item not as ordered.
Ali Express did not care. Although I provided all the transcript that said a crepe dress and beaded lace they did not care and ruled in favour of the seller.
$277 it cost me for a dress I did not order in the material they made it in.
PayPal did not want to know either because they don't cover customised dresses. Although the item was not as described. 
Don't trust the sellers or Ali Express. They do as they please and there is no protection for the buyer. 
This was a dress for my daughter's wedding.
I had already had 2 other dresses made by another company that were the wrong size and they got away with that too. They were Charmant Wedding Stire Don't trust them. They can make inferior products and get away with it.i paid over $600 for nothing. I cannot wear any of the dresses because they were made incorrectly. Ali Express say this is ok.
Pay more and go local. 
Hi Ali Express.
Hi I did not receive any request form from you. If you send it then I can send the relevant information back.",2026-07-22T06:40:57.000Z,2026-06-16T00:00:00.000Z,en,2,not-verified,false,Organic,Deb,65ea5af61b0fea0012598cfa,9,AU,"Dear Customer,
Due to the lack of completed request information form, we regret to inform you that we are unable to process your case due to insufficient information. Please accept our deepest apologies for any inconvenience you've faced. If you need further assistance or have any additional questions, please don't hesitate to consult our Help Center at AliExpress.
https://helpcenter.aliexpress.com/s/BuyerHelp
Thank you for your understanding and cooperation.
Best regards,
AliExpress Customer Service Team",2026-07-23T04:10:16.000Z
www.aliexpress.com,id:6a6049c6cc15fb39dad9881f,native_id,6a6049c6cc15fb39dad9881f,https://www.trustpilot.com/reviews/6a6049c6cc15fb39dad9881f,1,The seller is just rude,"The seller is just rude! And he’s sympathizing with my bad experience! I haven’t encountered anything like this in a long time. You only see this with inexperienced sellers or scammers!
How much information can be transmitted?  Two months of negotiations, AliExpress played the role of a benefactor, but the seller did not sell the product, but pushed it (he applied a vague and concrete description of the product, but an expanded one, and after the order and payment, the initial description of the product changed to another, as in a fairy tale!).  It's not decent!
When returning the goods from Lithuania, the Chinese customs stopped the Chinese returned goods without explanation. AliExpress does nothing to release and refund the money for the goods. So AliExpress feeds the goods to the Chinese customs, probably they do not have enough salary!
Such cheap and two-faced people simply need to be avoided! The laws here are only in concepts, not in action.
",2026-07-22T06:40:38.000Z,2026-07-21T00:00:00.000Z,en,2,not-verified,false,Organic,Alex,6a5f682dff3db22591bc48ed,1,LT,"Dear Customer,
Due to the lack of completed request information form, we regret to inform you that we are unable to process your case due to insufficient information. Please accept our deepest apologies for any inconvenience you've faced. If you need further assistance or have any additional questions, please don't hesitate to consult our Help Center at AliExpress.
https://helpcenter.aliexpress.com/s/BuyerHelp
Thank you for your understanding and cooperation.
Best regards,
AliExpress Customer Service Team",2026-07-23T04:10:57.000Z
www.aliexpress.com,id:6a6028b86b3ad954fe28529c,native_id,6a6028b86b3ad954fe28529c,https://www.trustpilot.com/reviews/6a6028b86b3ad954fe28529c,1,Poor after-sales support when a defective product is delivered,"I purchased a hair brush through AliExpress and unfortunately received a defective product.

I understand that manufacturing defects can happen with any company. My disappointment is not with the defect itself, but with how AliExpress handles these situations.

The only solutions offered were:

accept a small partial refund and keep a defective product; or
package the item myself, travel to a post office, and complete the entire return process in order to receive a full refund.

The issue is not the product's value (around US$10). The issue is the principle.

As a good-faith customer, I fulfilled my part of the contract: I selected the product, paid for it, and waited for delivery. The defective product was entirely the seller's responsibility. Nevertheless, AliExpress transferred the burden of solving the problem to me, requiring me to spend my own time and effort on a return process that I never agreed to when I made the purchase.

When everything goes well, delivery is made to my home. When something goes wrong because of the supplier, I'm expected to become part of their reverse logistics operation.

I find this policy unfair and contrary to what good customer service should look like. I expected AliExpress to take responsibility for resolving a problem it caused, instead of transferring the inconvenience to the customer.

I hope the company reviews this policy and adopts a more customer-friendly approach in cases where defective products are delivered.",2026-07-22T04:19:36.000Z,2026-07-04T00:00:00.000Z,en,3,not-verified,false,Organic,Leandro Barcelos,6a60281dff3db2a5f6bd54c5,1,BR,"Dear Customer.

Thank you for contacting us. 
We have processed a refund for your order, please see our email for details. We apologise for any inconvenience this may have caused you.
If you have any questions or need further assistance, please feel free to contact us by replying to the email. Thank you for your understanding and support!

Sincerely,
AliExpress Customer Service Team",2026-07-23T04:21:51.000Z
www.aliexpress.com,id:6a5fb13761c18aa5465259ce,native_id,6a5fb13761c18aa5465259ce,https://www.trustpilot.com/reviews/6a5fb13761c18aa5465259ce,2,Long delivery and many bad stuff to…,"Long delivery and many bad stuff to buy, but there you can meet a really rare peace of cake !",2026-07-21T19:49:43.000Z,2026-07-21T00:00:00.000Z,en,1,not-verified,false,Organic,Bia,6a5fb11dc2526c8d4b944a11,1,NL,"Dear Customer,
Due to the lack of completed request information form, we regret to inform you that we are unable to process your case due to insufficient information. Please accept our deepest apologies for any inconvenience you've faced. If you need further assistance or have any additional questions, please don't hesitate to consult our Help Center at AliExpress.
https://helpcenter.aliexpress.com/s/BuyerHelp
Thank you for your understanding and cooperation.
Best regards,
AliExpress Customer Service Team",2026-07-22T03:22:53.000Z
www.aliexpress.com,id:6a5f997de40c97d73f5f8209,native_id,6a5f997de40c97d73f5f8209,https://www.trustpilot.com/reviews/6a5f997de40c97d73f5f8209,1,WORST refund process,"WORST refund process.  I bought 2 identical pairs of shoes, just in different sizes.  Neither fit and had to be returned.  Even though both pairs arrived to me TOGETHER, AliExpress made me return them separately (even though I began the return process at the same time).  I chatted with AA to express my concerns that separating the two pairs of shoes might cause return delivery issues, especially since AA had me return one pair via Fed Ex and the other pair via USPS.  My concerns turned out to be valid.  One return pair of shoes was received by AA and they refunded me.  However, AA claimed they did not receive the other pair.  Like I said, they should not have been returned separately since I received them together originally.  I had ample documentation from USPS stating that the items was delivered to the Linwood, NJ post office AND that the item was actually picked up by an individual.  As directed by AA, I even had my USPS receipt stamped with the USPS official seal and signed by USPS staff.  I had at least 3 disputes over this and at least 3 trips to USPS.  I sent AA reasonable proof that the item was in fact returned to the post office AND picked up by an individual.  It was not good enough for AA to refund me a crummy $11.82!  The would NOT have happened if AA permitted me to return both pairs together, just like they were delivered to me originally.  I have had to return many things over the years to Temu, Shein, Walmart, Amazon, Etsy, and Ebay and I have never dealt with such impossible requests.  Although the AliExpress chat teams have been professional and empathetic, I felt like they ""yessssed"" me to death, but did nothing.  I deactivated my AliExpress account and will NEVER do business with AA again.
Reply from AliExpress was for me to send them a packing video.  UNBELIEVABLE!",2026-07-21T18:08:29.000Z,2026-06-24T00:00:00.000Z,en,2,not-verified,false,Organic,customer,6101c6c1f148210013a0cec9,2,US,"Dear Customer.
Thank you for contacting us. We apologise for your unpleasant shopping experience. Our agent sent you an email, please check it out. If you have any questions, please feel free to reply to us via email and we will respond as soon as possible.
Thank you for your understanding and support!
Sincerely.
AliExpress Customer Service Team",2026-07-22T03:09:27.000Z
www.aliexpress.com,id:6a5f4aadcfd4e9e09b6a1e08,native_id,6a5f4aadcfd4e9e09b6a1e08,https://www.trustpilot.com/reviews/6a5f4aadcfd4e9e09b6a1e08,1,Never mind,"Never mind. I have already found the function in the app, but there is no free return shipping available, even though it was heavily promised. My order is not worth paying the return shipping costs at all.

However, you are clearly misleading your customers, and I do not intend to order anything from your website again.

Thanks for nothing.",2026-07-21T12:32:13.000Z,2026-07-21T00:00:00.000Z,en,2,not-verified,false,Organic,Customer,6a5f4a62b06fbf5ea2ee6e67,1,DE,"Dear Customer.
Thank you for contacting us. We apologise for your unpleasant shopping experience. Our agent sent you an email, please check it out. If you have any questions, please feel free to reply to us via email and we will respond as soon as possible.
Thank you for your understanding and support!
Sincerely.
AliExpress Customer Service Team",2026-07-22T03:21:52.000Z
www.aliexpress.com,id:6a5f370b419f3c9f1e4f78b6,native_id,6a5f370b419f3c9f1e4f78b6,https://www.trustpilot.com/reviews/6a5f370b419f3c9f1e4f78b6,1,Everything automatic. Impossible to contact  assistence directly,"An email notifies me that my item, which came from Germany, was delivered to me, but I never received it. The courier tells me it was delivered to a different person, at a different address, but the tracking code is the same. It's practically impossible to find a way to communicate directly with AliExpress—unless you speak perfect Russian, Spanish, or English—or to send a direct message explaining what happened. Everything happens automatically. I will never buy from this platform again.",2026-07-21T11:08:27.000Z,2026-07-15T00:00:00.000Z,en,2,not-verified,false,Organic,grandpa,6a5f35cac2526c71e493587f,1,IT,"Dear Customer，
Thank you for contacting us. We apologize for your unpleasant shopping experience. Our agent sent you an email, please check it out. If you have any questions, please feel free to reply to us via email and we will respond as soon as possible.
Thank you for your understanding and support!
Sincerely，
AliExpress Customer Service Team",2026-07-22T03:47:31.000Z
www.aliexpress.com,id:6a5f334f0c2b23893ce9ba21,native_id,6a5f334f0c2b23893ce9ba21,https://www.trustpilot.com/reviews/6a5f334f0c2b23893ce9ba21,1,A month of broken promises over a return shipping refund,"I’ve been going in circles with AliExpress support for over a month now, and I’m writing this because at this point nothing else has worked.

The short version: I returned an item and paid for the return shipping myself, on the express understanding that it would be refunded. That wasn’t me assuming anything. Before the package even reached the seller, support told me in chat to keep the proof of payment because the shipping would be refunded once the return was complete. The return form in the app said the same. And the shipping cost was almost as much as the item itself, so if anyone had told me it was on me, I’d never have sent it back. It wouldn’t have been worth it.

Then it just became a wall.

July 7, they confirmed in writing: the shipping fee would be refunded based on the receipt. July 8, I sent the receipt, and there’s a logged reply on their side proving it. July 9, they closed the case saying they never got a valid response. That’s simply not true, and their own system shows it.

After that their escalation team offered a coupon as the refund format, and confirmed it twice, once on July 14. Issued within 1 to 5 business days if I replied within 24 hours. I replied on July 15, inside their own deadline. The coupon never showed up in my account. Not once. What I got instead was another email telling me no refund was possible at all.

So they promised, ignored my reply, closed the case for “silence,” then offered a coupon themselves, I accepted, and now it’s suddenly impossible. Every step of that is documented in their own emails.

What actually gets me isn’t even the money. It’s the lying. Different agents, same recycled lines, and a written promise from their own senior team that they’re now pretending never happened. A month of that.

If you’re reading this while deciding whether to buy from them: keep every screenshot, don’t trust a verbal or chat promise, and know that “we’ll refund it” can quietly turn into “policy says no” the moment the item’s back with the seller.

I still just want the coupon they already promised me in writing. That’s all.",2026-07-21T10:52:31.000Z,2026-07-04T00:00:00.000Z,en,3,not-verified,false,Organic,Evgeniia Nesterenko,6a5f3348c2526c0984935453,1,ES,"Dear Customer,
We sincerely apologize for any inconvenience caused by your recent shopping experience.
Regarding your inquiry about the return shipping fee, our agent has already processed the refund for you (issued as a coupon). You can check the details in your ""Coupons"" section.
Additionally, our customer service team has sent a more detailed explanation to you via email. Please check your inbox. If you have any further questions, you can reply directly to that email or visit our Help Center at https://helpcenter.aliexpress.com/s/BuyerHelp? to contact our online support team.
Thank you again for your understanding and cooperation.
Best regards,
AliExpress Customer Service Team",2026-07-22T03:51:58.000Z
www.aliexpress.com,id:6a5f2e08aa3f476343515fd6,native_id,6a5f2e08aa3f476343515fd6,https://www.trustpilot.com/reviews/6a5f2e08aa3f476343515fd6,1,Package has been returned a month ago,"Package has been returned a month ago. I have no refund, their ""senior team"" respond always the same. ""to wait for 2 days"". scam platform. do not buy anything there. they steal your money",2026-07-21T10:30:00.000Z,2026-06-27T00:00:00.000Z,en,2,not-verified,false,Organic,Michał Franko,6a5f2dfc7b418c53cc860283,1,PL,"Dear Customer,
We sincerely apologize for any inconvenience this may have caused.
Our team has already contacted the Dispute Team to expedite the review process and ensure a satisfactory resolution for you. Thank you for your patience.
Should you have any further questions, please feel free to reply to this email, and we will get back to you as soon as possible.
We truly appreciate your understanding and cooperation.
Sincerely,
AliExpress Customer Service Team",2026-07-22T03:55:28.000Z
www.aliexpress.com,id:6a5f14a6214fc8a68da1b69b,native_id,6a5f14a6214fc8a68da1b69b,https://www.trustpilot.com/reviews/6a5f14a6214fc8a68da1b69b,1,They are protecting their scammer…,They are protecting their scammer seller.,2026-07-21T08:41:42.000Z,2026-07-21T00:00:00.000Z,en,2,not-verified,false,Organic,corrbenik,6a5f14987b418cce1085de2f,1,AU,"Dear Customer,
Due to the lack of completed request information form, we regret to inform you that we are unable to process your case due to insufficient information. Please accept our deepest apologies for any inconvenience you've faced. If you need further assistance or have any additional questions, please don't hesitate to consult our Help Center at AliExpress.
https://helpcenter.aliexpress.com/s/BuyerHelp
Thank you for your understanding and cooperation.
Best regards,
AliExpress Customer Service Team",2026-07-22T03:59:53.000Z
www.aliexpress.com,id:6a5efc51473b35d9af952d6b,native_id,6a5efc51473b35d9af952d6b,https://www.trustpilot.com/reviews/6a5efc51473b35d9af952d6b,2,3 different orders,"3 different orders
1) Fabric- advertised as silk- received, very pretty but definitely synthetic.  
2) piece of furniture- measured against dimensions provided, very specific- received item a different larger size, it wouldnt fit in the space. Returned, after unimpressive interactions w the resolutions process, got refund but not for $40 postage i paid. 
3) skincare product, again, a favorite product, received wrong product- same brand just not what i ordered- they are still advertising the correct one. I dont want a refund, i dont want to send it back to get ripped off for postage, want what I ordered!!! The Chat is next to useless, lots of words and promises, not backed up by actual process, repeat yourself endlessly, get sent a label I have to go to Officeworks to print off, go to post office. 
",2026-07-21T06:57:53.000Z,2026-07-20T00:00:00.000Z,en,2,not-verified,false,Organic,Gill Fraser,6a5efc4ac2526c4f83931683,1,AU,"Dear Customer.

Thank you for contacting us. We apologise for your unpleasant shopping experience. Our agent sent you an email, please check it out. If you have any questions, please feel free to reply to us via email and we will respond as soon as possible.

Thank you for your understanding and support!

Sincerely.

AliExpress Customer Service Team",2026-07-22T05:47:42.000Z
www.aliexpress.com,id:6a5eb69cbf5c9e7854034a81,native_id,6a5eb69cbf5c9e7854034a81,https://www.trustpilot.com/reviews/6a5eb69cbf5c9e7854034a81,1,AliExpress hit with $629 million EU…,"AliExpress hit with $629 million EU fine over sales of illegal, counterfeit products 

NO SURPRISE THERE, TOTAL SCAMMERS",2026-07-21T02:00:28.000Z,2026-05-02T00:00:00.000Z,en,2,not-verified,false,Organic,gregam,6149f130bea97200139cca92,13,GB,"Dear Customer.

Thank you for contacting us. We apologise for your unpleasant shopping experience. Our agent sent you an email, please check it out. If you have any questions, please feel free to reply to us via email and we will respond as soon as possible.

Thank you for your understanding and support!

Sincerely.

AliExpress Customer Service Team",2026-07-21T03:39:01.000Z
www.aliexpress.com,id:6a5e9526712defc6dc3bc422,native_id,6a5e9526712defc6dc3bc422,https://www.trustpilot.com/reviews/6a5e9526712defc6dc3bc422,1,I get an email with a great offer log…,"I get an email with a great offer log in and the price goes from £9.15 to£30.57 apart from that the last order was supposed to within seven days was over a month late , don't touch with a barge pole'
 I can't reply with an order number because I never fell for the con , often things look like a good deal until you click on the link and the item shown in the offer doesn't exist,and again they say that I never cpmpleted a form that required an order number",2026-07-20T23:37:42.000Z,2026-07-20T00:00:00.000Z,en,2,not-verified,false,Organic,graham h palmer,53838fa7000064000175b135,68,GB,"Dear Customer,
Unfortunately, we are unable to process your case as the request information form has not been filled out, and we lack the necessary details to proceed. We apologize for any inconvenience this may have caused. If you need further assistance or have any additional questions, please don't hesitate to reach out to our Help Center at https://helpcenter.aliexpress.com/s/BuyerHelp.
Best regards,
AliExpress Customer Service Team",2026-07-21T03:40:03.000Z
www.aliexpress.com,id:6a5e6dcc36ee65160c13d647,native_id,6a5e6dcc36ee65160c13d647,https://www.trustpilot.com/reviews/6a5e6dcc36ee65160c13d647,1,This was a thoroughly unpleasant experience involving outright deception,"This was a thoroughly unpleasant experience involving outright deception.
I bought a JBL speaker on AliExpress (order 3064127943454575) and received a crude counterfeit. The seller claimed it was the ""Hong Kong version."" I opened a dispute, and AliExpress ruled that I would get a refund upon returning the item. I shipped the item back at my own expense. Afterward, AliExpress changed its decision and demanded proof that the item was counterfeit—proof I no longer had, since I had already sent the speaker back. As a result, I was cheated out of both the cost of the speaker and the return shipping fees. To top it off, they completely removed the order and the associated correspondence from my purchase history.",2026-07-20T20:49:48.000Z,2025-11-25T00:00:00.000Z,en,2,not-verified,false,Organic,Олександр Орехов,6a5e69b57b418c941b854e73,1,UA,"Dear customer,
Sincerely apologize for the inconvenience caused. 
Our agent has replied with more detailed information in the email. Please kindly check and reply to our agent. If you have any other questions, please go to our Help center page【https://helpcenter.aliexpress.com/s/BuyerHelp?】 for online customer service.
Your understanding and cooperation are deeply appreciated.
Best regards,
AliExpress Customer Service Team",2026-07-21T03:48:09.000Z
www.aliexpress.com,id:6a5e4fe140395f96bac89205,native_id,6a5e4fe140395f96bac89205,https://www.trustpilot.com/reviews/6a5e4fe140395f96bac89205,2,Disappointing Experience Overall,"I had high hopes for my latest order, but it fell short. The delivery took longer than expected, arriving almost two weeks late. Though the item was okay, the sizing was off, much smaller than described. I’m not sure if I’ll order again after this letdown.",2026-07-20T18:42:09.000Z,2026-07-16T00:00:00.000Z,en,2,invited,false,BasicLink,Scarlett Delhierro,6a3a32bf19f15e426e7d5167,3,FR,"Dear Customer,
Due to the lack of completed request information form, we regret to inform you that we are unable to process your case due to insufficient information. Please accept our deepest apologies for any inconvenience you've faced. If you need further assistance or have any additional questions, please don't hesitate to consult our Help Center at AliExpress.
https://helpcenter.aliexpress.com/s/BuyerHelp
Thank you for your understanding and cooperation.
Best regards,
AliExpress Customer Service Team",2026-07-21T03:53:31.000Z
www.aliexpress.com,id:6a5e44be61c4584ec77ac7a9,native_id,6a5e44be61c4584ec77ac7a9,https://www.trustpilot.com/reviews/6a5e44be61c4584ec77ac7a9,1,Avoid like the plague!,"Avoid like the plague!

We had a projector off them been working well for the past year until a couple of days ago it started to melt and almost burned our house down

I told Alliexpress and they wanted me to get an Independent verification that cost £500!!! I pointed this out to them then they ignored me after that
They won’t accept responsibility 
I’m glad we got it in time before it caused damage 


Please avoid ",2026-07-20T17:54:38.000Z,2026-07-18T00:00:00.000Z,en,2,not-verified,false,Organic,Katie,56ebded40000ff000a0fc9fb,22,GB,"Dear Customer,
We sincerely apologize for the inconvenience caused by the product you received that is not functioning as expected. We have already begun investigating the issue and will provide you with updates via email as soon as possible. Please keep an eye on your inbox for further communication.
If you have any additional details or supporting information regarding the issue, please feel free to share it with us through this email thread or via our Help Center. Your cooperation and patience throughout this process are greatly appreciated.
Thank you for bringing this matter to our attention, and we apologize once again for any frustration this may have caused.
Best regards,
AliExpress Customer Service Team",2026-07-21T04:04:26.000Z
www.aliexpress.com,id:6a5e43240251956e7c6ebe37,native_id,6a5e43240251956e7c6ebe37,https://www.trustpilot.com/reviews/6a5e43240251956e7c6ebe37,1,Do not trust AliExpress,"Do not trust AliExpress, even if the product is sold under their ""Choice"" program which claims to guarantee a premium experience and free returns. It is a complete scam.

They try to save their public image by replying to Trustpilot reviews, pretending they want to help and asking you to send further email evidence. But it is just a PR stunt to look good in public. I did exactly what they asked: I replied to their specific customer care email within hours, providing a public Google Drive link containing clear video evidence of the transit damage and photos proving the item is a total counterfeit (the seller listed a generic mosquito racket as an original LENOVO product, which doesn't even exist). 

The result? Exactly the same automated, copy-paste rejection. They completely ignored the irrefutable evidence, refused the refund, and told me to contact the seller. This seller has literally mocked me in chat with smiling emojis because they know they are fully protected by AliExpress to scam international buyers.

Even though the product was sold with a ""Free Return"" guarantee, AliExpress tried to force me to pay 150 CHF for international shipping from Switzerland to China out of my own pocket for a broken, fake 29 CHF item. 

Order ID: 3072847636215035

AliExpress absolutely does not care about its customers. They pretend to look helpful in public review replies, but privately they protect scammers and break their own contract terms. I am currently finalizing a formal fraud chargeback with my Swiss bank to get my money back by force. Avoid this platform at all costs!
",2026-07-20T17:47:48.000Z,2026-07-20T00:00:00.000Z,en,2,not-verified,false,Organic,Mauro Bruno,5fb8f2f7b65d930019faa4c7,6,IE,"Dear customer,
Sincerely apologize for the inconvenience caused. 
Our agent has replied with more detailed information in the email. Please kindly check and reply to our agent. If you have any other questions, please go to our Help center page【https://helpcenter.aliexpress.com/s/BuyerHelp?】 for online customer service.
Your understanding and cooperation are deeply appreciated.
Best regards,
AliExpress Customer Service Team",2026-07-21T04:10:00.000Z
www.aliexpress.com,id:6a5e3d71ce4e88665f048d05,native_id,6a5e3d71ce4e88665f048d05,https://www.trustpilot.com/reviews/6a5e3d71ce4e88665f048d05,1,Awful!,"If I could give 0 I would. Awful experience buying from them. Bought a lot of Lego type items for a present, two were missing pieces so couldn’t carry on building, trying to return these and get money back has been horrendous! So seller wouldn’t co operate so I filed a dispute with PayPal. Eventually the buyer said I could return, wouldn’t send me a label so I’ve had to return myself costing £27 per parcel. At present the parcels are stuck in customs and only the addressee can release them which they won’t do so basically I’ve lost my money. PayPal won’t refund cos the parcels haven’t reached the recipient. Really really avoid not a good company  ",2026-07-20T17:23:29.000Z,2026-07-20T00:00:00.000Z,en,2,not-verified,false,Organic,Julie,63297af83b45b20012133322,5,GB,"Dear customer,
Sincerely apologize for the inconvenience caused. 
Our agent has replied with more detailed information in the email. Please kindly check and reply to our agent. If you have any other questions, please go to our Help center page【https://helpcenter.aliexpress.com/s/BuyerHelp?】 for online customer service.
Your understanding and cooperation are deeply appreciated.
Best regards,
AliExpress Customer Service Team",2026-07-21T04:17:30.000Z
www.aliexpress.com,id:6a5e33c0193c0559b25f0893,native_id,6a5e33c0193c0559b25f0893,https://www.trustpilot.com/reviews/6a5e33c0193c0559b25f0893,1,Do not buy from AliExpress. They are scammers.,"Order Number: 3074651372177941 
I am extremely disappointed with AliExpress.
I ordered 6 items, but my package arrived with only 5. The missing item was the 2pcs Broom-Dustpan set. I contacted customer service and requested either a replacement or a refund, but they refused both.
I also noticed that the missing item is out of stock, which makes me believe this is the real reason it was never included in my package. Despite this, AliExpress still refuses to take responsibility or issue a refund.",2026-07-20T16:42:08.000Z,2026-07-16T00:00:00.000Z,en,2,not-verified,false,Organic,Ana Sainz,6a5e2e06c2526c482c922749,1,GB,"Dear customer,
Sincerely apologize for the inconvenience caused. 
Our agent has replied with more detailed information in the email. Please kindly check and reply to our agent. If you have any other questions, please go to our Help center page【https://helpcenter.aliexpress.com/s/BuyerHelp?】 for online customer service.
Your understanding and cooperation are deeply appreciated.
Best regards,
AliExpress Customer Service Team",2026-07-21T04:23:46.000Z
www.aliexpress.com,id:6a5dfd652c9d65eb4844d9b2,native_id,6a5dfd652c9d65eb4844d9b2,https://www.trustpilot.com/reviews/6a5dfd652c9d65eb4844d9b2,1,"Advertised at £0.99, Charged £7.45","I am very disappointed with my experience. As a new customer, I was offered a welcome gift for the MicroSHIFT M25-6 Right Twist Shifter at £0.99. However, when I went to checkout, the price changed to £7.45. This felt misleading and left me feeling deceived. If you advertise a welcome gift at a specific price, it should be honoured at checkout. I hope AliExpress addresses this issue and provides a better experience for new customers.",2026-07-20T12:50:13.000Z,2026-07-20T00:00:00.000Z,en,2,not-verified,false,Organic,Nirbhay Patel,6a25a9708dd5c48589996229,2,GB,"Dear Customer,
Due to the lack of completed request information form, we regret to inform you that we are unable to process your case due to insufficient information. Please accept our deepest apologies for any inconvenience you've faced. If you need further assistance or have any additional questions, please don't hesitate to consult our Help Center at AliExpress.
https://helpcenter.aliexpress.com/s/BuyerHelp
Thank you for your understanding and cooperation.
Best regards,
AliExpress Customer Service Team",2026-07-21T02:18:49.000Z
www.aliexpress.com,id:6a5def2b3a556324351d3ccf,native_id,6a5def2b3a556324351d3ccf,https://www.trustpilot.com/reviews/6a5def2b3a556324351d3ccf,1,Aliexpress  refund system& courier,"The courier company used left my package under the car in driveway in the night . 
When I got the email that the package had been delivered,  I saw it in the morning only to find that the package was not there.
Could not understand why it was left outside under car , which shows there is someone indoors , why not ring the door bell.
I applied for a refund as goods not received,  that's where it became difficult,  had to apply and appeal as they refused a refund at least 3 or / 4 times . They had a picture of the package left under car , a screen shot of the chat with the courier advising to get in touch with the courier.
Finally got a refund after 3 days , refund if 1 item a day.  It was 1 delivery in 1 package but they wouldn't accept the same proof for all 3 items. 

Very disappointing and poor service.",2026-07-20T11:49:31.000Z,2026-07-08T00:00:00.000Z,en,2,not-verified,false,Organic,Kay cee,629771910afa9d001222c447,11,GB,"Dear customer,
Sincerely apologize for the inconvenience caused. 
We immediately checked your order, and found the order has been refunded. Please contact your bank for more information. If you have any other questions, please reply directly to the email we sent you, and we will continue to assist you. Thank you for your patience and cooperation.
Your understanding and cooperation are deeply appreciated.
Best regards,
AliExpress Customer Service Team",2026-07-21T02:30:42.000Z
www.aliexpress.com,id:6a5dec3491fb8c0019bb876b,native_id,6a5dec3491fb8c0019bb876b,https://www.trustpilot.com/reviews/6a5dec3491fb8c0019bb876b,1,AliExpress shoe storage cabinet review ,"I purchased a “Stable Multi-Layer Door, Large-Capacity Space-Saving Shoe Storage Cabinet (Dormitory Dustproof),” but it arrived damaged and was very poorly packaged. The delivery was also delayed—it was expected on 3 July but only arrived on 16 July. The quality is extremely poor and not as advertised online; the panels are very thin and not worth $92. The seller asked me to pay for return shipping before issuing a refund, which I find unacceptable. I contacted customer service, and they promised a compensation and refund within 48 hours, but I have received no response. I have records of all conversations. I have already spent over two hours trying to resolve this issue but no solution. I can’t reply the following AliExpress message. That is why I am editing my review. I sent enough evidence of the damages and poor packaging issues. Still keep asking me more unpacking videos. Already waisted my time hugely. No solution but keep send emails and emails. ",2026-07-20T11:36:52.000Z,2026-07-16T00:00:00.000Z,en,2,not-verified,false,Organic,Kare,6a5dec0db06fbf852cec9548,1,AU,"Dear Customer,

We sincerely apologize for any inconvenience this may have caused you. Please accept our heartfelt apologies.

We have already replied to your email on July 24. Please review the content of our response.

If you have any further questions, please feel free to contact us by replying to this email.

Thank you for your understanding. Wishing you a wonderful day!

Best regards,
AliExpress Customer Service Team
www.Aliexpress.com",2026-07-21T03:20:21.000Z
www.aliexpress.com,id:6a5de576a3089cf7a1e07e73,native_id,6a5de576a3089cf7a1e07e73,https://www.trustpilot.com/reviews/6a5de576a3089cf7a1e07e73,1,Useless couriers,Useless couriers. lame az lazy useless dum delivery company. your problem ali not mine. ,2026-07-20T11:08:06.000Z,2026-07-20T00:00:00.000Z,en,2,not-verified,false,Organic,tim b,5452382e0000640001934abc,80,NL,"Dear customer,
Sincerely apologize for the inconvenience caused. 
We immediately checked your order, and found the order has been refunded. Please contact your bank for more information. If you have any other questions, please reply directly to the email we sent you, and we will continue to assist you. Thank you for your patience and cooperation.
Your understanding and cooperation are deeply appreciated.
Best regards,
AliExpress Customer Service Team",2026-07-21T04:00:18.000Z
www.aliexpress.com,id:6a5dd9cd93bfb12e758d408f,native_id,6a5dd9cd93bfb12e758d408f,https://www.trustpilot.com/reviews/6a5dd9cd93bfb12e758d408f,1,I ordered a product on AliExpress…,"I ordered a product on AliExpress (Order 3058621170597815). The item was defective, so I requested a return in October 2025. AliExpress provided return instructions, and I shipped the package back to China via DHL (tracking: CY731194892DE), paying 25,49€ for shipping.
On 27.01.2026, the package was rejected by Chinese customs and returned to Germany. Because of this, DHL charged me an additional 10,00€ fee. Total shipping costs I paid: 35,49€ — for a return that never reached the seller due to AliExpress incorrect return address/instructions.
I contacted AliExpress multiple times. Their chat agent acknowledged the problem, escalated my case (Case ID: 2053808438878684), and confirmed that my earlier chargeback (24.09.2025) covered only the product price, not shipping costs. The agent promised a senior team would review my refund request within 1–3 working days.
Instead of a refund, I received automated emails telling me to ""contact the logistics provider"" and that AliExpress ""can't handle the refund."" This is unacceptable — the customs rejection was caused by AliExpress, not DHL or me. Under EU consumer protection law, the seller is responsible for costs arising from incorrect return instructions.
AliExpress has ignored my evidence, wasted my time, and refuses to take responsibility for their own error. I demand a full refund of 35,49€ for shipping costs caused by their mistake.
UPDATE (28.07.2026): AliExpress responded asking for a return label and product inspection report. This is impossible — the product was already returned in October 2025 and rejected by Chinese customs due to AliExpress incorrect return instructions. I am requesting reimbursement of 35,49€ shipping costs caused by their error, NOT a product refund. Case ID: 2053808438878684. Their email support keeps sending automated templates that do not address the actual issue.",2026-07-20T10:18:21.000Z,2026-01-27T00:00:00.000Z,en,2,not-verified,false,Organic,Ilia Misiovschi,6a5dd9c1236e3d635bdb2971,1,DE,"Dear Customer.

Thank you for contacting us. We apologise for your unpleasant shopping experience. Our agent sent you an email, please check it out. If you have any questions, please feel free to reply to us via email and we will respond as soon as possible.

Thank you for your understanding and support!

Sincerely.

AliExpress Customer Service Team",2026-07-21T05:41:47.000Z
www.aliexpress.com,id:6a5dd8670faeee221d290391,native_id,6a5dd8670faeee221d290391,https://www.trustpilot.com/reviews/6a5dd8670faeee221d290391,1,"Only Automated Replies, No Real Solution"," I received a defective product that does not work properly. I wanted to return it, but the return shipping costs approximately 350 MAD, which is too expensive.

I am not refusing to return the product. I simply requested a Speedaf prepaid return label or a full refund because the product is defective.

Unfortunately, every time I contact customer support, I receive the same automated reply telling me to follow the return instructions. My actual problem is never addressed, and no real solution is provided.

I expected better customer service and fair support for defective products.
",2026-07-20T10:12:23.000Z,2026-07-19T00:00:00.000Z,en,2,not-verified,false,Organic,Mohamed Ahzid,6a543ad44024a42b65a19434,4,MA,"Dear Customer, 
Thank you for reaching out, and I truly appreciate your patience as we work to resolve this matter for you.
To move forward, I kindly recommend reaching out to your dedicated customer service representative directly. They are best equipped to assist you with your specific case and will guide you through the process. Please be sure to provide any relevant evidence or documentation that supports your situation—this will help us better understand the issue and find a solution more efficiently.
Please trust that we are genuinely committed to helping you and ensuring a fair resolution. Your satisfaction is important to us, and we’ll do everything we can to address your concerns.
Thank you for your understanding and cooperation.
Best regards,
AliExpress Customer Service Team",2026-07-21T05:44:40.000Z
www.aliexpress.com,id:6a5dbd176a553588ce20feb0,native_id,6a5dbd176a553588ce20feb0,https://www.trustpilot.com/reviews/6a5dbd176a553588ce20feb0,1,I ordered a pair casual straight pants…,I ordered a pair casual straight pants and u sent a white Tee Shirt and i would like a refund as the shirt is no good to me.,2026-07-20T08:15:51.000Z,2026-07-20T00:00:00.000Z,en,2,invited,false,BasicLink,Roger,5f2d5b0a01ba9a11bb059aa1,5,AU,"Dear Customer.

Thank you for contacting us. We apologise for your unpleasant shopping experience. Our agent sent you an email, please check it out. If you have any questions, please feel free to reply to us via email and we will respond as soon as possible.

Thank you for your understanding and support!

Sincerely.

AliExpress Customer Service Team",2026-07-21T06:03:44.000Z
www.aliexpress.com,id:6a5dbc806ada2433bef442a5,native_id,6a5dbc806ada2433bef442a5,https://www.trustpilot.com/reviews/6a5dbc806ada2433bef442a5,1,The latest scam from aliexpress,"The latest scam from aliexpress. Now they advertise low prices like $49 for a small UPS and then have the postage listed for $720. so make sure you look at the postage before you click purchase. Other items have similar postage prices they varied from $200 to around $800 . ""Have to make a profit some how :-)""",2026-07-20T08:13:20.000Z,2026-07-13T00:00:00.000Z,en,2,not-verified,false,Organic,Doug,60c69e13b8bef8001fc8b375,3,AU,"Dear Customer,

Thank you for your feedback. Prices may be updated at checkout due to various factors, including seller price changes, currency fluctuations, exchange rates, shipping location, actual delivery address (country/region), selected shipping method, promotions, discounts, or coupons. VAT calculations will be updated accordingly at checkout.

Please feel free to contact us if you have any questions or need further assistance.

Sincerely,

AliExpress Customer Service Team",2026-07-21T06:05:22.000Z
www.aliexpress.com,id:6a5dac84e5f905c78810f196,native_id,6a5dac84e5f905c78810f196,https://www.trustpilot.com/reviews/6a5dac84e5f905c78810f196,5,Easy shopping,Easy shopping. Returns are easy. A good shopping experience.,2026-07-20T07:05:08.000Z,2026-07-20T00:00:00.000Z,en,1,invited,false,BasicLink,Helen,6019d5c4ed25de001a0fccae,4,AU,"Dear Customer,
Thanks for taking the time to share your feedback. We're glad you're enjoying shopping with us. Our team is always here to provide a great experience, and it's awesome to know you're happy with what we do.
Best regards,
AliExpress Customer Service Team",2026-07-21T01:48:29.000Z
www.aliexpress.com,id:6a5d4eaa3f0734e505eaa036,native_id,6a5d4eaa3f0734e505eaa036,https://www.trustpilot.com/reviews/6a5d4eaa3f0734e505eaa036,1,They may be the cheapest but…,"They may be the cheapest but unfortunately also the dumbest. If you move elsewhere it's like ""Nu address? Vot's DAT???""

P.S.:
Their response seems to confirm my opinion: ""To help us better understand your experience, please add details like order number or email through the Request Information form that we sent you.""",2026-07-20T00:24:42.000Z,2026-07-20T00:00:00.000Z,en,2,not-verified,false,Organic,Andrew Mueller,6a42ed920a188fdea991c451,3,DE,"Dear Customer,
Please accept our deepest apologies for any inconvenience you've faced. We have taken action to investigate the issue you reported. We will respond to you via email and update the progress in this thread. Please kindly pay attention to check your email box.
Thank you for your understanding and cooperation.
Best regards,
AliExpress Customer Service Team",2026-07-20T02:52:53.000Z
www.aliexpress.com,id:6a5d157853cb66b19c0f3bdb,native_id,6a5d157853cb66b19c0f3bdb,https://www.trustpilot.com/reviews/6a5d157853cb66b19c0f3bdb,2,"AliExpress,","AliExpress,

I am disappointed by the lack of transparency and accountability regarding the Football Mania credit exchange program. Many users invested significant time and effort participating in the event, earning credits with the expectation that they could be redeemed as advertised.

However, the redemption process has been unclear, inconsistent, and extremely frustrating. Credits often become unavailable instantly, opportunities to redeem appear limited without explanation, and users are left without meaningful communication about how the system operates.

Participants deserve clear information about redemption availability, allocation rules, and any limitations affecting exchanges. A promotional event should provide a fair and realistic opportunity for users to obtain the rewards they have worked toward.

I respectfully request that AliExpress provide greater transparency regarding the Football Mania credit exchange system and offer a fair solution for users who were unable to redeem their earned credits despite actively participating in the promotion.

Thank you.
",2026-07-19T20:20:40.000Z,2026-07-19T00:00:00.000Z,en,2,not-verified,false,Organic,Felipe Pegos,671fd163fa1ace76954d8aae,1,BR,"Dear Customer,
Unfortunately, we are unable to process your case as the request information form has not been filled out, and we lack the necessary details to proceed. We apologize for any inconvenience this may have caused. If you need further assistance or have any additional questions, please don't hesitate to reach out to our Help Center at https://helpcenter.aliexpress.com/s/BuyerHelp.
Best regards,
AliExpress Customer Service Team",2026-07-20T02:25:44.000Z
www.aliexpress.com,id:6a5d01270cd2330b7db02c66,native_id,6a5d01270cd2330b7db02c66,https://www.trustpilot.com/reviews/6a5d01270cd2330b7db02c66,1,"They don't refund money for returning…They don't refund money for returning products, they steal customers. This is not the Ali Express of old.","They don't refund money for returning products, they steal customers. This is not the Ali Express of old.",2026-07-19T18:53:59.000Z,2026-07-06T00:00:00.000Z,en,2,not-verified,false,Organic,Loren Maman,6a5d0122ff3db2b5feb97069,1,IL,"Dear Customer,

We sincerely apologize for any inconvenience this may have caused you. Please accept our heartfelt apologies.

We have already replied to your email on July 24. Please review the content of our response.

If you have any further questions, please feel free to contact us by replying to this email.

Thank you for your understanding. Wishing you a wonderful day!

Best regards,
AliExpress Customer Service Team
www.Aliexpress.com",2026-07-20T02:21:16.000Z
www.aliexpress.com,id:6a5cf6ee392094b732ee96a9,native_id,6a5cf6ee392094b732ee96a9,https://www.trustpilot.com/reviews/6a5cf6ee392094b732ee96a9,1,Beställde 2 stk kullager med korrekt…,"Beställde 2 stk kullager med korrekt uppgift om storlek samt typ, erhöll en större storlek, önskade rätt storlek tillskickat, men man valde att återbetala- dock enbart 30% av kostnaden!! Jag överklagade skickade bilder på min beställning samt de lager som har skickats, men någon förklaring fick jag inte, vg se nedan!
Ej seriöst! Känner mig lurat!
""Regarding this request, we have carefully revisited all the proof provided, including the newly updated proof and found that the proof is not effective enough to prove your claim. And now this request has exceeded the AliExpress protection period. """,2026-07-19T18:10:22.000Z,2026-07-11T00:00:00.000Z,en,2,not-verified,false,Organic,Thomas,50185bf100006400011e5f36,23,SE,"Hej kund,
Tack för att du kontaktade oss. Vi beklagar djupt den obehagliga inköpsupplevelse du haft. Vår agente har skickat en e-post till dig – vänligen kontrollera din inkorg. Om du har några frågor, tveka inte att svara på denna e-post, och vi kommer att svara så snart som möjligt.
Tack för din förståelse och stöd!
Vänliga hälsningar,
AliExpress Kundtjänst Team",2026-07-20T02:15:13.000Z
www.aliexpress.com,id:6a5cc70e98f5359c462d20ec,native_id,6a5cc70e98f5359c462d20ec,https://www.trustpilot.com/reviews/6a5cc70e98f5359c462d20ec,1,"Awful, avoid","Awful. The product took a few months and then the courier they used kept avoiding delivery saying my address was wrong when it wasnt. After demanding a refund the courier suddenly delivered it. Then what was delivered was nothing like what was advertised. A piece of furniture missing half of the railing and tiny, a fraction of the size specified. Complete waste of time and money. At this point not worth trying to return, it will just go straight in the garbage and an expensive mistake on my side to order from this dodgey company. My advice, your better off paying a little more from somewhere local. Such a scam",2026-07-19T14:46:06.000Z,2026-07-18T00:00:00.000Z,en,2,not-verified,false,Organic,Michael Stephan,63319d0895cad700131495ef,3,AU,"Dear Customer,
Due to the lack of completed request information form, we regret to inform you that we are unable to process your case due to insufficient information. Please accept our deepest apologies for any inconvenience you've faced. If you need further assistance or have any additional questions, please don't hesitate to consult our Help Center at AliExpress.
https://helpcenter.aliexpress.com/s/BuyerHelp
Thank you for your understanding and cooperation.
Best regards,
AliExpress Customer Service Team",2026-07-20T01:56:25.000Z
www.aliexpress.com,id:6a5cc12cd073ce03c015dec5,native_id,6a5cc12cd073ce03c015dec5,https://www.trustpilot.com/reviews/6a5cc12cd073ce03c015dec5,1,Refund ,"I am extremely disappointed with AliExpress and the way my return of two dresses was handled. The dresses did not fit me, and I followed the correct return process. The seller confirmed that the return should be free, but instead of a smooth solution, I had to deal with a complicated and frustrating process.
I felt that AliExpress did not properly protect the buyer. Even though I provided all the necessary information and tried to resolve everything fairly, the return process was stressful and time-consuming.
Be careful when ordering clothes on AliExpress. If the item does not fit, returning it may not be as easy as expected. I expected better customer service and stronger support for buyers.
This experience has seriously affected my trust in AliExpress. I hope the return system will be improved so other customers do not have to go through the same problems.",2026-07-19T14:21:00.000Z,2026-06-29T00:00:00.000Z,en,2,not-verified,false,Organic,Lucie Lužová,6a5cc122b06fbfb3b5eb8f84,1,CZ,"Dear Customer.

Thank you for contacting us. We apologise for your unpleasant shopping experience. Our agent sent you an email, please check it out. If you have any questions, please feel free to reply to us via email and we will respond as soon as possible.

Thank you for your understanding and support!

Sincerely.

AliExpress Customer Service Team",2026-07-20T02:07:00.000Z
www.aliexpress.com,id:6a5cad873341a9cd1e046776,native_id,6a5cad873341a9cd1e046776,https://www.trustpilot.com/reviews/6a5cad873341a9cd1e046776,1,Useless Fraudulent Customer Support ,"Had an item which was delivered broken. I’ve tried  and tried again to get a replacement or a refund and have got absolutely and frustratingly nowhere. Chatted with the manufacturer and they say they can get involved. Chatted with Ali and they say I have to raise a dispute. Did that and their  “dispute” system does not work. Upload video and pics of the fault as instructed - it does not work - and their AI app ignores that and continually defaults to state I have changed my 
mind and want to return it! It’s not the value which is negligible, but it’s the principle. Useless. 

27th July
I’ve lodged the complaint yet again and nothing, zero from Ali. They couldn’t care less. ",2026-07-19T12:57:11.000Z,2026-07-19T00:00:00.000Z,en,2,not-verified,false,Organic,Rob,507aab25000064000124136f,51,GB,"Dear customer,

Sincerely apologize for the inconvenience caused. 

Since your order is still under protection, please click [Open dispute or Returns/Refunds] on the details page of the order and upload the pictures you took as evidences. 

Kindly make sure you have correctly uploaded proof for your request and selected a refund method. If you're still unable to submit your request, please reply to our agent's email directly or go to our Help center page 【https://helpcenter.aliexpress.com/s/BuyerHelp?】for online customer service.

Your understanding and cooperation are deeply appreciated.

Best regards,
AliExpress Customer Service Team",2026-07-20T02:14:10.000Z
www.aliexpress.com,id:6a5c7e2073204b07feac4b3b,native_id,6a5c7e2073204b07feac4b3b,https://www.trustpilot.com/reviews/6a5c7e2073204b07feac4b3b,1,They delivered the wrong item and now I…,"They delivered the wrong item and now I can't find details about ordre, This was the first and time i ordre anything from them.....
",2026-07-19T09:34:56.000Z,2026-07-13T00:00:00.000Z,en,2,not-verified,false,Organic,Thomas Ahsbahs,5a2923670000ff000aed9946,9,DK,"Dear Customer,

We sincerely apologize for any inconvenience this may have caused you. Please accept our heartfelt apologies.

We have sent an email addressing the issue you encountered on July 23. Please review the content of that email.

If you have any further questions, please feel free to contact us by replying directly to this email.

Thank you for your understanding. Wishing you a wonderful day!

Best regards,
AliExpress Customer Service Team
www.Aliexpress.com",2026-07-20T02:28:30.000Z
www.aliexpress.com,id:6a5c7964ae31b608af95d9d4,native_id,6a5c7964ae31b608af95d9d4,https://www.trustpilot.com/reviews/6a5c7964ae31b608af95d9d4,1,1-Star Review,"
1-Star Review
I do not recommend AliExpress. In my experience, the company did not send the item I ordered, and I felt misled throughout the process. It was very frustrating to pay for a product that never arrived.
I found the communication and customer service disappointing, and I did not feel that my issue was handled fairly. Based on my experience, this is not a company I can trust, and I would be very cautious before ordering from them.
",2026-07-19T09:14:44.000Z,2026-07-16T00:00:00.000Z,en,2,not-verified,false,Organic,Matilda,6422e2e201554f0016d3ae12,4,GB,"Dear Customer,
Due to the lack of completed request information form, we regret to inform you that we are unable to process your case due to insufficient information. Please accept our deepest apologies for any inconvenience you've faced. If you need further assistance or have any additional questions, please don't hesitate to consult our Help Center at AliExpress.
https://helpcenter.aliexpress.com/s/BuyerHelp
Thank you for your understanding and cooperation.
Best regards,
AliExpress Customer Service Team",2026-07-20T02:30:39.000Z
www.aliexpress.com,id:6a5c4bc92f09e820d9218334,native_id,6a5c4bc92f09e820d9218334,https://www.trustpilot.com/reviews/6a5c4bc92f09e820d9218334,1,I will never shop on AliExpress again.,"I will never shop on AliExpress again.
My order was marked as ""delivered,"" but I never received it. The proof of delivery contains a signature that is not mine, and I never authorized anyone to sign on my behalf. The delivery photo also does not match my mailbox.
Despite providing these details and opening a dispute, my claim was rejected without a fair resolution. I lost both my money and my order.
I am sharing my experience so other customers are aware and can be cautious.",2026-07-19T06:00:09.000Z,2026-06-26T00:00:00.000Z,en,2,invited,false,BasicLink,Bac,6a5c4bbf7b418c7970830588,1,FR,"Dear Customer.

Thank you for contacting us. We apologise for your unpleasant shopping experience. Our agent sent you an email, please check it out. If you have any questions, please feel free to reply to us via email and we will respond as soon as possible.

Thank you for your understanding and support!

Sincerely.

AliExpress Customer Service Team",2026-07-20T03:03:09.000Z
www.aliexpress.com,id:6a5c3aa3e165a1b276953492,native_id,6a5c3aa3e165a1b276953492,https://www.trustpilot.com/reviews/6a5c3aa3e165a1b276953492,1,I resisted ever buying anything on this…,"I resisted ever buying anything on this online marketplace because I heard horror stories about their reputation but I finally took the plunge and boy did I end up regreting that decision. They allow scam advertisers to list items for sale that dont actually exist or are AI doctored pictures of popular products. Their customer service is horrendous, if you can even get them to respond during US business hours. I puchased an inverter from one of their 'trusted' sellers and the inverter shipped to me was broken. I tried to work with the Seller to fix the issues and they delayed and offered videos about other equipment or incorrectly labeled parts. That delay took me past the 15 day return period and even thought the Seller admitted they shipped me a faulty product they said they required Ali Express to approve my dispute. The dispute link on the AliExpress website did not work and when I got to them through a chatbot, they insisted on a process that had me submit evidence to an email address that did not accept reply messages and thus gave them what they needed to deny my dispute claim. Another purchase was cancelled after the seller collected my payment and then sat on my money for a month with no intention of ever shipping me the product I thought I was buying. These are simply not honorable people. Please avoid. 

Update after AliExpress response to my review. This company again shows it lack of honor by posting that they are still reviewing my dispute over faulty electrical equipment and non filled orders. In truth, they denied and closed my dispute within one day without any serious attempt to review the evidence, and they still advertise the fraudulent products/sellers on their webstore. Buyer beware!",2026-07-19T04:46:59.000Z,2026-07-16T00:00:00.000Z,en,2,not-verified,false,Organic,Mark Jergens,69a4ce6cd6c35211dc695967,3,US,"Dear Customer.
Thank you for contacting us. We apologise for your unpleasant shopping experience. Our agent sent you an email, please check it out. If you have any questions, please feel free to reply to us via email and we will respond as soon as possible.
Thank you for your understanding and support!
Sincerely.
AliExpress Customer Service Team",2026-07-20T03:12:06.000Z
www.aliexpress.com,id:6a5bb716e1f447fb843bbc2b,native_id,6a5bb716e1f447fb843bbc2b,https://www.trustpilot.com/reviews/6a5bb716e1f447fb843bbc2b,1,they lie about the delivery date for…,they lie about the delivery date for months or they may not deliver the package at all.,2026-07-18T19:25:42.000Z,2026-07-18T00:00:00.000Z,en,2,not-verified,false,Organic,Revaz Macharadze,629665bc48784e0011fa9a04,2,US,"Dear customer,
Sincerely apologize for the inconvenience caused. 
We immediately checked your order and found the order is still in transit normally. Please be patient and wait for the package to arrive.  If you have any other questions, please reply to our agent's email directly or you can go to our Help center page【https://helpcenter.aliexpress.com/s/BuyerHelp?】 for online customer service.
Your understanding and cooperation are deeply appreciated.
Best regards,
AliExpress Customer Service Team",2026-07-19T03:33:37.000Z
www.aliexpress.com,id:6a5ba118b56698e05367ffd7,native_id,6a5ba118b56698e05367ffd7,https://www.trustpilot.com/reviews/6a5ba118b56698e05367ffd7,1,Very disappointed that my mom ordered a…,Very disappointed that my mom ordered a hearing aid and wanted to return and went through all the right steps and had all in place they they said they would not issue her a refund. She’s 85 years old and this is not right for anyone. I would NEVER  trust them again….BUYER BEWARE….you you have money to waste then go ahead as they are NOT HONOURABLE with their return policy ….i had to give them a start to make this post although if I had to e option they would get minus starts with a big RED CAUTION …..,2026-07-18T17:51:52.000Z,2026-07-02T00:00:00.000Z,en,2,not-verified,false,Organic,Lori,6a5ba107236e3d3cc5d977b1,1,CA,"Dear Customer,
Due to the lack of completed request information form, we regret to inform you that we are unable to process your case due to insufficient information. Please accept our deepest apologies for any inconvenience you've faced. If you need further assistance or have any additional questions, please don't hesitate to consult our Help Center at AliExpress.
https://helpcenter.aliexpress.com/s/BuyerHelp
Thank you for your understanding and cooperation.
Best regards,
AliExpress Customer Service Team",2026-07-19T03:17:38.000Z
www.aliexpress.com,id:6a5b964acb5ed19e882f16b0,native_id,6a5b964acb5ed19e882f16b0,https://www.trustpilot.com/reviews/6a5b964acb5ed19e882f16b0,1,I placed an order (8212466431475063) on…,"I placed an order (8212466431475063) on July 8. On July 17th, it had yet to ship - and when I checked the details, the seller had moved the dispatch date forward - it was not scheduled to ship for 21 additional days. I cancelled the order and reordered the product from a reputable vendor. I woke up this morning to lies from the Ali seller - stating the order had been dispatched, but the tracking not uploaded, so they would do that now. The tracking clearly demonstrated that they dispatched *something* with a tracking number within hours of receiving my cancellation request. Having already ordered replacements from a reputable vendor (and knowing that this order will sit in an Ali sorting centre for a week) I have asked that this order be cancelled, in keeping with my request submitted well before dispatch. Instead, Ali support was very happy to tell me that my parcel was on the way, and that they understand the ""anticipation"" of waiting for an order. So perhaps there is a parcel on the way (full of things I no longer need) but more likely, I will have to wait out a 75 day clock to claim a refund when nothing arrives. I keep coming up against reasons to NEVER USE ALI AGAIN. One of these days, it will stick. But seriously - time and time again, the savings I realize by shopping here are clawed back by the fraud that is endemic on the site. ",2026-07-18T17:05:46.000Z,2026-07-17T00:00:00.000Z,en,2,not-verified,false,Organic,banana jerky,6a5b9636c2526c39468fbf82,1,CA,"Dear Sir/Madam,
Thank you for contacting us. We are very sorry to have caused you an unpleasant shopping experience. After checking, your parcel is still in transit. Please be patient; if you still haven't received the parcel by then, please contact us again, and we will find a solution for you, or you can choose ‘not received’ as the reason for return/refund.
Once again, we apologise for any inconvenience caused and thank you for your patience and understanding.
Best regards,
AliExpress Customer Service Team",2026-07-19T03:14:57.000Z
www.aliexpress.com,id:6a5b8dedb723ce939b379b64,native_id,6a5b8dedb723ce939b379b64,https://www.trustpilot.com/reviews/6a5b8dedb723ce939b379b64,1,ordered some shirts my fault wrong size…,ordered some shirts my fault wrong size return only get part payment rip off jon luke leeds,2026-07-18T16:30:05.000Z,2026-07-18T00:00:00.000Z,en,1,not-verified,false,Organic,Mr J Luke,568bacbf0000ff0001f96e40,16,GB,"Dear Customer.
Thank you for contacting us. We apologise for your unpleasant shopping experience. Our agent sent you an email, please check it out. If you have any questions, please feel free to reply to us via email and we will respond as soon as possible.
Thank you for your understanding and support!
Sincerely.
AliExpress Customer Service Team",2026-07-19T03:04:39.000Z
www.aliexpress.com,id:6a5b861906737bc6a1d14405,native_id,6a5b861906737bc6a1d14405,https://www.trustpilot.com/reviews/6a5b861906737bc6a1d14405,1,DO NOT USE THE ALIEXPRESS APP OR ONLINE…,"DO NOT USE THE ALIEXPRESS APP OR ONLINE SHOP – ESPECIALLY THE WALLET!

This is based on my own experience.

I returned some items and was refunded, but I chose to keep the refund in my AliExpress Wallet to use for future purchases.

Later, I ordered more items using that wallet credit. One order arrived broken, so I returned it but my refund was £0. I let it go because it was only a few pounds and I didn’t want the hassle.

Then another order arrived with the wrong item. I contacted customer service, provided screenshots and all the evidence they requested, but after everything, the representative (“Aria”) still told me I would receive a £0 refund.

The £22.69 I had originally been refunded and stored in my AliExpress Wallet, my own money, was effectively gone because I had used wallet credit to pay for the order.

So from my experience, once you use AliExpress Wallet credit to buy something, returning that item may result in a £0 refund, even if the item is faulty or incorrect.

I won’t be shopping with AliExpress again, and I’d strongly advise others to be very careful about using the wallet feature.",2026-07-18T15:56:41.000Z,2026-07-18T00:00:00.000Z,en,2,not-verified,false,Organic,Sani Welch,6a33265e8c034d9c9dbe2a6c,2,GB,"Dear customer,
Sincerely apologize for the inconvenience caused. 
Since your order is still under protection, please click [Open dispute or Returns/Refunds] on the details page of the order and upload the pictures you took as evidences. 
Kindly make sure you have correctly uploaded proof for your request and selected a refund method. If you're still unable to submit your request, please reply to our agent's email directly or go to our Help center page 【https://helpcenter.aliexpress.com/s/BuyerHelp?】for online customer service.
Your understanding and cooperation are deeply appreciated.
Best regards,
AliExpress Customer Service Team",2026-07-19T01:44:55.000Z
www.aliexpress.com,id:6a5b7e5a11f74a0219c65662,native_id,6a5b7e5a11f74a0219c65662,https://www.trustpilot.com/reviews/6a5b7e5a11f74a0219c65662,1,"This seller, Ali Express OVER CHARGES (Fraud)","I went through the purchase procedure (price of item with taxes was $5.89) then after paying and checkout, all of a sudden the price went up to $ 10.43.  Isn't that consider fraud???????

I canceled my order, of course.

I have both the price BEFORE the fraud and the price AFTER the charges were processed in photos to show their fraud practices.

""Buyer beware!""

I just got an e-mail from Ali Express offering me the difference between what I had originally paid and that difference.....in this NEW e-mail, they're OFFERING me that difference in CREDIT, no apology, no increased offer due to THEIR incompetence and FRAUDULANT business practice.",2026-07-18T15:23:38.000Z,2026-07-17T00:00:00.000Z,en,2,not-verified,false,Organic,Bruce Brent,65abea56a1886400127f3f9a,4,US,"Dear Customer，
Thank you for contacting us. We apologize for your unpleasant shopping experience. Our agent sent you an email, please check it out. If you have any questions, please feel free to reply to us via email and we will respond as soon as possible.
Thank you for your understanding and support!
Sincerely，
AliExpress Customer Service Team",2026-07-19T01:53:08.000Z
www.aliexpress.com,id:6a5b587d67f0d0ed82e359fe,native_id,6a5b587d67f0d0ed82e359fe,https://www.trustpilot.com/reviews/6a5b587d67f0d0ed82e359fe,1,I have been ordering from Ali Express…,"I have been ordering from Ali Express for years. I know when I receive my packages I they get to be a little banged up, but the contents are great inside. I also wait some time to receive my items, and I have learned to deal with that. The sellers I purchase from, are great and I haven’t been able to find the same merchandise anywhere else, so I adapted and it works for me. What I can’t take is no regard for me as a customer and the money I spend. Their customer service is unhelpful and robotic. They use a logistics company called “ Cainio Express “ I don’t know if they have a new driver and he is just incompetent as well as there customer service. But, I need to receive the orders I place. The last like 17 items I have purchased, which I believe was broken down in about 6 packages were delivered to an unknown home. This has happened on n the past, but with items under $20 and I just let it go. Ali Express will not refund you when your package is delivered. They don’t care if it was sent to the wrong home. Nor, will they get you to a supervisor to rectify the situation. They don’t do that there. They will not refund or reship. They tell you to contact the logistics company. That was horrible. They they gave me a lost and stolen package pdf certificate and still denied my refund, why? This logistics company is not delivering the merchandise. Ali Express, Please do something about this, it’s a huge problem.  I received a reply for order numbers and additional information, for some reason there was a system glitch and I was unable to add the order numbers and my phone number. I have escalated cases and been denied refunds. I was told to submit information from the logistics company which I did for the first order and I was told to get more information. I have asked to speak with a supervisor or someone who can help several times and told by customer service there was no additional help and they were very rude to me. How can I get someone to help me? This has been like over 11 items already delivered to the wrong address, with no help from logistics and they keep delivering to the same house because I can see it in the photos they provide. 
Thank you for replying, I have placed about 3 orders this week and I am afraid of Cainio getting assigned to my orders. Your customer service told me they were blocked from picking up my packages, and I would receive an email confirmation. I never did, and I called back the next rep told me that I would have to reach out to each seller individually. I have done that, they have no say on who the packages get assigned to. Please help me. I need my packages. ",2026-07-18T12:42:05.000Z,2026-06-29T00:00:00.000Z,en,3,not-verified,false,Organic,Lisa Di Dolce,6a52fd0415b72ecd80fd8e70,3,US,"Dear Customer,

We sincerely apologize for any inconvenience this may have caused you. Please accept our heartfelt apologies.

We have sent an email addressing the issue you encountered on July 22. Please review the content of that email.

If you have any further questions, please feel free to contact us by replying directly to this email.

Thank you for your understanding. Wishing you a wonderful day!

Best regards,
AliExpress Customer Service Team
www.Aliexpress.com",2026-07-19T02:20:27.000Z
www.aliexpress.com,id:6a5afefa62cdfa4822ecceb5,native_id,6a5afefa62cdfa4822ecceb5,https://www.trustpilot.com/reviews/6a5afefa62cdfa4822ecceb5,1,My order was expected to be delivered…,"My order was expected to be delivered between July 10 and July 14, but I never received it. I also haven't received a refund despite contacting customer support. The tracking has not been helpful, and I'm very disappointed with the service.""
Before posting a review, it's worth checking whether your dispute or refund request is still being processed. If AliExpress resolves the issue, you can always update your Trustpilot review later to reflect the outcome.",2026-07-18T06:20:10.000Z,2026-07-18T00:00:00.000Z,en,1,not-verified,false,Organic,rana,671b97b43c88bd043ab0f36c,2,PK,"Dear customer,
Sincerely apologize for the inconvenience caused. 
Our agent has replied with more detailed information in the email. Please kindly check and reply to our agent. If you have any other questions, please go to our Help center page【https://helpcenter.aliexpress.com/s/BuyerHelp?】 for online customer service.
Your understanding and cooperation are deeply appreciated.
Best regards,
AliExpress Customer Service Team",2026-07-19T02:56:50.000Z
www.aliexpress.com,id:6a5acf182c2a7336e4f445c3,native_id,6a5acf182c2a7336e4f445c3,https://www.trustpilot.com/reviews/6a5acf182c2a7336e4f445c3,1,Mis delivery and no refund,"I uploaded significant evidence to prove that my package was mis delivered, and AliExpress is blaming ME for the issue, AND making me contact the courier to provide evidence for them. This company has horrible customer service and will find any way to deny a refund.",2026-07-18T02:55:52.000Z,2026-07-10T00:00:00.000Z,en,2,not-verified,false,Organic,John,6a5acf07ff3db220e2b7b578,1,US,"Dear Customer,
Due to the lack of completed request information form, we regret to inform you that we are unable to process your case due to insufficient information. Please accept our deepest apologies for any inconvenience you've faced. If you need further assistance or have any additional questions, please don't hesitate to consult our Help Center at AliExpress.
https://helpcenter.aliexpress.com/s/BuyerHelp
Thank you for your understanding and cooperation.
Best regards,
AliExpress Customer Service Team",2026-07-18T05:41:47.000Z
www.aliexpress.com,id:6a5abb7f2491f025b3e9b00e,native_id,6a5abb7f2491f025b3e9b00e,https://www.trustpilot.com/reviews/6a5abb7f2491f025b3e9b00e,1,"Dishonest, Lairs ","They are dishonest, I had a complaint regarding missing items from a purchased made, I uploaded the screen shots of the item as advertised and pictures showing all the items that made up the purchase, AliExpress customer service emailed asking for more which of course their isn't, so they denied my request to a part refund. They are scammers in my view completely dishonest and rely on being ""Untouchable"" being based in China.",2026-07-18T01:32:15.000Z,2026-07-17T00:00:00.000Z,en,2,not-verified,false,Organic,Alan,6a5aba2cb06fbf416eea0b37,2,NZ,"Dear Customer,
Unfortunately, we are unable to process your case as the request information form has not been filled out, and we lack the necessary details to proceed. We apologize for any inconvenience this may have caused. If you need further assistance or have any additional questions, please don't hesitate to reach out to our Help Center at https://helpcenter.aliexpress.com/s/BuyerHelp.
Best regards,
AliExpress Customer Service Team",2026-07-18T05:42:37.000Z
www.aliexpress.com,id:6a5aa3a83931fd45233b38f0,native_id,6a5aa3a83931fd45233b38f0,https://www.trustpilot.com/reviews/6a5aa3a83931fd45233b38f0,1,Don't trust Aliexpress,"So i made an order and the package said delivered, and i did not receive the package, so i contacted the shipping company they said my address was not the address on the package that the package was sent to a different address so i tried to contact the seller didn't get anywhere ai bot tried the customer service the same thing asked for a human and started talking to what i thought was a human but got the same answers like the customer service is ai, tried to do a refund could not get anywhere it kept wanting me to contact the shipping company so if you do order anything off there site don't expect to get anywhere with customer service because it is a joke to many scammers on there site, and i tried to contact the seller and i could not find there store anymore like it just vanished DONT BUY FROM ALIEXPRESS",2026-07-17T23:50:32.000Z,2026-07-17T00:00:00.000Z,en,2,not-verified,false,Organic,Mark Montgomery,6a55fb08236e3d49aed24848,2,US,"Dear Customer.

Thank you for contacting us. We apologise for your unpleasant shopping experience. Our agent sent you an email, please check it out. If you have any questions, please feel free to reply to us via email and we will respond as soon as possible.

Thank you for your understanding and support!

Sincerely.

AliExpress Customer Service Team",2026-07-18T05:53:18.000Z
www.aliexpress.com,id:6a5a9059a90edd793987f192,native_id,6a5a9059a90edd793987f192,https://www.trustpilot.com/reviews/6a5a9059a90edd793987f192,1,Never Received My Orders,"Never Received My Orders – No Refund
I ordered two items (#3074445716710783 and #3074319383940783). The original estimated delivery date was June 29, but as of July 17, I still haven't received either order. The tracking numbers (CNGF001FL0783000030117947 and CNGF001FL0783000029893232) are invalid on UniUni. Instead of issuing a refund, they postponed the delivery again until August 16. Very disappointing service. I still have no items and no refund. Buyers should be aware",2026-07-17T22:28:09.000Z,2026-06-23T00:00:00.000Z,en,3,not-verified,false,Organic,ibrahim ashour,6a5a8ed6b06fbf42ebe9de83,1,EG,"Dear Customer.

Thank you for contacting us. We apologise for your unpleasant shopping experience. Our agent sent you an email, please check it out. If you have any questions, please feel free to reply to us via email and we will respond as soon as possible.

Thank you for your understanding and support!

Sincerely.

AliExpress Customer Service Team",2026-07-18T05:56:12.000Z
www.aliexpress.com,id:6a5a85faa244fea2cc3c2ca4,native_id,6a5a85faa244fea2cc3c2ca4,https://www.trustpilot.com/reviews/6a5a85faa244fea2cc3c2ca4,1,Are the perfumes genuine on the…,Are the perfumes genuine on the aliexpress app,2026-07-17T21:43:54.000Z,2026-07-17T00:00:00.000Z,en,1,not-verified,false,Organic,Tracey Hayden,683cb610f0e9f30c865ec818,20,GB,"Dear Customer,
Due to the lack of completed request information form, we regret to inform you that we are unable to process your case due to insufficient information. Please accept our deepest apologies for any inconvenience you've faced. If you need further assistance or have any additional questions, please don't hesitate to consult our Help Center at AliExpress.
https://helpcenter.aliexpress.com/s/BuyerHelp
Thank you for your understanding and cooperation.
Best regards,
AliExpress Customer Service Team",2026-07-18T05:58:10.000Z
www.aliexpress.com,id:6a5a723a60ecd6782501ed0b,native_id,6a5a723a60ecd6782501ed0b,https://www.trustpilot.com/reviews/6a5a723a60ecd6782501ed0b,1,I would give them 0 stars if I could,"I would give them 0 stars if I could. I ordered a lzakmr game console, I paid for the 1 TB model and they sent me the 500 GB model. I filed a request for an exchange and I was told to send the one I received back, they paid for the shipping and they said that I sent it back for the listed reason was not needed which was not true they refunded me $18.00 dollars of my $264.00 dollars and claim they never received my return, after multiple attempts to resolve this issue they refuse to send me what I paid for or a full refund. I was a good customer and I don't participate in fraud or theft I just wanted what I paid for. I will just spend my money at a more reputable company. Update - Ali Express did respond, they asked me for an boxing video of my return which they asked for when I originally contacted them with my issue, a video is impossible since I returned the item months ago which they paid the postage for, if I would have sent them something other than the item that was in question you think they would have shot my request for the item that I paid for or a refund down but they continue to just play me along I've tried and tried but they refuse to do what is right all I want is what I paid for or the refund that I'm entitled to.",2026-07-17T20:19:38.000Z,2026-05-19T00:00:00.000Z,en,1,not-verified,false,Organic,mike gale,6a5a7228b06fbf89fae9b7b2,1,US,"Dear Customer.

Thank you for contacting us. We apologise for your unpleasant shopping experience. Our agent sent you an email, please check it out. If you have any questions, please feel free to reply to us via email and we will respond as soon as possible.

Thank you for your understanding and support!

Sincerely.

AliExpress Customer Service Team",2026-07-18T06:02:34.000Z
www.aliexpress.com,id:6a5a6e8626534a56aefe254e,native_id,6a5a6e8626534a56aefe254e,https://www.trustpilot.com/reviews/6a5a6e8626534a56aefe254e,2,So far it’s been absolutely rubbish…,"So far it’s been absolutely rubbish ,still waiting on orders a sent 5/6 week ago ,could o& gone to china or were ever and go5th3 quicker myself ,terrible service I,ll not use the again ",2026-07-17T20:03:50.000Z,2026-07-17T00:00:00.000Z,en,2,not-verified,false,Organic,Philip Deeming,67eba76a89ee14810450e470,2,GB,"Dear Customer，
Thank you for contacting us. We apologize for your unpleasant shopping experience. Our agent sent you an email, please check it out. If you have any questions, please feel free to reply to us via email and we will respond as soon as possible.
Thank you for your understanding and support!
Sincerely，
AliExpress Customer Service Team",2026-07-18T06:03:24.000Z
www.aliexpress.com,id:6a5a54fb82e50cd8c2dc35fe,native_id,6a5a54fb82e50cd8c2dc35fe,https://www.trustpilot.com/reviews/6a5a54fb82e50cd8c2dc35fe,1,CRAP CLIENT SERVICE ,CRAP CLIENT SERVICE I RECEIVED THE WRONG STUF ASKED FOR A REFUND THEY OFFERED HALF THE MONEY I REJECTED TWICE AND THEY STEEL MADE THE HALF REFUND I OBJECTED TO IT THE ANSWER INSUFFICIENT PROOF OF WRONG PART AFTER HAVING PICTURES OF THE PART I ORDERED FROM THEM AND THE ONE I RECEIVED I EVEN OFERED FOR THEM TO COLECT THE WRONG PART AND REFUND ALL MY MONEY BECAUSE I WILL HAVE TO TRASH THE PART IT DOESN'T FIT MY CAR JUST LOST MONEY IT'S A LAST TIME BUYING FROM THIS PLATFORM,2026-07-17T18:14:51.000Z,2026-07-16T00:00:00.000Z,en,2,not-verified,false,Organic,Tiago Gaspar,6a5a54f67b418c2287815347,1,PT,"Dear Customer.

Thank you for contacting us. We apologise for your unpleasant shopping experience. Our agent sent you an email, please check it out. If you have any questions, please feel free to reply to us via email and we will respond as soon as possible.

Thank you for your understanding and support!

Sincerely.

AliExpress Customer Service Team",2026-07-18T06:23:41.000Z
www.aliexpress.com,id:6a5a5440b6312422f62d9cba,native_id,6a5a5440b6312422f62d9cba,https://www.trustpilot.com/reviews/6a5a5440b6312422f62d9cba,1,Do not buy in AliExpress 3 month to…,"Do not buy in AliExpress 3 month to receive a reimbursement even it was crear the product was stocked somewhere and i need the product to charge my car as electric it is. The only solution is to wait 90 days as the policy is .. This is a Shame of a quality plataform, i strongly recomendación to buy in others or inmediate markets this is not acceptable",2026-07-17T18:11:44.000Z,2026-07-17T00:00:00.000Z,en,2,not-verified,false,Organic,Pedro Barros,5e05e0b5361d615efc0838e0,16,ES,"Dear Customer, 
Thank you for reaching out, and I truly appreciate your patience as we work to resolve this matter for you.
To move forward, I kindly recommend reaching out to your dedicated customer service representative directly. They are best equipped to assist you with your specific case and will guide you through the process. Please be sure to provide any relevant evidence or documentation that supports your situation—this will help us better understand the issue and find a solution more efficiently.
Please trust that we are genuinely committed to helping you and ensuring a fair resolution. Your satisfaction is important to us, and we’ll do everything we can to address your concerns.
Thank you for your understanding and cooperation.
Best regards,
AliExpress Customer Service Team",2026-07-18T06:27:24.000Z
www.aliexpress.com,id:6a5a44e46f67568f04851da8,native_id,6a5a44e46f67568f04851da8,https://www.trustpilot.com/reviews/6a5a44e46f67568f04851da8,1,i am blacklisted by a seller so i can…,"15/07/26
i am blacklisted by a seller so i can not send him messages through chat. 
I get reply :contact customer service. 
i contact customer service, show them the screen shots which of course they only read after you tell them : Please READ before asknig questions. 
Case gets escalated to ""senior team"" 

""Case ID: 2053808431988221
Start Time: 2026-07-16 20:31""

17/07/2026
I get email reply from Aliexpress:

""We are sorry to inform you that for some reason the seller has added you to their shop's blacklist. If you still wish to purchase from this seller, please contact the seller to discuss the matter. Thank you for your understanding and co-operation."" 🤦🏼‍♂️

I reply:
I can not contact seller because he has blocked my messages. Why do you ask me to contact seller ??

Please provide useful solution to this issue instead of just a useless link and telling me to contact him.

UPDATE: 18/07/26

Aliexpress replies:
We are sorry to inform you that for some reason the seller has added you to their shop's blacklist.

Please comply, thank you for your cooperation. You need to operate it yourself.If you do not know how to contact the merchant, here are some instructions for you, please click here for more information.

🤦🏼‍♂️🤦🏼‍♂️🤦🏼‍♂️

My answer:

I repeat: 

I can not contact seller because he has blocked my messages. 

Do your job and contact him to know why I have been blacklisted

Provide useful solution to this issue instead of just a useless link and telling me to contact him.

More in next episode 💀",2026-07-17T17:06:12.000Z,2026-07-17T00:00:00.000Z,en,2,not-verified,false,Organic,nwol,6a5a4498ff3db2ecfeb708df,1,FR,"Dear Customer.
Thank you for contacting us. We apologise for your unpleasant shopping experience. Our agent sent you an email, please check it out. If you have any questions, please feel free to reply to us via email and we will respond as soon as possible.
Thank you for your understanding and support!
Sincerely.
AliExpress Customer Service Team",2026-07-18T06:47:30.000Z
www.aliexpress.com,id:6a5a4466119586e94bb35eca,native_id,6a5a4466119586e94bb35eca,https://www.trustpilot.com/reviews/6a5a4466119586e94bb35eca,1,Sent a watch strap back still intact ,"Sent a watch strap back still intact 
Asking for a refund they don’t want it back 
After a long process I have been given permission to return back to them 
Sent back the watch strap 
Was given a refund of £16.89 
The strap cost £85.39 
No reason why that much 
Spoken to them still don’t give a reason why 
They just give you the runaround 
And still don’t explain why only 16.89 
Should have been £85.39 
They have a 90 day return period 
And I sent back to them 2 days after receiving it they are rubbish rubbish 
Don’t buy anything from them they are useless and useless and rubbish still will not give me my refund they send the had to take 2.5% off for handing and to pay for the return and the exchange rate sill only received £16.89 where is the rest of the money £85.39
They have done nothing to help me at all they are useless and rubbish is this how they treat their customers after a return don’t want to give your money back shame on them shame on them where is my £85.39 refund not the £16.89 that you gave me RUBBISH 

now they say they have lost the strap and that why they only paid £16.89   it should be £85.39 they lost it we go a round and around do not buy from them if have to return it you will not get your money back 
it a  all thy want is your money and do not care  

so the refund was £16.89 should have be £85.39 ",2026-07-17T17:04:06.000Z,2026-07-14T00:00:00.000Z,en,2,not-verified,false,Organic,Customer,586a8cd60000ff000a67c2bd,7,GB,"Dear Customer.

Thank you for contacting us. We apologise for your unpleasant shopping experience. Our agent sent you an email, please check it out. If you have any questions, please feel free to reply to us via email and we will respond as soon as possible.

Thank you for your understanding and support!

Sincerely.

AliExpress Customer Service Team",2026-07-18T06:51:17.000Z
www.aliexpress.com,id:6a5a3ac96e1ede4ed4e83a03,native_id,6a5a3ac96e1ede4ed4e83a03,https://www.trustpilot.com/reviews/6a5a3ac96e1ede4ed4e83a03,1,The Worst Online Shopping Experience…,"The Worst Online Shopping Experience I’ve Ever Had

This has been, without question, the worst online shopping experience I have ever had.

The air conditioner I received arrived damaged. I immediately reported the issue, expecting the platform to protect the buyer when an item arrives defective.

Instead, I was repeatedly asked to return a very large and heavy item by self-shipping. I explained multiple times that I have health limitations and live alone, making it physically impossible for me to transport it. None of this was taken into consideration.

Customer service kept promising that my case would be escalated, but nothing ever changed. I spent hours contacting support, repeating the same explanation to different agents, only to receive the same scripted responses. In one case, an agent kept me waiting for a long time while supposedly working on my case, and the chat was automatically closed by the system for “no response” even though I was actively waiting.

I even tried to reach a reasonable solution with the seller, but the seller refused to cooperate. Instead of holding the seller accountable for shipping a damaged product, AliExpress placed the entire burden on me.

After shopping on many online marketplaces over the years, I have never experienced customer service this frustrating. This experience has completely destroyed my confidence in buying from AliExpress again.

My advice to anyone purchasing expensive or heavy items is simple think twice before ordering. If something goes wrong, don’t assume the platform will stand behind you.



Update:

AliExpress responded to my review and requested my order information, which I provided. However, several days have passed and I still have not received any actual solution or resolution.

This issue has already been ongoing for more than a month. I contacted the seller and AliExpress Customer Service multiple times, but the response has always been that the case would be escalated or reviewed by another team. Despite these repeated promises, no practical solution has been provided.

The original problem remains the same. The item arrived damaged, and I am still being asked to return a heavy damaged air conditioning unit at my own expense before receiving a refund.

I appreciate the response, but a response alone does not resolve the issue. I am still waiting for a fair and reasonable solution.



Update

AliExpress has responded again after my previous update. Unfortunately, instead of providing a practical solution, they are now asking me to submit an unboxing video showing the package being opened and the item inside, along with a damage report from the local shipping company.

This request comes long after the package was delivered and opened. It is impossible to recreate an unboxing video after the package has already been unpacked. I have already submitted clear photos showing the damaged air conditioner and have fully cooperated throughout this process for more than a month.

Below is the key part of AliExpress’s latest response

“We kindly ask you to provide the following

• A video of the unboxing process
• A damage report issued by your local logistics provider

Once we receive these materials, we will review the details and arrange an appropriate solution.”

I believe this demonstrates why my case remains unresolved. I have provided all the evidence that is reasonably available, yet I continue to receive requests for evidence that cannot realistically be produced after delivery.

I will continue updating this review with any further developments.",2026-07-17T16:23:05.000Z,2026-06-20T00:00:00.000Z,en,2,not-verified,false,Organic,Steve Ustin,6a5a3ab6ff3db29b14b6f604,1,US,"Dear Customer,

We sincerely apologize for any inconvenience this may have caused you. Please accept our heartfelt apologies.

We have sent an email addressing the issue you encountered on July 23. Please review the content of that email.

If you have any further questions, please feel free to contact us by replying directly to this email.

Thank you for your understanding. Wishing you a wonderful day!

Best regards,
AliExpress Customer Service Team
www.Aliexpress.com",2026-07-18T06:55:19.000Z
www.aliexpress.com,id:6a5a2709bbf77bb922106fae,native_id,6a5a2709bbf77bb922106fae,https://www.trustpilot.com/reviews/6a5a2709bbf77bb922106fae,1,Make that make sense!,"A  package I ordered was reported by the local courier as undeliverable because my address was unknown? (Not my first time buying, and no issues previously). I tried following up but there were no contact details of the courier company available online for me to follow up. When I requested a refund from Aliexpress my request was turned down since I could not produce proof of non-delivery of the package.  Make that make sense!!",2026-07-17T14:58:49.000Z,2026-07-16T00:00:00.000Z,en,2,not-verified,false,Organic,Wayne,5b7bc1d64de5666d342b9c80,6,NZ,"Dear Customer,
We are very sorry to hear that you have not received your order. In cases where the package has not been delivered or has been lost, we require proof from the logistics company confirming that the delivery was unsuccessful or that the package is missing. At this time, we have not received any such documentation.
If you have any new information or supporting documents, please feel free to contact us through our Help Center or via the previous email correspondence. We will do our best to assist you once we receive the necessary evidence.
Thank you for your understanding, and we apologize for any inconvenience caused.
Best regards,
The AliExpress Customer Service Team",2026-07-18T02:23:40.000Z
www.aliexpress.com,id:6a59ff99f8b81a894013623b,native_id,6a59ff99f8b81a894013623b,https://www.trustpilot.com/reviews/6a59ff99f8b81a894013623b,1,Avoid like the plague,"Everything is fine as long as the correct item is delivered and on time. 

If something goes wrong, that is not your fault, you're doomed.

In this case, I ordered 3 car grills, left, right and front. I waited 35 days for the order to deliver.
When it arrived, the order was incomplete. The seller had only sent the right and front. Left was missing.

I was offered a small partial refund. Not even an option for the missing part to be shipped???

To source the part locally, it would cost me double the amount I was offered as a part refund. 

I messaged back with this information. 

Due to the delay in communication and my car already being in the garage for so long, I ordered the missing part with next day delivery and sent everything to the garage so they could resume the repair. 

A few days later they are insisting on a full return and to add insult to injury, I have to pay the return shipping upfront!?

Many more emails and live chats followed. I explained it's impossible for me to return, as the parts have been sent on to the garage. 

Live chat agents tell me I'll receive a refund, then I receive an email telling me to return the item and threatening to close the case. 

Absolutely shocking and disgraceful customer service.
____________________________________________

EDIT - In response to your reply

Completely fake concern (most likely AI generated). The email I received after this are the same, copy/paste responses. Neither the individual seller, nor AliExpress are interested in resolving anything. And they are in China so literally above any UK law.
",2026-07-17T12:10:33.000Z,2026-07-16T00:00:00.000Z,en,3,not-verified,false,Organic,Myr R4,5c4b7a8fd246cf1de85b444e,9,GB,"Dear customer,
Sincerely apologize for the inconvenience caused. 
Our agent has replied with more detailed information in the email. Please kindly check and reply to our agent. If you have any other questions, please go to our Help center page【https://helpcenter.aliexpress.com/s/BuyerHelp?】 for online customer service.
Your understanding and cooperation are deeply appreciated.
Best regards,
AliExpress Customer Service Team",2026-07-18T03:03:06.000Z
www.aliexpress.com,id:6a59f2af1c738f8f8cb1e37d,native_id,6a59f2af1c738f8f8cb1e37d,https://www.trustpilot.com/reviews/6a59f2af1c738f8f8cb1e37d,5,Usually no problems with delivery.,Usually no problems with delivery.,2026-07-17T11:15:27.000Z,2026-07-17T00:00:00.000Z,en,0,invited,false,BasicLink,IAN CARTWRIGHT,60fae3f53856b30012be3e45,13,GB,"Dear Customer,
Thanks for taking the time to share your feedback. We're glad you're enjoying shopping with us. Our team is always here to provide a great experience, and it's awesome to know you're happy with what we do.
Best regards,
AliExpress Customer Service Team",2026-07-18T01:44:51.000Z
www.aliexpress.com,id:6a59ebff938b49c1de1b0dee,native_id,6a59ebff938b49c1de1b0dee,https://www.trustpilot.com/reviews/6a59ebff938b49c1de1b0dee,1,BUYER BE WARNED,"Further to my previous review I did receive email from their""Customer Services"".  This is driven by their AI system.  Whilst it is automatic it certainly is not intelligent.  It responds with irrelevant standard paragraphs and request actions unrelated to your request - after which it reuses to accept your request to return / refund.  BUYER BE WARNED - if you manage to get goods which are correct and undamaged - well done, but if you get anything you don't want to keep for whatever reason - you have no chance.  Just check other similar postings. ",2026-07-17T10:46:55.000Z,2026-07-16T00:00:00.000Z,en,4,not-verified,false,Organic,Philip Andrew Couch,6006b045f618e10019c1dc19,3,GB,"Dear Customer, 
Thank you for reaching out, and I truly appreciate your patience as we work to resolve this matter for you.
To move forward, I kindly recommend reaching out to your dedicated customer service representative directly. They are best equipped to assist you with your specific case and will guide you through the process. Please be sure to provide any relevant evidence or documentation that supports your situation—this will help us better understand the issue and find a solution more efficiently.
Please trust that we are genuinely committed to helping you and ensuring a fair resolution. Your satisfaction is important to us, and we’ll do everything we can to address your concerns.
Thank you for your understanding and cooperation.
Best regards,
AliExpress Customer Service Team",2026-07-18T03:21:18.000Z
www.aliexpress.com,id:6a59c4bac539114c89951ec3,native_id,6a59c4bac539114c89951ec3,https://www.trustpilot.com/reviews/6a59c4bac539114c89951ec3,5,Placing orders was so easy…,"Placing orders was so easy ,Communication was great with the sellers.any questions were answered very quickly.",2026-07-17T07:59:22.000Z,2026-07-10T00:00:00.000Z,en,0,invited,false,BasicLink,Tom Dignam,69cde1791a47fae73cc0a646,2,AU,"Dear Customer,
Thanks for taking the time to share your feedback. We're glad you're enjoying shopping with us. Our team is always here to provide a great experience, and it's awesome to know you're happy with what we do.
Best regards,
AliExpress Customer Service Team",2026-07-18T01:45:17.000Z
www.aliexpress.com,id:6a59b5605dc2b8e5629d8cf2,native_id,6a59b5605dc2b8e5629d8cf2,https://www.trustpilot.com/reviews/6a59b5605dc2b8e5629d8cf2,1,Wanted to cancel an order,"Wanted to cancel an order m as I no longer needed it, they refused to let me cancel the order and quickly got it shipped in 1 hr of me complaining 

——
Updated 21/7
No need to investigate, just a simple warning to anyone reading this review ",2026-07-17T06:53:52.000Z,2026-07-17T00:00:00.000Z,en,1,not-verified,false,Organic,Sam Newland,6a59b554c2526c17a08d9767,1,NZ,"Dear Customer,
Unfortunately, we are unable to process your case as the request information form has not been filled out, and we lack the necessary details to proceed. We apologize for any inconvenience this may have caused. If you need further assistance or have any additional questions, please don't hesitate to reach out to our Help Center at https://helpcenter.aliexpress.com/s/BuyerHelp.
Best regards,
AliExpress Customer Service Team",2026-07-18T03:51:08.000Z
www.aliexpress.com,id:6a59a8251070bdc7cf7e652d,native_id,6a59a8251070bdc7cf7e652d,https://www.trustpilot.com/reviews/6a59a8251070bdc7cf7e652d,1,AliExpress uses online suppliers that usually don't deliver,"AliExpress uses online suppliers that are less than 50% reliable or legitimate. Expect a problem with shipping for many or most orders and constant delays and excuses. A lot of persistence is necessary to cancel and get a refund. I think since most orders are small that most buyers just forget about it and give up without a refund, which I think the seller hopes will happen. I used to order regularly from AliExpress but now I have given up completely. The suppliers need to be vetted by AliExpress and certified reliable, otherwise it is mostly a scam. ",2026-07-17T05:57:25.000Z,2026-05-01T00:00:00.000Z,en,2,not-verified,false,Organic,John Ferchak,6997d8b5b2781e24ac31da47,3,LA,"Dear Customer,
Unfortunately, we are unable to process your case as the request information form has not been filled out, and we lack the necessary details to proceed. We apologize for any inconvenience this may have caused. If you need further assistance or have any additional questions, please don't hesitate to reach out to our Help Center at https://helpcenter.aliexpress.com/s/BuyerHelp.
Best regards,
AliExpress Customer Service Team",2026-07-18T03:57:37.000Z
www.aliexpress.com,id:6a5996cd3397c9ff99c5212f,native_id,6a5996cd3397c9ff99c5212f,https://www.trustpilot.com/reviews/6a5996cd3397c9ff99c5212f,5,Have been using AliExpress for couple…,"Have been using AliExpress for couple months now and find their suppliers, products and service excellent, including an occasion when I decided what I had ordered wasn't exactly what I wanted and the return process was extremely easy.",2026-07-17T04:43:25.000Z,2026-07-17T00:00:00.000Z,en,0,invited,false,BasicLink,Robert,69e6b874720868029459d5b2,3,AU,"Dear Customer,
Thanks for taking the time to share your feedback. We're glad you're enjoying shopping with us. Our team is always here to provide a great experience, and it's awesome to know you're happy with what we do.
Best regards,
AliExpress Customer Service Team",2026-07-18T01:52:56.000Z
www.aliexpress.com,id:6a5992ff09437f4523b60af3,native_id,6a5992ff09437f4523b60af3,https://www.trustpilot.com/reviews/6a5992ff09437f4523b60af3,3,Good prices for some items. ,"Some very good original items for sale and at great prices. Some items require an extra postage cost, eg cosmetics.
Difficulty viewing all items in an order. 
Sometimes items in an order are posted separately. Also had difficulty returning an item that was not as described. ",2026-07-17T04:27:11.000Z,2026-07-01T00:00:00.000Z,en,0,invited,false,BasicLink,Judy,6881513304313ef480349a73,2,AU,"Dear Customer,
Unfortunately, we are unable to process your case as the request information form has not been filled out, and we lack the necessary details to proceed. We apologize for any inconvenience this may have caused. If you need further assistance or have any additional questions, please don't hesitate to reach out to our Help Center at https://helpcenter.aliexpress.com/s/BuyerHelp.
Best regards,
AliExpress Customer Service Team",2026-07-18T04:02:02.000Z
www.aliexpress.com,id:6a5985c7d164970f15dc803f,native_id,6a5985c7d164970f15dc803f,https://www.trustpilot.com/reviews/6a5985c7d164970f15dc803f,5,The range of product outstanding,"The range of product outstanding, the quality and pricing is excellent and that is why I placed the order.  On the rare occasion, if I need to refund process is simple and easy.",2026-07-17T03:30:47.000Z,2026-06-19T00:00:00.000Z,en,0,invited,false,BasicLink,Jeff Davis,6a5985b7c2526c22258d832a,1,AU,"Dear Customer.

Thank you for contacting us. We apologise for your unpleasant shopping experience. Our agent sent you an email, please check it out. If you have any questions, please feel free to reply to us via email and we will respond as soon as possible.

Thank you for your understanding and support!

Sincerely.

AliExpress Customer Service Team",2026-07-17T03:39:48.000Z
www.aliexpress.com,id:6a595dae83c7a64c7b1f93e6,native_id,6a595dae83c7a64c7b1f93e6,https://www.trustpilot.com/reviews/6a595dae83c7a64c7b1f93e6,5,Great product,"Great product, speedy delivery. Thanks heaps. ",2026-07-17T00:39:42.000Z,2026-07-14T00:00:00.000Z,en,0,invited,false,BasicLink,Mark Ison,5cfcf21c9522f861db8a6d0d,3,AU,"Dear Customer,
We are delighted to read your positive feedback about our shipping service! It means a lot to us that you had a great experience with the delivery. Your satisfaction is our ultimate goal, and we will continue to strive for excellence in all aspects of our service. Thank you for choosing AliExpress, and we look forward to serving you again soon!
Best regards,
AliExpress Customer Service Team",2026-07-17T03:41:12.000Z
www.aliexpress.com,id:6a595905cddfb8d449130267,native_id,6a595905cddfb8d449130267,https://www.trustpilot.com/reviews/6a595905cddfb8d449130267,1,I'm still waiting on an order i placed…,I'm still waiting on an order i placed on June 5th. It's now July 17th. Ref number is 8211368575156790.,2026-07-17T00:19:49.000Z,2026-06-05T00:00:00.000Z,en,2,invited,false,BasicLink,Ivan Colgan,6a5958f6ff3db2222cb5f64f,1,AU,"Dear Customer.

Thank you for contacting us. We apologise for your unpleasant shopping experience. Our agent sent you an email, please check it out. If you have any questions, please feel free to reply to us via email and we will respond as soon as possible.

Thank you for your understanding and support!

Sincerely.

AliExpress Customer Service Team",2026-07-17T05:39:23.000Z
www.aliexpress.com,id:6a594b4bc2ec4972d530ef60,native_id,6a594b4bc2ec4972d530ef60,https://www.trustpilot.com/reviews/6a594b4bc2ec4972d530ef60,1,Horrible customer service and order handling,"Was offered a promotional ""buy 1 item for free + 1 item at a discount"" so I proceeded to pick out my items and everything seemed fine. I ordered through Paypal. Receive confirmation on Aliexpress that order was processing and completed. Went back to order page and the items were still listed as not paid for yet and that I had to order both together (which I thought I had done - just following their instructions). No paypal confirmation or record of purchase, so obviously was not successful. 

Attempted 2 more times and ended up back at the same place with the order saying completed, but also saying not paid for. Contacted support. Was told this sometimes happens and that I should add the items to my cart again and checkout, implying it was somehow my fault, then offered me a coupon which sent me to a 404 - page not found. Next day I get 4 different emails from support. One email telling me the order was fine and went through, another saying the order was closed due to not paying on time, another one saying I'd be refunded. Absolutely ridiculous. I checked the order page again. It clearly shows each item paid for by Paypal while on the same page saying that the orders were cancelled for failure to pay. Still no record of any payment made in Paypal.  WTF. I sent a final complaint by email, with all the screenshots and information I collected as proof  and have not heard back. 

The gaslighting, the contradictions, no attempt to make things right... NOPE... I'll take my business elsewhere. Seeing these other reviews is even more proof to me that they cannot be trusted to so much as handle a simple email. I'll be deleting my account. I'm not sharing the order numbers here in  this review because it doesn't even matter anymore. You have no intention of resolving mine or anyone else's issues. 

By the way, when you have over 180,000 reviews with an overall score of 2.0, the problem isn't your customers, it's you. THAT can't be resolved with tone-deaf AI generated responses on every review made. 

Update: And there it is, the canned reply to my review. Too late... I deleted my account and have no interest in dealing with you. You were given multiple chances. I was lucky. In the end, you didn't get my money. I'm more angry now seeing what other people are going through. Forget about me. Take care of these people who have lost money, time and sanity seeking REAL resolutions. 

Update 2: They clearly didn't even read the review.  I deleted my account, and they continue to send me promotional messages and more of the same AI generated crap, even after unsubscribing from their emails and telling them to stop emailing me. What is wrong with these people? I've never seen anything like it. 

If you're still considering buying from them... in 2022, the Office of the United States Trade Representative added AliExpress to its list of Notorious Markets for Counterfeiting and Piracy. 
",2026-07-16T23:21:15.000Z,2026-07-11T00:00:00.000Z,en,1,invited,false,BasicLink,CaroleAN,664fa897f6be8943e59b1e13,4,CA,"Dear Customer，
Thank you for contacting us. We apologize for your unpleasant shopping experience. Our agent sent you an email, please check it out. If you have any questions, please feel free to reply to us via email and we will respond as soon as possible.
Thank you for your understanding and support!
Sincerely，
AliExpress Customer Service Team",2026-07-17T05:41:52.000Z
www.aliexpress.com,id:6a5943ac54b948bba0eb6807,native_id,6a5943ac54b948bba0eb6807,https://www.trustpilot.com/reviews/6a5943ac54b948bba0eb6807,1,They will take and keep your money  and leave you with nothing,"Placed an order (first time user) and paid for it via PayPal. PayPal acknowledged order, provided a transaction ID and Invoice ID and the money was debited. No order was recorded in my AliExpress account, I left it a few days assuming that the system would catch up but it didn't. First tried to use the almost unusable chat to find out what had gone on and subsequently very slow email. In all cases day after day they just sent a screenshot of the find account button even though I had access to my account. After a week of this I raised a PayPal case and I await to see if my money is returned. I recommend avoiding this site despite the enticing prices, I have concluded based on the lack of customer support that the operation is a borderline scam.",2026-07-16T22:48:45.000Z,2026-07-02T00:00:00.000Z,en,2,not-verified,false,Organic,David Hansen,56c71dac0000ff000a07a576,14,GB,"Dear Customer，

Thank you for contacting us. We apologize for your unpleasant shopping experience. Our agent sent you an email, please check it out. If you have any questions, please feel free to reply to us via email and we will respond as soon as possible.

Thank you for your understanding and support!

Sincerely，
AliExpress Customer Service Team",2026-07-17T05:42:59.000Z
www.aliexpress.com,id:6a5940d21ab0888016f4ff40,native_id,6a5940d21ab0888016f4ff40,https://www.trustpilot.com/reviews/6a5940d21ab0888016f4ff40,5,I have been great experience with…,I have been great experience with AliExpress.. they are shipping management is very fast and good delivery . Thanks for super experience I ordered a little hot bag.,2026-07-16T22:36:34.000Z,2026-07-01T00:00:00.000Z,en,0,not-verified,false,Organic,rukiya islam,69dcbca10653b71c386141ec,3,BD,"Dear Customer,
We are delighted to read your positive feedback about our shipping service! It means a lot to us that you had a great experience with the delivery. Your satisfaction is our ultimate goal, and we will continue to strive for excellence in all aspects of our service. Thank you for choosing AliExpress, and we look forward to serving you again soon!
Best regards,
AliExpress Customer Service Team",2026-07-17T03:41:41.000Z
www.aliexpress.com,id:6a593da17123a47c99a8822c,native_id,6a593da17123a47c99a8822c,https://www.trustpilot.com/reviews/6a593da17123a47c99a8822c,5,good service & fast delivery,good service & fast delivery,2026-07-16T22:22:57.000Z,2026-07-07T00:00:00.000Z,en,0,invited,false,BasicLink,Stephen Wong,6a593d79ff3db20798b5d633,1,AU,"Dear Customer,
Thank you very much for highlighting our customer service along with your fantastic review of the product. Knowing that our team could contribute positively to your overall experience makes everything worthwhile. We aim to provide not just excellent products but also top-notch service. Your recognition motivates us to keep improving. Feel free to contact us anytime; we’re here to assist.
Best regards,
AliExpress Customer Service Team",2026-07-17T03:42:20.000Z
www.aliexpress.com,id:6a592df5f45ca41bfa796637,native_id,6a592df5f45ca41bfa796637,https://www.trustpilot.com/reviews/6a592df5f45ca41bfa796637,1,"AliExpress support is a joke! Lies, endless loops, and zero help","AliExpress support is a joke! Lies, endless loops, and zero help!!
AliExpress support doesn't do its job at all! They just ""feed you promises"" to escalate your case, but nobody actually transfers anything. It is an endless loop of identical, robotic auto-responses that only work in one direction: ""send us this, send us that"".
My tablet is a confirmed counterfeit (verified by AIDA64). AliExpress even admitted it is fake! I have already uploaded all possible video and photo evidence.
Now they demand that I pay my own money to ship it back to China. First of all, I will not pay a single cent to return a scammer's counterfeit. Secondly, it is legally impossible: our local postal services have strict bans on shipping lithium batteries abroad. I already provided official refusal documents from several carriers!
I do not want your useless coupons. I demand my money back for this fake item. Stop this endless game and issue my refund! I absolutely refuse to accept any of your useless discount coupons—I demand a full monetary refund to my card immediately, strictly following your own I absolutely refuse to accept any of your useless discount coupons—I demand a full monetary refund to my card immediately, strictly following your own policy. #1120107362471902
UPD: Stop lying! Your email support is a total dead end and working as a one-way street. It does NOT accept any incoming replies from me! I cannot answer your emails because your system blocks it. Stop trying to hide from the public view. You already have all my videos, photos, and official carrier bans. Raise the full file and issue my monetary refund here, do not send me back to your broken email loop!",2026-07-16T21:16:05.000Z,2026-06-24T00:00:00.000Z,en,3,not-verified,false,Organic,Rizays Sveta,6a592a54ff3db21908b5bab6,1,IL,"Dear Customer,
Thank you for your patience. I have noticed that your dedicated customer service representative is currently handling your case. Due to the complexity of the situation, it may take a bit longer to resolve. However, I have already urged them to respond to your email as soon as possible.
Please continue to communicate with your dedicated customer service via email for further updates.
Thank you for your understanding, and we appreciate your cooperation.
Best regards,
AliExpress Customer Service Team",2026-07-17T05:46:13.000Z
www.aliexpress.com,id:6a58f0a6e13940afb474c173,native_id,6a58f0a6e13940afb474c173,https://www.trustpilot.com/reviews/6a58f0a6e13940afb474c173,1, Car switch ordered and a watch strap arrived. 🤷‍♂️,"Order was for a car door electric window switch and a watch strap arrived!
Regular updates on delivery, but annoying supply of goods.
I will not use these again.",2026-07-16T16:54:30.000Z,2026-07-16T00:00:00.000Z,en,2,not-verified,false,Organic,Martin Lyddon,57c837a00000ff000a401c7e,20,GB,"Dear customer,

Sincerely apologize for the inconvenience caused. 

We immediately checked your order, and found the order has been refunded. Please contact your bank for more information. If you have any other questions, please reply directly to the email we sent you, and we will continue to assist you. Thank you for your patience and cooperation.

Your understanding and cooperation are deeply appreciated.

Best regards,
AliExpress Customer Service Team",2026-07-17T06:05:27.000Z
www.aliexpress.com,id:6a58e33353f019cf68dde7d8,native_id,6a58e33353f019cf68dde7d8,https://www.trustpilot.com/reviews/6a58e33353f019cf68dde7d8,1,SCAM SCAM SCAM Don't ever think your…,SCAM SCAM SCAM Don't ever think your going to get your return postage back. They ask you for proof of shipping several times then tell you that the documentation is insufficient. Absolute thieves.,2026-07-16T15:57:07.000Z,2026-07-16T00:00:00.000Z,en,1,not-verified,false,Organic,Kevin Thompson,5ebec923ee8f2931b1d20342,8,GB,"Dear Customer,
Thank you for your patience. I have noticed that your dedicated customer service representative is currently handling your case. Due to the complexity of the situation, it may take a bit longer to resolve. However, I have already urged them to respond to your email as soon as possible.
Please continue to communicate with your dedicated customer service via email for further updates.
Thank you for your understanding, and we appreciate your cooperation.
Best regards,
AliExpress Customer Service Team",2026-07-17T02:54:11.000Z
www.aliexpress.com,id:6a58d0fabdfbb510a7ab4692,native_id,6a58d0fabdfbb510a7ab4692,https://www.trustpilot.com/reviews/6a58d0fabdfbb510a7ab4692,1,I would give 0 if It was possible,I would give 0 if It was possible. 3 months still no parcel and still arguing for refund. I have had about 12 parcel's from china in the time it's taken to sort this. STAY AWAY ,2026-07-16T14:39:22.000Z,2026-05-19T00:00:00.000Z,en,2,not-verified,false,Organic,peter pryce,568159d80000ff0001f777f5,15,GB,"Dear Customer,

We sincerely apologize for any inconvenience this may have caused you. Please accept our heartfelt apologies.

We have sent an email addressing the issue you encountered on July 22. Please review the content of that email.

If you have any further questions, please feel free to contact us by replying directly to this email.

Thank you for your understanding. Wishing you a wonderful day!

Best regards,
AliExpress Customer Service Team
www.Aliexpress.com",2026-07-17T03:03:18.000Z
www.aliexpress.com,id:6a58cda5521dcb0fb0b4ed08,native_id,6a58cda5521dcb0fb0b4ed08,https://www.trustpilot.com/reviews/6a58cda5521dcb0fb0b4ed08,4,Speedy free delivery.,"They send the order quickly and they arrive safely. I have never lost anything in the mail and parcels arrive in good condition. My only gripe has been sizing for dog raincoats. None of which have been big enough. I know I can return for a refund, but cannot be bothered as it’s a hassle. As the products are cheap, I give them to friend if they don’t suit my dog.",2026-07-16T14:25:09.000Z,2026-07-14T00:00:00.000Z,en,0,invited,false,BasicLink,Rachel Bonney,59265e810000ff000a9c26df,29,AU,"Dear Valued Customer,
Thank you for sharing your feedback with us—it truly matters and helps us grow. We are dedicated to continuously improving our services to provide you with the best possible shopping experience. Your satisfaction is our top priority, and we assure you that we take your concerns very seriously.
We deeply value your input and are grateful for your support. If you need further assistance or have any additional questions, please don't hesitate to reach out to our Help Center at https://helpcenter.aliexpress.com/s/BuyerHelp.
Warm regards,
AliExpress Customer Service Team",2026-07-17T02:40:08.000Z
www.aliexpress.com,id:6a58be4255613ca2387a03f9,native_id,6a58be4255613ca2387a03f9,https://www.trustpilot.com/reviews/6a58be4255613ca2387a03f9,1,You never get what U ordered and pieces…,"You never get what U ordered and pieces are missing, or they don't work. Or they are unhealthy or dangerous.
Delete the app and go back to eBay like me . 
Even the email adres is not real. And can never get a human on a phone. Terrible place to buy. ",2026-07-16T13:19:30.000Z,2026-07-01T00:00:00.000Z,en,2,not-verified,false,Organic,marcel tromp,65c029bd59efed001255d033,2,AU,"Dear Customer,
Unfortunately, we are unable to process your case as the request information form has not been filled out, and we lack the necessary details to proceed. We apologize for any inconvenience this may have caused. If you need further assistance or have any additional questions, please don't hesitate to reach out to our Help Center at https://helpcenter.aliexpress.com/s/BuyerHelp.
Best regards,
AliExpress Customer Service Team",2026-07-17T03:09:59.000Z
www.aliexpress.com,id:6a58ae2fb267d79ae3ec3e66,native_id,6a58ae2fb267d79ae3ec3e66,https://www.trustpilot.com/reviews/6a58ae2fb267d79ae3ec3e66,5,Love dealing with your company,"Love dealing with your company. No hassle returns, excellent products & lovely customer service operators.",2026-07-16T12:10:55.000Z,2026-07-02T00:00:00.000Z,en,0,invited,false,BasicLink,Kim,6a58ae1ab06fbf0dd6e7395d,1,AU,"Dear Customer,
Thanks for taking the time to share your feedback. We're glad you're enjoying shopping with us. Our team is always here to provide a great experience, and it's awesome to know you're happy with what we do.
Best regards,
AliExpress Customer Service Team",2026-07-17T02:41:19.000Z
www.aliexpress.com,id:6a58a8d784356b18d09d2579,native_id,6a58a8d784356b18d09d2579,https://www.trustpilot.com/reviews/6a58a8d784356b18d09d2579,4,parts ok work well,parts ok work well ,2026-07-16T11:48:07.000Z,2026-06-14T00:00:00.000Z,en,0,invited,false,BasicLink,Iain Murray,6077f9004cc0da001a4dbc9b,14,GB,"Dear Valued Customer,
Thank you for sharing your feedback with us—it truly matters and helps us grow. We are dedicated to continuously improving our services to provide you with the best possible shopping experience. Your satisfaction is our top priority, and we assure you that we take your concerns very seriously.
We deeply value your input and are grateful for your support. If you need further assistance or have any additional questions, please don't hesitate to reach out to our Help Center at https://helpcenter.aliexpress.com/s/BuyerHelp.
Warm regards,
AliExpress Customer Service Team",2026-07-17T02:42:14.000Z
www.aliexpress.com,id:6a588bcf89826b2d6c3c6191,native_id,6a588bcf89826b2d6c3c6191,https://www.trustpilot.com/reviews/6a588bcf89826b2d6c3c6191,1,Worst platform that they’re terrible…,Worst platform that they’re terrible with the courier they’re participating… they usually leave the parcel outside of the building and left the parcel outside of the apartment that easy to stolen… and I’ve dispute that AliExpress didn’t give me the refund.. I’m putting a dispute on Fair trading now.. again don’t buy staff from AliExpress if you live in the apartment…,2026-07-16T09:44:15.000Z,2026-07-11T00:00:00.000Z,en,1,not-verified,false,Organic,Emrah PEKDEMIR,65b521f2a052ec0012187087,2,AU,"Dear Customer,
Due to the lack of completed request information form, we regret to inform you that we are unable to process your case due to insufficient information. Please accept our deepest apologies for any inconvenience you've faced. If you need further assistance or have any additional questions, please don't hesitate to consult our Help Center at AliExpress.
https://helpcenter.aliexpress.com/s/BuyerHelp
Thank you for your understanding and cooperation.
Best regards,
AliExpress Customer Service Team",2026-07-17T03:41:28.000Z
www.aliexpress.com,id:6a586ca077d077b175083b9f,native_id,6a586ca077d077b175083b9f,https://www.trustpilot.com/reviews/6a586ca077d077b175083b9f,5,I highly recommend,"I highly recommend
I am very satisfied with everything I order from AliExpress. The packaging is always great, usually in bubble wrap bags. I also love that you can earn shopping credits by playing easy games. The live agent chat support is excellent, very helpful and friendly. The only downside is that shipping to Macedonia takes a long time",2026-07-16T07:31:12.000Z,2026-07-14T00:00:00.000Z,en,0,not-verified,false,Organic,g.sh,619bfafc9435030012fcfd0b,5,MK,"Dear Valued Customer,
Thank you for sharing your feedback with us—it truly matters and helps us grow. We are dedicated to continuously improving our services to provide you with the best possible shopping experience. Your satisfaction is our top priority, and we assure you that we take your concerns very seriously.
We deeply value your input and are grateful for your support. If you need further assistance or have any additional questions, please don't hesitate to reach out to our Help Center at https://helpcenter.aliexpress.com/s/BuyerHelp.
Warm regards,
AliExpress Customer Service Team",2026-07-17T02:45:14.000Z
www.aliexpress.com,id:6a5864b3e62b1e8672057699,native_id,6a5864b3e62b1e8672057699,https://www.trustpilot.com/reviews/6a5864b3e62b1e8672057699,5,Great place to shop .,Great place to shop .,2026-07-16T06:57:23.000Z,2026-06-02T00:00:00.000Z,en,0,invited,false,BasicLink,Geoffrey,69b65c47c9f17693e9d8b602,4,AU,"Dear Customer,
Thanks for taking the time to share your feedback. We're glad you're enjoying shopping with us. Our team is always here to provide a great experience, and it's awesome to know you're happy with what we do.
Best regards,
AliExpress Customer Service Team",2026-07-17T02:45:42.000Z
www.aliexpress.com,id:6a58548a2a355792aee4d07e,native_id,6a58548a2a355792aee4d07e,https://www.trustpilot.com/reviews/6a58548a2a355792aee4d07e,5,I like the way the company responded to…my orders,I like the way the company responds to their customers in very good shipping terms and timing . Good descriptions of the products and exceptional quality.,2026-07-16T05:48:26.000Z,2026-06-11T00:00:00.000Z,en,0,invited,false,BasicLink,Teodor,587d56040000ff000a6d1e30,5,AU,"Dear Customer,
Thanks for taking the time to share your feedback. We're glad you're enjoying shopping with us. Our team is always here to provide a great experience, and it's awesome to know you're happy with what we do.
Best regards,
AliExpress Customer Service Team",2026-07-17T02:46:12.000Z
www.aliexpress.com,id:6a58538edbef3055d5399c9e,native_id,6a58538edbef3055d5399c9e,https://www.trustpilot.com/reviews/6a58538edbef3055d5399c9e,5,no complaints,no complaints,2026-07-16T05:44:14.000Z,2026-06-15T00:00:00.000Z,en,0,invited,false,BasicLink,George Caracoudis,5f0845f890db5c7ac5897868,3,AU,"Dear Customer,
Thanks for taking the time to share your feedback. We're glad you're enjoying shopping with us. Our team is always here to provide a great experience, and it's awesome to know you're happy with what we do.
Best regards,
AliExpress Customer Service Team",2026-07-17T02:46:31.000Z
www.aliexpress.com,id:6a5850001b924c8e6178ef5c,native_id,6a5850001b924c8e6178ef5c,https://www.trustpilot.com/reviews/6a5850001b924c8e6178ef5c,5,"Easy to shop,reasonably priced items","Easy to shop,reasonably priced items, good delivery  time, happy with the service. ",2026-07-16T05:29:04.000Z,2026-07-02T00:00:00.000Z,en,0,invited,false,BasicLink,Ross Selby,5cc8e31e1937014f0ee2b05b,9,AU,"Dear Customer,
Thanks for taking the time to share your feedback. We're glad you're enjoying shopping with us. Our team is always here to provide a great experience, and it's awesome to know you're happy with what we do.
Best regards,
AliExpress Customer Service Team",2026-07-17T02:46:44.000Z
www.aliexpress.com,id:6a583fee3a7da11bfb47b30a,native_id,6a583fee3a7da11bfb47b30a,https://www.trustpilot.com/reviews/6a583fee3a7da11bfb47b30a,5,Great deals on AliExpress!,"Aliexpress is just one of those sites you can't wait to click back on to see what deals are available. 
Countless products for sale. Great deals. Great customer support. Fast international shipping. Everything you'd expect and more for a top-notch online retail platform.",2026-07-16T04:20:30.000Z,2026-07-16T00:00:00.000Z,en,0,invited,false,BasicLink,O. Rhode,55186cce0000ff0001b4d05c,7,GB,"Dear Customer,
Thanks for taking the time to share your feedback. We're glad you're enjoying shopping with us. Our team is always here to provide a great experience, and it's awesome to know you're happy with what we do.
Best regards,
AliExpress Customer Service Team",2026-07-17T02:47:02.000Z
www.aliexpress.com,id:6a583f525769f76864fb47a9,native_id,6a583f525769f76864fb47a9,https://www.trustpilot.com/reviews/6a583f525769f76864fb47a9,1,Ican provide photos You are lying to the goods are not how…,"You are lying to the goods are not how they described in your advertisement. 
And speedx who is responsible for the logistics is worst company in the world.
",2026-07-16T04:17:54.000Z,2026-06-23T00:00:00.000Z,en,2,invited,false,BasicLink,haytham shaoni,6a583f2cc2526c40778bd6ee,1,AU,"Dear Customer.

Thank you for contacting us. We apologise for your unpleasant shopping experience. Our agent sent you an email, please check it out. If you have any questions, please feel free to reply to us via email and we will respond as soon as possible.

Thank you for your understanding and support!

Sincerely.

AliExpress Customer Service Team",2026-07-17T05:37:07.000Z
www.aliexpress.com,id:6a582acfa8d7449d89881215,native_id,6a582acfa8d7449d89881215,https://www.trustpilot.com/reviews/6a582acfa8d7449d89881215,1,What I wish I'd known before buying cycling clothing from AliExpress.,"I purchased three items of cycling clothing from AliExpress for almost NZ$200. For varying reasons the items were unsuitable and not what I expected.The fabric quality was generally good, but the after-sales experience and dispute process were extremely disappointing. 
Here's what I wish I'd known before ordering.
1. Don't assume the published size guide is accurate.
I ordered one jersey according to the seller's published body measurements. My chest and waist measurements fell within the advertised size range, yet the jersey was significantly too small to wear. I supplied evidence of my body measurements + the seller's size chart and measurements of the actual garment, but my claim was rejected (no valid reason given).
2. Product photos don't always tell the full story.
A second cycling jersey looked excellent online, but the rear pockets were positioned much higher than every other well-fitting cycling jersey that I own. Rear pockets are an essential functional feature for cyclists. Their high-up-the-back position made them difficult and impractical to access while riding. I supplied comparison photographs and measurements to demonstrate the difference. Their response was the standard:- Your request was closed as the supporting information you provided was not sufficient.
3. Check that the product you receive actually matches the listing.
A thermal cycling vest was advertised with three rear pockets, but the vest I received had no rear pockets at all. I provided photographs and screenshots of the listing to demonstrate the difference.
4. Expect to provide extensive evidence if something goes wrong.
I supplied photographs, measurements, screenshots, comparison images and detailed written explanations for every dispute. Be prepared to document everything from the moment your parcel arrives.
5. Don't expect the dispute process to explain its decisions.
My disputes and appeals were repeatedly rejected with generic statements that my evidence was ""insufficient"", but without explaining why or addressing the specific evidence I had submitted. My evidence clearly demonstrated the issue. This left me with the impression that my submissions had not been truly considered. 
6. Returning an item is not as straightforward as it sounds.
AliExpress eventually agreed that I could return the vest, but only after paying international return postage to China upfront (which is almost as much as the cost of item itself). Although the seller is stated to be responsible for return shipping where an item is not as described, there was no clear or reliable assurance that I would be reimbursed in cash. The guidance also refers to reimbursement by AliExpress coupon in some circumstances, which is of limited value if you no longer wish to shop on the platform.
7. The biggest risk isn't the clothing - it's the after-sales process.
My greatest disappointment wasn't that some items weren't suitable. It was the dispute process itself, which I found opaque, inconsistent and unnecessarily difficult despite making every effort to provide the requested evidence and resolve matters professionally with both the sellers and AliExpress. In my experience, the process eventually reached a point where there was no meaningful opportunity to discuss or clarify the issues further, even though I still had additional evidence and unanswered questions. I was left feeling that the process had become procedural rather than focused on achieving a fair outcome.
8. This experience changed my buying behaviour.
I have purchased many items through other online marketplaces and have always found the returns process straightforward, transparent and customer-focused. This experience with AliExpress has had the opposite effect. Rather than building confidence in the platform, it has reinforced my preference to shop elsewhere. Price is important, but trust, fairness and responsive customer service are ultimately what determine where I choose to spend my money.
My conclusion
Based on this experience, I will not purchase through AliExpress again. If you do choose to buy, do so knowing that you may waste your money and have nothing to show for it. Even though I demonstrated strong evidence, all my time and efforts got me nowhere. So by all means, take screenshots of every product listing, keep all correspondence and photograph every item as soon as it arrives – but know this may get you nowhere. I hope your experience is better than mine, but I believe buyers should understand the risks & potential difficulties of the returns and dispute process before ordering. 

Further Update – 23 Jul 2026
AE did email me - invited questions, ignored my reply, no way to upload evidence, then closed my appeal for missing the deadline.

",2026-07-16T02:50:23.000Z,2026-07-09T00:00:00.000Z,en,1,not-verified,false,Organic,Larri,63b733ab22ed5b0012473160,3,NZ,"Dear Customer.

Thank you for contacting us. We apologise for your unpleasant shopping experience. Our agent sent you an email, please check it out. If you have any questions, please feel free to reply to us via email and we will respond as soon as possible.

Thank you for your understanding and support!

Sincerely.

AliExpress Customer Service Team",2026-07-16T03:05:40.000Z
thehalara.com,id:6a69b821b8d34c5c3183852e,native_id,6a69b821b8d34c5c3183852e,https://www.trustpilot.com/reviews/6a69b821b8d34c5c3183852e,5,Couldn’t ask for better after sales help,Couldn’t ask for better after sales help,2026-07-29T10:21:53.000Z,2026-07-22T00:00:00.000Z,en,0,verified,true,InvitationApi,Sharon,5d35f466adcf32014e9af339,10,GB,,
thehalara.com,id:6a69b625b30fb339394502ea,native_id,6a69b625b30fb339394502ea,https://www.trustpilot.com/reviews/6a69b625b30fb339394502ea,1,Placed an order over 2 months ago,"Placed an order over 2 months ago, still waiting, not even shipped yet. Wondered if website is genuine!!! ",2026-07-29T10:13:25.000Z,2026-07-29T00:00:00.000Z,en,0,not-verified,false,Organic,Ms Nikki Thornhill,57dd146f0000ff000a453892,8,GB,,
thehalara.com,id:6a69b4f00fe7679e40aa2ad3,native_id,6a69b4f00fe7679e40aa2ad3,https://www.trustpilot.com/reviews/6a69b4f00fe7679e40aa2ad3,5,Quick response and hassle free return,The shirt I ordered was too small in the chest so I needed to return it. They replied quick and sent me a gift card refund to order another shirt and they didn’t have me bother returning the other shirt. Very happy with how easy it was.,2026-07-29T10:08:16.000Z,2026-07-17T00:00:00.000Z,en,0,verified,true,InvitationApi,Andrea,6a69b4ef236e3de2e0e97f1c,1,US,,
thehalara.com,id:6a69b16f9b15a4b576d632fa,native_id,6a69b16f9b15a4b576d632fa,https://www.trustpilot.com/reviews/6a69b16f9b15a4b576d632fa,5,Good quality product.,Good quality product.,2026-07-29T09:53:19.000Z,2026-07-22T00:00:00.000Z,en,0,verified,true,InvitationApi,Elaine,6a69b16eff3db26776c85a83,1,GB,,
thehalara.com,id:6a69ae9f8233f1287a145dff,native_id,6a69ae9f8233f1287a145dff,https://www.trustpilot.com/reviews/6a69ae9f8233f1287a145dff,3,It took a long time to ship,It took a long time to ship. The dress does not look right on me. I would like to return. I am not seeing options because when I bought them I checked out as a guest. The material is nice. Great quality. ,2026-07-29T09:41:19.000Z,2026-07-26T00:00:00.000Z,en,0,verified,true,InvitationApi,AUTUMN COPLEN,56147caa0000ff0001e12725,2,US,,
thehalara.com,id:6a69ad445f6437cb4cefcbab,native_id,6a69ad445f6437cb4cefcbab,https://www.trustpilot.com/reviews/6a69ad445f6437cb4cefcbab,4,Comfortable and well made,The shorts and trousers I purchased are comfortable and well made - I will buy more from Halara. More information on delivery times before I purchased them would have been helpful.,2026-07-29T09:35:32.000Z,2026-06-20T00:00:00.000Z,en,0,verified,true,InvitationApi,Julia Buckley,6407b27d16dc890012af8235,6,GB,,
thehalara.com,id:6a69a99b07b073b39aec5186,native_id,6a69a99b07b073b39aec5186,https://www.trustpilot.com/reviews/6a69a99b07b073b39aec5186,3,Love the items but takes so long to get…,Love the items but takes so long to get delivered ,2026-07-29T09:19:55.000Z,2026-07-19T00:00:00.000Z,en,0,verified,true,InvitationApi,Ashley Kelley,6728d563f1f87d60a9efefd1,2,US,,
thehalara.com,id:6a69a4b92d3b3104ef69df0d,native_id,6a69a4b92d3b3104ef69df0d,https://www.trustpilot.com/reviews/6a69a4b92d3b3104ef69df0d,4,I ordered 2 pairs of shorts which are…,"I ordered 2 pairs of shorts which are very comfortable and good quality. I was given the option of speedy delivery within 2-5 working days which I paid extra for and they took nearly 4 weeks to turn up because they was a sale item, I don’t think you should offer a speedy delivery service for sale items if you don’t deliver in the time frame. I would order from you again but with normal delivery.",2026-07-29T08:59:05.000Z,2026-07-23T00:00:00.000Z,en,0,verified,true,InvitationApi,Trudi Denton,553800e20000ff0001ba2766,5,GB,,
thehalara.com,id:6a699f0acb194e0e7f4ce893,native_id,6a699f0acb194e0e7f4ce893,https://www.trustpilot.com/reviews/6a699f0acb194e0e7f4ce893,5,I like the dresses,"I like the dresses, I like the material. The sizing is good and I like that some of the dresses have built-in bras. That’s very important for me to have a built-in bra. The length is nice and everything that I have received was good quality and well seamed.",2026-07-29T08:34:50.000Z,2026-07-27T00:00:00.000Z,en,0,verified,true,InvitationApi,K/Mab♡♢♢♢♢♢♢,57d73a0d0000ff000a43ce62,3,US,,
thehalara.com,id:6a69970bf0bc0364dd620fbb,native_id,6a69970bf0bc0364dd620fbb,https://www.trustpilot.com/reviews/6a69970bf0bc0364dd620fbb,4,Didn't fit,"Didn't fit. They very quickly offered a refund or voucher. I chose the voucher and have a replacement on its way. I'm happy with the follow up service. The first product was cheap plastic fabric so it's just another cheap factory pumped out money maker.
Never purchasing again.",2026-07-29T08:00:43.000Z,2026-07-01T00:00:00.000Z,en,0,not-verified,false,Organic,Louise,608f4af8bcb4b000195c38f9,3,US,,
thehalara.com,id:6a69921c0d31f378382dab38,native_id,6a69921c0d31f378382dab38,https://www.trustpilot.com/reviews/6a69921c0d31f378382dab38,5,Love these 101/10 would recommend! ,I recommend these brand of leggings to everyone I know that ask about them! Love them definitely gonna purchase more soon! ,2026-07-29T07:39:40.000Z,2026-07-19T00:00:00.000Z,en,0,verified,true,InvitationApi,Kimberly  Nazario,60edc35f85e25d0012ab3320,3,US,,
thehalara.com,id:6a698ddeb2e8b2f6191820c0,native_id,6a698ddeb2e8b2f6191820c0,https://www.trustpilot.com/reviews/6a698ddeb2e8b2f6191820c0,1,I used the measurement guide and…,I used the measurement guide and ordered the size it said I would wear. It is way too big and I am being given the run around and not allowed to return it,2026-07-29T07:21:34.000Z,2026-07-27T00:00:00.000Z,en,0,verified,true,InvitationApi,amanda,6a698ddeff3db212b3c83542,1,US,,
thehalara.com,id:6a698db8fad12fa68d2f06a7,native_id,6a698db8fad12fa68d2f06a7,https://www.trustpilot.com/reviews/6a698db8fad12fa68d2f06a7,5,Great products and great pricing,Great products and great pricing. Fabrics are soft and launder well.  ,2026-07-29T07:20:56.000Z,2026-07-26T00:00:00.000Z,en,0,verified,true,InvitationApi,Alice Lynn Feldman,61834c55aeb80c0012126e2f,7,US,,
thehalara.com,id:6a6989f71e2c19d8115626b5,native_id,6a6989f71e2c19d8115626b5,https://www.trustpilot.com/reviews/6a6989f71e2c19d8115626b5,4,Arrived late but like the items …,"Order a bunch of items for an upcoming vacation. They didn’t arrive in time for me to take on my trip, but I have since opened up the package and enjoyed the quality and style of each of the items that I purchased.",2026-07-29T07:04:55.000Z,2026-07-20T00:00:00.000Z,en,0,verified,true,InvitationApi,Karen,6a6989f6b06fbf0e16fa980f,1,US,,
thehalara.com,id:6a6984f83983de94e7e894ae,native_id,6a6984f83983de94e7e894ae,https://www.trustpilot.com/reviews/6a6984f83983de94e7e894ae,5,Good customer service,Good customer service. Clothes fit well,2026-07-29T06:43:36.000Z,2026-07-20T00:00:00.000Z,en,0,verified,true,InvitationApi,Sara,6a6984f8236e3d798de94e7f,1,US,,
thehalara.com,id:6a697f37131b1fc849952d02,native_id,6a697f37131b1fc849952d02,https://www.trustpilot.com/reviews/6a697f37131b1fc849952d02,1,The shorts didn't fit and no one got…,The shorts didn't fit and no one got hack to me about Returning them,2026-07-29T06:19:03.000Z,2026-04-24T00:00:00.000Z,en,0,verified,true,InvitationApi,Betty Hopper,62328abcda0b2500127c6a87,10,US,,
thehalara.com,id:6a69783d4466481756fd1dde,native_id,6a69783d4466481756fd1dde,https://www.trustpilot.com/reviews/6a69783d4466481756fd1dde,5,Quick response time ,Clothes are so soft and true to size. Customer service quick response time,2026-07-29T05:49:17.000Z,2026-07-20T00:00:00.000Z,en,0,verified,true,InvitationApi,Samantha,6a69783cff3db25a7fc82bcd,1,US,,
thehalara.com,id:6a69778814bd2793c572da35,native_id,6a69778814bd2793c572da35,https://www.trustpilot.com/reviews/6a69778814bd2793c572da35,1,I got notice the package was delivered,"I got notice the package was delivered, if it was it wasn't to my house.  I was told sometimes carrier's mark delivered when in fact it maybe a few days.  It is now 5 days since I received the message that the package is was delivered.",2026-07-29T05:46:16.000Z,2026-07-25T00:00:00.000Z,en,0,verified,true,InvitationApi,Sharon,6a697787236e3d8214e94877,1,US,,
thehalara.com,id:6a6974faf429776ab4c56f18,native_id,6a6974faf429776ab4c56f18,https://www.trustpilot.com/reviews/6a6974faf429776ab4c56f18,1,Never received my item,"Never received my item.  Tracking claims delivered, but home all day, and no activity on my camera.  Tried reporting thru the website, to no avail.  None of the links to get help worked well.  Very dissatisied.",2026-07-29T05:35:22.000Z,2026-07-26T00:00:00.000Z,en,0,verified,true,InvitationApi,Shirley,6a275d42dd910c9ba7876351,2,US,,
thehalara.com,id:6a697485b19e179bc0a249dc,native_id,6a697485b19e179bc0a249dc,https://www.trustpilot.com/reviews/6a697485b19e179bc0a249dc,1,The pants were misdescribed,The pants were misdescribed. I had no idea what was coming from China.,2026-07-29T05:33:25.000Z,2026-07-20T00:00:00.000Z,en,0,verified,true,InvitationApi,Jill,6a697484ff3db253ffc82a1d,1,US,,
thehalara.com,id:6a6972aea38a3216b465e223,native_id,6a6972aea38a3216b465e223,https://www.trustpilot.com/reviews/6a6972aea38a3216b465e223,1,I’m missing an item and I’m not getting…,"I’m missing an item and I’m not getting any help at solving my issue 
",2026-07-29T05:25:34.000Z,2026-07-26T00:00:00.000Z,en,0,verified,true,InvitationApi,Candace,6a6972adb06fbfad9efa8df2,1,US,,
thehalara.com,id:6a6970dcaccec45b2ab7df96,native_id,6a6970dcaccec45b2ab7df96,https://www.trustpilot.com/reviews/6a6970dcaccec45b2ab7df96,5,I love the fit,I love the fit,2026-07-29T05:17:48.000Z,2026-07-20T00:00:00.000Z,en,0,verified,true,InvitationApi,Elizabeth LUNIQUE,6938f44300ecba962680b6ca,2,US,,
thehalara.com,id:6a696e6c5484f7276257ad39,native_id,6a696e6c5484f7276257ad39,https://www.trustpilot.com/reviews/6a696e6c5484f7276257ad39,5,Fit perfectly,"Fit perfectly, and very comfortable!",2026-07-29T05:07:24.000Z,2026-07-20T00:00:00.000Z,en,0,verified,true,InvitationApi,Janine,6a696e6b7b418cd1379251c2,1,US,,
thehalara.com,id:6a696e616672a689e9ad453e,native_id,6a696e616672a689e9ad453e,https://www.trustpilot.com/reviews/6a696e616672a689e9ad453e,2,I ordered the same size as other pants…,I ordered the same size as other pants but need to exchange. Just a hassle and i might have waited too long but was away on vacation. ,2026-07-29T05:07:13.000Z,2026-07-14T00:00:00.000Z,en,0,verified,true,InvitationApi,Holly,6a696e607b418c812d9251bb,1,US,,
thehalara.com,id:6a696dfdbc4174afda3302a1,native_id,6a696dfdbc4174afda3302a1,https://www.trustpilot.com/reviews/6a696dfdbc4174afda3302a1,5,"Nice, soft shorts with various inseam choices","Halara's site is user friendly. I love that Halara tells us the inseam length, this was a big part of my decision to try Halara shorts.I bought two pair of shorts, in my usual size.I am 5'9 120lbs and the small fits great. The material is very soft and so far, no riding up. I also like that you can easily track your order. Shipping was very fast! I ordered on a pre order sale and agreeded that my order would ship on August 1st, my order was delivered July 26th. Halara also gave me a nice hair scrunchie for free!
",2026-07-29T05:05:33.000Z,2026-07-26T00:00:00.000Z,en,0,verified,true,InvitationApi,Kathy,5e286b5ffe898963e620ca58,4,US,,
thehalara.com,id:6a696d9bbc68071bf46b3e6c,native_id,6a696d9bbc68071bf46b3e6c,https://www.trustpilot.com/reviews/6a696d9bbc68071bf46b3e6c,5,These pants exceeded my expectations,"These pants exceeded my expectations! The quality of the fabric is fantastic—soft, durable, and not see-through at all. The fit is incredibly flattering and true to the size chart. They are super comfortable to sit, walk, and move in. I will definitely be ordering them in more colors!",2026-07-29T05:03:55.000Z,2026-07-20T00:00:00.000Z,en,0,verified,true,InvitationApi,Claribel Placeres,60ca2a8b64813d001a5d6610,4,US,,
thehalara.com,id:6a696d8279811136d950649d,native_id,6a696d8279811136d950649d,https://www.trustpilot.com/reviews/6a696d8279811136d950649d,5,Great ,Great service communication and once received great product could not fault anything ,2026-07-29T05:03:30.000Z,2026-07-25T00:00:00.000Z,en,0,verified,true,InvitationApi,Miss Helen Ball,5abec1764de5666d34672c5b,26,GB,,
thehalara.com,id:6a696d41779972b3bb7c39b8,native_id,6a696d41779972b3bb7c39b8,https://www.trustpilot.com/reviews/6a696d41779972b3bb7c39b8,5,Very comfortable to wear even during my…,Very comfortable to wear even during my puffy days. ,2026-07-29T05:02:25.000Z,2026-07-20T00:00:00.000Z,en,0,verified,true,InvitationApi,Nicole,6a696d40c2526c14d29f96bd,1,US,,
thehalara.com,id:6a696d0b7f742baefca67fcf,native_id,6a696d0b7f742baefca67fcf,https://www.trustpilot.com/reviews/6a696d0b7f742baefca67fcf,4,I’m happy with the purchase,I’m happy with the purchase. Shipping was slow,2026-07-29T05:01:31.000Z,2026-07-20T00:00:00.000Z,en,0,verified,true,InvitationApi,Carole-Ann Seneski,60009bb60fe4a20019bdadd5,2,US,,
thehalara.com,id:6a696c0e40db12f241dc2cbc,native_id,6a696c0e40db12f241dc2cbc,https://www.trustpilot.com/reviews/6a696c0e40db12f241dc2cbc,3,The two pairs of pants of the same size…,"The two pairs of pants of the same size are actually different, with one being larger and the other smaller.",2026-07-29T04:57:18.000Z,2026-07-20T00:00:00.000Z,en,0,verified,true,InvitationApi,Situ Sun,65a04c90c599440012594a48,2,US,,
thehalara.com,id:6a6969a5141e1f301d539e17,native_id,6a6969a5141e1f301d539e17,https://www.trustpilot.com/reviews/6a6969a5141e1f301d539e17,1,sizing wrong and horrible to try to…,sizing wrong and horrible to try to find return options.,2026-07-29T04:47:01.000Z,2026-07-27T00:00:00.000Z,en,0,verified,true,InvitationApi,heidi,6a6969a47b418c16be924fa6,1,US,,
thehalara.com,id:6a69686e53b474a5066729be,native_id,6a69686e53b474a5066729be,https://www.trustpilot.com/reviews/6a69686e53b474a5066729be,5,Happy,Great product,2026-07-29T04:41:50.000Z,2026-07-20T00:00:00.000Z,en,0,verified,true,InvitationApi,Jessica,6a69686dc2526cfcac9f949d,1,US,,
thehalara.com,id:6a6965a4aecbef1e1a540d72,native_id,6a6965a4aecbef1e1a540d72,https://www.trustpilot.com/reviews/6a6965a4aecbef1e1a540d72,1,Customer service is highly lacking,"Customer service is highly lacking. 
Still waiting for a reply to my message on Live Chat I sent several days ago. They will not refund the $29.99 ""super express"" shipping (5-7 working days) when it obviously is not. Order placed 15/07/26 and was advised that order ETA is 04/08/26. Tried to cancel the order but they could not. Looking at the issues many customers have with returns, I'm not looking forward to that saga! ",2026-07-29T04:29:56.000Z,2026-07-29T00:00:00.000Z,en,0,not-verified,false,Organic,Linda Boudville,5b6056f74de5666d342306df,2,AU,"Hello,
We’re sorry to hear about your concerns and understand your hesitation.
To help us properly review your case and provide accurate assistance, could you please kindly share your order number? Alternatively, you may also email your details to us at service@cs.halara.com, and our team will be happy to look into this for you.
We appreciate your feedback and the opportunity to clarify any misunderstandings.",2026-07-29T06:43:34.000Z
thehalara.com,id:6a696345064cbda09cdb99f7,native_id,6a696345064cbda09cdb99f7,https://www.trustpilot.com/reviews/6a696345064cbda09cdb99f7,4,Overall like most of the pants,Overall like most of the pants. The material on light gray pants very wrinkled.,2026-07-29T04:19:50.000Z,2026-07-20T00:00:00.000Z,en,0,verified,true,InvitationApi,DF,61993a645b1b0d0012c121d2,3,US,,
thehalara.com,id:6a696336fda56e515434ad1f,native_id,6a696336fda56e515434ad1f,https://www.trustpilot.com/reviews/6a696336fda56e515434ad1f,5,I had my order within about 10 days,I had my order within about 10 days. I ordered size medium in a top and bottom and they both fit very well. The material is really nice quality and looks high end. I will be ordering more. Very satisfied.,2026-07-29T04:19:34.000Z,2026-07-20T00:00:00.000Z,en,0,verified,true,InvitationApi,Annette Hamm,66759eb9d305a153cb3840a7,3,US,,
thehalara.com,id:6a69605f713d1615ed5d6f44,native_id,6a69605f713d1615ed5d6f44,https://www.trustpilot.com/reviews/6a69605f713d1615ed5d6f44,5,Love to wear for Zumba!,Easy to order. Good updates.,2026-07-29T04:07:27.000Z,2026-07-27T00:00:00.000Z,en,0,verified,true,InvitationApi,Terrie,6a69605ec2526c9ec69f9083,1,US,,
thehalara.com,id:6a695e240a333f0bfb892e6f,native_id,6a695e240a333f0bfb892e6f,https://www.trustpilot.com/reviews/6a695e240a333f0bfb892e6f,5,Will order again,"My order came in a great amount of time. Colors were exactly as expected. Fit was great and length (I'm 5'9"" and ordered tall/long) was perfect. They are very comfortable too. Just missing loops in the back to hold a belt properly, not that a belt is needed but they sometimes help to complete a look. ",2026-07-29T03:57:56.000Z,2026-07-20T00:00:00.000Z,en,0,verified,true,InvitationApi,Kristen,6a695e237b418c6d859249d3,1,US,,
thehalara.com,id:6a695e0b19d4d8b06b94c99a,native_id,6a695e0b19d4d8b06b94c99a,https://www.trustpilot.com/reviews/6a695e0b19d4d8b06b94c99a,5,Affordable prices and amazing…,Affordable prices and amazing quality!!!!,2026-07-29T03:57:31.000Z,2026-07-20T00:00:00.000Z,en,0,verified,true,InvitationApi,Joanna,6a695e09ff3db26062c81fde,1,US,,
thehalara.com,id:6a695d17fccaa6af087b06a0,native_id,6a695d17fccaa6af087b06a0,https://www.trustpilot.com/reviews/6a695d17fccaa6af087b06a0,5,Shipping was fast...quality material,Shipping was fast...quality material ,2026-07-29T03:53:27.000Z,2026-07-20T00:00:00.000Z,en,0,verified,true,InvitationApi,Cylvalin,6a695d17236e3dacfde93c76,1,US,,
thehalara.com,id:6a695d0ee8d790f29764efd5,native_id,6a695d0ee8d790f29764efd5,https://www.trustpilot.com/reviews/6a695d0ee8d790f29764efd5,5,Orders arrive in a timely fashion and…,Orders arrive in a timely fashion and are true to size and description online,2026-07-29T03:53:18.000Z,2026-07-18T00:00:00.000Z,en,0,verified,true,InvitationApi,Alyssa,6a695d0eb06fbfa99dfa8417,1,US,,
thehalara.com,id:6a695bb97b9fbf8e3a11ac58,native_id,6a695bb97b9fbf8e3a11ac58,https://www.trustpilot.com/reviews/6a695bb97b9fbf8e3a11ac58,5,Ordering was easy love the jeans,Ordering was easy love the jeans,2026-07-29T03:47:37.000Z,2026-07-27T00:00:00.000Z,en,0,verified,true,InvitationApi,Karen Worthington,6697ff2362ad55e5b20436e7,4,US,,
thehalara.com,id:6a695969cb539134b6410427,native_id,6a695969cb539134b6410427,https://www.trustpilot.com/reviews/6a695969cb539134b6410427,3,Some items do not look or fit the way…,"Some items do not look or fit the way they are shown in the pictures. Some items are nice quality, others are not. Shipping time is excessive.",2026-07-29T03:37:46.000Z,2026-07-25T00:00:00.000Z,en,0,verified,true,InvitationApi,Katie,6a695968ff3db2fc29c81dcb,1,US,,
thehalara.com,id:6a695954e72a609386e25925,native_id,6a695954e72a609386e25925,https://www.trustpilot.com/reviews/6a695954e72a609386e25925,5,Nice jumpsuits,My order was delivered on time and the clothes are true to size. The jumpsuits are nice and look great.,2026-07-29T03:37:24.000Z,2026-07-27T00:00:00.000Z,en,0,verified,true,InvitationApi,Luz,6a695953ff3db2eb91c81dc4,1,US,,
thehalara.com,id:6a69588c7b1a281e9a0c41cd,native_id,6a69588c7b1a281e9a0c41cd,https://www.trustpilot.com/reviews/6a69588c7b1a281e9a0c41cd,5,Honestly you all NAILED IT with the…,Honestly you all NAILED IT with the easy peasy line! I love not having to get full naked to use the restroom. CHEF KISS,2026-07-29T03:34:04.000Z,2026-07-20T00:00:00.000Z,en,0,verified,true,InvitationApi,Cailee,6a69588bc2526c222d9f8c9c,1,US,,
thehalara.com,id:6a69572a64876d63f11bff7b,native_id,6a69572a64876d63f11bff7b,https://www.trustpilot.com/reviews/6a69572a64876d63f11bff7b,5,Quality Clothes ,"I love the quality of these clothes. I appreciate that the sizes are true to size, and they fit perfectly!",2026-07-29T03:28:10.000Z,2026-07-24T00:00:00.000Z,en,0,verified,true,InvitationApi,Joanna Carlyon,66c3a0afffb4b38162a5d1ce,3,US,,
thehalara.com,id:6a69563c828705da3d7cce2b,native_id,6a69563c828705da3d7cce2b,https://www.trustpilot.com/reviews/6a69563c828705da3d7cce2b,4,Everything that I ordered was great,Everything that I ordered was great. Hopefully the company will add petite sizes. And speed up the delivery. I almost cancelled my order because I thought maybe I was being scammed.,2026-07-29T03:24:12.000Z,2026-07-20T00:00:00.000Z,en,0,verified,true,InvitationApi,Rhonda,6a69563bb06fbf5d19fa80c9,1,US,,
thehalara.com,id:6a6955da95e03ccaac30aca2,native_id,6a6955da95e03ccaac30aca2,https://www.trustpilot.com/reviews/6a6955da95e03ccaac30aca2,4,"Cute, high quality dresses","Shipping was quick and everything ordered was as expected.  The addresses were all super cute, flattering and very high quality.  That said,  I was disappointed with the white halter dress with a bow in the back as the shorts are fully sewn in so you have to take the whole dress off (including untying the bow) to use the restroom.  Annoying as it takes a bit of finesse to get the bow tied so it looks pretty.  May be difficult when out. Overall, very pleased with purchases.  Will just be careful to read descriptions carefully and opt for separate shorts or the easy P version. :)",2026-07-29T03:22:34.000Z,2026-07-27T00:00:00.000Z,en,0,verified,true,InvitationApi,Lisa,6a6955dac2526c507b9f8b23,1,US,,
thehalara.com,id:6a6955989d2a4d4b02cc6e79,native_id,6a6955989d2a4d4b02cc6e79,https://www.trustpilot.com/reviews/6a6955989d2a4d4b02cc6e79,5,Well at first there were issues when…,Well at first there were issues when trying to return some items but finally Halara contacted me and was able to solve my issue to my complete satisfaction.,2026-07-29T03:21:28.000Z,2026-07-19T00:00:00.000Z,en,0,verified,true,InvitationApi,Patty,6989a07b45115dccf45c7750,2,ES,,
thehalara.com,id:6a6954e56162391a00423def,native_id,6a6954e56162391a00423def,https://www.trustpilot.com/reviews/6a6954e56162391a00423def,5,Quick,"Quick, responsive, loved the dresses",2026-07-29T03:18:29.000Z,2026-07-26T00:00:00.000Z,en,0,verified,true,InvitationApi,Allison,6a6954e4ff3db260bcc81bb5,1,US,,
thehalara.com,id:6a6953a5e0988c2a3f729b11,native_id,6a6953a5e0988c2a3f729b11,https://www.trustpilot.com/reviews/6a6953a5e0988c2a3f729b11,4,Very nice leggings,Very nice leggings. They were a little see thru but over all good leggings & I would buy again. ,2026-07-29T03:13:09.000Z,2025-11-29T00:00:00.000Z,en,0,verified,true,InvitationApi,Amy,62df4024327477001437e2e5,4,US,,
thehalara.com,id:6a69533599b39a3ffa058099,native_id,6a69533599b39a3ffa058099,https://www.trustpilot.com/reviews/6a69533599b39a3ffa058099,3,shrunk immediatly,I ordered a pair of pants and they fit perfect. I washed them on low heat and they shrunk so small that they do not fit the same anymore. Very disappointed and I feel like I wasted my money. ,2026-07-29T03:11:17.000Z,2026-07-18T00:00:00.000Z,en,0,verified,true,InvitationApi,Janelle,6a695334b06fbf7e2ffa7f41,1,US,,
thehalara.com,id:6a6952d01c6a18d8cdc00f17,native_id,6a6952d01c6a18d8cdc00f17,https://www.trustpilot.com/reviews/6a6952d01c6a18d8cdc00f17,5,True to fit - especially for super tall people,Amazing options for tall women. It is so hard to find work pants or jeans that are actually long enough and Halara was a great fit!,2026-07-29T03:09:36.000Z,2026-07-27T00:00:00.000Z,en,0,verified,true,InvitationApi,Lakshmi,678a7748536c5345303bf7ad,1,IN,,
thehalara.com,id:6a695178586f1a327833b110,native_id,6a695178586f1a327833b110,https://www.trustpilot.com/reviews/6a695178586f1a327833b110,1,I don’t recall this one,I don’t recall this onw,2026-07-29T03:03:52.000Z,2025-10-28T00:00:00.000Z,en,0,verified,true,InvitationApi,gayle Moseley,673540883879ad9f521a2a19,8,US,,
thehalara.com,id:6a6950bb2a013d0976b212a3,native_id,6a6950bb2a013d0976b212a3,https://www.trustpilot.com/reviews/6a6950bb2a013d0976b212a3,5,I love these overalls!,Easy to order. My overalls are adorable! Love this brand!,2026-07-29T03:00:43.000Z,2026-07-25T00:00:00.000Z,en,0,verified,true,InvitationApi,Linda Tighe,5e0132bcb14ccf0193f482ab,5,US,,
thehalara.com,id:6a6950b7149a31bb3dfbdb1e,native_id,6a6950b7149a31bb3dfbdb1e,https://www.trustpilot.com/reviews/6a6950b7149a31bb3dfbdb1e,3,Paid for expedited shipping ,"Paid for expedited shipping 
Ordered items on 7-14 for a trip that I took July 24, 25, 26th.   Items did not come until the 26th, which was the day I got home.   The category of shipping I paid extra for should have delivered before a couple days before I left.   Pretty irritated that I wasted my money and I would like a refund of those extra shipping charges. ",2026-07-29T03:00:40.000Z,2026-07-27T00:00:00.000Z,en,0,verified,true,InvitationApi,Sad Shipping,6a6950b6c2526cc8ce9f8894,1,US,,
thehalara.com,id:6a694f78737afb7ac13dcf76,native_id,6a694f78737afb7ac13dcf76,https://www.trustpilot.com/reviews/6a694f78737afb7ac13dcf76,5,Great experience!,Great experience! ,2026-07-29T02:55:20.000Z,2026-07-26T00:00:00.000Z,en,0,verified,true,InvitationApi,Beth,57470f090000ff000a23a32b,3,US,,
thehalara.com,id:6a694e9fa00f9129aef88dc6,native_id,6a694e9fa00f9129aef88dc6,https://www.trustpilot.com/reviews/6a694e9fa00f9129aef88dc6,5,Great shirt,Great shirt! Love the weight and quality!,2026-07-29T02:51:43.000Z,2026-07-26T00:00:00.000Z,en,0,verified,true,InvitationApi,Jenny K,64711cc61d6a690015a82d29,3,US,,
thehalara.com,id:6a694c7f8d3f012d409f8912,native_id,6a694c7f8d3f012d409f8912,https://www.trustpilot.com/reviews/6a694c7f8d3f012d409f8912,5,Love the many selections and ease in…,"Love the many selections and ease in ordering. The items arrive very quickly, in just a few days.",2026-07-29T02:42:39.000Z,2026-07-26T00:00:00.000Z,en,0,verified,true,InvitationApi,Karen Bocangel,582b5adc0000ff000a57a499,3,ES,,
thehalara.com,id:6a6949de9dc970932a8ab4ee,native_id,6a6949de9dc970932a8ab4ee,https://www.trustpilot.com/reviews/6a6949de9dc970932a8ab4ee,5,Excellent shopping experience,Excellent shopping experience.  Quick shipping. Quality products. Would definitely shop again.,2026-07-29T02:31:26.000Z,2026-07-26T00:00:00.000Z,en,0,verified,true,InvitationApi,Judy,6a6949ddc2526c462a9f84df,1,US,,
thehalara.com,id:6a69478462a2f970c0f8af99,native_id,6a69478462a2f970c0f8af99,https://www.trustpilot.com/reviews/6a69478462a2f970c0f8af99,5,Good quality,Good quality. Good price. ,2026-07-29T02:21:24.000Z,2026-07-26T00:00:00.000Z,en,0,verified,true,InvitationApi,Judye Kanfer,5cb0071fb158a8134e4442db,7,US,,
thehalara.com,id:6a6944a6a22528012c747b7f,native_id,6a6944a6a22528012c747b7f,https://www.trustpilot.com/reviews/6a6944a6a22528012c747b7f,5,The customer service was fantastic,The customer service was fantastic! I needed to return for a different size and they immediately showed me how and sent my new one out! I love the material and fit!  ,2026-07-29T02:09:10.000Z,2026-07-16T00:00:00.000Z,en,0,verified,true,InvitationApi,Lydia,6a6944a5c2526c32ea9f81c6,1,US,,
thehalara.com,id:6a69431fda29723bbc86676f,native_id,6a69431fda29723bbc86676f,https://www.trustpilot.com/reviews/6a69431fda29723bbc86676f,5,Fast delivery,Fast delivery. Clothes in all sizes available (not all sold out) and great color options.,2026-07-29T02:02:39.000Z,2026-07-16T00:00:00.000Z,en,0,verified,true,InvitationApi,Cammy,5fa9f631f7b0ee0019febe52,2,US,,
thehalara.com,id:6a69428aca389dac520c120a,native_id,6a69428aca389dac520c120a,https://www.trustpilot.com/reviews/6a69428aca389dac520c120a,5,Clothes are quality and comfortable,"Clothes are quality and comfortable. Shipping is pretty fast. I've gotten dresses, skirts, jumpsuits, shirts and pants. 

I already have my next order planned out.",2026-07-29T02:00:10.000Z,2026-07-26T00:00:00.000Z,en,0,verified,true,InvitationApi,Roseanna,6a69428aff3db25f61c8114b,1,US,,
thehalara.com,id:6a6941d849ed0bf60d31440b,native_id,6a6941d849ed0bf60d31440b,https://www.trustpilot.com/reviews/6a6941d849ed0bf60d31440b,1,Your sizing is completely off in some…,Your sizing is completely off in some items. I need an extra large and others a large. Also the website shows dresses with the same model and claims that they are completely different style number.,2026-07-29T01:57:12.000Z,2026-07-22T00:00:00.000Z,en,0,verified,true,InvitationApi,Madeline,63aceed24365b00012aab396,1,US,,
thehalara.com,id:6a6941b5fcd60f2a15d9990d,native_id,6a6941b5fcd60f2a15d9990d,https://www.trustpilot.com/reviews/6a6941b5fcd60f2a15d9990d,1,The pants don’t fit and I’m having…,The pants don’t fit and I’m having trouble returning it ,2026-07-29T01:56:37.000Z,2026-07-21T00:00:00.000Z,en,0,verified,true,InvitationApi,Goldie,6a6941b4236e3d3a1ee92d7f,1,US,,
thehalara.com,id:6a6941b1e40f6256d77bdce9,native_id,6a6941b1e40f6256d77bdce9,https://www.trustpilot.com/reviews/6a6941b1e40f6256d77bdce9,5,The pants are great i like the material…,"The pants are great i like the material  although i did not get the coco brown color that i needed.  the service was great , the delivery was ontime",2026-07-29T01:56:33.000Z,2026-07-26T00:00:00.000Z,en,0,verified,true,InvitationApi,ALTHEA,6a6941b17b418c0e66923a42,1,US,,
thehalara.com,id:6a694194176a84b7e47b245c,native_id,6a694194176a84b7e47b245c,https://www.trustpilot.com/reviews/6a694194176a84b7e47b245c,5,I received my  2nd order from Halara,"I received my  2nd order from Halara.     The ordering and delivery went very smoothly.     I LOVE the pants that I ordered!    My first order was jeans.   They are so nice and when they say that they are like yoga pants, they aren't kidding.    My second order was pants also.   They fit perfectly and the material is so nice and soft.   I will definitely be placing a third order in the near future.  ",2026-07-29T01:56:04.000Z,2026-07-18T00:00:00.000Z,en,0,verified,true,InvitationApi,Corinne Funk,6862ac2d4e662d4d8855d004,6,US,,
thehalara.com,id:6a693ef6c04d61fa6e3630ea,native_id,6a693ef6c04d61fa6e3630ea,https://www.trustpilot.com/reviews/6a693ef6c04d61fa6e3630ea,5,Love this company ,Fast delivery of the product ,2026-07-29T01:44:54.000Z,2026-07-26T00:00:00.000Z,en,0,verified,true,InvitationApi,Thelma Au,633fa39464bd5f0011d04053,2,US,,
thehalara.com,id:6a693e3c4d05eb0b6a610033,native_id,6a693e3c4d05eb0b6a610033,https://www.trustpilot.com/reviews/6a693e3c4d05eb0b6a610033,5,These pants are awesome!,The pants feel buttery soft. So comfortable. The arrived much faster than anticipated too. Great experience all the way around,2026-07-29T01:41:49.000Z,2026-07-19T00:00:00.000Z,en,0,verified,true,InvitationApi,Susan,6a693e3bb06fbf535efa72cb,1,US,,
thehalara.com,id:6a693d3f0c0682e7ce973b28,native_id,6a693d3f0c0682e7ce973b28,https://www.trustpilot.com/reviews/6a693d3f0c0682e7ce973b28,5,Bought for my daughter for her…,"Bought for my daughter for her birthday. She absolutely loves it! She said the fabric is so comfortable and the added shorts under dress were really comfortable. Thank you, prompt delivery",2026-07-29T01:37:35.000Z,2026-07-18T00:00:00.000Z,en,0,verified,true,InvitationApi,Raydene Harvey,65a0af660b34520012010c53,2,GB,,
thehalara.com,id:6a693d054125d2c1b8e4e00c,native_id,6a693d054125d2c1b8e4e00c,https://www.trustpilot.com/reviews/6a693d054125d2c1b8e4e00c,5,Ordering was easy.,Ordering was easy. ,2026-07-29T01:36:37.000Z,2026-07-26T00:00:00.000Z,en,0,verified,true,InvitationApi,ztDebbiev. j OQuinn,5e2af34f616781604887b0ea,6,US,,
thehalara.com,id:6a6938ab0d20adfca18f4d89,native_id,6a6938ab0d20adfca18f4d89,https://www.trustpilot.com/reviews/6a6938ab0d20adfca18f4d89,5,Quality and fast delivery,Quality and fast delivery,2026-07-29T01:18:03.000Z,2026-07-26T00:00:00.000Z,en,0,verified,true,InvitationApi,June,6a6938aa7b418c679e92337f,1,US,,
thehalara.com,id:6a693814c5c77ff1e00757e8,native_id,6a693814c5c77ff1e00757e8,https://www.trustpilot.com/reviews/6a693814c5c77ff1e00757e8,5,Love my skirts....love.them,"Love my skirts....love.them. I now have all colors but the gray one, and I've checked...no stock to date.
Nice packaging, and fast shipping.
Keep up the good work, and I'll keep ordering !!!",2026-07-29T01:15:32.000Z,2026-07-17T00:00:00.000Z,en,0,verified,true,InvitationApi,customerDreama,69c7f4c31a47fa3984ba0046,3,US,,
thehalara.com,id:6a6937623278ad0e88fc07a5,native_id,6a6937623278ad0e88fc07a5,https://www.trustpilot.com/reviews/6a6937623278ad0e88fc07a5,5,It was easy to order from the site,"It was easy to order from the site, however the delivery time was long. I got a few pieces and I ordered based on my usual size and they fit great. ",2026-07-29T01:12:34.000Z,2026-07-19T00:00:00.000Z,en,0,verified,true,InvitationApi,Natasha,6a693761236e3d0fc8e9260b,1,US,,
thehalara.com,id:6a69305f2edfc9c3c76ca2a3,native_id,6a69305f2edfc9c3c76ca2a3,https://www.trustpilot.com/reviews/6a69305f2edfc9c3c76ca2a3,5,Just as imagined!,"Note: Delivery was a bit confusing. It was ordered early to mid July & we received them almost at the end of July.
Other than that, beautiful dress! The material is comfortable and the color is immaculate. We got the 2 dress pack and it is just as extravagant as imagined. My only note would be that inner liner could totally make a pocket work.
Absolutely recommend. ",2026-07-29T00:42:39.000Z,2026-07-26T00:00:00.000Z,en,0,verified,true,InvitationApi,Anthony Rivera,654af3970fbfc70011f4733a,1,US,,
thehalara.com,id:6a692f30c753ee97955142e9,native_id,6a692f30c753ee97955142e9,https://www.trustpilot.com/reviews/6a692f30c753ee97955142e9,1,Ordered early July,"Ordered early July. Still haven’t received 
My items and it’s August in a couple of days. ",2026-07-29T00:37:36.000Z,2026-07-28T00:00:00.000Z,en,0,not-verified,false,Organic,Cjenna,5faa7ce174c77b001b1b718b,5,IE,"Hello,
We’re sorry to hear about your concerns and understand your hesitation.
To help us properly review your case and provide accurate assistance, could you please kindly share your order number? Alternatively, you may also email your details to us at service@cs.halara.com, and our team will be happy to look into this for you.
We appreciate your feedback and the opportunity to clarify any misunderstandings.",2026-07-29T03:34:51.000Z
thehalara.com,id:6a692eb25847bb92d1b235b2,native_id,6a692eb25847bb92d1b235b2,https://www.trustpilot.com/reviews/6a692eb25847bb92d1b235b2,1,OMG!,OMG. Wait. Wait until I have had a chance to try it all on and wear it all. Stop bombarding me with these constant requests to review. Give me at least a week and send me ONE request. Then leave me alone!!!!!,2026-07-29T00:35:30.000Z,2026-07-25T00:00:00.000Z,en,0,verified,true,InvitationApi,Sheryl,6a692eb2b06fbf7297fa664f,1,US,,
thehalara.com,id:6a692e7cfea6cfae218de096,native_id,6a692e7cfea6cfae218de096,https://www.trustpilot.com/reviews/6a692e7cfea6cfae218de096,4,Thought they would be softer,"I like that the company allegedly makes the clothes upon order, rather than having a warehouse full of clothes. However, it did cause my order to show up 2 weeks after I ordered it. The shorts are alright. I thought they would be a softer lighter material. They’re not super heavy, I just thought they’d be lighter from seeing the video ads. ",2026-07-29T00:34:36.000Z,2026-07-18T00:00:00.000Z,en,0,verified,true,InvitationApi,Cara,6a692e7bc2526cc7a29f7071,1,US,,
thehalara.com,id:6a692e68e48a84fa449755b6,native_id,6a692e68e48a84fa449755b6,https://www.trustpilot.com/reviews/6a692e68e48a84fa449755b6,2,Products great / service NOT,"I love your products, BUT... large but, you can not reach anyone.. I have tried the 24/7 chat thing and no one answers that, there is no way to get ahold of anyone. I am still needing help with my questions.  I only have 1 thing that didn't fit, but it way my 'free' item so then what happens?  and I really just need a smaller size, but don't feel it's worth it to if I have to pay shipping????",2026-07-29T00:34:16.000Z,2026-07-16T00:00:00.000Z,en,0,verified,true,InvitationApi,Amy,6a692e68ff3db27e94c801ab,1,US,,
thehalara.com,id:6a692d8453d67632fecf5ea5,native_id,6a692d8453d67632fecf5ea5,https://www.trustpilot.com/reviews/6a692d8453d67632fecf5ea5,5,I love the items I bought.,"I love the items I bought.
I would highly recommend Halara 👌",2026-07-29T00:30:28.000Z,2026-07-25T00:00:00.000Z,en,0,verified,true,InvitationApi,Dawn Owen,64259cf261d50a0015f9fd7f,20,GB,,
thehalara.com,id:6a692aac07fc1e75c625c422,native_id,6a692aac07fc1e75c625c422,https://www.trustpilot.com/reviews/6a692aac07fc1e75c625c422,1,Poor returns you cannot handle it,Your customer service must be run by our current administration! It sucks and I will not order again I'm  extremely disappointed in this company! I know you could care less about one person ! But here we are ...fb Instagram  tick tock  ,2026-07-29T00:18:20.000Z,2026-07-26T00:00:00.000Z,en,0,verified,true,InvitationApi,Amy,61da6cd865c2820013a87c16,2,US,,
thehalara.com,id:6a6929d236a553f211de43a9,native_id,6a6929d236a553f211de43a9,https://www.trustpilot.com/reviews/6a6929d236a553f211de43a9,3,I love my petal pushers,I love my petal pushers.  My issue is that I order 3 pairs and only received 2.   Customer Service is helping me at this moment.  ,2026-07-29T00:14:42.000Z,2026-07-26T00:00:00.000Z,en,0,verified,true,InvitationApi,Bridget,6a6929d1b06fbf6f09fa61c9,1,US,,
thehalara.com,id:6a69294f686d29d947025eb7,native_id,6a69294f686d29d947025eb7,https://www.trustpilot.com/reviews/6a69294f686d29d947025eb7,5,Comfortable and cute qualitbclothing,"Comfortable and cute qualitbclothing, customer service policy for an exchange was fair. ",2026-07-29T00:12:31.000Z,2026-07-19T00:00:00.000Z,en,0,verified,true,InvitationApi,Mahriana Robinson,65ca6edd5764ce0011485d40,4,US,,
thehalara.com,id:6a6925cd1262a6080f6f6d09,native_id,6a6925cd1262a6080f6f6d09,https://www.trustpilot.com/reviews/6a6925cd1262a6080f6f6d09,1,The size I ordered was too big,The size I ordered was too big.  I have been trying to return this order so I can order right size.  I have tried online and can't get thru.  Tried to set up account and it kept asking me to verify a code & every time I re-entered it would ask again!!  If you can help plz call me @615-948-9728,2026-07-28T23:57:33.000Z,2026-07-06T00:00:00.000Z,en,0,verified,true,InvitationApi,Robin S,5a0cbd070000ff000ae311a8,2,US,,
thehalara.com,id:6a692385faaeda9b3f167258,native_id,6a692385faaeda9b3f167258,https://www.trustpilot.com/reviews/6a692385faaeda9b3f167258,5,The perfect pant ,This was my first order of the Halara pants and I absolutely love them.  The fit was perfect. I am sure I will be ordering again.   ,2026-07-28T23:47:49.000Z,2026-07-26T00:00:00.000Z,en,0,verified,true,InvitationApi,Janice,5a2548650000ff000aebb794,4,US,,
thehalara.com,id:6a6921cf4f747b9a9c15fbed,native_id,6a6921cf4f747b9a9c15fbed,https://www.trustpilot.com/reviews/6a6921cf4f747b9a9c15fbed,5,Order and delivery was fast and easy,Order and delivery was fast and easy. Pants were great quality and am very happy but would probably want to try petite sizing instead of regular next time ,2026-07-28T23:40:31.000Z,2026-07-20T00:00:00.000Z,en,0,verified,true,InvitationApi,Ann,6a6921ce236e3d4810e911b6,1,US,,
thehalara.com,id:6a691f24e3f7df6650b198b1,native_id,6a691f24e3f7df6650b198b1,https://www.trustpilot.com/reviews/6a691f24e3f7df6650b198b1,3,I’m giving 3 stars due to your return…,"I’m giving 3 stars due to your return process. 
I’m still waiting on my refund from order 260707140116369815
I don’t know why it takes so long. You don’t even send an updated email on when I will get my refund. ",2026-07-28T23:29:08.000Z,2026-07-19T00:00:00.000Z,en,0,verified,true,InvitationApi,Thelma Desiena,67cee6ad1c0352f103031a02,2,US,,
thehalara.com,id:6a691eef9aa785df1350670f,native_id,6a691eef9aa785df1350670f,https://www.trustpilot.com/reviews/6a691eef9aa785df1350670f,3,You cannot return or exchange things…,You cannot return or exchange things that dont fit and one of the items i bought isnt wearable. ,2026-07-28T23:28:15.000Z,2026-07-26T00:00:00.000Z,en,0,verified,true,InvitationApi,Valerie,6a691eef236e3d74a3e90e92,1,US,,
thehalara.com,id:6a691dbf93b36a635301c402,native_id,6a691dbf93b36a635301c402,https://www.trustpilot.com/reviews/6a691dbf93b36a635301c402,5,very beautiful  evening,very beautiful  evening ,2026-07-28T23:23:11.000Z,2026-07-26T00:00:00.000Z,en,0,verified,true,InvitationApi,Emmy Then,6a56ded8b06fbf21e0e502a0,2,US,,
thehalara.com,id:6a691da880080f6d89bd42f4,native_id,6a691da880080f6d89bd42f4,https://www.trustpilot.com/reviews/6a691da880080f6d89bd42f4,5,Great experience!,Items are good quality and received in a timely fashion.  I am pleasantly surprised!,2026-07-28T23:22:48.000Z,2026-07-26T00:00:00.000Z,en,0,verified,true,InvitationApi,Nancy Rossi,58e7a6720000ff000a8ac0c0,5,US,,
thehalara.com,id:6a691cf8c3e7476676e3cca4,native_id,6a691cf8c3e7476676e3cca4,https://www.trustpilot.com/reviews/6a691cf8c3e7476676e3cca4,5,The fit and style of these dresses were…,The fit and style of these dresses were perfect! ,2026-07-28T23:19:52.000Z,2026-07-17T00:00:00.000Z,en,0,verified,true,InvitationApi,Theresa,6a691cf7c2526c3fb89f5de2,1,US,,
thehalara.com,id:6a691ce3effa9295010c1b5f,native_id,6a691ce3effa9295010c1b5f,https://www.trustpilot.com/reviews/6a691ce3effa9295010c1b5f,5,Loved the shorts I bought,"Loved the shorts I bought. I liked the design, fit and nice fabric. ",2026-07-28T23:19:31.000Z,2026-07-26T00:00:00.000Z,en,0,verified,true,InvitationApi,kandy,66e743e5b963e2e797e290ff,2,US,,
thehalara.com,id:6a69197b8aba7d36c4bb250f,native_id,6a69197b8aba7d36c4bb250f,https://www.trustpilot.com/reviews/6a69197b8aba7d36c4bb250f,5,Jeans great for travel,"Jeans are comfy and great for travel. Light weight, no wrinkles and stretch fabric makes me feel like I am wearing pjs on long flights but look stylish ",2026-07-28T23:04:59.000Z,2026-07-26T00:00:00.000Z,en,0,verified,true,InvitationApi,Kristy,6a69197a236e3dd4dae907e5,1,US,,
thehalara.com,id:6a69186f7d77a58e989cd75d,native_id,6a69186f7d77a58e989cd75d,https://www.trustpilot.com/reviews/6a69186f7d77a58e989cd75d,5,Good service ,"Ordered, delivered, good service. 
Very satisfied with goods some recent returns due to wrong size but reordered successfully. Would recommend .",2026-07-28T23:00:31.000Z,2026-07-20T00:00:00.000Z,en,0,verified,true,InvitationApi,Beverly Johnson,607de7fcd3ebb9001a1c91fd,10,GB,,
thehalara.com,id:6a691769e404dd7c03be926b,native_id,6a691769e404dd7c03be926b,https://www.trustpilot.com/reviews/6a691769e404dd7c03be926b,5,Very comfortable and convenient ,"Very comfortable and the quality of the fabric materials are insane. I’m short and I requested the petite size, they fit perfectly. ",2026-07-28T22:56:09.000Z,2026-07-19T00:00:00.000Z,en,0,verified,true,InvitationApi,Jesyglorializ,6a6917687b418c7477921162,1,US,,
thehalara.com,id:6a69162d43eed093d425e365,native_id,6a69162d43eed093d425e365,https://www.trustpilot.com/reviews/6a69162d43eed093d425e365,1,Horrible experience,"Horrible experience. I bought some athletic shorts based on my size and the chart recommendations and they were not the right size. When I went to return them, they offered me a gift card instead so I thought that I would give them another try. The gift card never came despite me reaching out to support team chat and through email. I keep getting the run around on this. This experience has been completely unnecessary and I wish I wouldn’t have bought anything from this company to begin with. ",2026-07-28T22:50:53.000Z,2026-07-24T00:00:00.000Z,en,0,verified,true,InvitationApi,Kayla Stelzner,64f5f62e859b880012edd1ba,2,US,,
thehalara.com,id:6a6911edb44f6c7a03df2525,native_id,6a6911edb44f6c7a03df2525,https://www.trustpilot.com/reviews/6a6911edb44f6c7a03df2525,5,Super comfy & good looking. Get asked where I got them all the time,Order came quickly...product was as described...great quality ,2026-07-28T22:32:45.000Z,2026-07-25T00:00:00.000Z,en,0,verified,true,InvitationApi,Jill,6a6911ed236e3d9b62e8fe2f,1,US,,
thehalara.com,id:6a6910cefd0b03a86b3d362b,native_id,6a6910cefd0b03a86b3d362b,https://www.trustpilot.com/reviews/6a6910cefd0b03a86b3d362b,5,Love the quality,"Love the quality, worth the wait! ",2026-07-28T22:27:58.000Z,2026-07-26T00:00:00.000Z,en,0,verified,true,InvitationApi,Yessenia,6a6910cd7b418c60dd9208dc,1,US,,
thehalara.com,id:6a6910a4f975267c04107628,native_id,6a6910a4f975267c04107628,https://www.trustpilot.com/reviews/6a6910a4f975267c04107628,4,"Fit was go, just a little snug on the waist","Fit was go, just a little smaller on the waist. Arrival was timely,.",2026-07-28T22:27:16.000Z,2026-07-19T00:00:00.000Z,en,0,verified,true,InvitationApi,Violet  Terawaki,601451169114690019959669,4,US,,
thehalara.com,id:6a69109e3fa584ff116e0d63,native_id,6a69109e3fa584ff116e0d63,https://www.trustpilot.com/reviews/6a69109e3fa584ff116e0d63,2,Do not like the pants,Do not like the pants. very tight in waist then big on legs,2026-07-28T22:27:10.000Z,2026-07-26T00:00:00.000Z,en,0,verified,true,InvitationApi,Nicole,6a69109dff3db210f2c7df4a,1,US,,
thehalara.com,id:6a69103c12b76ba444cba4ef,native_id,6a69103c12b76ba444cba4ef,https://www.trustpilot.com/reviews/6a69103c12b76ba444cba4ef,5,Love the pants I ordered...true to…,Love the pants I ordered...true to size. Shipped fast.,2026-07-28T22:25:32.000Z,2026-07-26T00:00:00.000Z,en,0,verified,true,InvitationApi,Amber,6a69103b7b418c606e9207ec,1,US,,
thehalara.com,id:6a69103b156f469c60bc0e3f,native_id,6a69103b156f469c60bc0e3f,https://www.trustpilot.com/reviews/6a69103b156f469c60bc0e3f,1,Never received gift card code for…,Never received gift card code for return.  ,2026-07-28T22:25:31.000Z,2026-07-23T00:00:00.000Z,en,0,verified,true,InvitationApi,Christa Ziegler,67016f0355434779a1a5f10c,2,US,"Hello,
Thank you for sharing your feedback. We’re truly sorry that you have not received the gift card code for your return.
Our team has already reached out to you via email regarding this matter so we can assist you further and work toward the best possible solution. Please kindly check your inbox (including your spam/junk folder) and reply to our email at your convenience.
Thank you for your patience and for giving us the opportunity to make things right.",2026-07-29T10:12:52.000Z
thehalara.com,id:6a69101f0dfdcab27432b607,native_id,6a69101f0dfdcab27432b607,https://www.trustpilot.com/reviews/6a69101f0dfdcab27432b607,1,I am extremely unhappy with your…,"I am extremely unhappy with your company. I have been trying to return my order, and the only feed back I get is that I would hear from you within twenty four hours. That was forty eight hours ago. I have repeatedly asked what the hold up is, and have received no answers!",2026-07-28T22:25:03.000Z,2026-07-25T00:00:00.000Z,en,0,verified,true,InvitationApi,Kari,6a69101e7b418c32909207bd,1,US,,
thehalara.com,id:6a690f3ce9e36a08d4ad4c0b,native_id,6a690f3ce9e36a08d4ad4c0b,https://www.trustpilot.com/reviews/6a690f3ce9e36a08d4ad4c0b,5,Quality of the material ,All the items I got are all comfortable to wear,2026-07-28T22:21:16.000Z,2026-07-26T00:00:00.000Z,en,0,verified,true,InvitationApi,Emmalyn,6a690f3c7b418c05a492067e,1,US,,
thehalara.com,id:6a690b8601ca224824055f85,native_id,6a690b8601ca224824055f85,https://www.trustpilot.com/reviews/6a690b8601ca224824055f85,5,Best leggings for the price,Best leggings for the price! I love the tummy control!,2026-07-28T22:05:26.000Z,2026-07-19T00:00:00.000Z,en,0,verified,true,InvitationApi,Lynn,6a690b85ff3db27ed2c7d8a0,1,US,,
thehalara.com,id:6a6909e6e1f0c9064a149367,native_id,6a6909e6e1f0c9064a149367,https://www.trustpilot.com/reviews/6a6909e6e1f0c9064a149367,5,Products are always great,"Products are always great, size is pretty much close to fit. But I did order the high waisted white leg pocket stretchy jeans. The medium fit great but they were very long. There is no petite to get a shorter length.",2026-07-28T21:58:30.000Z,2026-07-26T00:00:00.000Z,en,0,verified,true,InvitationApi,CN,6356a9066cbae7001256d912,3,US,,
thehalara.com,id:6a6909b2b920d082156411ac,native_id,6a6909b2b920d082156411ac,https://www.trustpilot.com/reviews/6a6909b2b920d082156411ac,5,I ordered a dress,I ordered a dress. It’s my second one. I love it. The color selection is fabulous. My only complaint is that shipping g takes too long. ,2026-07-28T21:57:38.000Z,2026-07-26T00:00:00.000Z,en,0,verified,true,InvitationApi,Mary Signorino,5fbc2e59cd6931001943bd00,4,US,,
thehalara.com,id:6a6907e5807c757fef1e849c,native_id,6a6907e5807c757fef1e849c,https://www.trustpilot.com/reviews/6a6907e5807c757fef1e849c,5,Clothes fit great and are so cute!,Clothes fit great and are so cute!,2026-07-28T21:49:57.000Z,2026-07-26T00:00:00.000Z,en,0,verified,true,InvitationApi,Victoria,6a6907e5236e3d8015e8f0e6,1,US,,
thehalara.com,id:6a6907c0c9d9799f2a873c9d,native_id,6a6907c0c9d9799f2a873c9d,https://www.trustpilot.com/reviews/6a6907c0c9d9799f2a873c9d,5,I love Halara!,"I love Halara!
Perfect  to wear, looks great, feels comfortable!
",2026-07-28T21:49:20.000Z,2025-09-29T00:00:00.000Z,en,0,verified,true,InvitationApi,Julia Spiegl,5d8d0437ee68217b7c666154,19,AT,,
thehalara.com,id:6a69073660545b7805ce0a3f,native_id,6a69073660545b7805ce0a3f,https://www.trustpilot.com/reviews/6a69073660545b7805ce0a3f,3,Most of what I received were nice,Most of what I received were nice. The first order I ever made were for dresses that I didn’t know we’re gonna take over two months to be received and as of today I still haven’t received them so until I can get what I originally ordered I can’t really rate Your process or Program. ,2026-07-28T21:47:02.000Z,2026-07-17T00:00:00.000Z,en,0,verified,true,InvitationApi,Gloria Lowe,5c257cc6b1584ac707543f79,3,US,,
thehalara.com,id:6a6907068d7cb76826e73c70,native_id,6a6907068d7cb76826e73c70,https://www.trustpilot.com/reviews/6a6907068d7cb76826e73c70,2,I didn’t see anywhere when purchasing…,I didn’t see anywhere when purchasing that there were no returns. No exchange or return either put a fee and paying mail for the return. I don’t mind one but it’s a huge loss of money to try and shop your things when one can’t exchange or return without penalties! ,2026-07-28T21:46:14.000Z,2026-07-24T00:00:00.000Z,en,0,verified,true,InvitationApi,KjD,665af64a9e541985dc7ab97c,2,US,,
thehalara.com,id:6a6905fb1e9b94985ffaeaa5,native_id,6a6905fb1e9b94985ffaeaa5,https://www.trustpilot.com/reviews/6a6905fb1e9b94985ffaeaa5,5,Great fit,Great fit! Great look! Good compression!  Fabulous quality!,2026-07-28T21:41:47.000Z,2026-07-19T00:00:00.000Z,en,0,verified,true,InvitationApi,Valerie,6a6905fa236e3d3a38e8ee46,1,US,,
thehalara.com,id:6a690576f8595bdfc267188b,native_id,6a690576f8595bdfc267188b,https://www.trustpilot.com/reviews/6a690576f8595bdfc267188b,5,Returning items,Received wrong sized item and it was such an easy refund process. I quickly ordered more. ,2026-07-28T21:39:34.000Z,2026-07-19T00:00:00.000Z,en,0,verified,true,InvitationApi,Dianne,6a690575236e3d4106e8ed9a,1,US,,
thehalara.com,id:6a690561e9ec0b280a0f61c4,native_id,6a690561e9ec0b280a0f61c4,https://www.trustpilot.com/reviews/6a690561e9ec0b280a0f61c4,1,Did not receive what I expected,"I bought 3 dresses using the sizing chart and taking advice from 3 friends who bought the same dresses and are the same size as me.  None of them fit and in fact were so tight that I could not even get them on.  Since they make these dresses to order despite the fact that the same size dresses looked and fit perfectly on my friends, not sure if they made them incorrectly or what - but I will need to return them.  Also, once you order, they bombard you with many emails per day which is annoying.  I won't be ordering again from this company.  ",2026-07-28T21:39:13.000Z,2026-07-26T00:00:00.000Z,en,0,verified,true,InvitationApi,Jane,6a690560c2526c94899f3dfd,1,US,,
thehalara.com,id:6a6903e034171316b79ce8d2,native_id,6a6903e034171316b79ce8d2,https://www.trustpilot.com/reviews/6a6903e034171316b79ce8d2,5,Easy to order and good quality,Easy to order and good quality ,2026-07-28T21:32:48.000Z,2026-07-19T00:00:00.000Z,en,0,verified,true,InvitationApi,Jacqueline,6a6903dfb06fbf2d73fa335c,1,US,,
thehalara.com,id:6a6902fbbed9005dddd9927e,native_id,6a6902fbbed9005dddd9927e,https://www.trustpilot.com/reviews/6a6902fbbed9005dddd9927e,5,Love the shorts ,Love the shorts ! Delivering was great ! Highly recommend! ,2026-07-28T21:28:59.000Z,2026-07-19T00:00:00.000Z,en,0,verified,true,InvitationApi,TERESA BAKER,660acc872ee8c60011f2c668,2,US,,
thehalara.com,id:6a6902f53c7c4f10ad045c7d,native_id,6a6902f53c7c4f10ad045c7d,https://www.trustpilot.com/reviews/6a6902f53c7c4f10ad045c7d,5,Friend bought these Jeans and I loved…,Friend bought these Jeans and I loved them so ordered some. So glad I did they are lovely and arrived eay early as well. ,2026-07-28T21:28:53.000Z,2026-07-24T00:00:00.000Z,en,0,verified,true,InvitationApi,Rita Osborne,582c8da90000ff000a57fc99,11,GB,,
thehalara.com,id:6a6901d4ed1674f48bdeada5,native_id,6a6901d4ed1674f48bdeada5,https://www.trustpilot.com/reviews/6a6901d4ed1674f48bdeada5,5,I’m very happy with my order,"I’m very happy with my order, fits my body really well, and the fabric feels soft and comfortable. Everything looks great and is comfortable to wear. ",2026-07-28T21:24:04.000Z,2026-07-25T00:00:00.000Z,en,0,verified,true,InvitationApi,Nataliia Vova,6a0b69c36219145b7c6eb0c4,1,US,,
thehalara.com,id:6a6901083db4da5dda961ca3,native_id,6a6901083db4da5dda961ca3,https://www.trustpilot.com/reviews/6a6901083db4da5dda961ca3,3,Not quite what I had expected ,"The experience was wonderful,  the product fell a little short of expectations.  Due to the description,  I felt that it would have more support and ""compression "" than it does. ",2026-07-28T21:20:40.000Z,2026-07-19T00:00:00.000Z,en,0,verified,true,InvitationApi,Allyson,6a690108c2526cf7319f37d0,1,US,,
thehalara.com,id:6a6900c88e09b2d173bd5330,native_id,6a6900c88e09b2d173bd5330,https://www.trustpilot.com/reviews/6a6900c88e09b2d173bd5330,5,I always love finding petite sized…,I always love finding petite sized clothes these are just a tad too long but I like them!,2026-07-28T21:19:36.000Z,2026-07-22T00:00:00.000Z,en,0,verified,true,InvitationApi,Bella,66b991f4e0eba98e2e638ba2,1,US,,
thehalara.com,id:6a6900b8030a0a244a0b2be7,native_id,6a6900b8030a0a244a0b2be7,https://www.trustpilot.com/reviews/6a6900b8030a0a244a0b2be7,5,Everything fit perfectly and I loved it…,Everything fit perfectly and I loved it all!,2026-07-28T21:19:20.000Z,2026-07-19T00:00:00.000Z,en,0,verified,true,InvitationApi,Melanie K.,636ab306e01f360013b29157,3,US,,
thehalara.com,id:6a68ffa5b8a858e78bcf3898,native_id,6a68ffa5b8a858e78bcf3898,https://www.trustpilot.com/reviews/6a68ffa5b8a858e78bcf3898,5,great products and service,great products and service ,2026-07-28T21:14:45.000Z,2026-07-21T00:00:00.000Z,en,0,verified,true,InvitationApi,Elizabeth,61684ff04ed8a8001278883b,3,US,,
thehalara.com,id:6a68ff947e5c3cc934bb4e01,native_id,6a68ff947e5c3cc934bb4e01,https://www.trustpilot.com/reviews/6a68ff947e5c3cc934bb4e01,3,Excessive delivery time,Love the products but the shipping was excessively long. My account was charged on 6/30 and did not go out for delivery until 7/25,2026-07-28T21:14:28.000Z,2026-07-26T00:00:00.000Z,en,0,verified,true,InvitationApi,JC,5f8c40442d1fd60019b257d4,2,US,,
thehalara.com,id:6a68ff4275a5b3e516ca3e63,native_id,6a68ff4275a5b3e516ca3e63,https://www.trustpilot.com/reviews/6a68ff4275a5b3e516ca3e63,5,Love the quality and fit of all your…,Love the quality and fit of all your products! (high waisted draw string pants & Soflty zero!)  will be back for more. ,2026-07-28T21:13:06.000Z,2026-07-26T00:00:00.000Z,en,0,verified,true,InvitationApi,Patricia Kestler,6841b467f0e9f3104c64c0f6,2,US,,
thehalara.com,id:6a68fe2ba08fa79bba212d86,native_id,6a68fe2ba08fa79bba212d86,https://www.trustpilot.com/reviews/6a68fe2ba08fa79bba212d86,5,Love the feel of the pants and…,Love the feel of the pants and different color options ,2026-07-28T21:08:27.000Z,2026-07-25T00:00:00.000Z,en,0,verified,true,InvitationApi,Micaela,6a68fe2bc2526c5ae89f3374,1,US,,
thehalara.com,id:6a68fddd7a6bb6bec901632e,native_id,6a68fddd7a6bb6bec901632e,https://www.trustpilot.com/reviews/6a68fddd7a6bb6bec901632e,1,Don’t like the dress,Don’t like the dress. The fabric is weird,2026-07-28T21:07:09.000Z,2026-07-26T00:00:00.000Z,en,0,verified,true,InvitationApi,Darci,6a68fddcc2526c24569f32fc,1,US,"Hello,
Thank you for sharing your feedback. We’re truly sorry that the dress did not meet your expectations, especially regarding the fabric.
Our team has already reached out to you via email regarding this matter so we can assist you further and work toward the best possible solution. Please kindly check your inbox (including your spam/junk folder) and reply to our email at your convenience.
Thank you for your patience and for giving us the opportunity to make things right.",2026-07-29T10:16:48.000Z
thehalara.com,id:6a68fdbbc5030252bd00d903,native_id,6a68fdbbc5030252bd00d903,https://www.trustpilot.com/reviews/6a68fdbbc5030252bd00d903,2,Did not arrive on time ,Did not arrive on time . Poor product quality .,2026-07-28T21:06:35.000Z,2026-07-19T00:00:00.000Z,en,0,verified,true,InvitationApi,Andrea,6a68fdba7b418c46c691edc2,1,US,"Hello,
Thank you for sharing your feedback. We’re truly sorry that your order did not arrive on time and that the product quality did not meet your expectations.
Our team has already reached out to you via email regarding this matter so we can assist you further and work toward the best possible solution. Please kindly check your inbox (including your spam/junk folder) and reply to our email at your convenience.
Thank you for your patience and for giving us the opportunity to make things right.",2026-07-29T10:21:23.000Z
thehalara.com,id:6a68fdb09ad07b31a2cc2436,native_id,6a68fdb09ad07b31a2cc2436,https://www.trustpilot.com/reviews/6a68fdb09ad07b31a2cc2436,5,This gal LOVES Halara,"This gal LOVES Halara products though, being middle aged, I do wish some of those cuties would come in something other than XL.  You have become my new go-to and I'm loving the quality, comfort and look of all of the new things that come in.  XXL plz?",2026-07-28T21:06:24.000Z,2026-07-26T00:00:00.000Z,en,0,verified,true,InvitationApi,Connie,6a68fdb07b418c4f4491edb5,1,US,,
thehalara.com,id:6a68fd606ef6766d2d5ab0e6,native_id,6a68fd606ef6766d2d5ab0e6,https://www.trustpilot.com/reviews/6a68fd606ef6766d2d5ab0e6,5,great clothes,"great clothes, fast shipping",2026-07-28T21:05:04.000Z,2026-07-26T00:00:00.000Z,en,0,verified,true,InvitationApi,jan,63a49ce60da58300121e7c3d,6,US,,
thehalara.com,id:6a68fcbd735482ee0cfb2b35,native_id,6a68fcbd735482ee0cfb2b35,https://www.trustpilot.com/reviews/6a68fcbd735482ee0cfb2b35,1,Halara orders take way too long to…,Halara orders take way too long to receive. We'll over a month.,2026-07-28T21:02:21.000Z,2026-07-24T00:00:00.000Z,en,0,verified,true,InvitationApi,Jeani,6a68fcbcc2526c855f9f3161,1,US,"Hello,
Thank you for sharing your feedback. We’re truly sorry that your order took over a month to arrive.
Our team has already reached out to you via email regarding this matter so we can assist you further and work toward the best possible solution. Please kindly check your inbox (including your spam/junk folder) and reply to our email at your convenience.
Thank you for your patience and for giving us the opportunity to make things right.",2026-07-29T10:25:59.000Z
thehalara.com,id:6a68fb118666147a75ed0d16,native_id,6a68fb118666147a75ed0d16,https://www.trustpilot.com/reviews/6a68fb118666147a75ed0d16,5,great clothes and delivered  on time,great clothes and delivered  on time ,2026-07-28T20:55:13.000Z,2026-07-19T00:00:00.000Z,en,0,verified,true,InvitationApi,Jayne,6a68fb11ff3db28188c7c09d,1,US,,
thehalara.com,id:6a68fac80d4d2f58309dc8d3,native_id,6a68fac80d4d2f58309dc8d3,https://www.trustpilot.com/reviews/6a68fac80d4d2f58309dc8d3,2,Would like if it were easier to speak…,Would like if it were easier to speak to someone in customer service.,2026-07-28T20:54:00.000Z,2026-07-24T00:00:00.000Z,en,0,verified,true,InvitationApi,Azenet,6a68fac7b06fbfaa63fa2644,1,US,"Hello,
Thank you for sharing your feedback. We’re truly sorry that it was difficult for you to reach a member of our customer service team.
Our team has already reached out to you via email regarding this matter so we can assist you further and work toward the best possible solution. Please kindly check your inbox (including your spam/junk folder) and reply to our email at your convenience.
Thank you for your patience and for giving us the opportunity to make things right.",2026-07-29T09:58:02.000Z
thehalara.com,id:6a68faa06a0f4f50cdb7ee68,native_id,6a68faa06a0f4f50cdb7ee68,https://www.trustpilot.com/reviews/6a68faa06a0f4f50cdb7ee68,5,I love everything I’ve ordered…,I love everything I’ve ordered from the Halara but the jeans are next level!,2026-07-28T20:53:20.000Z,2026-07-17T00:00:00.000Z,en,0,verified,true,InvitationApi,Carolyn,5ed583c7bb3af16127181559,6,US,,
thehalara.com,id:6a68fa8560be467c7d073122,native_id,6a68fa8560be467c7d073122,https://www.trustpilot.com/reviews/6a68fa8560be467c7d073122,5,Loved everything about the item except…,"Loved everything about the item except how difficult it is to find information to exchange or if exchange is even possible. I don’t want to return for refund, I just want a smaller size. Believe them when they say the size runs big. ",2026-07-28T20:52:54.000Z,2026-07-26T00:00:00.000Z,en,0,verified,true,InvitationApi,KLove,6a68fa84c2526c0c329f2df0,1,US,,
thehalara.com,id:6a68fa371e2d76368571c2ff,native_id,6a68fa371e2d76368571c2ff,https://www.trustpilot.com/reviews/6a68fa371e2d76368571c2ff,2,The delivery took an extraordinary…,The delivery took an extraordinary amount of days- made me questioned if the site was legit.,2026-07-28T20:51:35.000Z,2026-07-19T00:00:00.000Z,en,0,verified,true,InvitationApi,Jacqueline,6a68fa36ff3db2190fc7bf54,1,US,"Hello,
Thank you for sharing your feedback. We’re truly sorry that your order took much longer than expected to arrive and that the delay caused you concern about whether our website was legitimate.
Our team has already reached out to you via email regarding this matter so we can assist you further and work toward the best possible solution. Please kindly check your inbox (including your spam/junk folder) and reply to our email at your convenience.
Thank you for your patience and for giving us the opportunity to make things right.",2026-07-29T09:47:05.000Z
thehalara.com,id:6a68f99be29b27e3eea641b3,native_id,6a68f99be29b27e3eea641b3,https://www.trustpilot.com/reviews/6a68f99be29b27e3eea641b3,5,Customer service in regard to returns.,"Customer service in regard to returns.
Quality of the products",2026-07-28T20:48:59.000Z,2026-07-10T00:00:00.000Z,en,0,verified,true,InvitationApi,Sejal,6a68f99bff3db27d35c7be8e,1,US,,
thehalara.com,id:6a68f7d0ffb18b9985ca2c33,native_id,6a68f7d0ffb18b9985ca2c33,https://www.trustpilot.com/reviews/6a68f7d0ffb18b9985ca2c33,4,Worth it,Slow delivery of this GREAT PRODUCT ,2026-07-28T20:41:20.000Z,2026-07-26T00:00:00.000Z,en,0,verified,true,InvitationApi,Karen Cess Wlodarek,5d2393167bc731540784ab5d,7,US,,
thehalara.com,id:6a68f753fdfd40c20e3d1ada,native_id,6a68f753fdfd40c20e3d1ada,https://www.trustpilot.com/reviews/6a68f753fdfd40c20e3d1ada,4,The quality and delivery service.,The quality and delivery service.,2026-07-28T20:39:15.000Z,2026-07-19T00:00:00.000Z,en,0,verified,true,InvitationApi,Lisanne Schuster,6296283648784e0011fa61ca,8,US,,
thehalara.com,id:6a68f712c059abbfe91125d7,native_id,6a68f712c059abbfe91125d7,https://www.trustpilot.com/reviews/6a68f712c059abbfe91125d7,5,Takes a long time to get item,"Great quality, love the dress fit perfect",2026-07-28T20:38:10.000Z,2026-07-26T00:00:00.000Z,en,0,verified,true,InvitationApi,Cheryl,6a68f7117b418ccc6191e3b2,1,US,,
thehalara.com,id:6a68f6f9fd4307c05dcb557f,native_id,6a68f6f9fd4307c05dcb557f,https://www.trustpilot.com/reviews/6a68f6f9fd4307c05dcb557f,5,Amazing customer support.,Amazing customer support.,2026-07-28T20:37:45.000Z,2026-07-19T00:00:00.000Z,en,0,verified,true,InvitationApi,Shameka,6a68f6f8236e3db062e8d860,1,US,,
thehalara.com,id:6a68f6ecff1a113e2851063a,native_id,6a68f6ecff1a113e2851063a,https://www.trustpilot.com/reviews/6a68f6ecff1a113e2851063a,5,Fit and quality are outstanding!,Fit and quality are outstanding!,2026-07-28T20:37:32.000Z,2026-07-19T00:00:00.000Z,en,0,verified,true,InvitationApi,Tamar,6a50d835515c4d41465ed2e6,2,US,,
thehalara.com,id:6a68f6afc05f2df8f92db620,native_id,6a68f6afc05f2df8f92db620,https://www.trustpilot.com/reviews/6a68f6afc05f2df8f92db620,5,Love your clothes,"Love your clothes, and thank you for including petite sizes!",2026-07-28T20:36:31.000Z,2026-07-26T00:00:00.000Z,en,0,verified,true,InvitationApi,Customer,575d85810000ff000a287876,45,US,,
thehalara.com,id:6a68f4acd9f5678311d76c2b,native_id,6a68f4acd9f5678311d76c2b,https://www.trustpilot.com/reviews/6a68f4acd9f5678311d76c2b,5,Love my denim skirt,"The denim skirt I bought was exactly as described and fit perfectly. It is comfortable and stylish.

Delivery was faster than expected. ",2026-07-28T20:27:56.000Z,2026-07-26T00:00:00.000Z,en,0,verified,true,InvitationApi,Prosecrafter,6796ac32089ebe7563cca1e7,2,US,,
thehalara.com,id:6a68f43b0817ea77487e137e,native_id,6a68f43b0817ea77487e137e,https://www.trustpilot.com/reviews/6a68f43b0817ea77487e137e,2,Order took way too long to arrive,Order took way too long to arrive. I got a confirmation email saying delivery would be July 8 and it wasnt until after July 20th when I got the order,2026-07-28T20:26:03.000Z,2026-07-26T00:00:00.000Z,en,0,verified,true,InvitationApi,Dani,6a68f43bff3db278bbc7b601,1,US,"Hello,
Thank you for sharing your feedback. We’re truly sorry that your order arrived much later than expected.
Our team has already reached out to you via email regarding this matter so we can assist you further and work toward the best possible solution. Please kindly check your inbox (including your spam/junk folder) and reply to our email at your convenience.
Thank you for your patience and for giving us the opportunity to make things right.",2026-07-29T10:00:39.000Z
thehalara.com,id:6a68f17020948da74081719a,native_id,6a68f17020948da74081719a,https://www.trustpilot.com/reviews/6a68f17020948da74081719a,5,Excellent !,Excellent !,2026-07-28T20:14:08.000Z,2026-07-19T00:00:00.000Z,en,0,verified,true,InvitationApi,customer,65dfc699cd26c20012d6995a,7,US,,
thehalara.com,id:6a68f09bd1beb0699f9ab899,native_id,6a68f09bd1beb0699f9ab899,https://www.trustpilot.com/reviews/6a68f09bd1beb0699f9ab899,1,They didn’t fit and I tried to return…,They didn’t fit and I tried to return but my verification number was never sent to my email ,2026-07-28T20:10:35.000Z,2026-07-26T00:00:00.000Z,en,0,verified,true,InvitationApi,Jennifer,6a68f09b7b418c50b791d97c,1,US,"Hello,
Thank you for sharing your feedback. We're truly sorry that the items didn't fit and that you were unable to complete your return because the verification code was not sent to your email.
Our team has already reached out to you via email regarding this matter so we can assist you further and work toward the best possible solution. Please kindly check your inbox (including your spam/junk folder) and reply to our email at your convenience.
Thank you for your patience and for giving us the opportunity to make things right.",2026-07-29T07:16:37.000Z
thehalara.com,id:6a68ed1195dba4cfe76fca6e,native_id,6a68ed1195dba4cfe76fca6e,https://www.trustpilot.com/reviews/6a68ed1195dba4cfe76fca6e,1,Incredibly difficult to talk to a human…,Incredibly difficult to talk to a human to resolve customer service issues.  Return process is a joke. Intentionally user unfriendly. Will never ever order from Halara again ,2026-07-28T19:55:29.000Z,2026-07-26T00:00:00.000Z,en,0,verified,true,InvitationApi,Lindsey,6a68ed10236e3d4f60e8c870,1,US,"Hello,
We’re truly sorry that you found it so difficult to reach a member of our customer service team and that the return process left you feeling frustrated. Please accept our sincere apologies for any inconvenience caused.
We would like to confirm that we have received your email, and our relevant team has processed this matter.
Thank you for your patience and for giving us the opportunity to make things right.",2026-07-29T07:48:51.000Z
thehalara.com,id:6a68ec03ac6d9637ecc75711,native_id,6a68ec03ac6d9637ecc75711,https://www.trustpilot.com/reviews/6a68ec03ac6d9637ecc75711,3,Ordering was easy,"Ordering was easy, shipping was quick, sizing was not correct. These pants I got are for skinny girls with no booty",2026-07-28T19:50:59.000Z,2026-07-26T00:00:00.000Z,en,0,verified,true,InvitationApi,Valued Customer,5c3e9f2fe6dd327665c8726e,2,US,"Hello,
Thank you for sharing your feedback. We’re truly sorry that the pants did not fit as expected.
Our team has already reached out to you via email regarding this matter so we can assist you further and work toward the best possible solution. Please kindly check your inbox (including your spam/junk folder) and reply to our email at your convenience.
Thank you for your patience and for giving us the opportunity to make things right.",2026-07-29T08:31:54.000Z
thehalara.com,id:6a68e9b3ab11dd6032221760,native_id,6a68e9b3ab11dd6032221760,https://www.trustpilot.com/reviews/6a68e9b3ab11dd6032221760,5,Took a looking time to get them,Took a long time to get them. But the wait was worth it. These tanks are amazing and fit me like a glove!,2026-07-28T19:41:07.000Z,2026-07-25T00:00:00.000Z,en,0,verified,true,InvitationApi,D. Double,6308e9bdb2fce80012ac71f7,2,US,,
thehalara.com,id:6a68e96dabf45845d8b615c1,native_id,6a68e96dabf45845d8b615c1,https://www.trustpilot.com/reviews/6a68e96dabf45845d8b615c1,5,Love the fabric!,Love the fabric! ,2026-07-28T19:39:57.000Z,2026-07-26T00:00:00.000Z,en,0,verified,true,InvitationApi,Tasha,5818bf2b0000ff000a530fc1,2,US,,
thehalara.com,id:6a68e7a1dc3bbeb8dd3ae3be,native_id,6a68e7a1dc3bbeb8dd3ae3be,https://www.trustpilot.com/reviews/6a68e7a1dc3bbeb8dd3ae3be,3,I bought 3 dresses but not the type I wanted,"I bought 3 dresses but it turns out, they didn't have the shorts that you can just pull down without having to remove the entire dress to use the bathroom.  Considering I bought three, this find was very disappointing.",2026-07-28T19:32:17.000Z,2026-07-23T00:00:00.000Z,en,0,verified,true,InvitationApi,Annette,648cfc29cf3ad800127c543d,2,US,"Hello,
Thank you for sharing your feedback. We’re truly sorry to hear that the dresses did not meet your expectations.
Our team has already reached out to you via email regarding this matter so we can assist you further and work toward the best possible solution. Please kindly check your inbox (including your spam/junk folder) and reply to our email at your convenience.
Thank you for your patience and for giving us the opportunity to make things right.",2026-07-29T07:26:50.000Z
thehalara.com,id:6a68e5c07b5500c33311f73d,native_id,6a68e5c07b5500c33311f73d,https://www.trustpilot.com/reviews/6a68e5c07b5500c33311f73d,1,Horrible experience,Horrible experience. I want to return but it keeps defaulting to Credit. I don't want you clothes!  ,2026-07-28T19:24:16.000Z,2026-07-26T00:00:00.000Z,en,0,verified,true,InvitationApi,LaDonna,67bdc16c98acc71e0404d14a,2,US,"Hello,
Thank you for sharing your feedback. We’re truly sorry for the frustration you’ve experienced with the return process.
Our team has already reached out to you via email regarding this matter so we can assist you further and work toward the best possible solution. Please kindly check your inbox (including your spam/junk folder) and reply to our email at your convenience.
Thank you for your patience and for giving us the opportunity to make things right.",2026-07-29T08:12:28.000Z
thehalara.com,id:6a68e4865154c0def7ed9405,native_id,6a68e4865154c0def7ed9405,https://www.trustpilot.com/reviews/6a68e4865154c0def7ed9405,5,Perfecto quality and comfort,Perfecto quality and comfort,2026-07-28T19:19:02.000Z,2026-07-26T00:00:00.000Z,en,0,verified,true,InvitationApi,Claudia,6a68e485b06fbf29effa02d6,1,US,,
thehalara.com,id:6a68e385672e9c09f846fc15,native_id,6a68e385672e9c09f846fc15,https://www.trustpilot.com/reviews/6a68e385672e9c09f846fc15,5,Besides your products being great,"Besides your products being great, my package was delivered SO quickly!! Thank you!! Now I need to hunt for wrinkle free pants like these linen feel ones that I purchased! ",2026-07-28T19:14:45.000Z,2026-07-26T00:00:00.000Z,en,0,verified,true,InvitationApi,Regina,6a68e385236e3d9da0e8b915,1,US,,
thehalara.com,id:6a68e25fa956279ac3f7e3d6,native_id,6a68e25fa956279ac3f7e3d6,https://www.trustpilot.com/reviews/6a68e25fa956279ac3f7e3d6,5,Excellent customer service and follow…,"Excellent customer service and follow up 
Impressed 
Thanks so much ! ",2026-07-28T19:09:51.000Z,2026-07-22T00:00:00.000Z,en,0,verified,true,InvitationApi,Amelia Gewirtz BHS,635b340e49db5f0012358f71,3,US,,
thehalara.com,id:6a68dd763fe840ae9493bb1b,native_id,6a68dd763fe840ae9493bb1b,https://www.trustpilot.com/reviews/6a68dd763fe840ae9493bb1b,5,I like that it gives a pretty accurate…,I like that it gives a pretty accurate sizing information. Check out is pretty straightforward and you have various of options to choose from like Apple Pay,2026-07-28T18:48:54.000Z,2026-07-26T00:00:00.000Z,en,0,verified,true,InvitationApi,Tania Stenbett,68e3df568a838c3c5a86df63,1,US,,
thehalara.com,id:6a68dd29d34d4d97620f2e69,native_id,6a68dd29d34d4d97620f2e69,https://www.trustpilot.com/reviews/6a68dd29d34d4d97620f2e69,4,As described. Just slow,"The products are great. The quality is much better than other on line places. The size guides are true. The on line adds (videos) are helpful. 

I had to return a couple things and that was seamless. 

The only thing is they take so long to get to you once ordered.  I klana’d my order and I’d almost paid the 2nd month by the time the order arrived (it was within its window)  ",2026-07-28T18:47:37.000Z,2026-06-15T00:00:00.000Z,en,0,verified,true,InvitationApi,Annie,62be8dec96481900130c153c,21,GB,,
thehalara.com,id:6a68dcec47e375a63428cdcd,native_id,6a68dcec47e375a63428cdcd,https://www.trustpilot.com/reviews/6a68dcec47e375a63428cdcd,2,Poor quality fabric,"Poor quality fabric. I expected it to not be great, but it was worse than my low expectations. 
Fit is okay, shape of the clothes seems to be designed to use as little fabric as possible, even if it doesn't suit the overall design.
We'll see how the clothes hold up over time, I'm not getting my hopes up. Might cut some of them up to use as patterns to create versions with better fabric and more proper shapes",2026-07-28T18:46:36.000Z,2026-07-24T00:00:00.000Z,en,0,verified,true,InvitationApi,Amy,6a68dcebb06fbf493bf9f5af,1,US,"Hello,
Thank you for sharing your feedback. We’re truly sorry that the fabric quality and overall design did not meet your expectations.
Our team has already reached out to you via email regarding this matter so we can assist you further and work toward the best possible solution. Please kindly check your inbox (including your spam/junk folder) and reply to our email at your convenience.
Thank you for your patience and for giving us the opportunity to make things right.",2026-07-29T06:45:12.000Z
thehalara.com,id:6a68dc3a2df69790ab9a747e,native_id,6a68dc3a2df69790ab9a747e,https://www.trustpilot.com/reviews/6a68dc3a2df69790ab9a747e,5,Absolutely loved the shorts I got and…,"Absolutely loved the shorts I got and such a great price.  The material is super soft, fit perfectly,  wash perfectly ",2026-07-28T18:43:38.000Z,2026-07-16T00:00:00.000Z,en,0,verified,true,InvitationApi,Samantha smale,645127b685199d001213d3ff,35,GB,,
thehalara.com,id:6a68d8cb3a7a8163ad985de6,native_id,6a68d8cb3a7a8163ad985de6,https://www.trustpilot.com/reviews/6a68d8cb3a7a8163ad985de6,3,the shorts were great the tops were a…,the shorts were great the tops were a bit tight and would have sized up if i realized they were so fitted.,2026-07-28T18:29:00.000Z,2026-07-19T00:00:00.000Z,en,0,verified,true,InvitationApi,Kim,6a68d8cbb06fbf894df9ee95,1,US,"Hello,
Thank you for sharing your feedback. We're truly sorry that the tops were tighter than you expected.
Our team has already reached out to you via email regarding this matter so we can assist you further and work toward the best possible solution. Please kindly check your inbox (including your spam/junk folder) and reply to our email at your convenience.
Thank you for your patience and for giving us the opportunity to make things right.",2026-07-29T07:35:24.000Z
thehalara.com,id:6a68d7d71e78ffbf74c6f361,native_id,6a68d7d71e78ffbf74c6f361,https://www.trustpilot.com/reviews/6a68d7d71e78ffbf74c6f361,5,Good communications regarding orders…,Good communications regarding orders and new offers.  Good quality products as well.  Thank you.,2026-07-28T18:24:55.000Z,2026-07-15T00:00:00.000Z,en,0,verified,true,InvitationApi,Karen,6a68d7d6236e3d8104e8a42d,1,US,,
thehalara.com,id:6a68d50a065b22e205cc2986,native_id,6a68d50a065b22e205cc2986,https://www.trustpilot.com/reviews/6a68d50a065b22e205cc2986,5,Easy to return and reorder the correct…,"Easy to return and reorder the correct size. Love the shorts and the shirt, quality is fantastic!",2026-07-28T18:12:58.000Z,2026-07-18T00:00:00.000Z,en,0,verified,true,InvitationApi,MGG,61b20fd0a86a51001288cbff,5,US,,
thehalara.com,id:6a68d4daa0338de423c8416f,native_id,6a68d4daa0338de423c8416f,https://www.trustpilot.com/reviews/6a68d4daa0338de423c8416f,1,Order took over 4 weeks to arrive,"Order took over 4 weeks to arrive, despite saying 5-8 days. Had ordered specific items for a holiday, but they arrived while I was away.  Items themselves really disappointing - baggy and shapeless, fabric full of creases and would need endless ironing.  Returns process made deliberately complicated, involving photos of items (never come across another retailer who does that, can't believe they get away with it). Presumably returns made difficult because a lot of people want to use it - will be surprised if they actually pay up.",2026-07-28T18:12:10.000Z,2026-07-28T00:00:00.000Z,en,0,not-verified,false,Organic,Katherine Byrne,5f2a5dbc5e6fb0c9e9f95daf,1,GB,"Hello,
Thank you for sharing your feedback. We're truly sorry that your order arrived after your holiday, that the items did not meet your expectations, and that the return process caused you additional frustration.
Our team has already reached out to you via email regarding this matter so we can assist you further and work toward the best possible solution. Please kindly check your inbox (including your spam/junk folder) and reply to our email at your convenience.
Thank you for your patience and for giving us the opportunity to make things right.",2026-07-29T07:58:22.000Z
thehalara.com,id:6a68d4bb4032c850ebfc1139,native_id,6a68d4bb4032c850ebfc1139,https://www.trustpilot.com/reviews/6a68d4bb4032c850ebfc1139,5,I love your clothes,I love your clothes!  They are stylish and so very comfortable!  Customer service is timely and professional!  Thank you so much!,2026-07-28T18:11:39.000Z,2026-07-26T00:00:00.000Z,en,0,verified,true,InvitationApi,Deidre,6a2d97f8a71de0a28389c3ae,2,US,,
thehalara.com,id:6a68d1bff13d5c5e814f5966,native_id,6a68d1bff13d5c5e814f5966,https://www.trustpilot.com/reviews/6a68d1bff13d5c5e814f5966,1,I ordered on 7/11 and was given a…,I ordered on 7/11 and was given a delivery time of 8-10 days. I have yet to receive my order the website says still in transit and I tried to cancel but was told by customer service that it is too late to cancel my order but they still couldn't give me any information on when I should have my delivery. I'm very disappointed with this transaction and I can assure you I will not order from here again. ,2026-07-28T17:58:55.000Z,2026-07-11T00:00:00.000Z,en,0,not-verified,false,Organic,Alicia Carr,5ca38de7a8a547347ba42afd,3,US,"Hello,
We’re truly sorry for the delay with your order and for the frustration caused by the lack of clear delivery updates. Please accept our sincere apologies for any inconvenience caused.
We would like to confirm that we have received your email, and our relevant team has processed this matter.
Thank you for your patience and for giving us the opportunity to make things right.",2026-07-29T06:50:23.000Z
thehalara.com,id:6a68d0d5df63e489e3fd31ca,native_id,6a68d0d5df63e489e3fd31ca,https://www.trustpilot.com/reviews/6a68d0d5df63e489e3fd31ca,5,Shorts,A great selection to chose from with numerous color choices and sizes.,2026-07-28T17:55:01.000Z,2026-07-24T00:00:00.000Z,en,0,verified,true,InvitationApi,Michele Johnson,641f704b481a950013bd2902,5,US,,
thehalara.com,id:6a68d07219c66bdae2657c76,native_id,6a68d07219c66bdae2657c76,https://www.trustpilot.com/reviews/6a68d07219c66bdae2657c76,5,Bought the trousers in grey and green,"Bought the trousers in grey and green. Comfortable and pockets were deep enough to hold my phone.
Wash well. Dry quickly. ",2026-07-28T17:53:22.000Z,2026-07-07T00:00:00.000Z,en,0,verified,true,InvitationApi,Tracy,53cc290700006400017ff4a5,68,GB,,
thehalara.com,id:6a68cf165cb06bb5c3d54487,native_id,6a68cf165cb06bb5c3d54487,https://www.trustpilot.com/reviews/6a68cf165cb06bb5c3d54487,5,Easy order and product was actually…,Easy order and product was actually delivered on the first order.,2026-07-28T17:47:34.000Z,2026-07-24T00:00:00.000Z,en,0,verified,true,InvitationApi,DEBORAH CHILDRESS,675b8d038a0bb67a37b3a8e6,2,US,,
thehalara.com,id:6a68cd92b60935fb90dc4c37,native_id,6a68cd92b60935fb90dc4c37,https://www.trustpilot.com/reviews/6a68cd92b60935fb90dc4c37,5,Perfect shorts! ,"I was hesitant about ordering because of all the sale prices but wow, I was pleasantly surprised. The shorts are so comfortable and fit so nice. I got so many compliments on them and the pants that are a linen blend & don’t wrinkle are awesome. I’ve been wearing them all summer for dressier nights out. The shipping was quick. The communication was great. I had to exchange and got the new pairs of shorts quickly. Highly recommend. ",2026-07-28T17:41:06.000Z,2026-06-24T00:00:00.000Z,en,0,verified,true,InvitationApi,Jaclyn Ward,5b5767054de5666d34512ff1,5,US,,
thehalara.com,id:6a68cd5dde1f0c26aa86040a,native_id,6a68cd5dde1f0c26aa86040a,https://www.trustpilot.com/reviews/6a68cd5dde1f0c26aa86040a,5,All the products I have purchased have been high quality ,Well priced clothing that doesn’t break the budget,2026-07-28T17:40:13.000Z,2026-07-22T00:00:00.000Z,en,0,not-verified,false,Organic,Susan K,6887939a64d5cf390c7bc759,2,US,,
thehalara.com,id:6a68cb5ab184c5b7eed4f844,native_id,6a68cb5ab184c5b7eed4f844,https://www.trustpilot.com/reviews/6a68cb5ab184c5b7eed4f844,5,They are a lovely fit,"They are a lovely fit, material is so comfy and they look great in",2026-07-28T17:31:38.000Z,2026-07-26T00:00:00.000Z,en,0,verified,true,InvitationApi,Alison Sneddon,5dfdf8bc6af5026684295a80,6,GB,,
thehalara.com,id:6a68c8f5c6e99c547cd12010,native_id,6a68c8f5c6e99c547cd12010,https://www.trustpilot.com/reviews/6a68c8f5c6e99c547cd12010,4,Love the cloths,Love the cloths.  Shipping does take a while but worth it.,2026-07-28T17:21:25.000Z,2026-07-26T00:00:00.000Z,en,0,verified,true,InvitationApi,Lori,69e110edc5d694b610647449,2,US,,
thehalara.com,id:6a68c8607a9792c5f755d16a,native_id,6a68c8607a9792c5f755d16a,https://www.trustpilot.com/reviews/6a68c8607a9792c5f755d16a,5,I loved the jeans they are perfect and…,I loved the jeans they are perfect and shipping didn't take long at all,2026-07-28T17:18:56.000Z,2026-07-26T00:00:00.000Z,en,0,verified,true,InvitationApi,Sarah Hunter,6a52baf64024a45603a0785a,2,US,,
thehalara.com,id:6a68c6f3fd99af873770ea2c,native_id,6a68c6f3fd99af873770ea2c,https://www.trustpilot.com/reviews/6a68c6f3fd99af873770ea2c,5,Halara makes high quality clothing,Halara makes high quality clothing. I haven’t received a pair yet that I haven’t been in love with!,2026-07-28T17:12:51.000Z,2026-07-18T00:00:00.000Z,en,0,verified,true,InvitationApi,April,6a68c6f27b418c6771918eeb,1,US,,
thehalara.com,id:6a68c686a4ea0425e037ab06,native_id,6a68c686a4ea0425e037ab06,https://www.trustpilot.com/reviews/6a68c686a4ea0425e037ab06,5,Very happy with the quality of my…,Very happy with the quality of my trousers sizing was perfect and delivery was on time .,2026-07-28T17:11:02.000Z,2026-07-26T00:00:00.000Z,en,0,verified,true,InvitationApi,Nicola Baines,62ac852ef456b40013864640,5,GB,,
thehalara.com,id:6a68c611011a7ba586daaf80,native_id,6a68c611011a7ba586daaf80,https://www.trustpilot.com/reviews/6a68c611011a7ba586daaf80,5,Super comfy just took a long time to be…,Super comfy just took a long time to be delivered. ,2026-07-28T17:09:05.000Z,2026-07-25T00:00:00.000Z,en,0,verified,true,InvitationApi,Corrine Mauger,5ffded3ce768c1001aa32b79,3,US,,
thehalara.com,id:6a68c597a20d43b2e0610bc0,native_id,6a68c597a20d43b2e0610bc0,https://www.trustpilot.com/reviews/6a68c597a20d43b2e0610bc0,1,The orders were messed up and I did not…,The orders were messed up and I did not receive the sizes I ordered. I tried to update an order with size change through the Chat box and I was assured it was changed. It was not. Then another order I placed said it ws delivered and there were 10 items in the delivery. There were 2. I am short 8. There is no way to contact this company and when I tried the chat box again there was no answer. Product seems fine. ,2026-07-28T17:07:03.000Z,2026-07-22T00:00:00.000Z,en,0,verified,true,InvitationApi,Patricia Bramlet,5e04ba606af5022aa52c06aa,2,US,"Hello,
We’re truly sorry for the issues you experienced with your orders, including receiving incorrect sizes, the unsuccessful size change request, missing items from your delivery, and the difficulty you had reaching our customer service team. Please accept our sincere apologies for any inconvenience caused.
We would like to confirm that we have received your email, and our relevant team has processed this matter.
Thank you for your patience and for giving us the opportunity to make things right.",2026-07-29T08:17:56.000Z
thehalara.com,id:6a68c52b1c29fb7742a84f23,native_id,6a68c52b1c29fb7742a84f23,https://www.trustpilot.com/reviews/6a68c52b1c29fb7742a84f23,3,Ordered a pair of DayStretch high…,"Ordered a pair of DayStretch high waisted pants. The first pair fit perfect, very comfortable. Ordered 2 more pair, and both pair (same size as original order) fit much tighter and not comfortable at all.",2026-07-28T17:05:15.000Z,2026-07-25T00:00:00.000Z,en,0,verified,true,InvitationApi,Debbie,6a68c52ac2526c60b69ed059,1,US,"Hello,
Thank you for sharing your feedback. We’re truly sorry that the additional pairs of DayStretch high-waisted pants did not fit the same as your original purchase.
Our team has already reached out to you via email regarding this matter so we can assist you further and work toward the best possible solution. Please kindly check your inbox (including your spam/junk folder) and reply to our email at your convenience.
Thank you for your patience and for giving us the opportunity to make things right.",2026-07-29T08:38:08.000Z
thehalara.com,id:6a68c4ae64563816f5bf66f3,native_id,6a68c4ae64563816f5bf66f3,https://www.trustpilot.com/reviews/6a68c4ae64563816f5bf66f3,2,I’ve ordered 3 times from you and it…,I’ve ordered 3 times from you and it took about a month to receive them. That’s sad. I’m sorry. Very very disappointed!!!  ,2026-07-28T17:03:11.000Z,2026-07-25T00:00:00.000Z,en,0,verified,true,InvitationApi,Kristin,6a207ecf4a5f81453d81a0b2,2,US,"Hello,
Thank you for sharing your feedback. We’re truly sorry to hear that your orders took about a month to arrive and understand how disappointing this must have been, especially after ordering from us multiple times.
Our team has already reached out to you via email regarding this matter so we can assist you further and work toward the best possible solution. Please kindly check your inbox (including your spam/junk folder) and reply to our email at your convenience.
Thank you for your patience and for giving us the opportunity to make things right.",2026-07-29T08:03:12.000Z
thehalara.com,id:6a68c442b242049a6fbc5919,native_id,6a68c442b242049a6fbc5919,https://www.trustpilot.com/reviews/6a68c442b242049a6fbc5919,3,Sizing is too small,My order came quickly except the sizing is wrong. I ordered a size large and all of the capris fit very tightly like a size small around the waist and pulls in the front area. I used the size guide but there is no stretch to the capris waist band. I will need to return them because I cannot wear them. ,2026-07-28T17:01:22.000Z,2026-07-24T00:00:00.000Z,en,0,verified,true,InvitationApi,Gina,6a68c441236e3d0f99e87ded,1,US,"Hello,
Thank you for sharing your feedback. We’re truly sorry that the capris did not fit as expected, especially after you followed our size guide.
Our team has already reached out to you via email regarding this matter so we can assist you further and work toward the best possible solution. Please kindly check your inbox (including your spam/junk folder) and reply to our email at your convenience.
Thank you for your patience and for giving us the opportunity to make things right.",2026-07-29T08:08:30.000Z
thehalara.com,id:6a68c295e873733715ccf421,native_id,6a68c295e873733715ccf421,https://www.trustpilot.com/reviews/6a68c295e873733715ccf421,5,Absolutely love the fabric science,Absolutely love the fabric science.  Fit is amazing!!,2026-07-28T16:54:13.000Z,2026-07-26T00:00:00.000Z,en,0,verified,true,InvitationApi,Carrie,6a68c294b06fbf4ae3f9c35f,1,US,,
thehalara.com,id:6a68c26b981611dfc57a0933,native_id,6a68c26b981611dfc57a0933,https://www.trustpilot.com/reviews/6a68c26b981611dfc57a0933,5,I ordered 2 more pairs of your linen,"I ordered 2 more pairs of your linen, elasticated waist trousers.  I love them.  Having the petite option helps as I am only 5ft1in! 
I could end up with a wardrobe full of these.   Thanks.",2026-07-28T16:53:31.000Z,2026-07-25T00:00:00.000Z,en,0,verified,true,InvitationApi,Janice  Gordon,61b9a49e3dce1f0012901d3c,9,GB,,
thehalara.com,id:6a68c1280c64deac3a4684f7,native_id,6a68c1280c64deac3a4684f7,https://www.trustpilot.com/reviews/6a68c1280c64deac3a4684f7,5,Love how fit and feel,It’s easy to order and it’s ship quickly unless it’s a pre order. Love the fabric and how nice it feels. I’ll definitely order more in the future.,2026-07-28T16:48:08.000Z,2026-07-18T00:00:00.000Z,en,0,verified,true,InvitationApi,Sue,6a68c127c2526c3aaf9ec83c,1,US,,
thehalara.com,id:6a68c08e63318d2b04b65eea,native_id,6a68c08e63318d2b04b65eea,https://www.trustpilot.com/reviews/6a68c08e63318d2b04b65eea,5,Love the quality of Halara ,"Purchased items on SALE…saving money on quality items, always a bonus!!! ",2026-07-28T16:45:34.000Z,2026-07-13T00:00:00.000Z,en,0,verified,true,InvitationApi,April,6a68c08d7b418c58ce918230,1,US,,
thehalara.com,id:6a68c058168a793e94cdb406,native_id,6a68c058168a793e94cdb406,https://www.trustpilot.com/reviews/6a68c058168a793e94cdb406,5,Their lenient return /exchange policy,Their lenient return /exchange policy. And very quick support responses.,2026-07-28T16:44:40.000Z,2026-07-26T00:00:00.000Z,en,0,verified,true,InvitationApi,Christina Robertson,67c8ddeb984bd318048fe017,1,US,,
thehalara.com,id:6a68c04a364933794a521588,native_id,6a68c04a364933794a521588,https://www.trustpilot.com/reviews/6a68c04a364933794a521588,1,I love your jeans but I am trying to…,"I love your jeans but I am trying to return an item and my details are not being recognised even though you have my email address .
I don’t want to give you negative reviews as I like your products but I won’t feel confident ordering again ",2026-07-28T16:44:26.000Z,2026-07-13T00:00:00.000Z,en,0,verified,true,InvitationApi,Sarah Hopkins,5ef47cc4fb7926c7801a8799,7,GB,"Hello,
Thank you for sharing your feedback. We’re truly sorry that you’re having difficulty accessing the return process, especially as a customer who enjoys our products.
Our team has already reached out to you via email regarding this matter so we can assist you further and work toward the best possible solution. Please kindly check your inbox (including your spam/junk folder) and reply to our email at your convenience.
Thank you for your patience and for giving us the opportunity to make things right.",2026-07-29T08:43:01.000Z
thehalara.com,id:6a68bf68d78ce95f2962a23f,native_id,6a68bf68d78ce95f2962a23f,https://www.trustpilot.com/reviews/6a68bf68d78ce95f2962a23f,5,No problems,No problems,2026-07-28T16:40:40.000Z,2026-06-15T00:00:00.000Z,en,0,verified,true,InvitationApi,Maryrose Farren,5e907cafc78e4fd2492959cb,6,US,,
thehalara.com,id:6a68bedbf820907e028e0924,native_id,6a68bedbf820907e028e0924,https://www.trustpilot.com/reviews/6a68bedbf820907e028e0924,5,I love my dresses and the shipping came…,I love my dresses and the shipping came within the time window stated. ,2026-07-28T16:38:19.000Z,2026-07-21T00:00:00.000Z,en,0,verified,true,InvitationApi,Sheila,6822836cbf768b2497f8eb8a,2,US,,
thehalara.com,id:6a68be208237857ebfd21de2,native_id,6a68be208237857ebfd21de2,https://www.trustpilot.com/reviews/6a68be208237857ebfd21de2,5,These tanks are super cute,These tanks are super cute. Trust the ads! I’m 5’7 and weigh 150 and got a medium. Fits great!,2026-07-28T16:35:12.000Z,2026-07-26T00:00:00.000Z,en,0,verified,true,InvitationApi,Shaina,5fd102cd33b62e00194273b1,1,US,,
thehalara.com,id:6a68be09820607576284bb5a,native_id,6a68be09820607576284bb5a,https://www.trustpilot.com/reviews/6a68be09820607576284bb5a,5,Ordering was easy and delivery was…,Ordering was easy and delivery was fast. I love my new dress!,2026-07-28T16:34:49.000Z,2026-07-26T00:00:00.000Z,en,0,verified,true,InvitationApi,Linda,6a68be08236e3d1b2de8714a,1,US,,
thehalara.com,id:6a68bcd1920699c0119d1f48,native_id,6a68bcd1920699c0119d1f48,https://www.trustpilot.com/reviews/6a68bcd1920699c0119d1f48,5,I love all of their products,"I love all of their products! Great quality, comfy and affordable",2026-07-28T16:29:37.000Z,2026-06-23T00:00:00.000Z,en,0,verified,true,InvitationApi,Sasha,6a68bc3a236e3da87de86d86,2,US,,
thehalara.com,id:6a68bc34290d47504e954bea,native_id,6a68bc34290d47504e954bea,https://www.trustpilot.com/reviews/6a68bc34290d47504e954bea,4,It’s too hard to return something,It’s too hard to return something ,2026-07-28T16:27:00.000Z,2026-07-18T00:00:00.000Z,en,0,verified,true,InvitationApi,Jeanie Bryand,6829d887bf768b143400e04c,3,US,,
thehalara.com,id:6a68bb3215ed00986d40ffec,native_id,6a68bb3215ed00986d40ffec,https://www.trustpilot.com/reviews/6a68bb3215ed00986d40ffec,2,The shorts just ride up ,The shorts just ride up like every short which is disappointing with how much they cost. ,2026-07-28T16:22:43.000Z,2026-07-26T00:00:00.000Z,en,0,verified,true,InvitationApi,Madeline,6a5788e9ff3db26fe6b36ed9,2,US,"Hello,
Thank you for sharing your feedback. We’re truly sorry that the shorts did not fit as expected and that you experienced discomfort with the shorts riding up.
Our team has already reached out to you via email regarding this matter so we can assist you further and work toward the best possible solution. Please kindly check your inbox (including your spam/junk folder) and reply to our email at your convenience.
Thank you for your patience and for giving us the opportunity to make things right.",2026-07-29T06:58:52.000Z
thehalara.com,id:6a68bb1988d96614584b7e12,native_id,6a68bb1988d96614584b7e12,https://www.trustpilot.com/reviews/6a68bb1988d96614584b7e12,5,Shape of dresses amazing …,Shape of dresses amazing and delelivered quick this time ,2026-07-28T16:22:17.000Z,2026-07-25T00:00:00.000Z,en,0,verified,true,InvitationApi,Customer..Bec,593437070000ff000a9fc5b9,9,GB,,
thehalara.com,id:6a68ba11e2c05655bc16e144,native_id,6a68ba11e2c05655bc16e144,https://www.trustpilot.com/reviews/6a68ba11e2c05655bc16e144,4,Fit great and look good,Fit great and look good,2026-07-28T16:17:54.000Z,2026-07-26T00:00:00.000Z,en,0,verified,true,InvitationApi,Jane,5733beac0000ff000a1f572b,3,US,,
thehalara.com,id:6a68b93e05fe5c4f2b16675d,native_id,6a68b93e05fe5c4f2b16675d,https://www.trustpilot.com/reviews/6a68b93e05fe5c4f2b16675d,3,I don't like the wide leg trousers on…,I don't like the wide leg trousers on they look a bit scruffy. ,2026-07-28T16:14:22.000Z,2026-07-17T00:00:00.000Z,en,0,verified,true,InvitationApi,Alison Nowell,68723a6c2f2478f8e443baa8,3,GB,"Hello,
Thank you for sharing your feedback. We’re truly sorry that the wide-leg trousers did not meet your expectations and that the style did not look as you hoped when worn.
Our team has already reached out to you via email regarding this matter so we can assist you further and work toward the best possible solution. Please kindly check your inbox (including your spam/junk folder) and reply to our email at your convenience.
Thank you for your patience and for giving us the opportunity to make things right.",2026-07-29T09:04:23.000Z
thehalara.com,id:6a68b8af1afb339c56d64f43,native_id,6a68b8af1afb339c56d64f43,https://www.trustpilot.com/reviews/6a68b8af1afb339c56d64f43,5,Great fabrics and speedy delivery!,Great fabrics and speedy delivery!,2026-07-28T16:11:59.000Z,2026-07-19T00:00:00.000Z,en,0,verified,true,InvitationApi,Jan,6a68b8adff3db238bec74911,1,US,,
thehalara.com,id:6a68b86f9053172e19509d72,native_id,6a68b86f9053172e19509d72,https://www.trustpilot.com/reviews/6a68b86f9053172e19509d72,5,"Multiple orders made, legit ","I love my clothes. Because they are athletic-wear they tend to run a little small, in my opinion, as they are intended to be tight. The return process was funky but worked out well and I got what I needed.  Customer service has been smooth and easy. I’ve made multiple offers and it’s a legit company. ",2026-07-28T16:10:55.000Z,2026-07-19T00:00:00.000Z,en,0,verified,true,InvitationApi,Rose,5da0938b7c1d9c315319a2ea,6,US,,
thehalara.com,id:6a68b8172e5264b142bea649,native_id,6a68b8172e5264b142bea649,https://www.trustpilot.com/reviews/6a68b8172e5264b142bea649,1,I’m still waiting for my refund,I’m still waiting for my refund. I returned the pants and they were received by you on 15 July 2026 and I haven’t heard anything back from your company. Please. Refund my money,2026-07-28T16:09:27.000Z,2026-07-19T00:00:00.000Z,en,0,verified,true,InvitationApi,Wendy,6800faba83edc035aa637a1b,2,US,"Hello,
Thank you for sharing your feedback. We're truly sorry to hear that you're still waiting for your refund.
Our team has already reached out to you via email regarding this matter so we can assist you further and work toward the best possible solution. Please kindly check your inbox (including your spam/junk folder) and reply to our email at your convenience.
Thank you for your patience and for giving us the opportunity to make things right.",2026-07-29T07:40:44.000Z
thehalara.com,id:6a68b61f5b0461a972a83fd3,native_id,6a68b61f5b0461a972a83fd3,https://www.trustpilot.com/reviews/6a68b61f5b0461a972a83fd3,3,I am happy with the products I ordered,I am happy with the products I ordered. Getting the products was the issue. Was supposed to be 8 to 10 days and took 1 month for my order to arrive. ,2026-07-28T16:01:03.000Z,2026-07-25T00:00:00.000Z,en,0,verified,true,InvitationApi,Jennifer,6a68b61e7b418c4e44916cb1,1,US,"Hello,
Thank you for sharing your feedback. We’re truly sorry that your order took much longer than expected to arrive.
Our team has already reached out to you via email regarding this matter so we can assist you further and work toward the best possible solution. Please kindly check your inbox (including your spam/junk folder) and reply to our email at your convenience.
Thank you for your patience and for giving us the opportunity to make things right.",2026-07-29T08:48:56.000Z
www.shein.com,id:6a6977d291662822d28bf03f,native_id,6a6977d291662822d28bf03f,https://www.trustpilot.com/reviews/6a6977d291662822d28bf03f,1,Shipping is terrible,"Shipping is terrible. Though it says local shipper, it takes a week or so to arrive. Its a click bait. Quality of product is poor and different from what is posted. I understand that it comes from different sellers but it is such a hustle waiting separate packages. Some items were marked deliver but I did not receive the package. Proof of delivery is just a black photo. It is hard to contact customer service also. It is obvious that it is automated by a bot. ",2026-07-29T05:47:30.000Z,2026-07-22T00:00:00.000Z,en,0,not-verified,false,Organic,Rubin,5c21f863e550e1344ef4e54c,5,US,"Hello!

We are truly sorry for the unpleasant experience.

In order to better resolve your concerns, we need you to provide specific information, such as your order number. We have sent you an email with the subject ""Request for information about your experience."" Please check your inbox (and spam folder), and reply to that email with the information we need.

Your feedback is our driving force for continuous improvement, and we truly value your opinion. We look forward to providing you with further assistance as soon as we receive your response. :)",2026-07-29T08:24:23.000Z
www.shein.com,id:6a6949b8485a6339d3da6e41,native_id,6a6949b8485a6339d3da6e41,https://www.trustpilot.com/reviews/6a6949b8485a6339d3da6e41,1,Shein refund/paypal account scam,"

GSU18C04R00N85G 19.35

Again Please stay away from Shein!! After deliberately sending my refund to my shein wallet when i specifically asked for it to be sent to my original payment method they lied and stated couldn't help fix it. After a quick social media search they are currently doing this to other customers so please pay attention. I publicly blasted them here on trust pilot then all the sudden i get an email from them saying okay ""we have successfully processed your refund to your original payment method"". How embarrassing!! Now they are pretending the refund failed and that they are unable to give me a full refund so they pick a random order to not refund!!! They want me to opened a random PayPal account so they send the refund that's such a scam and so shady what company forces their customer to open an account with an external banking institution as a way to get a refund???!!I have contacted by bank already I'm not playing games with this dirty company. Please stay far away from shein they do not care about their customers and their customer service has significantly gone downhill so you will either never get a refund and when you manage to get your refund it will be the wrong amount they will do anything to scam customers and keep any part of your money. They lack accountability and they are awful!!
",2026-07-29T02:30:48.000Z,2026-07-27T00:00:00.000Z,en,0,not-verified,false,Organic,Panini,68ffcae9ec11db09df0ee78d,8,US,"Hello!

We sincerely apologize for any inconvenience caused—your experience is incredibly important to us 💝

According to the information you provided, we've identified your inquiry submitted via the SHEIN app and our dedicated support agent is expediting the resolution.We guarantee a clear response within 24 hours, and you can monitor real-time updates anytime in ""Service Records"".

🔹 Steps to Access:
Open SHEIN APP → Tap ""Me"" at bottom → ""Customer Service"" → ""Service Records"" 

Your feedback lights our path forward—we look forward to assisting you further.",2026-07-29T08:13:28.000Z
www.shein.com,id:6a6924982f13c17c6da9797c,native_id,6a6924982f13c17c6da9797c,https://www.trustpilot.com/reviews/6a6924982f13c17c6da9797c,5,I loved everything I got the quality is…,I loved everything I got the quality is great !!,2026-07-28T23:52:24.000Z,2026-02-23T00:00:00.000Z,en,0,verified,true,AFSv2,Yojanny Florentino,6a679c16236e3d25cee70dd2,2,US,,
www.shein.com,id:6a691ea5bb9674e611d0fd12,native_id,6a691ea5bb9674e611d0fd12,https://www.trustpilot.com/reviews/6a691ea5bb9674e611d0fd12,1,Did not receive complete,"Did not receive complete, I was so excited to get this cat  tree as I have just adopted 2 more rescue cats  making 4 fury babies, I spent 6 hours building the cat tree and  was peice missing meaning I could not complete it, I had to use an umbrella is holding it up but I should not have to do that, it is funny but still I am very disappointed, I contacted customer service and I thought they were amazing at first because they seemed helpful, they said ill hear back in around 48 hours by e-mail. That was over 3 weeks ago, I've tried multiple times to contact again but been ignored and told agents are offline even when it says they are open. I'm very disappointed and had many other peices  of furniture I was going to purchase for my growing family but I will be ordering elsewhere. ",2026-07-28T23:27:01.000Z,2026-07-06T00:00:00.000Z,en,0,not-verified,false,Organic,Hannah Redford,689514ae65125e67253d9d19,1,GB,"Hello!

We sincerely apologize for any inconvenience caused—your experience is incredibly important to us 💝

According to the information you provided, we've identified your inquiry submitted via the SHEIN app and our dedicated support agent is expediting the resolution.We guarantee a clear response within 24 hours, and you can monitor real-time updates anytime in ""Service Records"".

🔹 Steps to Access:
Open SHEIN APP → Tap ""Me"" at bottom → ""Customer Service"" → ""Service Records""

Your feedback lights our path forward—we look forward to assisting you further.",2026-07-29T02:27:12.000Z
www.shein.com,id:6a691c2717d7ce6112cbe7cc,native_id,6a691c2717d7ce6112cbe7cc,https://www.trustpilot.com/reviews/6a691c2717d7ce6112cbe7cc,1,RIPPED OFF FOR 12 CANS OF PLEDGE SPRAY,I BOUGHT 6 ORDERS OF 3 CANS OF PLEDGE. THEY SENT ME 6 CANS OF PLEDGE. THEY HAD ME JUMP THRU SOME HOOPS. THEY STILL REFUSED TO SEND ME WHAT THEY OWED ME.,2026-07-28T23:16:23.000Z,2026-01-27T00:00:00.000Z,en,0,not-verified,false,Organic,Lynn Wright,6a6919757b418c1af49213e0,2,US,"Hello!

We are truly sorry for the unpleasant experience.

In order to better resolve your concerns, we need you to provide specific information, such as your order number. We have sent you an email with the subject ""Request for information about your experience."" Please check your inbox (and spam folder), and reply to that email with the information we need.

Your feedback is our driving force for continuous improvement, and we truly value your opinion. We look forward to providing you with further assistance as soon as we receive your response. :)",2026-07-29T02:30:29.000Z
www.shein.com,id:6a68bb571e4a875b69d6a0f4,native_id,6a68bb571e4a875b69d6a0f4,https://www.trustpilot.com/reviews/6a68bb571e4a875b69d6a0f4,1,"Defective Products, Terrible Quality Control & One of the Worst Return Experiences I've Ever Had!!","I have spent over 10 hours, sent more than 50 emails, and travelled to six different return locations trying to return products that should never have been shipped in the first place.

The reason for my return wasn't that I changed my mind.
The clothing arrived with incorrect sizing, poor workmanship, unfinished construction, and obvious quality issues. Some items looked like they had never been properly finished before being packaged. The sizing was nowhere close to what was advertised, making several items completely unwearable. These are quality control failures that fall entirely on SHEIN.
Instead of standing behind the products they sell, SHEIN leaves customers to deal with the consequences.

The customer service has been just as disappointing as the products. After more than 50 emails, I continue receiving the same generic copy-and-paste responses that completely ignore the concerns I've raised. Not once has anyone meaningfully addressed the poor quality of the items, the incorrect sizing, or the countless hours I've spent trying to return them.
The biggest issue has been SHEIN's return process in Toronto.

I previously completed a SHEIN return while I was in Vancouver, where the return was handled through Canada Post. It was simple, professional, and took only a few minutes. That's exactly how a return process should work.My experience in Toronto has been the complete opposite.

SHEIN uses a third-party return network that has been an absolute nightmare. I have been sent from location to location, only to find businesses that were closed, difficult to access, or operating with extremely limited hours. One designated return location had nothing more than a handwritten piece of paper taped to the door listing its business hours. I took photographs because I couldn't believe a company the size of SHEIN expects customers to rely on a return network operating like this.
I work full-time and don't permanently live in Toronto. Spending days travelling across the city trying to return defective clothing is completely unreasonable. I've documented every trip, every location, walking directions, screenshots, emails, and photographs because I simply couldn't believe how difficult this process became.

No customer should have to spend weeks chasing down return locations because a company shipped merchandise that failed basic quality standards.

The most frustrating part is the complete lack of accountability. Instead of acknowledging the problems or offering a practical solution, SHEIN continues sending automated responses while the customer absorbs all of the time, inconvenience, and expense.

A return policy is supposed to protect customers when products arrive defective or not as described. It should not become a second job.

If SHEIN can provide a simple, efficient return process through Canada Post in one Canadian city, there is no reason customers in another city should be forced through such a disorganized and inaccessible third-party network.

This entire experience has shown me that once something goes wrong, customer service and accountability disappear. I expected far better from a global retailer.

I sincerely hope SHEIN reviews both its quality control and its Canadian return process because no customer should have to fight this hard to return products that should never have passed inspection in the first place.
I will not be shopping with SHEIN again, and I cannot recommend them based on this experience.",2026-07-28T16:23:19.000Z,2026-07-06T00:00:00.000Z,en,0,not-verified,false,Organic,kristina graziani,613e111d9c54510012e54c3e,7,CA,"Hello!

We are truly sorry for the unpleasant experience.

In order to better resolve your concerns, we need you to provide specific information, such as your order number. We have sent you an email with the subject ""Request for information about your experience."" Please check your inbox (and spam folder), and reply to that email with the information we need.

Your feedback is our driving force for continuous improvement, and we truly value your opinion. We look forward to providing you with further assistance as soon as we receive your response. :)",2026-07-29T07:22:58.000Z
www.shein.com,id:6a68b3202367460b2deeb76a,native_id,6a68b3202367460b2deeb76a,https://www.trustpilot.com/reviews/6a68b3202367460b2deeb76a,1,Complete nonsense and worst customer service,"Complete nonsense, lost one of the items I ordered and kept denying responsibility, customer service manager Elena was no help at all and just kept repeating to send me the same template response and wasted all my time, please train your employees and fire the ones that are incapable of doing their job, literally ordered more than $100CAD of stuff just for you guys to deny a refund of less than $15 CAD, ridiculous and disrespectful, please contact me via email ASAP and fix it
Order number: GSH18F141001GBJ",2026-07-28T15:48:16.000Z,2026-07-28T00:00:00.000Z,en,0,not-verified,false,Organic,Nicole,6a68b316b06fbfe52cf9a363,1,CA,"Hello！

According to the information you provided, we noticed our team has sent a solution regarding your order. Please check your email for updates. If no email was received, it may have been filtered to the spam folder. We hope to hear from you. :)",2026-07-29T07:27:38.000Z
www.shein.com,id:6a684a8127ebfd44c165f784,native_id,6a684a8127ebfd44c165f784,https://www.trustpilot.com/reviews/6a684a8127ebfd44c165f784,1,"Missed delivery deadline, then extended it instead of honouring the promised refund","Ordered from SHEIN with a stated delivery window of 23–27 July 2026. The parcel reached the destination airport and then sat there for six days with no tracking movement, and was never released to the local courier.

On 27 July, a customer service representative confirmed in writing, in the app chat, to reach out again the next day and request a full refund then if the order does not. It was not delivered.

I contacted customer service again on 28 July, as instructed. Rather than the promised refund as per the policy of missed ETA deadline, the delivery deadline was moved to 3 August without my agreement.

Customer service was polite throughout (although fully automated bot, not a human being in sight), but every reply repeated the same three points regardless of what I asked: an apology, a request to wait longer, and a note that intercepting the parcel ""may fail.""

There was no way to reach a supervisor or anyone able to approve a refund directly, and the only concrete option offered was to refuse a delivery that no courier had yet attempted.

I've kept screenshots of the original delivery window, the written refund commitment, and the later change of date, in case anyone from SHEIN wants to look into it.

All I received is a link with a tracking code to track the local courier. However, the package has not even been handed to the local courier and the customer support representative still keeps insisting to check with the courier.

What I'd flag for other buyers is what happens after a delivery date is missed: the promised refund process didn't hold up in my case. Be very careful and cautious. I'll update this review if that changes.


IPDATE, 29 July: SHEIN's reply to this review below asks me to check my email for a resolution, suggesting it may have gone to spam. I did receive their email - it does not contain a resolution, it repeats the same request to wait, this time until 3 August. The reply to this review describes an email that doesn't match the one I actually got.",2026-07-28T08:21:53.000Z,2026-07-27T00:00:00.000Z,en,0,not-verified,false,Organic,JJ,6a684a2fff3db23f58c687ee,1,PH,"Hello！

According to the information you provided, we noticed our team has sent a solution regarding your order. Please check your email for updates. If no email was received, it may have been filtered to the spam folder. We hope to hear from you. :)",2026-07-29T02:38:58.000Z
www.shein.com,id:6a682ef6ae23f44bc87ac9c8,native_id,6a682ef6ae23f44bc87ac9c8,https://www.trustpilot.com/reviews/6a682ef6ae23f44bc87ac9c8,1,Hi I’m had a very bad experience with…,"Hi I’m had a very bad experience with SHEIN
Not recommending to buy items from SHEIN 
I ordered 11 items, received it, but was bad experience,- all items was a really bad quality, I decided that I want to start returning process, send items myself by post, paid 860 NOK, but all items was returned to my again!!!",2026-07-28T06:24:22.000Z,2026-07-28T00:00:00.000Z,en,0,not-verified,false,Organic,Vilma Godvaišienė,6a682ef1ff3db20119c67972,1,NO,"Hello!

We are truly sorry for the unpleasant experience.

In order to better resolve your concerns, we need you to provide specific information, such as your order number. We have sent you an email with the subject ""Request for information about your experience."" Please check your inbox (and spam folder), and reply to that email with the information we need.

Your feedback is our driving force for continuous improvement, and we truly value your opinion. We look forward to providing you with further assistance as soon as we receive your response. :)",2026-07-28T08:16:00.000Z
www.shein.com,id:6a67ea654188592cff4d1bd8,native_id,6a67ea654188592cff4d1bd8,https://www.trustpilot.com/reviews/6a67ea654188592cff4d1bd8,1,Shein Original payment/ wallet scam,"Order numbers:
GSU18C04R00N85K and GSU18C04R00N85J

So after weeks of Shein denying my refund for a misdelivered order they waited till I came here on trust pilot to publicly exposed them for being scammers to finally refund me even after blatantly denying my physical letter from the post office. But Here is where the real scam beings! Mind you this is a joint package do you know that shein deliberately only refunded 2 cheap orders to my original payment and then put the rest to the shein wallet??? I specifically asked that the money be put to my original payment method!!! They thought I wouldn't notice I immediatly contacted them to fix the issue and they proceeded to lie to my face and say ""sorry once we issue a refund we can't refund you again"" so in other words after we scam you we will still disrespect you and keep your money on our websites wallet instead of fully refunding you like you requested!!! At this point I will call my bank and report this transaction for fraud as this is what it boils down to now. You tried to scam me twice I'm not doing this again and also they only fix things for customers once they have been exposed on the better business bureau!!!

",2026-07-28T01:31:49.000Z,2026-07-27T00:00:00.000Z,en,0,not-verified,false,Organic,Cici Nope,6a4b4de65334ac567b11071a,4,US,"Hello！

According to the information you provided, we noticed our team has sent a solution regarding your order. Please check your email for updates. If no email was received, it may have been filtered to the spam folder. We hope to hear from you. :)",2026-07-28T02:33:18.000Z
www.shein.com,id:6a67e70bd03586d8cf6a1e1a,native_id,6a67e70bd03586d8cf6a1e1a,https://www.trustpilot.com/reviews/6a67e70bd03586d8cf6a1e1a,5,Be prepared for parcels to come earlier than originally stated.,"All items that I bought from Shein I was happy with, they came in good condition and is very affordable. Ideal for holiday clothes or special occasions. Easy ordering and easy returns if necessary. ",2026-07-28T01:17:31.000Z,2026-07-25T00:00:00.000Z,en,0,not-verified,false,Organic,Jayde Dickinson.,6782595cae5918f7c9f033cb,6,GB,,
www.shein.com,id:6a67bbee2569cc971d628918,native_id,6a67bbee2569cc971d628918,https://www.trustpilot.com/reviews/6a67bbee2569cc971d628918,1,Missing items and they won't refund,"I ordered 12 items, a rug, two blankets one big one small, two plush toys a kuromi and my melody and 7 wall sticker decors. I was given a small bag with no kuromi blanket or plush toy and they refuse to refund me!! All they say is everything is in the package. I usually don't order from them but now I will not ever again. Horrible customer service",2026-07-27T22:13:34.000Z,2026-07-22T00:00:00.000Z,en,0,not-verified,false,Organic,Truly Dvine,5e6a61134c154f21bd2b32de,5,US,"Hello!

We are truly sorry for the unpleasant experience.

In order to better resolve your concerns, we need you to provide specific information, such as your order number. We have sent you an email with the subject ""Request for information about your experience."" Please check your inbox (and spam folder), and reply to that email with the information we need.

Your feedback is our driving force for continuous improvement, and we truly value your opinion. We look forward to providing you with further assistance as soon as we receive your response. :)",2026-07-28T02:20:25.000Z
www.shein.com,id:6a672ff0a42c9796eedacb41,native_id,6a672ff0a42c9796eedacb41,https://www.trustpilot.com/reviews/6a672ff0a42c9796eedacb41,1,I ordered a particular item,"I ordered a particular item, received a different item, returned for refund but only offered a lesser amount because the price had dropped after my purchase.  What an awful company.  I will never buy from them again.",2026-07-27T12:16:16.000Z,2026-06-20T00:00:00.000Z,en,0,not-verified,false,Organic,Sandra Greenslade,6a672fe5b06fbf7d41f77f0b,1,AU,"Hello!

We are truly sorry for the unpleasant experience.

In order to better resolve your concerns, we need you to provide specific information, such as your order number. We have sent you an email with the subject ""Request for information about your experience."" Please check your inbox (and spam folder), and reply to that email with the information we need.

Your feedback is our driving force for continuous improvement, and we truly value your opinion. We look forward to providing you with further assistance as soon as we receive your response. :)",2026-07-28T02:07:40.000Z
www.shein.com,id:6a668cf63a9cfe72e67e858f,native_id,6a668cf63a9cfe72e67e858f,https://www.trustpilot.com/reviews/6a668cf63a9cfe72e67e858f,2,Reasons shein may go out of business,"So I've been ordering from shein for quite a while now and I can say I had to throw most the clothes away I bought from them and these are the reasons:
1. Some out-going shirts dont fit or have shrunk on me 
2. Buttons and zippers either break completely off, discolor from washing, or completely fall off from poor stitching. 
3. Embarrassing clothing rips or holes or buttons falling off holding jump suit together during work and having to use safety pins as a back up plan with notice of a button missing.",2026-07-27T00:40:54.000Z,2026-01-01T00:00:00.000Z,en,1,not-verified,false,Organic,Aleta jimenez,5f6e65602c222c884481ebf3,4,US,"Hello!

We are truly sorry for the unpleasant experience.

In order to better resolve your concerns, we need you to provide specific information, such as your order number. We have sent you an email with the subject ""Request for information about your experience."" Please check your inbox (and spam folder), and reply to that email with the information we need.

Your feedback is our driving force for continuous improvement, and we truly value your opinion. We look forward to providing you with further assistance as soon as we receive your response. :)",2026-07-27T06:47:41.000Z
www.shein.com,id:6a667e612e3b308d789f1dc8,native_id,6a667e612e3b308d789f1dc8,https://www.trustpilot.com/reviews/6a667e612e3b308d789f1dc8,1,Shein is getting expensive ,"I'm finding that when you want to put items in your cart the prices are going up as you go to the check out, doesn't make any logical sense plus the coupons are hard to use they are getting so expensive you might as well shop in your hometown now.
",2026-07-26T23:38:41.000Z,2026-07-27T00:00:00.000Z,en,1,not-verified,false,Organic,Amanda Danrell,61cfa2e5149fa50012fbabc7,3,NZ,"Hello!

We are truly sorry for the unpleasant experience.

In order to better resolve your concerns, we need you to provide specific information, such as your order number. We have sent you an email with the subject ""Request for information about your experience."" Please check your inbox (and spam folder), and reply to that email with the information we need.

Your feedback is our driving force for continuous improvement, and we truly value your opinion. We look forward to providing you with further assistance as soon as we receive your response. :)",2026-07-27T09:42:59.000Z
www.shein.com,id:6a664a32bc767427870a8b79,native_id,6a664a32bc767427870a8b79,https://www.trustpilot.com/reviews/6a664a32bc767427870a8b79,1,SHEIN falsely advertised a nightgown,"SHEIN falsely advertised a nightgown as Natural Linen with no other fabric materials listed in the product description. When I returned the item because it was actually made of mostly synthetic fabrics, 67% Viscose (Rayon) and 24% Polyamide (Nylon) and only 8% Linen, SHEIN only issued a partial refund even though it was returned due their own misrepresentation of the product. SHEIN refused to address the issue with nonsensical/irrelevant responses to my demands for a full refund. SHEIN should first and foremost stop misrepresenting products and definitely should fully refund customers when they are called out for doing so.",2026-07-26T19:56:02.000Z,2026-07-22T00:00:00.000Z,en,1,not-verified,false,Organic,Steve Phillips,695bad5d3d98f0296215e2dd,2,US,"Hello!

We sincerely apologize for any inconvenience caused—your experience is incredibly important to us 💝

According to the information you provided, we've identified your inquiry submitted via the SHEIN app and our dedicated support agent is expediting the resolution.We guarantee a clear response within 24 hours, and you can monitor real-time updates anytime in ""Service Records"".

🔹 Steps to Access:
Open SHEIN APP → Tap ""Me"" at bottom → ""Customer Service"" → ""Service Records""

Your feedback lights our path forward—we look forward to assisting you further.",2026-07-27T08:32:54.000Z
www.shein.com,id:6a66400ffa7104db89529758,native_id,6a66400ffa7104db89529758,https://www.trustpilot.com/reviews/6a66400ffa7104db89529758,1,Absolutely not worth the hassle,"Absolutely not worth the hassle. My packages are now over two weeks late. Shein told me to contact the shipping company, but the shipping company said it was still within the delivery timeframe. After I sent them a screenshot proving it had already exceeded the promised timeframe twice, yes folks twice, they changed their story and admitted it was late.  

To make matters worse, the shipping company suddenly claimed my address was ""unshippable""—even though they had already successfully delivered other packages to the exact same address. Then Shein turned around and canceled it, refunded the funds yet I was told by the shipping company it would be delivered the following day.  Which of course was untrue. Now they want 3 more days.  

I'm still waiting for my order with no real answers or resolution. Poor customer service, conflicting information, refusal to get a manager and zero accountability. I won't be ordering again. I highly recommend not going through the hassle especially if you want your items within the timeframe promised.  ",2026-07-26T19:12:47.000Z,2026-07-17T00:00:00.000Z,en,1,not-verified,false,Organic,Cassandra Polasky,6955b42c00ecba00fd9ff499,2,US,"Hello！

According to the information you provided, we noticed our team has sent a solution regarding your order. Please check your email for updates. If no email was received, it may have been filtered to the spam folder. We hope to hear from you. :)",2026-07-27T01:54:58.000Z
www.shein.com,id:6a662bbad8260380cbe62a07,native_id,6a662bbad8260380cbe62a07,https://www.trustpilot.com/reviews/6a662bbad8260380cbe62a07,1,SHEIN is the worst company I have ever…,"SHEIN is the worst company I have ever dealt with. I was overcharged and tried to contact customer service, but it was impossible to get help because you only interact with robots. No one was able to resolve my issue.

The quality of the materials is extremely cheap, and the items I received looked nothing like the pictures on the website. It was very disappointing.

I do not recommend buying from this company. My experience was frustrating from start to finish. Worst experience ever!",2026-07-26T17:46:02.000Z,2026-07-10T00:00:00.000Z,en,2,not-verified,false,Organic,Semir,6296146a0afa9d001221c9eb,2,US,"Hello！
According to the information you provided, we noticed our team has sent a solution regarding your order. Please check your email for updates. If no email was received, it may have been filtered to the spam folder. We hope to hear from you. :)",2026-07-27T01:51:34.000Z
www.shein.com,id:6a65d4bf5295c7ebd68f46b6,native_id,6a65d4bf5295c7ebd68f46b6,https://www.trustpilot.com/reviews/6a65d4bf5295c7ebd68f46b6,1,I had a very disappointing experience…,"I had a very disappointing experience with SHEIN's return process. Their return policy is confusing and not customer-friendly, making it difficult to resolve issues when an item doesn't meet expectations.

What made the experience worse was the customer service. It was extremely difficult to get proper assistance, and I felt that my concerns were not taken seriously. Responses were either delayed or unhelpful, leaving me without a satisfactory solution.

I hope SHEIN improves both its return policy and customer support, because these are essential for building customer trust. Based on my experience, I cannot recommend their after-sales service.",2026-07-26T11:34:55.000Z,2026-07-26T00:00:00.000Z,en,0,not-verified,false,Organic,Benj Rocero,6a52081524460e5a0b2ec6bf,4,AE,"Hello!

We are truly sorry for the unpleasant experience.

In order to better resolve your concerns, we need you to provide specific information, such as your order number. We have sent you an email with the subject ""Request for information about your experience."" Please check your inbox (and spam folder), and reply to that email with the information we need.

Your feedback is our driving force for continuous improvement, and we truly value your opinion. We look forward to providing you with further assistance as soon as we receive your response. :)",2026-07-27T01:57:20.000Z
www.shein.com,id:6a65ab370e9aff0859fd9541,native_id,6a65ab370e9aff0859fd9541,https://www.trustpilot.com/reviews/6a65ab370e9aff0859fd9541,1,They rejected my verification documents…,"They rejected my verification documents ( I sent 4 different ones). And at 1 week they told me to wait an additional 24-48hrs following which they said nothing. They then cancelled my order without even saying anything and refunded me, which refund has not been received yet as it can take 20days. No communication from the ticket I opened either. Infact, it took them at least 24/hrs to reply to any follow ups I did. It has been an awful and traumatic experience ",2026-07-26T08:37:43.000Z,2026-07-26T00:00:00.000Z,en,1,not-verified,false,Organic,Manna Chikomo,6a65ab2cc2526c5f8b9b265d,1,ZA,"Hello!

We are truly sorry for the unpleasant experience.

In order to better resolve your concerns, we need you to provide specific information, such as your order number. We have sent you an email with the subject ""Request for information about your experience."" Please check your inbox (and spam folder), and reply to that email with the information we need.

Your feedback is our driving force for continuous improvement, and we truly value your opinion. We look forward to providing you with further assistance as soon as we receive your response. :)",2026-07-27T02:51:27.000Z
www.shein.com,id:6a658b1854424b6dbe3b4a22,native_id,6a658b1854424b6dbe3b4a22,https://www.trustpilot.com/reviews/6a658b1854424b6dbe3b4a22,1,"    Received Another Customer’s Order, Then SHEIN Denied It","I ordered $166.27 worth of merchandise from SHEIN and never received the items I actually purchased.

Instead, my package contained another customer’s order, including that customer’s packing slip with a different name and shipping address. The clothing I received did not match my order at all.

I immediately contacted SHEIN and submitted extensive evidence, including:

* Photos of the items I actually received.
* The other customer’s packing slip that was inside my package.
* My original order showing what I purchased.
* Additional documentation proving the merchandise did not match my order.

Despite this, SHEIN repeatedly denied my claim, stating that their warehouse confirmed my package was shipped correctly. They have never explained how another customer’s packing slip ended up inside my package if there was supposedly no fulfillment error.

Rather than acknowledging that I never received the merchandise I paid for, I was simply told to return the package as if this were a standard return.

I have since had to file a dispute with Klarna, a complaint with the Better Business Bureau, and a report with the FTC because I have been unable to get SHEIN to address the evidence or issue a refund.

My biggest frustration is not just the fulfillment mistake—mistakes happen. It’s that even after providing clear documentation, including another customer’s packing slip, SHEIN refused to explain how that could happen while insisting there was no warehouse error.

I expected much better customer service and accountability.",2026-07-26T06:20:40.000Z,2026-07-23T00:00:00.000Z,en,1,not-verified,false,Organic,Ni M,63f90f85db5f2f00121e28c2,4,US,"Hello!

We are truly sorry for the unpleasant experience.

In order to better resolve your concerns, we need you to provide specific information, such as your order number. We have sent you an email with the subject ""Request for information about your experience."" Please check your inbox (and spam folder), and reply to that email with the information we need.

Your feedback is our driving force for continuous improvement, and we truly value your opinion. We look forward to providing you with further assistance as soon as we receive your response. :)",2026-07-26T09:47:54.000Z
www.shein.com,id:6a654bd1968b75fe508b3d9d,native_id,6a654bd1968b75fe508b3d9d,https://www.trustpilot.com/reviews/6a654bd1968b75fe508b3d9d,2,Terrible Clothing and Bad Carpets,"I have reviewed Shein about one week ago, but have just now received my latest package.

This has by far been my worst package. I ordered 3 manga-inspired pens, a japanese carpet (small) and a t-shirt (L).

The Three Pens:
I have had no issues with them. They were all great quality and looked stunning. It was a bit expensive for 3 pens though.

The  Carpet:
I hated it. It was horrible. The only good thing about it was the size. The carpet had a Koi carp / Japanese artwork on it. Which looked great on the photo's. But when it arrived, it had white patches that had no color. The carpet was also folded so badly that it can hardly be used as a carpet.

The T-Shirt:
It had a very fun and happy artwork on it. Other than that, awful. The color of the shirt was a disgusting yellow. Not the same as in the picture. Size L feels more like a size M and the fabric used is just terrible. It's extremely hot and looks like a wrinkled gym shirt.

I don't see myself ever buying clothing on Shein again, nor carpets. 2/5 stars.",2026-07-26T01:50:41.000Z,2026-07-25T00:00:00.000Z,en,1,not-verified,false,Organic,Artemis R.,697e179be90c6e94e226bf5e,6,NL,"Hello!

We are truly sorry for the unpleasant experience.

In order to better resolve your concerns, we need you to provide specific information, such as your order number. We have sent you an email with the subject ""Request for information about your experience."" Please check your inbox (and spam folder), and reply to that email with the information we need.

Your feedback is our driving force for continuous improvement, and we truly value your opinion. We look forward to providing you with further assistance as soon as we receive your response. :)",2026-07-26T09:16:55.000Z
www.shein.com,id:6a648aa4abb15d5807685837,native_id,6a648aa4abb15d5807685837,https://www.trustpilot.com/reviews/6a648aa4abb15d5807685837,4,Good company ,"
The parcel has now been delivered, thank you for the  a company has responded to me   
SIhIN
Is good The shorts my husband likes them.",2026-07-25T12:06:28.000Z,2026-07-25T00:00:00.000Z,en,0,not-verified,false,Organic,Elizabeth Rodgers,5cff7bb16eafc20105d39b5b,17,GB,,
www.shein.com,id:6a63ca6db615990960614dac,native_id,6a63ca6db615990960614dac,https://www.trustpilot.com/reviews/6a63ca6db615990960614dac,2,Shein seems to provide false offerings,"Shein seems to provide false offerings. On the site they have it where they offer free gifts to loyal customers that have purchase histories from a long time ago. I was selected as one of the eligible members to receive five free gifts because I've been a loyal customer of Shein since they first came out. However, it is not so simple to receive these so-called ""free gifts"". While trying to obtain my 5 free gifts I was hit with repetitive messages, I started to think it was spam. You practically have to perform magic tricks just to receive a ""free gift"". They will not just give it to you, even if you have been a loyal customer for years. Nowadays seems like they are an imitation knock off of Temu.",2026-07-24T22:26:21.000Z,2026-07-24T00:00:00.000Z,en,0,not-verified,false,Organic,Rene Willy,5eb18408ee8f29397cca1ca8,2,US,"Hello!

We are truly sorry for the unpleasant experience.

In order to better resolve your concerns, we need you to provide specific information, such as your order number. We have sent you an email with the subject ""Request for information about your experience."" Please check your inbox (and spam folder), and reply to that email with the information we need.

Your feedback is our driving force for continuous improvement, and we truly value your opinion. We look forward to providing you with further assistance as soon as we receive your response. :)",2026-07-25T02:09:53.000Z
www.shein.com,id:6a63c664136dd5d066cd0391,native_id,6a63c664136dd5d066cd0391,https://www.trustpilot.com/reviews/6a63c664136dd5d066cd0391,1,Real life calling ,Nothing wrong about shopping online ….just annoying they pretend to give things to people when they don’t !!!!! Is so annoying that dog game and notifications I’ve turn off but they still coming !!!!!! Gosh this is real life not cartoons temu SHEIN is all the same bunch of cartoons animated ,2026-07-24T22:09:09.000Z,2026-07-24T00:00:00.000Z,en,2,not-verified,false,Organic,Rui Oliveira,56b1da5b0000ff000a028357,79,GB,"Hello!

We are truly sorry for the unpleasant experience.

In order to better resolve your concerns, we need you to provide specific information, such as your order number. We have sent you an email with the subject ""Request for information about your experience."" Please check your inbox (and spam folder), and reply to that email with the information we need.

Your feedback is our driving force for continuous improvement, and we truly value your opinion. We look forward to providing you with further assistance as soon as we receive your response. :)",2026-07-25T02:00:25.000Z
www.shein.com,id:6a63c27e5301f615d63fe77f,native_id,6a63c27e5301f615d63fe77f,https://www.trustpilot.com/reviews/6a63c27e5301f615d63fe77f,1,Non delivery of items and extremely poor customer service,"Order placed and the delivery time was shown as by 22nd July, but 2 days after that the items still hadn’t been delivered. Just get fobbed off by customer services as to what is going on, and getting a refund is completely impossible. Customer service doesn’t exist and they just keep repeating the same answers over and over again on their chat. 
I never intend on using them again and will be deleting my account as soon as possible.
DO NOT PURCHASE ITEMS FROM THEM THEY ARE USELESS ",2026-07-24T21:52:30.000Z,2026-07-24T00:00:00.000Z,en,2,not-verified,false,Organic,Adie Lamberth,590b21180000ff000a946048,12,GB,"Hello!

We sincerely apologize for any inconvenience caused—your experience is incredibly important to us 💝

According to the information you provided, we've identified your inquiry submitted via the SHEIN app and our dedicated support agent is expediting the resolution.We guarantee a clear response within 24 hours, and you can monitor real-time updates anytime in ""Service Records"".

🔹 Steps to Access:
Open SHEIN APP → Tap ""Me"" at bottom → ""Customer Service"" → ""Service Records""

Your feedback lights our path forward—we look forward to assisting you further.",2026-07-25T01:56:24.000Z
www.shein.com,id:6a63a86ed7b69ded91d7a3d0,native_id,6a63a86ed7b69ded91d7a3d0,https://www.trustpilot.com/reviews/6a63a86ed7b69ded91d7a3d0,1,SHEIN has nice clothes,"SHEIN has nice clothes, but their return process is terrible. I returned all of the items I purchased except for a bathing suit, which I knew was non-returnable. I included a copy of everything I was returning in the package, but I still haven't received my full refund.

I've been waiting for the rest of my money, and trying to contact customer service has been incredibly frustrating. When I call, I'm told that the department can't take my call and that I need to find another way to contact them. That's completely unacceptable.
If the return process were as easy and straightforward as placing an order, this would be a much better shopping experience.",2026-07-24T20:01:18.000Z,2026-07-03T00:00:00.000Z,en,1,not-verified,false,Organic,Karline Quillman,69fdfdbd6219144dd06032de,2,US,"Hello!

We are truly sorry for the unpleasant experience.

In order to better resolve your concerns, we need you to provide specific information, such as your order number. We have sent you an email with the subject ""Request for information about your experience."" Please check your inbox (and spam folder), and reply to that email with the information we need.

Your feedback is our driving force for continuous improvement, and we truly value your opinion. We look forward to providing you with further assistance as soon as we receive your response. :)",2026-07-25T02:01:58.000Z
www.shein.com,id:6a63a0129c8d3709c1132d39,native_id,6a63a0129c8d3709c1132d39,https://www.trustpilot.com/reviews/6a63a0129c8d3709c1132d39,3,"Good value, but delivery felt uncertain","Shein offers a very broad range of current styles at accessible prices, and the dress I ordered fit well and felt better than I expected for the cost. The product gave me good value, but the process around it was less polished. Shipping took longer than expected, tracking updates were inconsistent, and the way the dress was packed left deep creases that required steaming before it was wearable. The company's main strength is making trend-led clothing easy to browse and affordable to try. The weaknesses in this order were logistics, communication, and presentation on arrival. I would consider ordering again when I am not in a hurry, but more reliable tracking and better packaging would make the experience feel much more considered.",2026-07-24T19:25:38.000Z,2026-07-23T00:00:00.000Z,en,1,not-verified,false,Organic,Austin Lopez,6a4baa800a188f0a419b9b86,2,DE,"Hello!

We are truly sorry for the unpleasant experience.

In order to better resolve your concerns, we need you to provide specific information, such as your order number. We have sent you an email with the subject ""Request for information about your experience."" Please check your inbox (and spam folder), and reply to that email with the information we need.

Your feedback is our driving force for continuous improvement, and we truly value your opinion. We look forward to providing you with further assistance as soon as we receive your response. :)",2026-07-25T01:57:02.000Z
www.shein.com,id:6a639e87583d7bfd3f6d60a1,native_id,6a639e87583d7bfd3f6d60a1,https://www.trustpilot.com/reviews/6a639e87583d7bfd3f6d60a1,1,I ordered and paid-refund not provided correctly,"I ordered and paid, then found the items elsewhere at a faster delivery. I cancelled the order requested the refund on my original payment. The company actually put the payment in an account wallet and when I contacted them they told me I requested that for the refund. They are refusing to credit my CC so now I am stuck purchasing for them. Pretty shady business practices, that's all I have to say about that.

Follow to their reply-the refund only worked after I made a purchase. ",2026-07-24T19:19:03.000Z,2026-07-19T00:00:00.000Z,en,2,not-verified,false,Organic,Star,694ee2a46148ea60c719fb02,4,CA,"Hello！
According to the information you provided, we noticed our team has sent a solution regarding your order. Please check your email for updates. If no email was received, it may have been filtered to the spam folder. We hope to hear from you. :)",2026-07-25T02:13:31.000Z
www.shein.com,id:6a639083f9234fe245aa31c2,native_id,6a639083f9234fe245aa31c2,https://www.trustpilot.com/reviews/6a639083f9234fe245aa31c2,1,Didn’t receive my order AVOID!!!,Didn’t receive my order. Have communication from the delivery company confirming loss. SHEIN have delayed my refund for 4 weeks now. Avoid like the plague. Taking this to small claims court now as this is a joke ,2026-07-24T18:19:15.000Z,2026-07-24T00:00:00.000Z,en,1,not-verified,false,Organic,Courtney ,5dfa624ebc44dbb5941479d1,7,GB,"Hello!

We sincerely apologize for any inconvenience caused—your experience is incredibly important to us 💝

According to the information you provided, we've identified your inquiry submitted via the SHEIN app and our dedicated support agent is expediting the resolution.We guarantee a clear response within 24 hours, and you can monitor real-time updates anytime in ""Service Records"".

🔹 Steps to Access:
Open SHEIN APP → Tap ""Me"" at bottom → ""Customer Service"" → ""Service Records""

Your feedback lights our path forward—we look forward to assisting you further.",2026-07-25T02:01:37.000Z
www.shein.com,id:6a638412a950852a1819ae28,native_id,6a638412a950852a1819ae28,https://www.trustpilot.com/reviews/6a638412a950852a1819ae28,3,"Good value, but delivery felt uncertain","Shein offers a very broad range of current styles at accessible prices, and the dress I ordered fit well and felt better than I expected for the cost. The product gave me good value, but the process around it was less polished. Shipping took longer than expected, tracking updates were inconsistent, and the way the dress was packed left deep creases that required steaming before it was wearable. The company's main strength is making trend-led clothing easy to browse and affordable to try. The weaknesses in this order were logistics, communication, and presentation on arrival. I would consider ordering again when I am not in a hurry, but more reliable tracking and better packaging would make the experience feel much more considered.",2026-07-24T17:26:10.000Z,2026-07-19T00:00:00.000Z,en,0,not-verified,false,Organic,Zachary Gray,6a2c2478a71de02e6888622a,2,UA,"Hello!

We are truly sorry for the unpleasant experience.

In order to better resolve your concerns, we need you to provide specific information, such as your order number. We have sent you an email with the subject ""Request for information about your experience."" Please check your inbox (and spam folder), and reply to that email with the information we need.

Your feedback is our driving force for continuous improvement, and we truly value your opinion. We look forward to providing you with further assistance as soon as we receive your response. :)",2026-07-25T01:57:18.000Z
www.shein.com,id:6a6336350e6720f8ba6c551f,native_id,6a6336350e6720f8ba6c551f,https://www.trustpilot.com/reviews/6a6336350e6720f8ba6c551f,1,Puppy Keep,"This is my conclusion.

The game is rigged,
Regardless of best efforts the game cannot cannot be completed unless one drops between £80 - £100 for what, £8 credit??

 It's not worth playing...

Did anyone have a different experience?
I am curious to know",2026-07-24T11:53:57.000Z,2026-07-24T00:00:00.000Z,en,1,not-verified,false,Organic,ZITA ZAMBO,5d77c982c0e6ff019ceab5a0,11,GB,"Hello！

According to the information you provided, we noticed our team has sent a solution regarding your order. Please check your email for updates. If no email was received, it may have been filtered to the spam folder. We hope to hear from you. :)",2026-07-25T01:59:15.000Z
www.shein.com,id:6a63286c8979b974fbb4a983,native_id,6a63286c8979b974fbb4a983,https://www.trustpilot.com/reviews/6a63286c8979b974fbb4a983,1,Terrible experience with SHEIN after…,"Terrible experience with SHEIN after Evri delivered my package to the wrong address, they just were not interested in resolving my issue. 
They asked for proof of wrong delivery but how do you prove it! Have messages from Evri regarding in response to my complaint which SHEIN disregarded. ",2026-07-24T10:55:08.000Z,2026-07-17T00:00:00.000Z,en,1,not-verified,false,Organic,Amanda Keall,5a3fcbd20000ff000af5cc50,39,GB,"Hello！

According to the information you provided, we noticed our team has sent a solution regarding your order. Please check your email for updates. If no email was received, it may have been filtered to the spam folder. We hope to hear from you. :)",2026-07-25T01:59:43.000Z
www.shein.com,id:6a630d28fbeb1704c9922ea7,native_id,6a630d28fbeb1704c9922ea7,https://www.trustpilot.com/reviews/6a630d28fbeb1704c9922ea7,1,Don’t Supply Paid For Items,"Never had any issues with SHEIN in the past, but given my current order was missing several items this time totalling over £50 I tried to escalate with customer service for either a refund or have the items sent out, though was met by the response our computers show they were sent so no further action will be taken! Yes I was billed and told they were sent and they show in the package but nothing physically arrived! 
Appalling AI based customer service needs investigating by trading standards as they are taking your money and not supplying purchased items! Won’t be ordering from them again!!!!!",2026-07-24T08:58:48.000Z,2026-07-24T00:00:00.000Z,en,1,not-verified,false,Organic,Mr Barnard,5775985c0000ff000a2ddaf7,3,GB,"Hello!

We sincerely apologize for any inconvenience caused—your experience is incredibly important to us 💝

According to the information you provided, we've identified your inquiry submitted via the SHEIN app and our dedicated support agent is expediting the resolution.We guarantee a clear response within 24 hours, and you can monitor real-time updates anytime in ""Service Records"".

🔹 Steps to Access:
Open SHEIN APP → Tap ""Me"" at bottom → ""Customer Service"" → ""Service Records"" 

Your feedback lights our path forward—we look forward to assisting you further.",2026-07-25T02:18:23.000Z
www.shein.com,id:6a629008de498b91ae96e6f3,native_id,6a629008de498b91ae96e6f3,https://www.trustpilot.com/reviews/6a629008de498b91ae96e6f3,4,"Clothinh is fine, returns are tedious","Clothing is hit or miss, though I think the nicer items are priced more and do perform well.
What do I hate?  The return process.  I signed in at about 2pm but it took me until almost 6pm to finish.  The site kept saying it couldn't process my return and try again later.  Problem, it doesn't save the return entries.  I had to re-enter all the information again, and it was during the 2nd time, I noticed 2 items were dropped from the list.  And don't return to the previous page because again, you will lose all the return information and have to re-enter it again.  Which is what I did.  I had 29 then 27 items to return.
Also I had a couple of items that didn't even show up for return or not.  A pair of pants and jeans, both too big weren't even on the list, so I couldn't process a return for them.  The loss from the system error and the missing items for return (pants and jeans were purchased at the same time as other pants and jeans processed for return)  was a loss of approximately $100.  I spent about $1300 in 3 separate orders.  I am not happy about that at all.
I don't hate the site and usually keep most of my orders.  I found the return process rather tedious.",2026-07-24T00:04:56.000Z,2026-07-23T00:00:00.000Z,en,0,not-verified,false,Organic,Kelly,5cd07e23b2a742b932980feb,15,US,,
www.shein.com,id:6a628219e9f890a52e3d562e,native_id,6a628219e9f890a52e3d562e,https://www.trustpilot.com/reviews/6a628219e9f890a52e3d562e,1,Scamming & Ruining Birthday Plans😒,"Order numbers:
GSU18C04R00N85K and GSU18C04R00N85J

Shein has been lying about their fake verification process for the past week and a half now everytime I provide them with the letter I was sent from usps regarding my misdelivered package that clearly states:
[This letter is provided to inform you about an issue regarding a parcel associated with order number [tracking # here]. We regret to inform you that this package was not delivered to the correct address.]
They deny my actual proof and  tell me wait for 3-5 business days for their fake nonexistent investigation. I even sent a picture of my mailbox as proof!!! I'm here to tell you that there is no investigation they only do this to waste your time so you get tired enough to stop asking for your money back! Please contact your bank and report shein for fraud immediately!! Even with actual proof they will deliberately deny you your money even after posting here on trust pilot they will come here with their fake customer service tactic acting like they care and they're ""working on it"" or will send you ""an email"" because now you have publicly exposed their brand for the fraud and scam they are. My birthday photoshoot is ruined because I have no clothes to wear and these rats are deliberately committing fraud! Again there is no investigation or verification it's all a lie!!!
",2026-07-23T23:05:29.000Z,2026-07-23T00:00:00.000Z,en,1,not-verified,false,Organic,Ollie Molly,69ecdc9598a79222a431eea8,2,US,"Hello！

According to the information you provided, we noticed our team has sent a solution regarding your order. Please check your email for updates. If no email was received, it may have been filtered to the spam folder. We hope to hear from you. :)",2026-07-24T03:03:38.000Z
www.shein.com,id:6a6265a427a876d0b92880dc,native_id,6a6265a427a876d0b92880dc,https://www.trustpilot.com/reviews/6a6265a427a876d0b92880dc,1,Ordered a few bikinis and returned a…,"Ordered a few bikinis and returned a few. Now I have to pay for all of them! SHEIN said they were broken or missing it sanitary seal which is not true at all. One bikini I didn’t even try on because the larger size was already too small. Make sure to make pictures when returning. Now I have to pay for nothing, never ordering again.",2026-07-23T21:04:04.000Z,2026-07-23T00:00:00.000Z,en,1,not-verified,false,Organic,Anne,61fafc6d3666a200127f8107,2,NL,"Hello！

According to the information you provided, we noticed our team has sent a solution regarding your order. Please check your email for updates. If no email was received, it may have been filtered to the spam folder. We hope to hear from you. :)",2026-07-24T03:10:45.000Z
www.shein.com,id:6a6248ae15e88b75023169b1,native_id,6a6248ae15e88b75023169b1,https://www.trustpilot.com/reviews/6a6248ae15e88b75023169b1,1,My account was suspended/frozen due to…,"My account was suspended/frozen due to “unusual activity” — a friend placed an order using my email without my knowledge. I’ve contacted live chat support multiple times over several days (spoken to at least 4 different agents) but keep getting the same generic response: that it’s “under investigation” with no timeline, and to just keep checking or use a different account.

No agent has been able to give me a clear reason, a resolution, or any real update. This is extremely frustrating and unhelpful. I need someone to actually look into my account and give me a proper answer.
Update: I don’t have an order number because this issue is not about a specific order — my entire account is frozen. Due to a mistake, a friend of mine used my email address to place an order without my knowledge or permission. Because of this, my account got flagged and has been frozen ever since. Please look into my account directly using my email and help resolve this.",2026-07-23T19:00:30.000Z,2026-07-23T00:00:00.000Z,en,1,not-verified,false,Organic,DARYA MAHMOOD,6a50e1af4024a434ed9e5159,2,GB,"Hello!

We are truly sorry for the unpleasant experience.

In order to better resolve your concerns, we need you to provide specific information, such as your order number. We have sent you an email with the subject ""Request for information about your experience."" Please check your inbox (and spam folder), and reply to that email with the information we need.

Your feedback is our driving force for continuous improvement, and we truly value your opinion. We look forward to providing you with further assistance as soon as we receive your response. :)",2026-07-24T03:11:23.000Z
www.shein.com,id:6a61ec4b6ccc3dce1d9135b1,native_id,6a61ec4b6ccc3dce1d9135b1,https://www.trustpilot.com/reviews/6a61ec4b6ccc3dce1d9135b1,1,Missing dress,"I ordered four items in two packages. Today, I received one package containing four bags. Three of the bags contained items, but the fourth bag was empty.

When I contacted customer service, they told me that their system shows that the package was shipped correctly and asked me to check once again whether I had really looked properly, as if the missing dress had somehow hidden itself inside the package. I explained that I had checked everything and that the dress was not there, but they continued repeating that their system shows that everything had been packed.

I asked them to provide proof that the item had actually been shipped, but they refused to send me any evidence. They even blamed the delivery company.

I will never buy any products from SHEIN again. I have been a loyal customer for many years and have spent a lot of money on SHEIN products. That is why, in my opinion, Temu is definitely better — the quality is the same, but their willingness to help and their attitude towards customers are at a much higher level.

SHEIN is a huge disappointment for me.",2026-07-23T12:26:19.000Z,2026-07-23T00:00:00.000Z,en,1,not-verified,false,Organic,Snežana Bunić,66f7d9e3a0c1b97eb01a0d73,8,AT,"Hello!

We are truly sorry for the unpleasant experience.

In order to better resolve your concerns, we need you to provide specific information, such as your order number. We have sent you an email with the subject ""Request for information about your experience."" Please check your inbox (and spam folder), and reply to that email with the information we need.

Your feedback is our driving force for continuous improvement, and we truly value your opinion. We look forward to providing you with further assistance as soon as we receive your response. :)",2026-07-24T03:13:35.000Z
www.shein.com,id:6a61d23a33d03489da717bb5,native_id,6a61d23a33d03489da717bb5,https://www.trustpilot.com/reviews/6a61d23a33d03489da717bb5,3,I have boght many things from shein…,"I have boght many things from shein however, there service is very unreliable. I just ordered two dresses for a holiday with a delivery date of 3 days (this was pre payment). One I had paid it changed to ""up to 28 days""! If this misses my holiday date, it will be the last time I order from them! Honesty is a virtue!!
",2026-07-23T10:35:06.000Z,2026-07-23T00:00:00.000Z,en,1,not-verified,false,Organic,WENDY CURTIS,6931db3d00ecba7619789b50,18,GB,"Hello!

We are truly sorry for the unpleasant experience.

In order to better resolve your concerns, we need you to provide specific information, such as your order number. We have sent you an email with the subject ""Request for information about your experience."" Please check your inbox (and spam folder), and reply to that email with the information we need.

Your feedback is our driving force for continuous improvement, and we truly value your opinion. We look forward to providing you with further assistance as soon as we receive your response. :)",2026-07-24T03:04:23.000Z
www.shein.com,id:6a61663d901ac69003d8506f,native_id,6a61663d901ac69003d8506f,https://www.trustpilot.com/reviews/6a61663d901ac69003d8506f,1,Extremely Disappointed,"Extremely Disappointed – Feels Like a Scam

I received an item that arrived broken, and to make matters worse, it was marked as non-refundable. I contacted customer service, expecting them to stand behind the products sold on their platform.

First, they told me they could only offer 50% of the price as compensation. After a long back-and-forth conversation, they finally asked me to send photos of the damaged item so they could “review” the case.

Honestly, this experience feels like a scam. Isn’t it the responsibility of a marketplace like SHEIN to make sure the sellers on their platform are providing safe, undamaged products? Customers should not have to fight this hard after receiving a broken item.

I would strongly advise everyone to be very careful when shopping on this website, especially if an item is labeled non-refundable. If something arrives damaged, don’t expect an easy or fair resolution.",2026-07-23T02:54:21.000Z,2026-07-22T00:00:00.000Z,en,0,not-verified,false,Organic,pouyan sanjari pirayvatlou,6a6166367b418c8305893be4,1,US,"Hello！

According to the information you provided, we noticed our team has sent a solution regarding your order. Please check your email for updates. If no email was received, it may have been filtered to the spam folder. We hope to hear from you. :)",2026-07-23T09:48:23.000Z
www.shein.com,id:6a6156aafe85d13ba58fd3c7,native_id,6a6156aafe85d13ba58fd3c7,https://www.trustpilot.com/reviews/6a6156aafe85d13ba58fd3c7,1,This is a scam company,This is a scam company. I ordered GE water filter XWFE but a month later I received XWF which is an older version of filter and cannot be convertible. I suspect they sent it on purpose because the older one is much cheaper. I tried to claim them but they erase my order number completely from my account and no way to complain to them. They are SCAM ,2026-07-23T01:47:54.000Z,2026-07-19T00:00:00.000Z,en,0,not-verified,false,Organic,H NJ,6a61569e7b418c0292893221,1,US,"Hello！

According to the information you provided, we noticed our team has sent a solution regarding your order. Please check your email for updates. If no email was received, it may have been filtered to the spam folder. We hope to hear from you. :)",2026-07-23T09:30:25.000Z
www.shein.com,id:6a610ad60e0c0a54ecc66bca,native_id,6a610ad60e0c0a54ecc66bca,https://www.trustpilot.com/reviews/6a610ad60e0c0a54ecc66bca,1,SHEIN the SCAM .,"This is a scam company that don’t pay you full amount when returning the garbage they sent. They are stealing shipping money the public. Low quality material and goods. Other companies no matter what, how or where they refunded in full, what you paid for and not a penny less but this scammer took away your shipping costs. DO NOT ORDER FROM SHEIN !!! Period !!! ",2026-07-22T20:24:22.000Z,2026-07-22T00:00:00.000Z,en,1,not-verified,false,Organic,Tracy -,68596dd618a3fc0ddaeaf4ee,3,US,"Hello!

We are truly sorry for the unpleasant experience.

In order to better resolve your concerns, we need you to provide specific information, such as your order number. We have sent you an email with the subject ""Request for information about your experience."" Please check your inbox (and spam folder), and reply to that email with the information we need.

Your feedback is our driving force for continuous improvement, and we truly value your opinion. We look forward to providing you with further assistance as soon as we receive your response. :)",2026-07-23T05:41:14.000Z
www.shein.com,id:6a60cb646018891c9d31d608,native_id,6a60cb646018891c9d31d608,https://www.trustpilot.com/reviews/6a60cb646018891c9d31d608,1,Sizing is horrible and ai didn't get…,"Sizing is horrible and I didn't get the size I ordered
Iitems were 3 to 3 sizes up
I WILL NEVER ORDER AGAIN
PLUS CAN NOT FIND RETURN INSTRUCTIONS. All I can do is donate the items.Momey lost
",2026-07-22T15:53:40.000Z,2026-07-21T00:00:00.000Z,en,1,not-verified,false,Organic,Mary Sumrall Turner,59a5d81e0000ff000ac1bc35,3,US,"Hello!

We are truly sorry for the unpleasant experience.

In order to better resolve your concerns, we need you to provide specific information, such as your order number. We have sent you an email with the subject ""Request for information about your experience."" Please check your inbox (and spam folder), and reply to that email with the information we need.

Your feedback is our driving force for continuous improvement, and we truly value your opinion. We look forward to providing you with further assistance as soon as we receive your response. :)",2026-07-23T01:33:54.000Z
www.shein.com,id:6a60b61f51ab7f552b9f8f76,native_id,6a60b61f51ab7f552b9f8f76,https://www.trustpilot.com/reviews/6a60b61f51ab7f552b9f8f76,1,I do not recommend wating your time on…,I do not recommend wating your time on The Puppy Keep game. Shein cheated me out of my winnings and my extra points for winning the game. Shein didn’t try to make it right when I contacted them. I won’t waste time out of my life playing their sammish game again. Life is too short to be rioed off even if its precious time.,2026-07-22T14:22:55.000Z,2026-07-20T00:00:00.000Z,en,1,not-verified,false,Organic,Theresa Hodge,664b5ba1c8027d15687f61c1,3,US,"Hello!

We are truly sorry for the unpleasant experience.

In order to better resolve your concerns, we need you to provide specific information, such as your order number. We have sent you an email with the subject ""Request for information about your experience."" Please check your inbox (and spam folder), and reply to that email with the information we need.

Your feedback is our driving force for continuous improvement, and we truly value your opinion. We look forward to providing you with further assistance as soon as we receive your response. :)",2026-07-23T09:48:43.000Z
www.shein.com,id:6a6045cdd1d46c9e37f88b9b,native_id,6a6045cdd1d46c9e37f88b9b,https://www.trustpilot.com/reviews/6a6045cdd1d46c9e37f88b9b,1,Today SHEIN didn’t help us get into our…,"Today SHEIN didn’t help us get into our account, we made a purchase and our account got deleted. We wanted to update our email and instead they sent a link to delete our account. Not to mention we also just bought an order and now we cannot access our account and our order is lost. There has been no refund either. Do not trust Shein",2026-07-22T06:23:41.000Z,2026-07-22T00:00:00.000Z,en,0,not-verified,false,Organic,Devoney Thompson,6a60451b7b418ca75d878cb2,1,NZ,"Hello!

We are truly sorry for the unpleasant experience.

In order to better resolve your concerns, we need you to provide specific information, such as your order number. We have sent you an email with the subject ""Request for information about your experience."" Please check your inbox (and spam folder), and reply to that email with the information we need.

Your feedback is our driving force for continuous improvement, and we truly value your opinion. We look forward to providing you with further assistance as soon as we receive your response. :)",2026-07-22T08:28:35.000Z
www.shein.com,id:6a6044b3caf0b29695243232,native_id,6a6044b3caf0b29695243232,https://www.trustpilot.com/reviews/6a6044b3caf0b29695243232,1,This year SHEIN HAS BEEN HORRIBLE ,"Received my dress with broken buckle, immediately started the return process with pictures taken within 30mins of receipt and sent them back but they refused to refund or replace the dress.  They refunded 10% of 72 bucks. I would have been better off donating the dress. I'm done! Horrible customer service! You can't even speak with any human. Everything is done through chat.",2026-07-22T06:18:59.000Z,2026-06-13T00:00:00.000Z,en,1,not-verified,false,Organic,Prissy,6925307329e25956b3d9a5d4,2,US,"Hello!

We are truly sorry for the unpleasant experience.

In order to better resolve your concerns, we need you to provide specific information, such as your order number. We have sent you an email with the subject ""Request for information about your experience."" Please check your inbox (and spam folder), and reply to that email with the information we need.

Your feedback is our driving force for continuous improvement, and we truly value your opinion. We look forward to providing you with further assistance as soon as we receive your response. :)",2026-07-22T09:52:23.000Z
www.shein.com,id:6a601efeed5096a0f8d6a7e5,native_id,6a601efeed5096a0f8d6a7e5,https://www.trustpilot.com/reviews/6a601efeed5096a0f8d6a7e5,1,Terrible service,SHEIN has deleted my account after I had made a purchase of $127.60 yesterday. They are refusing to accept my proof screenshots and will not send my order I bought. After being a loyal customer for over a decade they have disappointed me today. 1 star review!!!,2026-07-22T03:38:06.000Z,2026-07-21T00:00:00.000Z,en,2,not-verified,false,Organic,Nike Lee Paul,6a601ef57b418c7271877b07,2,NZ,"Hello!

We are truly sorry for the unpleasant experience.

In order to better resolve your concerns, we need you to provide specific information, such as your order number. We have sent you an email with the subject ""Request for information about your experience."" Please check your inbox (and spam folder), and reply to that email with the information we need.

Your feedback is our driving force for continuous improvement, and we truly value your opinion. We look forward to providing you with further assistance as soon as we receive your response. :)",2026-07-22T08:30:23.000Z
www.shein.com,id:6a5fcc8bf827adf148edcdd4,native_id,6a5fcc8bf827adf148edcdd4,https://www.trustpilot.com/reviews/6a5fcc8bf827adf148edcdd4,1,First time trying to buy £98 of fashion…,First time trying to buy £98 of fashion my bank steps in and asked are you sure this company not a scam so l stopd payment going through trying to get customer services impossible need to chat to a human being l ordered the clothes gavey bank details then it stopd on the 3 pin bank number so l could not pay ,2026-07-21T21:46:19.000Z,2026-07-21T00:00:00.000Z,en,1,not-verified,false,Organic,Elizabeth Walters,6a5fcbb7b06fbfb0e4ef65a6,1,GB,"Hello!

We are truly sorry for the unpleasant experience.

In order to better resolve your concerns, we need you to provide specific information, such as your order number. We have sent you an email with the subject ""Request for information about your experience."" Please check your inbox (and spam folder), and reply to that email with the information we need.

Your feedback is our driving force for continuous improvement, and we truly value your opinion. We look forward to providing you with further assistance as soon as we receive your response. :)",2026-07-22T02:05:22.000Z
www.shein.com,id:6a5f986eca42073f434f9599,native_id,6a5f986eca42073f434f9599,https://www.trustpilot.com/reviews/6a5f986eca42073f434f9599,2,SHEIN offers a huge variety of trendy…,"SHEIN offers a huge variety of trendy clothing at affordable prices, and it's easy to find something that fits your style. However, the quality is inconsistent-some items are great, while others don't match the photos or size guide.",2026-07-21T18:03:58.000Z,2026-07-21T00:00:00.000Z,en,0,not-verified,false,Organic,Albert,6a5f984eb06fbf7198ef11b8,2,DK,"Hello
Thank you for sharing your feedback with us!
We greatly appreciate hearing from our customers and value your suggestion .
We've shared your suggestion with our team for evaluation, as it directly helps us enhance services and improve the experience for all customers.
Thank you once again for your support!",2026-07-22T09:54:24.000Z
www.shein.com,id:6a5f84a4afd78e62ee052c3f,native_id,6a5f84a4afd78e62ee052c3f,https://www.trustpilot.com/reviews/6a5f84a4afd78e62ee052c3f,3,Stress Free Returns ,"I would give SHIEN a 3 1/2 if I could. Their clothing is a hit or miss when it comes to quality and size. However, I do appreciate the fact they have a stress free return policy. Even though the return process can be cumbersome, ,I had an issue returning an item using their return label. I contacted customer service via their live chat and provided them with proof . They then were able to provide me with a full refund and did not require me to return the item.  I did not like the fit or quality they made things right with me. I’ll shop SHIEN before I do fashion Nova which has a horrible return policy and inconsistent sizing .Thanks SHIEN for at least trying to do right. ",2026-07-21T16:39:32.000Z,2026-07-02T00:00:00.000Z,en,0,not-verified,false,Organic,Liddy Boo,5f0604213a4857b589f4751c,3,US,"Hello!

Thank you for giving us the opportunity to assist you.

I hope my service has contributed to improving your shopping experience at SHEIN.

If you are satisfied with our service, could you please take a moment to rate us and share your experience on Trustpilot?
https://businessapp.b2b.trustpilot.com/reviews/6a5f84a4afd78e62ee052c3f 

Your feedback means a lot to us! We greatly value the opinion of each user and count on your participation!

Thank you! ❤️🌹",2026-07-22T02:20:46.000Z
www.shein.com,id:6a5f7111d77c846e60ae9a15,native_id,6a5f7111d77c846e60ae9a15,https://www.trustpilot.com/reviews/6a5f7111d77c846e60ae9a15,1,Don’t order with them,Don’t order with them! They use Speedx which is a highly UNRELIABLE delivery service in which SHEIN will not be able to communicate to if they STEAL YOUR PACKAGES! No one is held accountable!,2026-07-21T15:16:01.000Z,2026-07-21T00:00:00.000Z,en,1,not-verified,false,Organic,Latanya Childress,69837dcde90c6e5db42d37ae,3,US,"Hello!

We are truly sorry for the unpleasant experience.

In order to better resolve your concerns, we need you to provide specific information, such as your order number. We have sent you an email with the subject ""Request for information about your experience."" Please check your inbox (and spam folder), and reply to that email with the information we need.

Your feedback is our driving force for continuous improvement, and we truly value your opinion. We look forward to providing you with further assistance as soon as we receive your response. :)",2026-07-22T02:05:12.000Z
www.shein.com,id:6a5f5e3e18672d26779ac50a,native_id,6a5f5e3e18672d26779ac50a,https://www.trustpilot.com/reviews/6a5f5e3e18672d26779ac50a,5,Thanks shein!,"Update*** shein made things right! Thanks! 
I like shein's prices and clothing, but unfortunately I will not be ordering from them again. Shein's delivery service sucks, you might get your stuff and you might not. There delivery service delivered my stuff to the wrong address and when I sent them proof with pictures of the wrong address they claimed insufficient proof and refused to refund my money. I can't buy from a company where there delivery service is unaccountable, I don't have money to give away.",2026-07-21T13:55:42.000Z,2026-07-01T00:00:00.000Z,en,3,not-verified,false,Organic,Annie,5743b9a20000ff000a22c9c4,3,US,"Hello！

According to the information you provided, we noticed our team has sent a solution regarding your order. Please check your email for updates. If no email was received, it may have been filtered to the spam folder. We hope to hear from you. :)",2026-07-22T02:10:25.000Z
www.shein.com,id:6a5f536e4d634111fbf72aac,native_id,6a5f536e4d634111fbf72aac,https://www.trustpilot.com/reviews/6a5f536e4d634111fbf72aac,1,SHEIN DONT CARE,Brpught from Shein and never had a problem... HOWEVER received my order with 5 items missing. I believe my package had been tampered with as there was sellotape wrapped around the top of the packaging. I informed SHEIN of this and the 5 items that were missing. They had no interest at all and didnt want to know.  Not even an offer of replacing maybe half the missing items ... So disappointed that I will no longer shop from there. ,2026-07-21T13:09:34.000Z,2026-07-21T00:00:00.000Z,en,0,not-verified,false,Organic,Jennifer Campbell,5667de910000ff0001f1a84e,62,GB,"Hello!

We sincerely apologize for any inconvenience caused—your experience is incredibly important to us 💝

According to the information you provided, we've identified your inquiry submitted via the SHEIN app and our dedicated support agent is expediting the resolution.We guarantee a clear response within 24 hours, and you can monitor real-time updates anytime in ""Service Records"".

🔹 Steps to Access:
Open SHEIN APP → Tap ""Me"" at bottom → ""Customer Service"" → ""Service Records""

Your feedback lights our path forward—we look forward to assisting you further.",2026-07-22T02:12:25.000Z
www.shein.com,id:6a5f2bcca3c5402a24c9b204,native_id,6a5f2bcca3c5402a24c9b204,https://www.trustpilot.com/reviews/6a5f2bcca3c5402a24c9b204,1,Another scam site exactly like Temu,Another scam site exactly like Temu. I was told I would receive my three free gifts once the order I paid for after it's shipped. And there absolutely no way to gain those gifts I ordered. Another bait and switch site that caused me to do a one star review on Temu and never used them again. I spent a lot of money on Temu and like this site it's getting paid and giving you nothing. Shop at your own risk ,2026-07-21T10:20:28.000Z,2026-07-16T00:00:00.000Z,en,0,not-verified,false,Organic,Bryan Collins,639d15aa9ba6370012fae08b,7,US,"Hello!

We are truly sorry for the unpleasant experience.

In order to better resolve your concerns, we need you to provide specific information, such as your order number. We have sent you an email with the subject ""Request for information about your experience."" Please check your inbox (and spam folder), and reply to that email with the information we need.

Your feedback is our driving force for continuous improvement, and we truly value your opinion. We look forward to providing you with further assistance as soon as we receive your response. :)",2026-07-22T06:38:25.000Z
www.shein.com,id:6a5f254320c989032cb6104b,native_id,6a5f254320c989032cb6104b,https://www.trustpilot.com/reviews/6a5f254320c989032cb6104b,1,I returned the item(s) according to…,"Business Commitment: Delivery of ordered items, including the right to return items and receive a full refund in accordance with the merchant’s official return policy.

Nature of Dispute and Description of the Issue:

On 24/05/2026, I submitted an official return request within the timeframe permitted by SHEIN's policy. The merchant issued a return request and a pickup label via their designated courier company, HFD 

The package was prepared for pickup on time; however, the courier service acting on behalf of the merchant failed to arrive and never collected the package. As a result, the items remain in my possession.

Attempts to Resolve with the Merchant:

I repeatedly contacted SHEIN's customer support to request a rescheduled pickup or an alternative return label. The merchant refused to provide a solution, disclaimed responsibility for the courier’s failure, and insisted that a refund can only be issued once the items arrive at their warehouse—a condition made impossible solely due to their own courier’s failure. Subsequently, customer support ceased responding, stalled without offering any resolution, and ultimately blocked me from accessing their support channels entirely.

Summary:

I have exhausted all attempts to resolve this directly with the merchant. This constitutes a clear non-delivery/failure of service (loss of return rights guaranteed by contract). I request a chargeback / full refund for this transaction.",2026-07-21T09:52:35.000Z,2026-07-21T00:00:00.000Z,en,0,not-verified,false,Organic,שובל דגמי,6a5f25397b418c378c85f2ef,1,IL,"Hello!

We sincerely apologize for any inconvenience caused—your experience is incredibly important to us 💝

According to the information you provided, we've identified your inquiry submitted via the SHEIN app and our dedicated support agent is expediting the resolution.We guarantee a clear response within 24 hours, and you can monitor real-time updates anytime in ""Service Records"".

🔹 Steps to Access:
Open SHEIN APP → Tap ""Me"" at bottom → ""Customer Service"" → ""Service Records"" 

Your feedback lights our path forward—we look forward to assisting you further.",2026-07-22T06:39:13.000Z
www.shein.com,id:6a5ec7253cf3621b3359d49b,native_id,6a5ec7253cf3621b3359d49b,https://www.trustpilot.com/reviews/6a5ec7253cf3621b3359d49b,1,Very disappointed with my experience,Very disappointed with my experience. This is the third time my SHEIN package has gone missing after placing an order. It is frustrating to keep waiting for items I paid for and then have to deal with missing deliveries. ,2026-07-21T03:11:01.000Z,2026-07-12T00:00:00.000Z,en,0,not-verified,false,Organic,Taboka,68d4da05412e4c9b94528857,1,US,"Hello！
According to the information you provided, we noticed our team has sent a solution regarding your order. Please check your email for updates. If no email was received, it may have been filtered to the spam folder. We hope to hear from you. :)",2026-07-21T08:21:33.000Z
www.shein.com,id:6a5e94e362b58b1fbb808dec,native_id,6a5e94e362b58b1fbb808dec,https://www.trustpilot.com/reviews/6a5e94e362b58b1fbb808dec,1,They claimed they're gonna give you…,They claimed they're gonna give you five dollars credit if the package doesn't arrive in time but what they do is change the original delivery time and give themselves more time. This has happened to me at least four times.,2026-07-20T23:36:35.000Z,2026-07-20T00:00:00.000Z,en,1,not-verified,false,Organic,Desiree Nickle,64d8348bbb4e710012cd9b02,4,US,"Hello!

We are truly sorry for the unpleasant experience.

In order to better resolve your concerns, we need you to provide specific information, such as your order number. We have sent you an email with the subject ""Request for information about your experience."" Please check your inbox (and spam folder), and reply to that email with the information we need.

Your feedback is our driving force for continuous improvement, and we truly value your opinion. We look forward to providing you with further assistance as soon as we receive your response. :)",2026-07-21T01:44:24.000Z
www.shein.com,id:6a5e6de9a6752704fe73c4d7,native_id,6a5e6de9a6752704fe73c4d7,https://www.trustpilot.com/reviews/6a5e6de9a6752704fe73c4d7,1,Scammers,"Scammers! 
Item never received. 
SHEIN and FedEx agreed that SHEIN made my label incorrect. SHEIN promised a refund but refuse to process it. It has an “error” or is “declined” last minute. Repeated contact of customer service gives me run around and more apologies and promises of refund that never comes. I have tried 4 times to submit a claim and they deny it last minute after admitting fault. This is a scam site. ",2026-07-20T20:50:17.000Z,2026-07-20T00:00:00.000Z,en,1,not-verified,false,Organic,CJ Townsend,63bdd3b64a176f00128c7d5a,4,US,"Hello!

We are truly sorry for the unpleasant experience.

In order to better resolve your concerns, we need you to provide specific information, such as your order number. We have sent you an email with the subject ""Request for information about your experience."" Please check your inbox (and spam folder), and reply to that email with the information we need.

Your feedback is our driving force for continuous improvement, and we truly value your opinion. We look forward to providing you with further assistance as soon as we receive your response. :)",2026-07-21T01:51:41.000Z
www.shein.com,id:6a5e6245ef25056be81ab953,native_id,6a5e6245ef25056be81ab953,https://www.trustpilot.com/reviews/6a5e6245ef25056be81ab953,1,The customer service is appalling,"The customer service is appalling. Impossible to communicate with a human. Plus, they use a terrible delivery company. I have still not received my order.

Re their reply to this review: they sent their email to me from a no-reply account so my reply automatically bounced back. Typically hopeless service. ",2026-07-20T20:00:37.000Z,2026-07-20T00:00:00.000Z,en,1,not-verified,false,Organic,Tim Pain,5f6e1f7d4a9120063a949233,8,GB,"Hello!

We are truly sorry for the unpleasant experience.

In order to better resolve your concerns, we need you to provide specific information, such as your order number. We have sent you an email with the subject ""Request for information about your experience."" Please check your inbox (and spam folder), and reply to that email with the information we need.

Your feedback is our driving force for continuous improvement, and we truly value your opinion. We look forward to providing you with further assistance as soon as we receive your response. :)",2026-07-21T01:52:25.000Z
www.shein.com,id:6a5e4905b58292e0d6506d70,native_id,6a5e4905b58292e0d6506d70,https://www.trustpilot.com/reviews/6a5e4905b58292e0d6506d70,2,Disappointed with the delivery,"The clothes took way longer to arrive than I expected. Quality wasn't great either, sadly.",2026-07-20T18:12:53.000Z,2026-07-19T00:00:00.000Z,en,0,invited,false,BasicLink,Marita Derksen,6a3c00fd000ce3741f8e81c7,3,US,"Hello!

We are truly sorry for the unpleasant experience.

In order to better resolve your concerns, we need you to provide specific information, such as your order number. We have sent you an email with the subject ""Request for information about your experience."" Please check your inbox (and spam folder), and reply to that email with the information we need.

Your feedback is our driving force for continuous improvement, and we truly value your opinion. We look forward to providing you with further assistance as soon as we receive your response. :)",2026-07-21T02:19:41.000Z
www.shein.com,id:6a5e1838861915a8fb540f68,native_id,6a5e1838861915a8fb540f68,https://www.trustpilot.com/reviews/6a5e1838861915a8fb540f68,1,Pure junk. Just polluting the planet. ,"I thought as every time I order from Temu they sell my credit card details to criminal's plus nothing has ever worked. 
I ordered 2 neck fans & they both broke within seconds. Literally once I pressed the button the button fell off & the cheap junk just fell apart. I will never use this site ever again. 🤬🤮",2026-07-20T14:44:41.000Z,2026-07-19T00:00:00.000Z,en,0,not-verified,false,Organic,Jeremy Howard,5d233c6631033989f15c58ed,11,GB,,
www.shein.com,id:6a5dff5005787bcb0a46270e,native_id,6a5dff5005787bcb0a46270e,https://www.trustpilot.com/reviews/6a5dff5005787bcb0a46270e,1,Bad customer services,"Once again I have tried to get an answer regarding my withdrawal that shien have NOT returned.  I have contacted my bank & they definitely have not received the refund.  Shein are not helping sort this matter out. Customer services are an absolute joke giving me the same reply everytime.  Be careful when shopping at shein! I have purchased some lovely items but when you have a problem you can't get help!!  Shein keep replying asking for more information but don't state where I can give more information! I have emailed, Messaged via the app  but it is still NOT sorted!!",2026-07-20T12:58:24.000Z,2026-06-10T00:00:00.000Z,en,0,not-verified,false,Organic,Sally Gill,6012d1ad819660001b3f5941,3,GB,"Hello!

We are truly sorry for the unpleasant experience.

In order to better resolve your concerns, we need you to provide specific information, such as your order number. We have sent you an email with the subject ""Request for information about your experience."" Please check your inbox (and spam folder), and reply to that email with the information we need.

Your feedback is our driving force for continuous improvement, and we truly value your opinion. We look forward to providing you with further assistance as soon as we receive your response. :)",2026-07-21T01:57:10.000Z
www.shein.com,id:6a5dfe9f372ff74d7ceffcf7,native_id,6a5dfe9f372ff74d7ceffcf7,https://www.trustpilot.com/reviews/6a5dfe9f372ff74d7ceffcf7,1,This site lies and is annoying with…,This site lies and is annoying with their false advertising for winnings. They claim if you spend an x amount of money you win free items but they never honor it. This is false advertisement and is illegal ,2026-07-20T12:55:27.000Z,2026-07-13T00:00:00.000Z,en,0,not-verified,false,Organic,Amy Sanders,6a5dfe96b06fbfe60eecb962,1,US,"Hello！

According to the information you provided, we noticed our team has sent a solution regarding your order. Please check your email for updates. If no email was received, it may have been filtered to the spam folder. We hope to hear from you. :)",2026-07-21T02:09:11.000Z
www.shein.com,id:6a5dcef325d3722678e9095b,native_id,6a5dcef325d3722678e9095b,https://www.trustpilot.com/reviews/6a5dcef325d3722678e9095b,1,Very bad service 8 July se every 24 hrs…,"Very bad service 8 July se every 24 hrs ke baad refund hojaiga bolte hai shein ke workers lekin unka 24 hrs hota hi nhi .
Itni ghatiya service hai sab chor hai shein me. 
Jhoothe log .
Shein ke chor bande .
Parcel bhi delivery boy leke gaya aur shein ko yeh bhi nhi pta delivery boy kon hai parcel kaha diya .
Chor company faltu company ",2026-07-20T09:32:03.000Z,2026-06-20T00:00:00.000Z,en,0,not-verified,false,Organic,Rehana Ashraf,6a5b87e3b06fbf71a4eaa29b,2,IN,"Hello！

According to the information you provided, we noticed our team has sent a solution regarding your order. Please check your email for updates. If no email was received, it may have been filtered to the spam folder. We hope to hear from you. :)",2026-07-21T02:04:29.000Z
www.shein.com,id:6a5db50b87aa3dcc47d6dc7a,native_id,6a5db50b87aa3dcc47d6dc7a,https://www.trustpilot.com/reviews/6a5db50b87aa3dcc47d6dc7a,1,I do not recommend purchasing from Shein,"I do not recommend purchasing from this site ""Shein"" based on my experience. When I tried to return a product, I had to raise the return request multiple times, but no one came to pick it up. Customer support was also unhelpful—they kept citing ""logistics issues"" without providing a resolution.

This has been one of the most disappointing online shopping experiences I've had. The repeated delays, lack of support, and unresolved return process have been extremely frustrating. Based on my experience, I'd rather shop from physical stores where returns and customer service are more reliable.",2026-07-20T07:41:31.000Z,2026-07-20T00:00:00.000Z,en,1,not-verified,false,Organic,Swe Sahu,6a5db503c2526c7289915245,1,IN,"Hello!

We are truly sorry for the unpleasant experience.

In order to better resolve your concerns, we need you to provide specific information, such as your order number. We have sent you an email with the subject ""Request for information about your experience."" Please check your inbox (and spam folder), and reply to that email with the information we need.

Your feedback is our driving force for continuous improvement, and we truly value your opinion. We look forward to providing you with further assistance as soon as we receive your response. :)",2026-07-20T08:44:31.000Z
www.shein.com,id:6a5d6a66bff50c2d926ec813,native_id,6a5d6a66bff50c2d926ec813,https://www.trustpilot.com/reviews/6a5d6a66bff50c2d926ec813,1,If I could give zero stars I would,If I could give zero stars I would. Customer service is a joke. My order was delivered on a pathway not at an area at covered porch but in full view of passerby on a main road. Of course it was stolen.i have a box at the front door with a delivery sign. I contacted them and the photo from courier shows where he threw it.i have not had one email or any messages from customer service . Never will I use SHEIN again. Disgusted.,2026-07-20T02:23:02.000Z,2026-07-08T00:00:00.000Z,en,0,not-verified,false,Organic,Liz VanDyken,60b8f67badeb930019d2fdeb,4,AU,"Hello!

We are truly sorry for the unpleasant experience.

In order to better resolve your concerns, we need you to provide specific information, such as your order number. We have sent you an email with the subject ""Request for information about your experience."" Please check your inbox (and spam folder), and reply to that email with the information we need.

Your feedback is our driving force for continuous improvement, and we truly value your opinion. We look forward to providing you with further assistance as soon as we receive your response. :)",2026-07-20T08:59:05.000Z
www.shein.com,id:6a5d1869846f790c24081132,native_id,6a5d1869846f790c24081132,https://www.trustpilot.com/reviews/6a5d1869846f790c24081132,1,Useless customer service ,Why oh why can’t SHEIN sort my problem out for me.  Customer service is absolutely useless. They have closed my account now for two months and can’t explain why . Ihave done nothing wrong and only wish to purchase items from them as I have in the past. I have tried and tried to get a resolution from customer service but to no avail.,2026-07-19T20:33:13.000Z,2026-07-19T00:00:00.000Z,en,0,not-verified,false,Organic,Eileen Murray,6a5938fdc2526ce5838d3dd1,2,GB,"Hello!

We are truly sorry for the unpleasant experience.

In order to better resolve your concerns, we need you to provide specific information, such as your order number. We have sent you an email with the subject ""Request for information about your experience."" Please check your inbox (and spam folder), and reply to that email with the information we need.

Your feedback is our driving force for continuous improvement, and we truly value your opinion. We look forward to providing you with further assistance as soon as we receive your response. :)",2026-07-20T01:53:47.000Z
www.shein.com,id:6a5cab8d85e642126e019333,native_id,6a5cab8d85e642126e019333,https://www.trustpilot.com/reviews/6a5cab8d85e642126e019333,2,Shein isn't what it used to be,"Shein isn't what it used to be, frustrating experience. 

​I’ve been a loyal customer for a long time, but Shein is honestly not what it used to be. Lately, the service has gone downhill completely.
​Inaccurate Stock: I keep finding that products are listed incorrectly regarding their actual availability.
​Shipping & Lost Packages: Delivery times are now painfully long, and to make matters worse, packages frequently get lost in transit.
​Terrible Customer Support: Trying to get help is a nightmare. There is virtually no real customer support anymore.
​No Refunds: If your package goes missing, it is now incredibly difficult to actually get a refund. They make you jump through endless hoops.
​While I still find many items that interest me, the constant headaches mean I will think twice before ordering from them again. Proceed with caution.",2026-07-19T12:48:45.000Z,2026-06-26T00:00:00.000Z,en,1,not-verified,false,Organic,kat_kat,5fafb74fb97938001a1684e5,4,GR,"Hello!

We sincerely apologize for any inconvenience caused—your experience is incredibly important to us 💝

According to the information you provided, we've identified your inquiry submitted via the SHEIN app and our dedicated support agent is expediting the resolution.We guarantee a clear response within 24 hours, and you can monitor real-time updates anytime in ""Service Records"".

🔹 Steps to Access:
Open SHEIN APP → Tap ""Me"" at bottom → ""Customer Service"" → ""Service Records""

Your feedback lights our path forward—we look forward to assisting you further.",2026-07-20T01:48:24.000Z
www.shein.com,id:6a5c542a7653275b3e2ec634,native_id,6a5c542a7653275b3e2ec634,https://www.trustpilot.com/reviews/6a5c542a7653275b3e2ec634,1,Very poor experience with SHEIN’s…,"Very poor experience with SHEIN’s refund process.

I placed an order in December 2025, but the package never arrived. After reporting the issue, I had to go through a refund process that took almost a month, with several emails, incomplete responses, and repeated requests for information.

From the beginning, I asked for the refund to be issued as SHEIN Wallet credit, because I had already experienced problems with bank refunds before. Later, their support team asked me for an alternative account to process the refund, so I provided my PayPal account.

However, only a small portion of the refund, around USD 15, was sent to PayPal. The rest was sent in several split amounts to my bank account, which was exactly the method I had asked them to avoid.

The biggest issue is that I originally paid for the order in one single transaction, not in separate payments. Therefore, if SHEIN decided to refund the original card, they should have refunded the exact amount corresponding to the original card transaction, not several fragmented amounts. Because of this, my bank is not properly recognizing or releasing part of the refund, since the amounts do not match the original purchase transaction.

This makes the situation even more frustrating. Why ask me where I wanted the refund to be sent if, in the end, they were going to process it however they wanted, without following the refund method I provided?

As a result, after almost a month of emails, claims, and additional paperwork with my bank, I still cannot access a significant part of my money.

This has been a very frustrating and poorly managed refund process. SHEIN should have respected the refund method I requested, or at least processed the refund correctly according to the original transaction.

Unfortunately, based on this experience, I cannot recommend SHEIN’s customer service or refund process.

The report number is: 57232576.",2026-07-19T06:35:54.000Z,2026-06-25T00:00:00.000Z,en,0,not-verified,false,Organic,Carlos Matute,6a16d2f46142adf1f62b1398,4,VE,"Hello!
We are truly sorry for the unpleasant experience.
In order to better resolve your concerns, we need you to provide specific information, such as your order number. We have sent you an email with the subject ""Request for information about your experience."" Please check your inbox (and spam folder), and reply to that email with the information we need.
Your feedback is our driving force for continuous improvement, and we truly value your opinion. We look forward to providing you with further assistance as soon as we receive your response. :)",2026-07-19T13:05:00.000Z
www.shein.com,id:6a5bf3ead6591756106bc0a1,native_id,6a5bf3ead6591756106bc0a1,https://www.trustpilot.com/reviews/6a5bf3ead6591756106bc0a1,1,EXTREMELY DISAPPOINTED: Month long delays and poor customer service,"I placed an order on July 4, 2026, which had an original delivery window of July 12–19. The order will not arrive by my birthday on July 25, 2026, and is now not expected until as late as August 1—nearly a month after the original date.
I spent over $100 on this order. When I reached out to customer support regarding the significant, unmanaged shipping delays and the missed delivery guarantees, they refused to escalate the issue to a supervisor and only offered me a standard 15% off coupon (requiring a $29+ spend), which is an insulting resolution for such a service failure.
It is unacceptable to treat customers this way when a time-sensitive order is delayed for this long. I will not be shopping with this company again.",2026-07-18T23:45:14.000Z,2026-07-04T00:00:00.000Z,en,0,not-verified,false,Organic,Alyssa Hansen,6a5bf3cfff3db222beb8b2d0,1,US,"Hello!

We are truly sorry for the unpleasant experience.

In order to better resolve your concerns, we need you to provide specific information, such as your order number. We have sent you an email with the subject ""Request for information about your experience."" Please check your inbox (and spam folder), and reply to that email with the information we need.

Your feedback is our driving force for continuous improvement, and we truly value your opinion. We look forward to providing you with further assistance as soon as we receive your response. :)",2026-07-19T02:30:57.000Z
www.shein.com,id:6a5bf05ec5b78d69f38175db,native_id,6a5bf05ec5b78d69f38175db,https://www.trustpilot.com/reviews/6a5bf05ec5b78d69f38175db,1,I had a poor experience with them after…,"I had a poor experience with them after sending photos and measurements of socks that were misleading in description. The socks advertised said size 39 to 42, which is my size but it could not even go on my foot. They also falsely described them as mid calf but they were instead ankle socks. I will no longer be purchasing from them in future as they refused to take them back and refund me, despite the fact that I was mislead about sizing of the socks.",2026-07-18T23:30:06.000Z,2026-07-16T00:00:00.000Z,en,0,not-verified,false,Organic,Stephanie S,6a5bf041c2526c38a6901bd0,1,ZA,"Hello！

According to the information you provided, we noticed our team has sent a solution regarding your order. Please check your email for updates. If no email was received, it may have been filtered to the spam folder. We hope to hear from you. :)",2026-07-19T02:34:54.000Z
www.shein.com,id:6a5beffa42a77a9273150c12,native_id,6a5beffa42a77a9273150c12,https://www.trustpilot.com/reviews/6a5beffa42a77a9273150c12,3,Grand for basics.,Grand for basics. ,2026-07-18T23:28:26.000Z,2026-07-18T00:00:00.000Z,en,0,not-verified,false,Organic,Hollie,60043c23001c43001961f667,13,IE,"Hello,

We are very happy to receive your evaluation, if you are satisfied with us, please feel free to adjust the star rating you think is suitable for our service, thank you! 💖️",2026-07-19T02:31:46.000Z
www.shein.com,id:6a5bdea27c34abb97d16c700,native_id,6a5bdea27c34abb97d16c700,https://www.trustpilot.com/reviews/6a5bdea27c34abb97d16c700,1,Locked account for over 2 months,"I wrote a review the other day and shein replied that it had been resolved. However, that is not the case .  I want to update my experience but sent the reply too soon,  I was wondering whether SHEIN could contact me again so I can explain more.",2026-07-18T22:14:26.000Z,2026-07-18T00:00:00.000Z,en,0,not-verified,false,Organic,Eileen Murray,6a5bde9eff3db23d54b8a073,1,GB,"Hello！

According to the information you provided, we noticed our team has sent a solution regarding your order. Please check your email for updates. If no email was received, it may have been filtered to the spam folder. We hope to hear from you. :)",2026-07-19T02:32:31.000Z
www.shein.com,id:6a5b9cb4141a4917a3e06ba4,native_id,6a5b9cb4141a4917a3e06ba4,https://www.trustpilot.com/reviews/6a5b9cb4141a4917a3e06ba4,1,I bought 14 articles and only 4 came,"I bought 14 articles (clothes) and only 4 came. 10 are missing. I contacted support but they keep telling me everything is in order, it's not. I only have 1 tracking code. It's my first time using Shein so I'm not sure if the package has been delivered like this or if it has been tampered with.",2026-07-18T17:33:08.000Z,2026-07-17T00:00:00.000Z,en,1,not-verified,false,Organic,Julia Capanegra,6a5b9bfbc2526c94798fc6a5,2,AR,"Hello!

We sincerely apologize for any inconvenience caused—your experience is incredibly important to us 💝

According to the information you provided, we've identified your inquiry submitted via the SHEIN app and our dedicated support agent is expediting the resolution.We guarantee a clear response within 24 hours, and you can monitor real-time updates anytime in ""Service Records"".

🔹 Steps to Access:
Open SHEIN APP → Tap ""Me"" at bottom → ""Customer Service"" → ""Service Records"" 

Your feedback lights our path forward—we look forward to assisting you further.",2026-07-19T09:10:25.000Z
www.shein.com,id:6a5b94f2c2b8497973543950,native_id,6a5b94f2c2b8497973543950,https://www.trustpilot.com/reviews/6a5b94f2c2b8497973543950,1,They only care about our wallets not…,"They only care about our wallets not about us. I wish I could give 0 stars. I have reached out so many times through email, what’s app and chat options.I am having such extreme issues getting my package delivered. I have reached out to SHEIN to no avail as well as reached out to their partnering courier SpeedX and cannot get a real response from a real person. A failed delivery and delivery address update has caused so much anxiety and mental health distress. I’ve been trying to get my issues resolved since May. I will never do business with SHEIN or SpeedX again because they only value their consumers wallets not their quality and loyalty. I will be advocating for my friends, loved ones and social following to not do business with them. It should not be this hard to get my merchandise delivered to me or a refund issued. I would like media coverage about my experiences and have reached out to several entities and garnered response. This is not a singularly issue a lot of people are experiencing issues and we are stronger together.
",2026-07-18T17:00:03.000Z,2026-07-17T00:00:00.000Z,en,2,not-verified,false,Organic,Rem Cee,6a2754c74a5f81876188f3c7,10,US,"Hello!

We are truly sorry for the unpleasant experience.

In order to better resolve your concerns, we need you to provide specific information, such as your order number. We have sent you an email with the subject ""Request for information about your experience."" Please check your inbox (and spam folder), and reply to that email with the information we need.

Your feedback is our driving force for continuous improvement, and we truly value your opinion. We look forward to providing you with further assistance as soon as we receive your response. :)",2026-07-19T09:08:27.000Z
www.shein.com,id:6a5b91da3e2a32658e6e3bc3,native_id,6a5b91da3e2a32658e6e3bc3,https://www.trustpilot.com/reviews/6a5b91da3e2a32658e6e3bc3,1,I placed my 1st order from Shein…,I placed my 1st order from Shein recently & received it yesterday. Excitedly when I opened it 4 items( necklaces) were smaller than what was pictured on the models neck. Of course there were no measurements listed either. They barely fit our 8 year old. I was extremely disappointed.Also 1 item was missing from the order so I checked to see if it was coming separately though the website said everything was delivered. It was to be a small gift for a co-worker. Again very disappointed.There was no packing slip to compare what I bought so I’m out of luck. Learned my lesson. Won’t be ordering from Shein again & will tell friends & business associates not to also. Granted my not ordering from them along with 10-12 others isn’t going to make a dent in their business though I also don’t like being scammed. I paid through PayPal and will reach out to them about the missing item. The necklaces are my fault for trusting an AI photo and buying something without a size listed.I’ll continue to stick to purchasing through Temu.   I’ve never had a problem with them. ,2026-07-18T16:46:50.000Z,2026-07-17T00:00:00.000Z,en,0,not-verified,false,Organic,Russell,6877bbbb192bd38a29c473d4,3,US,"Hello!

We sincerely apologize for any inconvenience caused—your experience is incredibly important to us 💝

According to the information you provided, we've identified your inquiry submitted via the SHEIN app and our dedicated support agent is expediting the resolution.We guarantee a clear response within 24 hours, and you can monitor real-time updates anytime in ""Service Records"".

🔹 Steps to Access:
Open SHEIN APP → Tap ""Me"" at bottom → ""Customer Service"" → ""Service Records"" 

Your feedback lights our path forward—we look forward to assisting you further.",2026-07-19T02:55:16.000Z
www.shein.com,id:6a5b7fb46719bb274ce36754,native_id,6a5b7fb46719bb274ce36754,https://www.trustpilot.com/reviews/6a5b7fb46719bb274ce36754,1,I recently placed an order for 35…,I recently placed an order for 35 items. I received 33 - missing 2 coats and a pair of jeans. I contacted the online call centre and was told to recheck. I I contacted them and confirmed they aren’t in the box all they can say is they were shipped. They are unable to provide proof or and escalation process. The only people you can deal with is the call centre who can’t actually do anything.,2026-07-18T15:29:24.000Z,2026-07-18T00:00:00.000Z,en,1,not-verified,false,Organic,Chantel Harrison,6a5b7fadb06fbf3fd6ea98e4,1,ZA,"Hello!

We are truly sorry for the unpleasant experience.

In order to better resolve your concerns, we need you to provide specific information, such as your order number. We have sent you an email with the subject ""Request for information about your experience."" Please check your inbox (and spam folder), and reply to that email with the information we need.

Your feedback is our driving force for continuous improvement, and we truly value your opinion. We look forward to providing you with further assistance as soon as we receive your response. :)",2026-07-19T02:46:30.000Z
www.shein.com,id:6a5b58ceeaa7e439f8b7c545,native_id,6a5b58ceeaa7e439f8b7c545,https://www.trustpilot.com/reviews/6a5b58ceeaa7e439f8b7c545,1,"Lost parcel, endless excuses and terrible customer service","After wasting countless hours contacting both SHEIN and BoxNow, BoxNow finally confirmed that the parcel had already been returned to SHEIN. Only then did SHEIN acknowledge the issue.

What is most disappointing is that I had warned them from the beginning that something was wrong, but they repeatedly dismissed my concerns and kept blaming the carrier instead of investigating.

These items were meant for my son's birthday, and because of their lack of action I was left without them on time. This caused unnecessary stress and frustration that could have been avoided if they had simply listened to their customer.

A company should not be judged by how it performs when everything goes smoothly, but by how it handles problems. In my case, SHEIN failed completely. Instead of taking responsibility, they wasted my time with generic replies and passed the blame to someone else.

I have completely lost confidence in SHEIN's customer service and will seriously reconsider placing any future orders.

Update: SHEIN replied with a generic message stating that a solution had been sent by email. However, this does not address the real issue: my concerns were repeatedly dismissed until BoxNow confirmed that the parcel had already been returned to SHEIN. The refund was never the main issue—the way my case was handled was.",2026-07-18T12:43:26.000Z,2026-07-18T00:00:00.000Z,en,1,not-verified,false,Organic,Chris,62bfe6175eb62f001218a872,7,GR,"Hello！

According to the information you provided, we noticed our team has sent a solution regarding your order. Please check your email for updates. If no email was received, it may have been filtered to the spam folder. We hope to hear from you. :)",2026-07-19T09:13:59.000Z
www.shein.com,id:6a5b16cd55b1863edba2fdc1,native_id,6a5b16cd55b1863edba2fdc1,https://www.trustpilot.com/reviews/6a5b16cd55b1863edba2fdc1,1,Good day everyone I am a first time…,Good day everyone I am a first time user on SheIn app as I was introduced by friend. I made an order worth about  26 dollars on the SheIn app(36000  naira) only to discover after placing the order that size I picked for an (item) was wrong I took a size M instead of a size XL I tried modifying the order as it had not been shipped I couldn't . I had to contact their customer agent who cancel the item and  the money was refunded to my shein wallet asked me to reorder as the claim the don't modify their orders.  Only to discover that I could no no longer order the item as a ridiculous shipping fee of 35000  naira had been added to an item of 4242 naira. I tried  pleading them to waive off the shipping fee as all the items were supposed to come together the refused and I had already paid the first amount the refused. The can't be trusted as their prices are not consistent with what is written in the app 🥺 I can't ever trust shein again . One Agent went as far cancelling all my orders with me asking him to do so,2026-07-18T08:02:01.000Z,2026-07-18T00:00:00.000Z,en,0,not-verified,false,Organic,Della Obiosio,6a5b16c0c2526c9d468f3d90,1,NG,"Hello!

We sincerely apologize for any inconvenience caused—your experience is incredibly important to us 💝

According to the information you provided, we've identified your inquiry submitted via the SHEIN app and our dedicated support agent is expediting the resolution.We guarantee a clear response within 24 hours, and you can monitor real-time updates anytime in ""Service Records"".

🔹 Steps to Access:
Open SHEIN APP → Tap ""Me"" at bottom → ""Customer Service"" → ""Service Records""

Your feedback lights our path forward—we look forward to assisting you further.",2026-07-19T02:49:06.000Z
www.shein.com,id:6a5aea75cd762c01d79a175e,native_id,6a5aea75cd762c01d79a175e,https://www.trustpilot.com/reviews/6a5aea75cd762c01d79a175e,1,Don’t recommend,"I ordered a crunchy peanut squishy and instead I got a mini square mochi and then I ordered an coconut oil squishy, but it was a big square mochi I also ordered a cheese Vaseline squishy, but it turned out to be blue paper, not even close to a cheese squishy😤😤😤😤
I do not recommend. I want my money back😭😭😭",2026-07-18T04:52:37.000Z,2026-07-17T00:00:00.000Z,en,1,not-verified,false,Organic,Shakara Anderson,6a5aea347b418c303f81eb89,1,US,"Hello!

We are truly sorry for the unpleasant experience.

In order to better resolve your concerns, we need you to provide specific information, such as your order number. We have sent you an email with the subject ""Request for information about your experience."" Please check your inbox (and spam folder), and reply to that email with the information we need.

Your feedback is our driving force for continuous improvement, and we truly value your opinion. We look forward to providing you with further assistance as soon as we receive your response. :)",2026-07-18T08:49:57.000Z
www.shein.com,id:6a5a8aaa04f6affba941cc58,native_id,6a5a8aaa04f6affba941cc58,https://www.trustpilot.com/reviews/6a5a8aaa04f6affba941cc58,2,This was one of my more frustrating…Would not order again,"This was one of my more frustrating online shopping experiences recently. The product did not match the description or photos on the website. Sizing was off compared to the chart listed on the product page. The item arrived with visible damage, which was disappointing given the price. Overall the experience felt disorganised from checkout through to delivery. It took several emails before I got a useful response from support. I expected better and came away disappointed.",2026-07-17T22:03:54.000Z,2026-07-16T00:00:00.000Z,en,1,not-verified,false,Organic,Mao Clarkson,6a350818a71de06737921eb6,3,US,"Hello!

We are truly sorry for the unpleasant experience.

In order to better resolve your concerns, we need you to provide specific information, such as your order number. We have sent you an email with the subject ""Request for information about your experience."" Please check your inbox (and spam folder), and reply to that email with the information we need.

Your feedback is our driving force for continuous improvement, and we truly value your opinion. We look forward to providing you with further assistance as soon as we receive your response. :)",2026-07-18T03:00:54.000Z
www.shein.com,id:6a5a432fb4e89f25c290fe1f,native_id,6a5a432fb4e89f25c290fe1f,https://www.trustpilot.com/reviews/6a5a432fb4e89f25c290fe1f,1,I used to highly trust Shein and other…,"I used to highly trust Shein and other online shopping platforms, but honestly, over the last two months, not so much. They are engaging in sketchy practices—or maybe their customer support is just completely irresponsible. Either way, I would advise all users to be extremely careful before making any payments on Shein, specifically Shein US.

Here is what happened:
On June 10, 2026, I placed an order for a total of $496.49 USD. Days passed, and I noticed the order was still marked as ""pending payment,"" and I couldn't even see all the items from my purchase. I contacted support to ask what was going on, and they told me I had to contact my bank because they had no record of any payment related to that order. Even though I sent them proof of payment, they kept insisting they hadn't received anything. I contacted my bank, and they confirmed the payment went through successfully; I could also see it marked as ""completed"" in my banking app.

I went back to Shein support, and this time they told me I should open a dispute/chargeback with my bank since they hadn't received the money. Once I filed the dispute, support suddenly changed their story and said they did see the payment and that it was linked to my order. I told them that was fine and to please just process what I ordered. After some time, they asked me to confirm the payment by uploading the receipt through a link. I did this about 5 times until they finally told me the payment was confirmed.

However, a few days later, I saw the purchase was still pending. I contacted Shein support again, and now they claim that because the payment is under dispute, they cannot process my order. Mind you, it was their own support team that told me to open the dispute in the first place because they claimed they didn't have the money! Now they refuse to process it because of the dispute.

Frustrated but still trying to cooperate, I contacted my bank to cancel the dispute. I was furious, but I honestly thought Shein was trustworthy and wouldn't engage in these kinds of dirty tactics. $496 might be a lot to me, but it's nothing to a massive company like Shein. I didn't think they would ruin their reputation over this amount. They have millions of customers, so losing one means nothing to them, which is exactly why I am leaving this review here—so the rest of you can be aware of this practice.

To make matters worse, every time I contact support now, it feels like they've flagged me as spam. They keep sending automated messages even when I'm supposedly talking to a human, acting as if I'm bothering them. Finally, my bank confirmed that the dispute was officially closed. I contacted support and told them the dispute is closed, so they should either proceed with the order or refund my money. They keep denying it, claiming the dispute is still open. To this day, they tell me the same thing: no refund, no products.

If anyone knows what else I can do so I don't lose my money, I would truly appreciate your help. About 5 days ago, they asked for proof that the dispute was closed. I sent it, and they told me to wait 3 days for their system to update so they could proceed with the refund. Today, they changed their story again, saying it's still open. I honestly don't know what else to do. I am going to keep posting on social media comments to see if anyone else has gone through this and can help me, please.",2026-07-17T16:58:55.000Z,2026-06-10T00:00:00.000Z,en,2,not-verified,false,Organic,Metide Etiene,6a5a431c7b418ce7bc813105,1,MX,"Hello!

We sincerely apologize for any inconvenience caused—your experience is incredibly important to us 💝

According to the information you provided, we've identified your inquiry submitted via the SHEIN app and our dedicated support agent is expediting the resolution.We guarantee a clear response within 24 hours, and you can monitor real-time updates anytime in ""Service Records"".

🔹 Steps to Access:
Open SHEIN APP → Tap ""Me"" at bottom → ""Customer Service"" → ""Service Records"" 

Your feedback lights our path forward—we look forward to assisting you further.",2026-07-18T02:57:08.000Z
www.shein.com,id:6a5a42cc6931b2bd1695ff62,native_id,6a5a42cc6931b2bd1695ff62,https://www.trustpilot.com/reviews/6a5a42cc6931b2bd1695ff62,5,This app is the best everything I buy…,This app is the best everything I buy from there. I am satisfied with their clothes last a long time. They also wash well.,2026-07-17T16:57:16.000Z,2026-07-17T00:00:00.000Z,en,0,not-verified,false,Organic,Moonchild,67f5a0ca2076b5558353fba2,3,US,,
www.shein.com,id:6a5a32b275e72e5ee32a557f,native_id,6a5a32b275e72e5ee32a557f,https://www.trustpilot.com/reviews/6a5a32b275e72e5ee32a557f,1,After waiting more than two weeks for…,"After waiting more than two weeks for my item to ship, I received an email with no explanation that a refund was issued",2026-07-17T15:48:34.000Z,2026-07-17T00:00:00.000Z,en,0,not-verified,false,Organic,ROSS LAPASH,64a4124759f49b0012f0f2d3,2,US,"Hello！

According to the information you provided, we noticed our team has sent a solution regarding your order. Please check your email for updates. If no email was received, it may have been filtered to the spam folder. We hope to hear from you. :)",2026-07-18T09:21:44.000Z
www.shein.com,id:6a5a1cc767bbbf7050caebe3,native_id,6a5a1cc767bbbf7050caebe3,https://www.trustpilot.com/reviews/6a5a1cc767bbbf7050caebe3,1,SHEIN US is so expensive,"SHEIN US is so expensive. The price is double to 5x the prices in other countries. Example the curtain is $33 in shein US and it is sold at $17.30 in another country. A trolley in shein us $51.70 in another country it is $19.19. they are of the same item, same item code, same SKU, same brand. The price in SHEIN US is exclusive of taxes yet. So it is way more expensive.",2026-07-17T14:15:03.000Z,2026-07-17T00:00:00.000Z,en,2,not-verified,false,Organic,Ela,6a5a1cbf7b418c2bf580e545,1,PH,"Hello，

We've lowered our prices across a wide range of styles, which means more big savings on summer deals!
Save big on summer outfits, daily essentials, beauty picks, kidswear, home decor, and most everything else at low SHEIN prices.
Whether you've been holding off or just haven't checked in lately, now's the perfect time to find your next summer fit!

Learn more: https://us.shein.com/ark/5065?src_module=topBanner&src_identifier=on%3DIMAGE_COMPONENT%60cn%3Dtopbanner%60hz%3DhotZone_3%60ps%3D1_3%60jc%3DwebLink_https%3A%2F%2Fus.shein.com%2Fark%2F5065&src_tab_page_id=page_activity_factory1748918751573&ici=CCCSN=topBanner_ON=IMAGE_COMPONENT_OI=73137611_CN=ONE_IMAGE_COMPONENT_TI=50000_aod=0_PS=1-3_ABT=0",2026-07-21T08:16:52.000Z
www.shein.com,id:6a59e6ad62c4abf369376938,native_id,6a59e6ad62c4abf369376938,https://www.trustpilot.com/reviews/6a59e6ad62c4abf369376938,1,Absolutely terrible company,"Absolutely terrible company. Promising free items if you place an order and not fulfilling this. Also I paid an extra £9 for express delivery as needed items sooner. Express delivery isn’t happening so why did I pay the extra. Tried chatting on live chat with the company but they weren’t helpful at all. Be cautious they are very misleading and untrustworthy 
My order number is #GSO18747A000SH0. The delivery date is 22-24 July when I paid for express delivery. Also when I chatted with your live chat they couldn’t help me unless I could provide a screenshot of the free items I’d picked. I hadn’t screenshot it as I believed I would just receive the items without any trouble. 
",2026-07-17T10:24:13.000Z,2026-07-17T00:00:00.000Z,en,1,not-verified,false,Organic,Sgregs ,5e13a68331bb5ae17c96a641,27,GB,"Hello！

According to the information you provided, we noticed our team has sent a solution regarding your order. Please check your email for updates. If no email was received, it may have been filtered to the spam folder. We hope to hear from you. :)",2026-07-18T01:35:11.000Z
www.shein.com,id:6a597d7302e9b8b1341d3fb5,native_id,6a597d7302e9b8b1341d3fb5,https://www.trustpilot.com/reviews/6a597d7302e9b8b1341d3fb5,1,Very poor quality,Very poor quality.  My blouse looked nothing like the photo and was more like a size for a child than a grownup.  Very disappointing.,2026-07-17T02:55:15.000Z,2026-07-16T00:00:00.000Z,en,1,not-verified,false,Organic,Debbie Segich,6a597d697b418cc4d2803d62,1,US,"Hello！

According to the information you provided, we noticed our team has sent a solution regarding your order. Please check your email for updates. If no email was received, it may have been filtered to the spam folder. We hope to hear from you. :)",2026-07-17T08:20:54.000Z
www.shein.com,id:6a59262bab0b03ccb118cf27,native_id,6a59262bab0b03ccb118cf27,https://www.trustpilot.com/reviews/6a59262bab0b03ccb118cf27,1,I am extremely disappointed with the…,"I am extremely disappointed with the service I have received.

I returned my package, but it was sent back to me from Dublin by Victoria. I have also been in contact with a human being through the SHEIN chat, but every time I explained the situation, my messages were either ignored or completely misunderstood. It feels like no one is actually reading what I am saying.

I have already provided proof and photos showing exactly what happened. I still have the package, even though I followed the return process correctly. This is completely unacceptable.

I expect this issue to be resolved immediately and my refund to be processed without any further delays. I should not be left with the package because of problems outside of my control. This level of customer service is not acceptable.",2026-07-16T20:42:51.000Z,2026-07-16T00:00:00.000Z,en,0,not-verified,false,Organic,Rosenna n,6a592625c2526c890e8d21e2,1,DK,"Hello!

We sincerely apologize for any inconvenience caused—your experience is incredibly important to us 💝

According to the information you provided, we've identified your inquiry submitted via the SHEIN app and our dedicated support agent is expediting the resolution.We guarantee a clear response within 24 hours, and you can monitor real-time updates anytime in ""Service Records"".

🔹 Steps to Access:
Open SHEIN APP → Tap ""Me"" at bottom → ""Customer Service"" → ""Service Records""

Your feedback lights our path forward—we look forward to assisting you further.",2026-07-17T01:58:00.000Z
www.shein.com,id:6a591de5ead328b603beb749,native_id,6a591de5ead328b603beb749,https://www.trustpilot.com/reviews/6a591de5ead328b603beb749,2,Done,"OK, so after all of the issues I've had with Shein.  I have decided to shut my account down. Cannot believe all the stress they put me through. For their vendors sending out fake products . took me weeks to get things straightened out. Sending them pictures and videos over and over. Them refusing videos where I could've proven my point very easily. Acting like they never got my videos or pictures . handed off from one customer service person to another.I swore this time if I got a refund, I was done and I am shutting my account down with them. Wish you all the best if you decide to keep ordering from them. (The only reason they're getting two stars is because I got a refund.)  nothing but stress and disappointment with this particular shopping experience.",2026-07-16T20:07:33.000Z,2026-06-30T00:00:00.000Z,en,0,not-verified,false,Organic,Christina Reese,65a9a26a8a2c210012a5db39,8,US,"Hello!

We are truly sorry for the unpleasant experience.

In order to better resolve your concerns, we need you to provide specific information, such as your order number. We have sent you an email with the subject ""Request for information about your experience."" Please check your inbox (and spam folder), and reply to that email with the information we need.

Your feedback is our driving force for continuous improvement, and we truly value your opinion. We look forward to providing you with further assistance as soon as we receive your response. :)",2026-07-17T01:54:25.000Z
www.shein.com,id:6a590d6fb375c2fdde2b664b,native_id,6a590d6fb375c2fdde2b664b,https://www.trustpilot.com/reviews/6a590d6fb375c2fdde2b664b,1,Do not buy from Shein,Do not buy from Shein! I purchased a bikini which didn't come with the protective sanitary pad. I returned the item and they wouldn't refund me because of this even though they sent it like that. Very disappointed!,2026-07-16T18:57:19.000Z,2026-07-16T00:00:00.000Z,en,0,not-verified,false,Organic,Janine South,5ddaa7a23f49ce81c39c41d6,3,GB,"Hello！

According to the information you provided, we noticed our team has sent a solution regarding your order. Please check your email for updates. If no email was received, it may have been filtered to the spam folder. We hope to hear from you. :)",2026-07-17T02:26:32.000Z
www.shein.com,id:6a58a84cbb6d7ae3a2e3918f,native_id,6a58a84cbb6d7ae3a2e3918f,https://www.trustpilot.com/reviews/6a58a84cbb6d7ae3a2e3918f,1,Refund issues - beware,"I have ordered from SHEIN a few times, sometimes the material isn’t as advertised, poor quality.
However, I ordered two tankinis, only tried the tops on, both were too tight. So I returned the items, they only refunded one, so after going into chat customer service, they told me the hygiene pad had been removed and so they would not refund me.  I told them I hadn’t even looked at the bottoms, they told me next time pay attention to goods received but no refund.  They only refunded the cheapest tankini, it was an expensive £25 one.  I did say I wouldn’t shop with them again and they just said still no refund… I have deleted my account now, but wanted to make others aware
#### update, they have now refunded today, but it’s a shame I had to go through all of this and give them a bad review for this outcome.  They need to work on their customer service employees, but thank you",2026-07-16T11:45:48.000Z,2026-07-15T00:00:00.000Z,en,0,not-verified,false,Organic,Gilliano,5929ffd70000ff000a9d0d97,15,GB,"Hello！

According to the information you provided, we noticed our team has sent a solution regarding your order. Please check your email for updates. If no email was received, it may have been filtered to the spam folder. We hope to hear from you. :)",2026-07-17T02:31:57.000Z
www.shein.com,id:6a5817cb5923d5ef482153b1,native_id,6a5817cb5923d5ef482153b1,https://www.trustpilot.com/reviews/6a5817cb5923d5ef482153b1,1,Math isn't mathing,"No one really mentions this. But they play around with the numbers a lot. They will offer you a price, then ""fake discount"" it. Go to check out, totally different price. If you take the time do the math. It doesn't add up. The same with Temu. Disappointing 😞 ",2026-07-16T01:29:15.000Z,2026-07-15T00:00:00.000Z,en,1,not-verified,false,Organic,PRECIOUS BERRY,69e1238bc5d694acb66493ae,2,US,"Hello!

We are truly sorry for the unpleasant experience.

In order to better resolve your concerns, we need you to provide specific information, such as your order number. We have sent you an email with the subject ""Request for information about your experience."" Please check your inbox (and spam folder), and reply to that email with the information we need.

Your feedback is our driving force for continuous improvement, and we truly value your opinion. We look forward to providing you with further assistance as soon as we receive your response. :)",2026-07-16T08:17:55.000Z
www.shein.com,id:6a57a1be52730ca2fd93ed8c,native_id,6a57a1be52730ca2fd93ed8c,https://www.trustpilot.com/reviews/6a57a1be52730ca2fd93ed8c,4,EU Warehouse ,"I have never had any problems with Shein, always been a reliable source for different occasions. I was just wondering with the new custom prices and stuff, If i order my basket now will it be here by the 30th of July? All the clothing is from Eu Warehouse and it says on the app it should take up to 4-7 days. Is that reliable information?",2026-07-15T17:05:34.000Z,2026-07-15T00:00:00.000Z,en,1,not-verified,false,Organic,aoibhin brogan,6a57a1b8236e3dcf18d4beba,1,IE,,
www.shein.com,id:6a579161266f9732cbd5d21e,native_id,6a579161266f9732cbd5d21e,https://www.trustpilot.com/reviews/6a579161266f9732cbd5d21e,1,Parcel says delivered but has not been…,"Parcel says delivered but has not been received.

Lack of customer service is a total shambles and very stressful.
My refund got declined because they say I received parcel.  Hence the review I need my refund to be rectified as a matter of urgency.   Thanks 
Hopefully someone will get back to me.
Db",2026-07-15T15:55:45.000Z,2026-07-15T00:00:00.000Z,en,1,not-verified,false,Organic,Debi Bent,62e821c1b6b8ff00124d68ff,12,GB,"Hello!
We are truly sorry for the unpleasant experience.
In order to better resolve your concerns, we need you to provide specific information, such as your order number. We have sent you an email with the subject ""Request for information about your experience."" Please check your inbox (and spam folder), and reply to that email with the information we need.
Your feedback is our driving force for continuous improvement, and we truly value your opinion. We look forward to providing you with further assistance as soon as we receive your response. :)",2026-07-16T01:43:44.000Z
www.shein.com,id:6a57844954346e386678c507,native_id,6a57844954346e386678c507,https://www.trustpilot.com/reviews/6a57844954346e386678c507,1,Scammers,"Scammers, friend bought and paid for items that were missing from her package, customer service denied everything blamed her and won’t do anything to solve the issue, no refund or re-shipping what she ALREADY PAID FOR.
Scammers and thieves BEWARE AND DO NOT BUY FROM THEM!!!!!!",2026-07-15T14:59:53.000Z,2026-07-15T00:00:00.000Z,en,2,not-verified,false,Organic,Lola Hdh,6a5784457b418c75477d8ea8,1,IL,"Hello!

We are truly sorry for the unpleasant experience.

In order to better resolve your concerns, we need you to provide specific information, such as your order number. We have sent you an email with the subject ""Request for information about your experience."" Please check your inbox (and spam folder), and reply to that email with the information we need.

Your feedback is our driving force for continuous improvement, and we truly value your opinion. We look forward to providing you with further assistance as soon as we receive your response. :)",2026-07-16T02:26:34.000Z
www.shein.com,id:6a577c2318c870eb3ad7397b,native_id,6a577c2318c870eb3ad7397b,https://www.trustpilot.com/reviews/6a577c2318c870eb3ad7397b,1,Horrible service,"Horrible service, had ordered a package that arrived missing four items i already paid for, tried to reach the customer service via email and the website, most awful service I have ever encountered, denied everything, robotic responses, DO NOT BUY FROM THEM, these are CROOKS and you will eventually get scammed just like I did.",2026-07-15T14:25:07.000Z,2026-07-15T00:00:00.000Z,en,2,not-verified,false,Organic,Dalia Geries,6a577c1eb06fbf1f1ee5bb00,1,IL,"Hello!

We are truly sorry for the unpleasant experience.

In order to better resolve your concerns, we need you to provide specific information, such as your order number. We have sent you an email with the subject ""Request for information about your experience."" Please check your inbox (and spam folder), and reply to that email with the information we need.

Your feedback is our driving force for continuous improvement, and we truly value your opinion. We look forward to providing you with further assistance as soon as we receive your response. :)",2026-07-16T02:29:04.000Z
www.shein.com,id:6a575a9cbe59347336ccca11,native_id,6a575a9cbe59347336ccca11,https://www.trustpilot.com/reviews/6a575a9cbe59347336ccca11,5,I like what I have order they come at…,I like what I have order they come at it is,2026-07-15T12:02:04.000Z,2026-07-14T00:00:00.000Z,en,0,not-verified,false,Organic,Sophia Balene,6a575a847b418cbc6e7d3e47,1,ZA,,
www.shein.com,id:6a575880ff3dc962b57b1d1b,native_id,6a575880ff3dc962b57b1d1b,https://www.trustpilot.com/reviews/6a575880ff3dc962b57b1d1b,1,My order GSO18Y420001UXB was supposed…,"My order GSO18Y420001UXB was supposed to be delivered to my home address. However, it was redirected to an InPost locker at ALDI Neston without my consent. I do not drive, and the locker is 21 minutes away by car, making it impossible for me to collect. I have contacted customer support multiple times, and they have failed to resolve this, despite promising me a home delivery. I am requesting a full refund as the service failed to meet the delivery agreement",2026-07-15T11:53:04.000Z,2026-07-13T00:00:00.000Z,en,0,not-verified,false,Organic,Nabila Alami,6065a325e02941001b60c27e,15,GB,"Hello!

We sincerely apologize for any inconvenience caused—your experience is incredibly important to us 💝

According to the information you provided, we've identified your inquiry submitted via the SHEIN app and our dedicated support agent is expediting the resolution.We guarantee a clear response within 24 hours, and you can monitor real-time updates anytime in ""Service Records"".

🔹 Steps to Access:
Open SHEIN APP → Tap ""Me"" at bottom → ""Customer Service"" → ""Service Records"" 

Your feedback lights our path forward—we look forward to assisting you further.",2026-07-16T01:57:50.000Z
www.shein.com,id:6a5706f1c40b0f9328d9a7c8,native_id,6a5706f1c40b0f9328d9a7c8,https://www.trustpilot.com/reviews/6a5706f1c40b0f9328d9a7c8,1,Paid for an order and had some items…,Paid for an order and had some items accidentally delivered to an old address even after I requested to change the address. They use gofo delivery service( cheap and also horrible) Customer service is unhelpful and will just talk in circles and will do absolutely nothing to fix problems. ,2026-07-15T06:05:05.000Z,2026-07-09T00:00:00.000Z,en,0,not-verified,false,Organic,Elizabeth,69f681bf2c172775337ef14c,6,US,"Hello!

We sincerely apologize for any inconvenience caused—your experience is incredibly important to us 💝

According to the information you provided, we've identified your inquiry submitted via the SHEIN app and our dedicated support agent is expediting the resolution.We guarantee a clear response within 24 hours, and you can monitor real-time updates anytime in ""Service Records"".

🔹 Steps to Access:
Open SHEIN APP → Tap ""Me"" at bottom → ""Customer Service"" → ""Service Records""

Your feedback lights our path forward—we look forward to assisting you further.",2026-07-15T08:33:49.000Z
www.shein.com,id:6a56e63fd03183f6627cae2c,native_id,6a56e63fd03183f6627cae2c,https://www.trustpilot.com/reviews/6a56e63fd03183f6627cae2c,1,SHEIN uses a courier that fabricates…,"Update 7/15/26 ‼️ They still have not delivered the package. They continue to push the delivery date out further knowing Speedx is falsely claiming no access, failed delivery, and wrong address. They have in the tracking that I need to organize a way to get the package knowing SpeedX has no real customer service. SHEIN still hasn’t taken responsibility when they know it wasn’t delivered on time, there were no delivery attempts, and my correct address is in the system. I will now file a claim with my bank to get a refund. I will not be purchasing anything from this company moving forward. 

.
.
.

SHEIN uses a courier that fabricates delivery data and then uses a legal bot to ignore your request for a refund. I placed an order that was promised for delivery and SHEIN used a third-party courier called SpeedX that systematically falsified the tracking updates. Every morning at 6 AM they send automated alerts claiming a ""failed delivery attempt"" due to a ""wrong address"" or ""no access."" They also tried to claim that nobody was home to accept the package. This is completely false, and the package does not require any type of signature to be delivered. My address is correctly entered inside my profile and perfectly matches my billing. There are no gates, bars, or barriers blocking access to my property, and packages are explicitly instructed to be left on the front porch.When you try to contact SHEIN customer service, an agent named Issa tries to pass the merchant responsibilities onto this third-party courier. SpeedX has no direct customer phone line and their own policy states they do not accept recipient claims. When you try to escalate the matter to SHEIN Legal and their executive team, they route you directly to an automated email bot that repeatedly copies and pastes the exact same generic links to keep you trapped in a customer service loop.They continuously shift the delivery windows to stall while holding your funds. Today was the last day for them to deliver and what they did was extended it to an additional day and they are going to keep trying to push it out. They even tried to say one of the reasons for the failure might be an incorrect address which is false and Issa refuses to refund my money. I have been getting the runaround with SpeedX and people named Julia and Kathy are all emailing but they are all trying to give the runaround.This is a violation of consumer protection laws, including the FTC Mail Order Rule and Unfair and Deceptive Trade Practices Acts. They accept your payment and then cut off all human communication so they do not have to issue a refund. Do not trust this company if your package goes missing because their entire support system is a deceptive. After five years of loyal patronage, I will no longer do business with SHEIN and am immediately initiating a merchant dispute through my financial institution. I possess comprehensive documentation, including chat logs where a customer representative admitted that couriers routinely trigger false system alerts whenever processing high-volume loads. I will allow my bank to recover the funds directly. Prospective consumers should be aware that ordering from this platform carries a substantial risk of non-delivery.",2026-07-15T03:45:35.000Z,2026-07-11T00:00:00.000Z,en,0,not-verified,false,Organic,iambcuzofu,6a52542ad7872a7173eb32be,2,US,"Hello!

We sincerely apologize for any inconvenience caused—your experience is incredibly important to us 💝

According to the information you provided, we've identified your inquiry submitted via the SHEIN app and our dedicated support agent is expediting the resolution.We guarantee a clear response within 24 hours, and you can monitor real-time updates anytime in ""Service Records"".

🔹 Steps to Access:
Open SHEIN APP → Tap ""Me"" at bottom → ""Customer Service"" → ""Service Records""

Your feedback lights our path forward—we look forward to assisting you further.",2026-07-15T09:56:57.000Z
www.shein.com,id:6a56bd16c3fc4a114c31f5b1,native_id,6a56bd16c3fc4a114c31f5b1,https://www.trustpilot.com/reviews/6a56bd16c3fc4a114c31f5b1,1,Don't expect a refund or replacement,"Don't expect a refund or replacement, no matter what the website says. Highly recommend you shop elsewhere. ",2026-07-15T00:49:58.000Z,2026-07-14T00:00:00.000Z,en,2,not-verified,false,Organic,Matt Williams,69b6b3c9513e81dd09815134,2,GB,"Hello!

We are truly sorry for the unpleasant experience.

In order to better resolve your concerns, we need you to provide specific information, such as your order number. We have sent you an email with the subject ""Request for information about your experience."" Please check your inbox (and spam folder), and reply to that email with the information we need.

Your feedback is our driving force for continuous improvement, and we truly value your opinion. We look forward to providing you with further assistance as soon as we receive your response. :)",2026-07-15T01:36:23.000Z
www.shein.com,id:6a56abe72f9f56cf16cf17b6,native_id,6a56abe72f9f56cf16cf17b6,https://www.trustpilot.com/reviews/6a56abe72f9f56cf16cf17b6,1,I ordered from Shien thinking they were…,"I ordered from Shien thinking they were like Temu. Temu refunds your total amount paid back , so if there’s a quality issue you can return items no problem. Shien is horrible. Only offered partial refund . I ordered a set of two pair of shorts and only received one. And it was terrible quality. Nothing like advertised . Will never order from them again. ",2026-07-14T23:36:39.000Z,2026-07-14T00:00:00.000Z,en,0,not-verified,false,Organic,Karissa Dugas,627a8463ad44e300114df8a9,4,US,"Hello!

We are truly sorry for the unpleasant experience.

In order to better resolve your concerns, we need you to provide specific information, such as your order number. We have sent you an email with the subject ""Request for information about your experience."" Please check your inbox (and spam folder), and reply to that email with the information we need.

Your feedback is our driving force for continuous improvement, and we truly value your opinion. We look forward to providing you with further assistance as soon as we receive your response. :)",2026-07-15T01:40:55.000Z
www.shein.com,id:6a568ef7f7932e506f28108b,native_id,6a568ef7f7932e506f28108b,https://www.trustpilot.com/reviews/6a568ef7f7932e506f28108b,1,Shein is a scam,"Shein wrongfully rejected my refund claiming the hygiene sticker from the swimsuits was removed. However, the items arrived defective! The glue on the hygiene liners were completely dried out, causing it to detach on its own inside the packaging before I even opened it. Under consumer protection laws, I am not responsible for manufacturing defects or poor quality adhesives. And not only they do not adhere to the Law and refund me, they do not even bother to notify me for over a month! They received the package and they didn't even email me to say anything about the refund! Unbelievably awful experience, girls save your money and never buy swimsuits from this scam company!",2026-07-14T21:33:11.000Z,2026-07-14T00:00:00.000Z,en,1,not-verified,false,Organic,Evang,643aa8a93aa5ae00126cc737,6,GR,"Hello！

According to the information you provided, we noticed our team has sent a solution regarding your order. Please check your email for updates. If no email was received, it may have been filtered to the spam folder. We hope to hear from you. :)",2026-07-15T01:47:10.000Z
www.shein.com,id:6a566ac68d5dd6ee73d82a9c,native_id,6a566ac68d5dd6ee73d82a9c,https://www.trustpilot.com/reviews/6a566ac68d5dd6ee73d82a9c,1,The quality is terrible and once you…,The quality is terrible and once you try it’s next to near impossible to get a refund. They lock you out of your account by email and mobile device and to get help merging of email address there is no assistance at all. ,2026-07-14T18:58:46.000Z,2026-07-13T00:00:00.000Z,en,1,not-verified,false,Organic,Melissa Handy,6a566abb236e3d5169d32432,1,CA,"Hello！

According to the information you provided, we noticed our team has sent a solution regarding your order. Please check your email for updates. If no email was received, it may have been filtered to the spam folder. We hope to hear from you. :)",2026-07-15T01:38:24.000Z
www.shein.com,id:6a5643afe40cb3f0e4660546,native_id,6a5643afe40cb3f0e4660546,https://www.trustpilot.com/reviews/6a5643afe40cb3f0e4660546,1,You’ll never get money back and it’s all trash,"They send you broken stuff and stuff you never ordered, and never give you your money back. You have to dispute it though the bank. It’s really not worth it. and what you do get is such trash never like pictured. ",2026-07-14T16:11:59.000Z,2026-07-14T00:00:00.000Z,en,3,not-verified,false,Organic,xxwolfxx bqdwolf,6817e6e94db5a091d2e8cbd2,4,US,"Hello!

We are truly sorry for the unpleasant experience.

In order to better resolve your concerns, we need you to provide specific information, such as your order number. We have sent you an email with the subject ""Request for information about your experience."" Please check your inbox (and spam folder), and reply to that email with the information we need.

Your feedback is our driving force for continuous improvement, and we truly value your opinion. We look forward to providing you with further assistance as soon as we receive your response. :)",2026-07-15T01:45:11.000Z
www.shein.com,id:6a562537bff254ed3c46a21c,native_id,6a562537bff254ed3c46a21c,https://www.trustpilot.com/reviews/6a562537bff254ed3c46a21c,1,SHEIN refund and return policy is…,"SHEIN refund and return policy is trash. 

Please stop asking for more details when you will do nothing about it. I have provided more details for you. 
You return an item and the warehouse claims not to receive it. How do you make refunds for some items when they were returned together. If you can’t offer free return then say it instead of lies. SHEIN is big time SCAM ",2026-07-14T14:01:59.000Z,2026-07-14T00:00:00.000Z,en,3,not-verified,false,Organic,Lotu Yoma,6a55b7edc2526c11f488531b,3,GB,"Hello!

We are truly sorry for the unpleasant experience.

In order to better resolve your concerns, we need you to provide specific information, such as your order number. We have sent you an email with the subject ""Request for information about your experience."" Please check your inbox (and spam folder), and reply to that email with the information we need.

Your feedback is our driving force for continuous improvement, and we truly value your opinion. We look forward to providing you with further assistance as soon as we receive your response. :)",2026-07-15T01:36:33.000Z
www.shein.com,id:6a560aafd8ca1d49fbbc2898,native_id,6a560aafd8ca1d49fbbc2898,https://www.trustpilot.com/reviews/6a560aafd8ca1d49fbbc2898,5,Great order,Great order - all a perfect fit and so much choice thanks ,2026-07-14T12:08:47.000Z,2026-07-08T00:00:00.000Z,en,0,not-verified,false,Organic,R Buckleigh,67fe4bb1959ac34c292f0860,12,GB,,
www.shein.com,id:6a55ffb21310603b91f502dc,native_id,6a55ffb21310603b91f502dc,https://www.trustpilot.com/reviews/6a55ffb21310603b91f502dc,5,Great,Great! Really good quality clothes. Fast delivery. Very good prices. Easy returns. ,2026-07-14T11:21:54.000Z,2026-07-14T00:00:00.000Z,en,0,not-verified,false,Organic,KLL,6132453b5d0622001360106c,46,GB,,
www.shein.com,id:6a55bd331fe8edac1d82bc7f,native_id,6a55bd331fe8edac1d82bc7f,https://www.trustpilot.com/reviews/6a55bd331fe8edac1d82bc7f,1,I had a very disappointing experience…,"
I had a very disappointing experience with the SHEIN Marketplace seller xiutaoshop168.

The dress had very poor quality, looked cheaply made, and had an unpleasant smell, so I decided to return it immediately. When I opened the package, I found a note from the seller saying that if I returned the dress, I would not be able to get a refund because the seller needed the money for personal expenses and children's items. That is not the customer's responsibility.

I returned the dress after only trying it on once at home. After waiting for a month, I contacted customer service and was told that the seller claimed I had returned the dress dirty. This is completely untrue. I never wore the dress outside or damaged it.

Now I have lost over CAD $300, and despite contacting customer service several times, I still have not received my refund. I trusted SHEIN to protect buyers, but unfortunately that did not happen in my case. Please be careful when purchasing from this seller.",2026-07-14T06:38:11.000Z,2026-07-14T00:00:00.000Z,en,1,not-verified,false,Organic,Manar Alsalem,6a55bc717b418c751f7b105a,1,CA,"Hello!

We sincerely apologize for any inconvenience caused—your experience is incredibly important to us 💝

According to the information you provided, we've identified your inquiry submitted via the SHEIN app and our dedicated support agent is expediting the resolution.We guarantee a clear response within 24 hours, and you can monitor real-time updates anytime in ""Service Records"".

🔹 Steps to Access:
Open SHEIN APP → Tap ""Me"" at bottom → ""Customer Service"" → ""Service Records"" 

Your feedback lights our path forward—we look forward to assisting you further.",2026-07-14T09:46:48.000Z
www.shein.com,id:6a55ac1510cb8edcd3df11bf,native_id,6a55ac1510cb8edcd3df11bf,https://www.trustpilot.com/reviews/6a55ac1510cb8edcd3df11bf,2,Returned most items.,"Purchased 5 dresses and a couple of tops and some outdoor items.  All the clothing was horrible material that felt like plastic and had no shape to garments and I read the reviews before ordering, so don't believe the reviews.   The outdoor lights were okay and the patio mat was okay but wasn't the best.   Based on my experience I will never purchase from Shein again.   I sent back all the clothing and they don't give a full refund because of shipping.  Waste of time and money. ",2026-07-14T05:25:10.000Z,2026-07-06T00:00:00.000Z,en,0,not-verified,false,Organic,Sue,6198fcaa3d5afc0012be0385,5,CA,"Hello！

According to the information you provided, we noticed our team has sent a solution regarding your order. Please check your email for updates. If no email was received, it may have been filtered to the spam folder. We hope to hear from you. :)",2026-07-14T08:39:52.000Z
www.shein.com,id:6a553b68539266cccf6e6b49,native_id,6a553b68539266cccf6e6b49,https://www.trustpilot.com/reviews/6a553b68539266cccf6e6b49,2,Shame on you Shein,"For years I have ordered from Shein and had no issues, return policy was great, product was great. But I ordered two items and they said it was delivered and I checked that NO it was NOT delivered, I expected proof of delivery photo to be sent to me- never got. I expected items to be resent-never got. I expected a refund- never got. I never filled out a return for refund as I never got the product. I got busy with life and I sat down today to address this to find out they won't help me as I'm past the date for returns. (2 days) hmm??? I have no return, I have no product and am out 45.00. this is extremely poor customer service, they didn't even offer a credit to my account. ",2026-07-13T21:24:24.000Z,2026-07-13T00:00:00.000Z,en,0,not-verified,false,Organic,Debbie Balmer,6a553b50ff3db2068eb07188,1,CA,"Hello！

According to the information you provided, we noticed our team has sent a solution regarding your order. Please check your email for updates. If no email was received, it may have been filtered to the spam folder. We hope to hear from you. :)",2026-07-14T09:46:35.000Z
www.shein.com,id:6a5530e6f31dfc373c7f5c8a,native_id,6a5530e6f31dfc373c7f5c8a,https://www.trustpilot.com/reviews/6a5530e6f31dfc373c7f5c8a,1,I brought a top from this company it…,"I brought a top from this company it has loose stitching and very small I contacted them for an exchange of size... Nothing can be done
.. all they say is return.. the delivery charges I will pay for a faulty good then reorder... Without a compensation good will .. so I will have to spend again on delivery terrible customer service... Waste of my time and money... ",2026-07-13T20:39:34.000Z,2026-07-13T00:00:00.000Z,en,0,not-verified,false,Organic,Rose,5c34df63324370aadfcf9db0,5,GB,"Hello!

We are truly sorry for the unpleasant experience.

In order to better resolve your concerns, we need you to provide specific information, such as your order number. We have sent you an email with the subject ""Request for information about your experience."" Please check your inbox (and spam folder), and reply to that email with the information we need.

Your feedback is our driving force for continuous improvement, and we truly value your opinion. We look forward to providing you with further assistance as soon as we receive your response. :)",2026-07-14T02:14:46.000Z
www.shein.com,id:6a5518b00026cf9c93c1741e,native_id,6a5518b00026cf9c93c1741e,https://www.trustpilot.com/reviews/6a5518b00026cf9c93c1741e,1,My orders were not delivered because…no specific reason was given.,"My orders were not delivered because the delivery carrier claimed they couldn't be delivered. I contacted them to verify my address and delivery instructions and said I was always home on the days they said my orders were out for delivery. I contacted Shein and kept getting messages saying my network connection was bad. I just want my refund. What a joke. Beware!
07/13/2026 Received email from Shein telling me to do what I've already done by contacting the carrier and verifying info. I'm not going through that very unsatisfying and useless process again. Shein, send refund and I may edit this review.
07/15/2026 package arrived. Thank you Trustpilot for letting me vent and alert other people about bad customer service. My time and money are better served elsewhere. My Shein account has been deleted.
",2026-07-13T18:56:16.000Z,2026-07-11T00:00:00.000Z,en,0,not-verified,false,Organic,Sharon Lizura,6a55189d236e3db5d6d15327,1,US,"Hello！

According to the information you provided, we noticed our team has sent a solution regarding your order. Please check your email for updates. If no email was received, it may have been filtered to the spam folder. We hope to hear from you. :)",2026-07-14T01:58:57.000Z
www.shein.com,id:6a54dbe338ea773121f1e3d5,native_id,6a54dbe338ea773121f1e3d5,https://www.trustpilot.com/reviews/6a54dbe338ea773121f1e3d5,5,The best warehouse with good quality,The best warehouse with good quality ,2026-07-13T14:36:51.000Z,2026-07-01T00:00:00.000Z,en,0,not-verified,false,Organic,Mbele Priscy Vee,6a54ca4124460e0023315628,2,ZA,,
www.shein.com,id:6a54d8e57d6c048b286c2d57,native_id,6a54d8e57d6c048b286c2d57,https://www.trustpilot.com/reviews/6a54d8e57d6c048b286c2d57,1,I haven’t receivd this order…,I haven’t receivd this order GSO15U02W00MGKM despite it showing delivered Im so upset I want a refund ,2026-07-13T14:24:05.000Z,2026-05-08T00:00:00.000Z,en,0,not-verified,false,Organic,Maria Shokoya,60114e587a863f0019edc501,155,GB,"Hello！

According to the information you provided, we noticed our team has sent a solution regarding your order. Please check your email for updates. If no email was received, it may have been filtered to the spam folder. We hope to hear from you. :)",2026-07-14T02:08:24.000Z
www.shein.com,id:6a5492d08a0ece009268e5b5,native_id,6a5492d08a0ece009268e5b5,https://www.trustpilot.com/reviews/6a5492d08a0ece009268e5b5,1,Really bad customer service,Really bad customer service. I am disappointed ,2026-07-13T09:25:04.000Z,2026-07-12T00:00:00.000Z,en,0,not-verified,false,Organic,Maria Klaoun,6a5492c9515c4d8154625bc6,1,GR,"Hello!

We are truly sorry for the unpleasant experience.

In order to better resolve your concerns, we need you to provide specific information, such as your order number. We have sent you an email with the subject ""Request for information about your experience."" Please check your inbox (and spam folder), and reply to that email with the information we need.

Your feedback is our driving force for continuous improvement, and we truly value your opinion. We look forward to providing you with further assistance as soon as we receive your response. :)",2026-07-14T01:53:21.000Z
www.shein.com,id:6a543fc2428257c234395de9,native_id,6a543fc2428257c234395de9,https://www.trustpilot.com/reviews/6a543fc2428257c234395de9,1,Unacceptable Return Policy: Kept 90% of my refund with fake excuses!,"I returned a $190 clothing item in perfect, unworn condition, but Shein only refunded me $25. They claimed the item was ""defective"" and provided extremely blurry, unconvincing photos alleging there was a ""hair"" and a ""stain"" on it. When I contacted customer service to dispute this ridiculous 90% deduction, the agent (""Iki"") completely ignored my explicit request to speak with a supervisor. Instead, they just gave me a generic, scripted response saying they couldn't process a full refund and ended the resolution process. Withholding $165 for an item returned in its original state is completely unfair and feels like a scam. I will be initiating a chargeback with my bank. Be very careful with their return process—they will find any excuse to keep your money!",2026-07-13T03:30:42.000Z,2026-07-10T00:00:00.000Z,en,1,not-verified,false,Organic,Diyar Altay,6a543fbdd7872a0a23ecc891,1,US,"Hello!

We are truly sorry for the unpleasant experience.

In order to better resolve your concerns, we need you to provide specific information, such as your order number. We have sent you an email with the subject ""Request for information about your experience."" Please check your inbox (and spam folder), and reply to that email with the information we need.

Your feedback is our driving force for continuous improvement, and we truly value your opinion. We look forward to providing you with further assistance as soon as we receive your response. :)",2026-07-13T08:17:14.000Z
www.shein.com,id:6a543bf3ffcc90c36e82440d,native_id,6a543bf3ffcc90c36e82440d,https://www.trustpilot.com/reviews/6a543bf3ffcc90c36e82440d,1,It’s just a spam,It’s just a spam. It’s expensive to buy one single thing just for it to come 2 weeks later. I’m not getting it SHEIN. The games are just a spam there no free gifts you have to pay anyways.SHEIN please fix your website.,2026-07-13T03:14:27.000Z,2026-07-12T00:00:00.000Z,en,0,not-verified,false,Organic,Maizlyn Fleming,6a543beed7872a8686ecc6c5,1,US,"Hello!

We are truly sorry for the unpleasant experience.

In order to better resolve your concerns, we need you to provide specific information, such as your order number. We have sent you an email with the subject ""Request for information about your experience."" Please check your inbox (and spam folder), and reply to that email with the information we need.

Your feedback is our driving force for continuous improvement, and we truly value your opinion. We look forward to providing you with further assistance as soon as we receive your response. :)",2026-07-13T10:04:24.000Z
www.shein.com,id:6a5400037780b87268158416,native_id,6a5400037780b87268158416,https://www.trustpilot.com/reviews/6a5400037780b87268158416,1,"""I ordered a car cover 15 days ago and…","""I ordered a car cover 15 days ago and have been waiting for its arrival. The package finally arrived today, and upon opening it, I discovered nothing more than a cheap umbrella inside. This is a blatant scam. I have already contacted my credit card company to initiate a chargeback and reverse the payment. Everyone, please be extremely careful—this seller is a fraud.""",2026-07-12T22:58:43.000Z,2026-07-12T00:00:00.000Z,en,1,not-verified,false,Organic,Mr Kugathasan Kuganesan,5dcec4174fa33c3e1b9da796,19,GB,"Hello！

According to the information you provided, we noticed our team has sent a solution regarding your order. Please check your email for updates. If no email was received, it may have been filtered to the spam folder. We hope to hear from you. :)",2026-07-13T08:45:25.000Z
www.shein.com,id:6a53e473ea8ecb7f28991b1e,native_id,6a53e473ea8ecb7f28991b1e,https://www.trustpilot.com/reviews/6a53e473ea8ecb7f28991b1e,1,NOT GOOD ANYMORE,"I used to love shein but now they hire cheap carriers like Speed X and now the drivers just steal your package and they dont even issue you a refund. YOU HAVE BEEN WARNED

update: it's been 2 weeks and still no fixing. they keep telling ME to contact my carrier. How are YOU going to tell ME to contact the carrier when YOU hired them? I will update this when (IF, which i DOUBT) they will find my package. DO NOT SHOP HERE ANYMORE. ",2026-07-12T21:01:07.000Z,2026-07-08T00:00:00.000Z,en,1,not-verified,false,Organic,bunny,63c0c847dec43600121c5ba4,3,US,"Hello!
We sincerely apologize for any inconvenience caused—your experience is incredibly important to us 💝
According to the information you provided, we've identified your inquiry submitted via the SHEIN app and our dedicated support agent is expediting the resolution.We guarantee a clear response within 24 hours, and you can monitor real-time updates anytime in ""Service Records"".
🔹 Steps to Access:
Open SHEIN APP → Tap ""Me"" at bottom → ""Customer Service"" → ""Service Records""
Your feedback lights our path forward—we look forward to assisting you further.
SHEIN",2026-07-13T01:45:38.000Z
www.shein.com,id:6a5344bac7c1b52832cd6ab7,native_id,6a5344bac7c1b52832cd6ab7,https://www.trustpilot.com/reviews/6a5344bac7c1b52832cd6ab7,1,"Wrong item, return at your own expense","Sent totally different item (instead of pregnancy T-shirt, sent pants). When return application issued, makes  you to return at your own expense. SHEIN Do Not reimburse the costs.",2026-07-12T09:39:38.000Z,2026-07-10T00:00:00.000Z,en,1,not-verified,false,Organic,Egija Stepiņa,6a5344ae515c4dd04f61480f,1,LV,"Hello！

According to the information you provided, we noticed our team has sent a solution regarding your order. Please check your email for updates. If no email was received, it may have been filtered to the spam folder. We hope to hear from you. :)",2026-07-13T01:58:01.000Z
www.shein.com,id:6a52a2f533b18b4d0706f264,native_id,6a52a2f533b18b4d0706f264,https://www.trustpilot.com/reviews/6a52a2f533b18b4d0706f264,1,Parcel missing in Evri depot no goods…,"Parcel missing in Evri depot no goods and no refund told I had to wait till
The 15th July then contact them again . 

Refused refund and no goods . Onto a good thing . ",2026-07-11T22:09:25.000Z,2026-07-11T00:00:00.000Z,en,1,not-verified,false,Organic,Shona Garner,6569e825b732390012292f59,24,GB,"Hello!

We sincerely apologize for any inconvenience caused—your experience is incredibly important to us 💝

According to the information you provided, we've identified your inquiry submitted via the SHEIN app and our dedicated support agent is expediting the resolution.We guarantee a clear response within 24 hours, and you can monitor real-time updates anytime in ""Service Records"".

🔹 Steps to Access:
Open SHEIN APP → Tap ""Me"" at bottom → ""Customer Service"" → ""Service Records""

Your feedback lights our path forward—we look forward to assisting you further.",2026-07-12T03:42:49.000Z
www.shein.com,id:6a529b8246ee50d3850faf5d,native_id,6a529b8246ee50d3850faf5d,https://www.trustpilot.com/reviews/6a529b8246ee50d3850faf5d,1,I returned my package in May and they…,I returned my package in May and they telling me the seller received the wrong package. I ask for evidence and the package has the wrong name and wrong address on it. Shein customer services saying they cannot refund me because I return a wrong package when I did not and the evidence even shows a different person name and address nowhere near where I live so of course the package is wrong its not the one I sent out.   ,2026-07-11T21:37:38.000Z,2026-07-11T00:00:00.000Z,en,0,not-verified,false,Organic,Sam,5cdc9473d7bca40fe67631ad,1,US,"Hello!

We sincerely apologize for any inconvenience caused—your experience is incredibly important to us 💝

According to the information you provided, we've identified your inquiry submitted via the SHEIN app and our dedicated support agent is expediting the resolution.We guarantee a clear response within 24 hours, and you can monitor real-time updates anytime in ""Service Records"".

🔹 Steps to Access:
Open SHEIN APP → Tap ""Me"" at bottom → ""Customer Service"" → ""Service Records"" 

Your feedback lights our path forward—we look forward to assisting you further.",2026-07-12T04:11:45.000Z
www.shein.com,id:6a525006d3ae7e4e641871c3,native_id,6a525006d3ae7e4e641871c3,https://www.trustpilot.com/reviews/6a525006d3ae7e4e641871c3,5,I am extremely disappointed with the…,"I am extremely disappointed with the level of customer service I have received.

There appears to be no effective way to contact your customer service team, as the chat function does not work.

My order has been with Evri for the past four days. It was due to be delivered four days ago, but it has still not arrived. I have contacted Evri directly, and they have confirmed that they do not know the whereabouts of my parcel.

Unfortunately, this leaves me unable to obtain any meaningful assistance from either the courier or SHEIN.

As the parcel appears to have been lost in transit, I would now like a full refund for my order Order number:
GSO18N18R00MJM6
",2026-07-11T16:15:34.000Z,2026-07-07T00:00:00.000Z,en,1,not-verified,false,Organic,Vivian ,606ac2600994fe0019740243,15,GB,"Hello！

According to the information you provided, we noticed our team has sent a solution regarding your order. Please check your email for updates. If no email was received, it may have been filtered to the spam folder. We hope to hear from you. :)",2026-07-12T02:02:37.000Z
www.shein.com,id:6a522346604db4cd8d3233c8,native_id,6a522346604db4cd8d3233c8,https://www.trustpilot.com/reviews/6a522346604db4cd8d3233c8,1,SHEIN has a bad case of shipping…,"SHEIN has a bad case of shipping whatever they want because they hardly ever ship what you ask for. Or it is what you asked for but the product is so poorly made wth an expensive price tag. I’m not spending my money with them anymore to play the guessing game on if I’m going to get the right product or not. So I will be shopping with Fashion Nova from now on.  

SO YALL WANT MORE INFORMATION? I ordered chlorophyll and yeah, you all sent me kids medicine.",2026-07-11T13:04:38.000Z,2026-07-10T00:00:00.000Z,en,1,not-verified,false,Organic,Yolanda Spence,697bcb83670907d80441bebc,6,US,"Hello!

We are truly sorry for the unpleasant experience.

In order to better resolve your concerns, we need you to provide specific information, such as your order number. We have sent you an email with the subject ""Request for information about your experience."" Please check your inbox (and spam folder), and reply to that email with the information we need.

Your feedback is our driving force for continuous improvement, and we truly value your opinion. We look forward to providing you with further assistance as soon as we receive your response. :)",2026-07-12T01:44:24.000Z
www.shein.com,id:6a521d9d708fefa40fe53f73,native_id,6a521d9d708fefa40fe53f73,https://www.trustpilot.com/reviews/6a521d9d708fefa40fe53f73,2,Shein,"Shein, ok if you want cheap clothing made from cheap 100% polyester material, that makes you feel hot. sweaty and scratchy.
Basically you get what you pay for....!",2026-07-11T12:40:29.000Z,2026-06-30T00:00:00.000Z,en,0,not-verified,false,Organic,Michael Thomas,6a3a7d430a188f8e4488519b,1,GB,"Hello!

We are truly sorry for the unpleasant experience.

In order to better resolve your concerns, we need you to provide specific information, such as your order number. We have sent you an email with the subject ""Request for information about your experience."" Please check your inbox (and spam folder), and reply to that email with the information we need.

Your feedback is our driving force for continuous improvement, and we truly value your opinion. We look forward to providing you with further assistance as soon as we receive your response. :)",2026-07-12T01:45:23.000Z
www.shein.com,id:6a5208818f76088da416b2d5,native_id,6a5208818f76088da416b2d5,https://www.trustpilot.com/reviews/6a5208818f76088da416b2d5,1,Return ,"Hello,

I recently returned several items from order GSO17V581001VTY, and I’m disputing the “Restoration Fees for Defective Products” applied to three of them:

	1.	1 Pair Women’s Fashion Wraparound Glasses (Y2K Music Festival, Black) – price £1.73, deducted £1.56
	2.	Denimoi Bodycon Halter Top (White, 16/XL) – price £6.43, deducted £5.79
	3.	Denimoi Fitted Hollow Eyelet Decor Lace-Up Sleeveless Top (Black, 12/14 L) – price £7.57, deducted £6.81

In total, £14.16 was deducted from my refund of £89.82. These three items were returned unused, unworn, and undamaged. I do not accept that they were “defective” or failed to meet return requirements, and no evidence has been provided to support these deductions.

I am formally requesting:

	•	Clear, itemised photographic evidence showing the specific defect, stain, or damage found on each of these three items
	•	A written explanation of exactly what condition issue was identified for each item
	•	A full reversal of the £14.16 in restoration fees if no valid evidence is provided

I also want to point out an inconsistency: your own Return Policy (Section 8) states that if an item is entirely non-resalable, no refund will be issued at all. In my case, only a small partial amount was refunded on each of these three items, with almost the full value deducted. By your own policy’s logic, this means you have effectively already classified these items as non-resalable — yet you have kept the majority of my money instead of applying the policy correctly, which would mean either a full refund (if resalable) or £0 refund with the item returned to me (if non-resalable). Issuing a near-total deduction while keeping a small partial refund does not match either outcome described in your policy.

Per your own Return Policy, if an item is deemed non-resalable, it is disposed of “unless you instruct us otherwise and agree to pay the cost of its return.” I am formally instructing you not to dispose of these three items. If you are unable to issue a full refund, I request they be returned to me, and I am willing to cover the return shipping cost as per this policy.

However, I want to be clear: since these items were never damaged or used, my primary request remains a full refund. The “return to me” request is a fallback only if you continue to insist these items are non-resalable.

Please note that a fourth item in the same return (Denimoi Zebra Print Top) had £0.00 deducted, which confirms your team is able to assess items fairly when no issue exists — I expect the same standard applied here.

If I do not receive photographic evidence and a satisfactory explanation within a reasonable timeframe, I will escalate this dispute through my card issuer (Visa) as an unauthorised/incorrect deduction, and if necessary to Trading Standards / Citizens Advice.


This is theft, robbery…
Cause why? I would advice anyone reading this not to purchase anything from Shein
Thieves

Order number: GSO17V581001VTY

I look forward to your prompt response with the requested evidence.",2026-07-11T11:10:25.000Z,2026-07-11T00:00:00.000Z,en,0,not-verified,false,Organic,Sophia,6909ee46d1bf9121439c3c56,1,GB,"Hello!

We sincerely apologize for any inconvenience caused—your experience is incredibly important to us 💝

According to the information you provided, we've identified your inquiry submitted via the SHEIN app and our dedicated support agent is expediting the resolution.We guarantee a clear response within 24 hours, and you can monitor real-time updates anytime in ""Service Records"".

🔹 Steps to Access:
Open SHEIN APP → Tap ""Me"" at bottom → ""Customer Service"" → ""Service Records"" 

Your feedback lights our path forward—we look forward to assisting you further.",2026-07-12T08:20:24.000Z
www.shein.com,id:6a51c1ab7aae24524417ecd3,native_id,6a51c1ab7aae24524417ecd3,https://www.trustpilot.com/reviews/6a51c1ab7aae24524417ecd3,1,This company is nothing but a scam im…,This company is nothing but a scam im telling everyone NOT to ever buy you your pos company your just scamming people and taking money from the people not giving a fu#$ about shit scams and fruad. Change promos so you dont have to pay change cloth items to say soemthing else after purchase. Changing prices at check out changing shipping ag check out when it said free shipping over a amount the charge shipping any way this hole company is a scam. DO NOT shop with them at all.,2026-07-11T06:08:11.000Z,2026-07-11T00:00:00.000Z,en,2,not-verified,false,Organic,Wolfe,6a51c17f24460e30462e98de,1,US,"Hello!

We are truly sorry for the unpleasant experience.

In order to better resolve your concerns, we need you to provide specific information, such as your order number. We have sent you an email with the subject ""Request for information about your experience."" Please check your inbox (and spam folder), and reply to that email with the information we need.

Your feedback is our driving force for continuous improvement, and we truly value your opinion. We look forward to providing you with further assistance as soon as we receive your response. :)",2026-07-11T09:33:56.000Z
www.shein.com,id:6a517930a999bbdc9525cbdf,native_id,6a517930a999bbdc9525cbdf,https://www.trustpilot.com/reviews/6a517930a999bbdc9525cbdf,2,SHEIN is working to resolve delivery issues ,"

Hi,

GOFO still won’t ring my bell!!!

They leave the package downstairs where someone can steal it.  Please contact them and resolve this for me.  I have tried multiple times to ask them, they say they will ring my bell and they don’t???

My neighbor found the package outside the hallway.  One day one will be stolen.  

Come on!  GOFO clearly has a problem with their delivery people.  Please help.

Brenda

I BLACKLISTED SpeedX.  But SpeedX is still delivering and not ringing my bell!


Brenda soulsistashakti is my SHEIN username 

I have multiple upcoming packages arriving soon for my niece's wedding. They are incredibly important. Please check with GOFO my address in their main system right now and completely erase the 'Do Not Ring Bell' or 'No Access' restriction flag. 

I live on the 3rd floor. The delivery instructions MUST permanently say: 'MUST RING BELL TO DELIVER.' Please confirm this is saved in your master profile for my address - GSU18Q395000HEN and all concurrent other packages that are coming. This is very important.  

EDITED JULY 16, 2026",2026-07-11T00:58:56.000Z,2026-07-08T00:00:00.000Z,en,0,not-verified,false,Organic,Brenda Brewer,60afa0d978030f0019fd4e4f,21,US,"Hello！

According to the information you provided, we noticed our team has sent a solution regarding your order. Please check your email for updates. If no email was received, it may have been filtered to the spam folder. We hope to hear from you. :)",2026-07-11T02:11:55.000Z
www.shein.com,id:6a510c7391d1be1b519b1a83,native_id,6a510c7391d1be1b519b1a83,https://www.trustpilot.com/reviews/6a510c7391d1be1b519b1a83,1,Been waiting for a refund 🙄 impossible…,Been waiting for a refund 🙄 impossible to deal ,2026-07-10T17:14:59.000Z,2026-07-10T00:00:00.000Z,en,1,not-verified,false,Organic,ELIDONA KUCO,5ab63e8a4de5666d34550a04,11,GB,"Hello!

We are truly sorry for the unpleasant experience.

In order to better resolve your concerns, we need you to provide specific information, such as your order number. We have sent you an email with the subject ""Request for information about your experience."" Please check your inbox (and spam folder), and reply to that email with the information we need.

Your feedback is our driving force for continuous improvement, and we truly value your opinion. We look forward to providing you with further assistance as soon as we receive your response. :)",2026-07-11T01:48:54.000Z
www.shein.com,id:6a51022dc0d6d7d6944b23eb,native_id,6a51022dc0d6d7d6944b23eb,https://www.trustpilot.com/reviews/6a51022dc0d6d7d6944b23eb,4,Decent customer service and clothing,"I have ordered three things from Shein. The prices are low, as is the quality. However, no one can tell. I spent $16 on a formal gown that would retail for $300 in a store; perfect for a one off event. I returned something and found the process easy and efficient. ",2026-07-10T16:31:09.000Z,2026-07-08T00:00:00.000Z,en,0,not-verified,false,Organic,Pemi,63b2e9d72952e70012716600,19,US,,
www.shein.com,id:6a50b59cf1120f53112cb4bc,native_id,6a50b59cf1120f53112cb4bc,https://www.trustpilot.com/reviews/6a50b59cf1120f53112cb4bc,1,Toral waste of money,Toral waste of money. It's best to spend more on other websites and ger quality products. Inaccurate websites descriptions on trashy and cheaply made products. They display images that agent accurate to the products.  Legally this is considered a Scam. ,2026-07-10T11:04:28.000Z,2026-05-21T00:00:00.000Z,en,2,not-verified,false,Organic,Simone,5fd439d6f95203001bb8a6b4,4,US,"Hello！

According to the information you provided, we noticed our team has sent a solution regarding your order. Please check your email for updates. If no email was received, it may have been filtered to the spam folder. We hope to hear from you. :)",2026-07-11T02:13:48.000Z
www.shein.com,id:6a50b5254d2a4d084108af27,native_id,6a50b5254d2a4d084108af27,https://www.trustpilot.com/reviews/6a50b5254d2a4d084108af27,1,Deliveries ,"Hello,

I have already contacted the courier directly regarding this matter. The courier confirmed to me that the parcels were delivered to the wrong address, not to me. I have already provided this information to you previously.
If the information already provided is not sufficient for you to process a resolution, then I consider this case closed on your end, and I will proceed to follow up directly with Trading Standards and my bank.
I have also already sent a formal Letter Before Action, which sets out the full details of this matter.

Please note: I have now received multiple messages from your team that are identical or near-identical in content, with no actual progress. I will not be responding to further messages that repeat the same holding response without new information or an actual resolution.

As previously stated, I have given Shein 14 days from 8 July 2026 to resolve this matter. That deadline is 22 July 2026. If this is not resolved by then, I will proceed to escalate this matter through Alternative Dispute Resolution (ADR) and the relevant Ombudsman scheme, as advised.

This is a significant amount of money, and I will not be letting this go.


Tracking numbers: H05LGA0156871657, H023FA1346512411, H023FA1346158205, H022WA0547285373, H023FA1348534130, H023FA1346213467, H022WA0546416636, H023FA1353680314, H05LGA0157108649, H05LGA0154968016, H023FA1354131437",2026-07-10T11:02:30.000Z,2026-07-10T00:00:00.000Z,en,0,not-verified,false,Organic,Tega,69b70e93157f7b6e1f4483c2,10,GB,"Hello!

We sincerely apologize for any inconvenience caused—your experience is incredibly important to us 💝

According to the information you provided, we've identified your inquiry submitted via the SHEIN app and our dedicated support agent is expediting the resolution.We guarantee a clear response within 24 hours, and you can monitor real-time updates anytime in ""Service Records"".

🔹 Steps to Access:
Open SHEIN APP → Tap ""Me"" at bottom → ""Customer Service"" → ""Service Records"" 

Your feedback lights our path forward—we look forward to assisting you further.",2026-07-11T01:53:16.000Z
www.shein.com,id:6a507e3a4465a785a71222a9,native_id,6a507e3a4465a785a71222a9,https://www.trustpilot.com/reviews/6a507e3a4465a785a71222a9,1,The product I received (Marvis…,"The product I received (Marvis toothpaste) is crushed and not good for use, no customer service, no one to talk to, I don't recommend you business at all.",2026-07-10T07:08:10.000Z,2026-07-06T00:00:00.000Z,en,0,not-verified,false,Organic,Wameedh Abbas,6a507e1f515c4dbabc5e56a3,1,US,"Hello!

We are truly sorry for the unpleasant experience.

In order to better resolve your concerns, we need you to provide specific information, such as your order number. We have sent you an email with the subject ""Request for information about your experience."" Please check your inbox (and spam folder), and reply to that email with the information we need.

Your feedback is our driving force for continuous improvement, and we truly value your opinion. We look forward to providing you with further assistance as soon as we receive your response. :)",2026-07-10T08:10:24.000Z
www.shein.com,id:6a505b32bb603583e4e3f2da,native_id,6a505b32bb603583e4e3f2da,https://www.trustpilot.com/reviews/6a505b32bb603583e4e3f2da,1,SHEIN replied to my Trustpilot review…,"SHEIN replied to my Trustpilot review saying they needed 24 hours to investigate and asked me to check the app for the resolution.

I did exactly that. The “resolution” in the app was simply that their internal investigation concluded that all the missing items were packed and shipped correctly, so they refused to take responsibility and told me to check the package again or contact the courier.

This is completely unacceptable.

Five items were NOT inside the package when I opened it. They did not fall out, they were not misplaced, and I have already checked everything multiple times.

Instead of providing evidence or offering a real solution, SHEIN simply repeated that their warehouse says everything was shipped, which does not prove that I actually received those items.

So please don’t tell me this case is “being resolved.” It has already been answered, and the answer was to deny my claim without solving anything.

I have already opened a dispute with my bank for the missing items and I will also file a complaint with the consumer protection authorities. I will continue updating this review until this issue is resolved properly.

This has been one of the worst customer service experiences I’ve ever had. Buyers should know that if items are missing from their package, SHEIN may simply claim that everything was shipped and leave you without a refund or replacement.",2026-07-10T04:38:42.000Z,2026-07-09T00:00:00.000Z,en,1,not-verified,false,Organic,Stefanía Martínez Veninga,6a505b2724460edc462cd602,1,AR,"Hello!

We are truly sorry for the unpleasant experience.

In order to better resolve your concerns, we need you to provide specific information, such as your order number. We have sent you an email with the subject ""Request for information about your experience."" Please check your inbox (and spam folder), and reply to that email with the information we need.

Your feedback is our driving force for continuous improvement, and we truly value your opinion. We look forward to providing you with further assistance as soon as we receive your response. :)",2026-07-10T08:24:36.000Z
www.shein.com,id:6a505974649fcd1e862dd08a,native_id,6a505974649fcd1e862dd08a,https://www.trustpilot.com/reviews/6a505974649fcd1e862dd08a,1,Worse customer service ever,"Worse customer service ever! The service representative did not listen and ended the chat. They misdelivered my packages by not using the default address i. The system. I provide proof of the default address and screenshots of the order with my default address. I provided Google map screenshots to show my package delivered to an apartment in a different city and was ""recommend to drive an hour to that apartment to get my packages"" this is incorrect and unsafe as the residents are unknown to me.

I needed the items for a work trip and had to order the items elsewhere! Still I was told to provide the photo evidence again because the seller stated the packages were delivered. The delivery was not disputed but where it was delivered was. It is clear Shie. Doesn't value customers and they just want you off the chat. I have deleted my account with the company.

Update 7-13-2026. No email has been received. However all of the information has been provided above.",2026-07-10T04:31:23.000Z,2026-07-07T00:00:00.000Z,en,1,not-verified,false,Organic,Katrina Brittingham,69fb6a285f73f96a5aa4e772,4,US,"Hello!

We are truly sorry for the unpleasant experience.

In order to better resolve your concerns, we need you to provide specific information, such as your order number. We have sent you an email with the subject ""Request for information about your experience."" Please check your inbox (and spam folder), and reply to that email with the information we need.

Your feedback is our driving force for continuous improvement, and we truly value your opinion. We look forward to providing you with further assistance as soon as we receive your response. :)",2026-07-10T08:43:39.000Z
www.shein.com,id:6a504ac3552f47911a62cfa0,native_id,6a504ac3552f47911a62cfa0,https://www.trustpilot.com/reviews/6a504ac3552f47911a62cfa0,1,Such a scam I bought a icecream needoh…,Such a scam I bought a icecream needoh and it came and it was nothing like a real one and the shipping  price was 9$!!!!! Outrageous ,2026-07-10T03:28:35.000Z,2026-07-03T00:00:00.000Z,en,0,not-verified,false,Organic,Kaj,6a504aa8515c4d989b5e405b,1,US,"Hello!
In order to better resolve your concerns, we need you to provide specific information, such as your order number. We have sent you an email with the subject ""Request for information about your experience."" Please check your inbox (and spam folder), and reply to that email with the information we need.
Your feedback is our driving force for continuous improvement, and we truly value your opinion. We look forward to providing you with further assistance as soon as we receive your response. :)",2026-07-10T08:29:06.000Z
www.shein.com,id:6a502e88c098a9809a8e2123,native_id,6a502e88c098a9809a8e2123,https://www.trustpilot.com/reviews/6a502e88c098a9809a8e2123,5,shein swim dress,I ordered And just received the swim dress from shein and I am completely thrilled with it it fits perfectly true to size I would say and it's absolutely beautiful very very pleased and the price was awesome,2026-07-10T01:28:08.000Z,2026-07-09T00:00:00.000Z,en,0,not-verified,false,Organic,LORI ,5fc44e57dd303d0019910f49,11,CA,,
www.shein.com,id:6a4fbcce3d69c14d61f86c34,native_id,6a4fbcce3d69c14d61f86c34,https://www.trustpilot.com/reviews/6a4fbcce3d69c14d61f86c34,1,This company is a total rip off on…,"This company is a total rip off on getting you to play their games and if got something worth anything you picked you will not win it, the rules are set up to cost you way more than you can win! I’d avoid them altogether. Not a good experience at all. They reset Happy Harvest and it showed days left for my wife and I to win their prizes and both of us picked pricy items and woke up today to finish the game and they took everything away. Not doing business with cheats. Good luck if you deal with SHEIN 🤬",2026-07-09T17:22:54.000Z,2026-07-08T00:00:00.000Z,en,0,not-verified,false,Organic,mikey ward,6988da9545115d62235be54b,4,US,"Hello!

We are truly sorry for the unpleasant experience.

In order to better resolve your concerns, we need you to provide specific information, such as your order number. We have sent you an email with the subject ""Request for information about your experience."" Please check your inbox (and spam folder), and reply to that email with the information we need.

Your feedback is our driving force for continuous improvement, and we truly value your opinion. We look forward to providing you with further assistance as soon as we receive your response. :)",2026-07-10T02:11:33.000Z
www.shein.com,id:6a4f92b287162963808b468c,native_id,6a4f92b287162963808b468c,https://www.trustpilot.com/reviews/6a4f92b287162963808b468c,1,★☆☆☆☆,"★☆☆☆☆

I am extremely disappointed with my experience.

I placed order GSH17V39B000XJ5, but when my package arrived, five items were missing: four Musera sportswear items and one Flora Moment pink and white blanket.

I contacted customer support immediately and provided all the requested information. Instead of resolving the issue, I received repetitive responses and no real solution. I paid for products that I never received, yet SHEIN has refused to issue a refund or adequately investigate what happened.

Because of the lack of assistance, I have already filed a dispute with my bank for the missing items. I will also proceed with a formal complaint through the consumer protection authorities.

I have been a SHEIN customer before, but this experience has completely destroyed my trust in the company. If your package arrives incomplete, don’t expect customer service to take responsibility.

I hope SHEIN reviews my case and finally refunds the items I paid for but never received.


-SHEIN replied to my Trustpilot review saying they needed 24 hours to investigate and asked me to check the app for the resolution.

I did exactly that. The “resolution” in the app was simply that their internal investigation concluded that all the missing items were packed and shipped correctly, so they refused to take responsibility and told me to check the package again or contact the courier.

This is completely unacceptable.

Five items were NOT inside the package when I opened it. They did not fall out, they were not misplaced, and I have already checked everything multiple times.

Instead of providing evidence or offering a real solution, SHEIN simply repeated that their warehouse says everything was shipped, which does not prove that I actually received those items.

So please don’t tell me this case is “being resolved.” It has already been answered, and the answer was to deny my claim without solving anything.

I have already opened a dispute with my bank for the missing items and I will also file a complaint with the consumer protection authorities. I will continue updating this review until this issue is resolved properly.

This has been one of the worst customer service experiences I’ve ever had. Buyers should know that if items are missing from their package, SHEIN may simply claim that everything was shipped and leave you without a refund or replacement.",2026-07-09T14:23:14.000Z,2026-07-07T00:00:00.000Z,en,0,not-verified,false,Organic,Stefania Martinez,64b9da7922461500111bc116,2,AU,"Hello!

We sincerely apologize for any inconvenience caused—your experience is incredibly important to us 💝

According to the information you provided, we've identified your inquiry submitted via the SHEIN app and our dedicated support agent is expediting the resolution.We guarantee a clear response within 24 hours, and you can monitor real-time updates anytime in ""Service Records"".

🔹 Steps to Access:
Open SHEIN APP → Tap ""Me"" at bottom → ""Customer Service"" → ""Service Records""

Your feedback lights our path forward—we look forward to assisting you further.",2026-07-10T02:27:07.000Z
www.shein.com,id:6a4f45168f911f124fcf9f94,native_id,6a4f45168f911f124fcf9f94,https://www.trustpilot.com/reviews/6a4f45168f911f124fcf9f94,1,I ordered clothes for my child,"I ordered clothes for my child.  It's trendy but it was suppose to be a summer wear which was written,  but clothes material was not clearly mentioned, hence received were bad stuff, not weaeable for a child at all in summers, it is rough, crude and warm in quality. Second,  you deceive with the pictures, and send incomplete Materials, and third , there is no way to communicate you people and if one wants to refund or ask something.  No such platform exist. I have wasted so much money. I wont recommend this at all tbh, disappointed. ",2026-07-09T08:52:06.000Z,2026-06-26T00:00:00.000Z,en,0,not-verified,false,Organic,bisama maryum,6a4f44ee4024a427fe9c0cbe,1,PK,"Hello!

We are truly sorry for the unpleasant experience.

In order to better resolve your concerns, we need you to provide specific information, such as your order number. We have sent you an email with the subject ""Request for information about your experience."" Please check your inbox (and spam folder), and reply to that email with the information we need.

Your feedback is our driving force for continuous improvement, and we truly value your opinion. We look forward to providing you with further assistance as soon as we receive your response. :)",2026-07-10T01:35:50.000Z
www.shein.com,id:6a4f3fd263e4a0e29bd00f50,native_id,6a4f3fd263e4a0e29bd00f50,https://www.trustpilot.com/reviews/6a4f3fd263e4a0e29bd00f50,1,Stole my money,"Stole my money. I made two orders, totaling over 200eur. I returned the items in two packages with the return labels they provided and these were successfully delivered 28.5 - it’s now 9.7 and I haven’t received the money back. When I contacted their support, they told me to contact the delivery company, but they have delivered the packages and provided the tracking for this, so the case is closed for them. I lost +200eur and will never order anything again, next will contact my credit card company to dispute the charges ",2026-07-09T08:29:38.000Z,2026-05-28T00:00:00.000Z,en,0,not-verified,false,Organic,Sanna,57ce76aa0000ff000a416d33,16,NL,"Hello!

We are truly sorry for the unpleasant experience.

In order to better resolve your concerns, we need you to provide specific information, such as your order number. We have sent you an email with the subject ""Request for information about your experience."" Please check your inbox (and spam folder), and reply to that email with the information we need.

Your feedback is our driving force for continuous improvement, and we truly value your opinion. We look forward to providing you with further assistance as soon as we receive your response. :)",2026-07-10T01:52:27.000Z
www.shein.com,id:6a4f3cfed74b1f3461402eda,native_id,6a4f3cfed74b1f3461402eda,https://www.trustpilot.com/reviews/6a4f3cfed74b1f3461402eda,1,Received wrong product,"I ordered running vest but received completely wrong product, so i'am very disappointed and please consider this platform before ordering anything ",2026-07-09T08:17:34.000Z,2026-06-12T00:00:00.000Z,en,0,not-verified,false,Organic,Muhammad Hammad Arshad,6a4f3cf315b72e4040f8f5dc,1,PK,"Hello!

We are truly sorry for the unpleasant experience.

In order to better resolve your concerns, we need you to provide specific information, such as your order number. We have sent you an email with the subject ""Request for information about your experience."" Please check your inbox (and spam folder), and reply to that email with the information we need.

Your feedback is our driving force for continuous improvement, and we truly value your opinion. We look forward to providing you with further assistance as soon as we receive your response. :)",2026-07-10T01:54:27.000Z
www.shein.com,id:6a4ea31f741ae1f2c382c0b4,native_id,6a4ea31f741ae1f2c382c0b4,https://www.trustpilot.com/reviews/6a4ea31f741ae1f2c382c0b4,1,Customer service  non existing trying…,"Customer service  non existing trying calling no responce,The issues I have is  that Ireturned an item that was defective  and they marked it as not meeting  their  criteria and refused a 41.48 refund they did refund  the 4.69 item thoughI am trying to connect with shein email don't go through so no idea how to get you more information about it here is my order no. GSH17S14COONV8M if you can read it then you find my review also on your website 
And act accordingly give me my money back",2026-07-08T21:21:03.000Z,2026-07-07T00:00:00.000Z,en,0,not-verified,false,Organic,I Rini,6a4ea3104024a4acc89b870d,3,CA,"Hello!

We are truly sorry for the unpleasant experience.

In order to better resolve your concerns, we need you to provide specific information, such as your order number. We have sent you an email with the subject ""Request for information about your experience."" Please check your inbox (and spam folder), and reply to that email with the information we need.

Your feedback is our driving force for continuous improvement, and we truly value your opinion. We look forward to providing you with further assistance as soon as we receive your response. :)",2026-07-09T01:45:25.000Z
www.shein.com,id:6a4e54e6940f939d19e7be44,native_id,6a4e54e6940f939d19e7be44,https://www.trustpilot.com/reviews/6a4e54e6940f939d19e7be44,1,SHEIN stole my money ,"Please costumers, 
I would advise people to stop ordering from SHEIN.
I ordered Two Christmas Trees from them! 
I never received them and SHEIN claims that they were delivered!!
Be careful with the online thieves!!

SHEIN,
You need to stop playing games. I already provided the order number and you said my order already delivered but I never received it!
You are a thief!!
Thank you ",2026-07-08T15:47:18.000Z,2026-01-04T00:00:00.000Z,en,1,not-verified,false,Organic,Ursule Dumornay,6493402d83e73e0012560204,4,US,"Hello!

We are truly sorry for the unpleasant experience.

In order to better resolve your concerns, we need you to provide specific information, such as your order number. We have sent you an email with the subject ""Request for information about your experience."" Please check your inbox (and spam folder), and reply to that email with the information we need.

Your feedback is our driving force for continuous improvement, and we truly value your opinion. We look forward to providing you with further assistance as soon as we receive your response. :)",2026-07-09T01:41:15.000Z
www.shein.com,id:6a4e0c95b07b2ca1bbfb2d3e,native_id,6a4e0c95b07b2ca1bbfb2d3e,https://www.trustpilot.com/reviews/6a4e0c95b07b2ca1bbfb2d3e,2,I am very disappointed in Shein,"I am very disappointed in Shein. For years I have purchased goods from them, and unlike all the horror stories, never got incorrect orders, or any other problems. Until my last order. 
I had ordered a large cross silicone mold to make 50 crosses for a wedding, and I recieved a small, different shaped, much cheaper mold. 
My problem lies in that their site is very user-unfriendly when it comes to this type of problem. Returning the smaller mold will cost me a fortune in shipping fees. Getting someone to attend to this is proving to be impossible, as their automated response bot does not have the correct option, and trying to get through to a human is not an option. I have sent 3 messages to their customer services, all to no avail.
 I am under a time constraint here, and am now forced to purchase the mold from the ""other"" site! 
Do better, Shein!!
",2026-07-08T10:38:45.000Z,2026-07-06T00:00:00.000Z,en,1,not-verified,false,Organic,Margi Haarhoff,5deba36b1ef7dc85f2dabf55,5,ZA,"Hello！
According to the information you provided, we noticed our team has sent a solution regarding your order. Please check your email for updates. If no email was received, it may have been filtered to the spam folder. We hope to hear from you. :)",2026-07-09T01:50:33.000Z
www.shein.com,id:6a4d9f6ab3d3517ac952aa43,native_id,6a4d9f6ab3d3517ac952aa43,https://www.trustpilot.com/reviews/6a4d9f6ab3d3517ac952aa43,5,Love Shein.,Love Shein.,2026-07-08T02:52:58.000Z,2026-01-15T00:00:00.000Z,en,0,verified,true,AFSv2,Jeannie Pawlowski,63edbb3c8f66370012ad9937,4,US,,
www.shein.com,id:6a4d7075c225f61d98b935ea,native_id,6a4d7075c225f61d98b935ea,https://www.trustpilot.com/reviews/6a4d7075c225f61d98b935ea,4,I've had a great experience shopping…,"I've had a great experience shopping with SHEIN. The website is easy to use, there are so many styles to choose from, and the prices are very affordable. My order arrived on time, and everything was well packaged. The clothes matched the descriptions and fit better than I expected. I also liked being able to track my order throughout the delivery process. Overall, I'm very satisfied with my purchase and will definitely shop with SHEIN again. Highly recommended for anyone looking for trendy fashion at reasonable prices!
",2026-07-07T23:32:37.000Z,2026-05-05T00:00:00.000Z,en,0,not-verified,false,Organic,Hudson Reichel,6a4d6127000ce3e008a24f6c,3,US,,
www.shein.com,id:6a4d6ab40bec251e9b0fb523,native_id,6a4d6ab40bec251e9b0fb523,https://www.trustpilot.com/reviews/6a4d6ab40bec251e9b0fb523,2,Where is my refund?,"I sent just about everything back I ordered - either the size was wrong or the fabric quality wasn't good. Worse still - I'm waiting for my refund of over $300 and have been for a month. I've called my bank and they don't have it there yet. So where is it? Every time I try to contact Shein through customer service the page just winds over and over and then I get a - Whoops - something went wrong. Anyone have any ideas how I can get my refund?
",2026-07-07T23:08:04.000Z,2026-06-09T00:00:00.000Z,en,0,not-verified,false,Organic,Deb White,6a4d6a9ab90f9d8239201394,1,AU,"Hello!

We are truly sorry for the unpleasant experience.

In order to better resolve your concerns, we need you to provide specific information, such as your order number. We have sent you an email with the subject ""Request for information about your experience."" Please check your inbox (and spam folder), and reply to that email with the information we need.

Your feedback is our driving force for continuous improvement, and we truly value your opinion. We look forward to providing you with further assistance as soon as we receive your response. :)",2026-07-08T08:21:17.000Z
www.shein.com,id:6a4d4c4ed8b7c7e546136f71,native_id,6a4d4c4ed8b7c7e546136f71,https://www.trustpilot.com/reviews/6a4d4c4ed8b7c7e546136f71,1,The quality has gone down quite a lot…,"The quality has gone down quite a lot as compared to a few years ago. I am deeply disappointed with the items I have ordered.
Also, they trick you to pay express shipping as that is their first option and you need to go and change it. When it should be the other way around. 
I initially chose standard shipping and look when I checked my order placed there we go a $26 shipping fee as it is their default option. When they say express, it in not really express when you get it a day or two before the regular shipping period. ",2026-07-07T20:58:22.000Z,2026-07-06T00:00:00.000Z,en,0,not-verified,false,Organic,Neha Sharma,5b844b504de5666d34e104b9,2,CA,"Hello!

We are truly sorry for the unpleasant experience.

In order to better resolve your concerns, we need you to provide specific information, such as your order number. We have sent you an email with the subject ""Request for information about your experience."" Please check your inbox (and spam folder), and reply to that email with the information we need.

Your feedback is our driving force for continuous improvement, and we truly value your opinion. We look forward to providing you with further assistance as soon as we receive your response. :)",2026-07-08T08:22:24.000Z
www.shein.com,id:6a4d378577fa535f67dba45f,native_id,6a4d378577fa535f67dba45f,https://www.trustpilot.com/reviews/6a4d378577fa535f67dba45f,1,I ordered 50 coat hangers and received one.,"I ordered 50 coat hangers and received exactly one — broken one. The product photo clearly shows 50 hangers, which is false advertising, plain and simple. To their credit, they did issue a refund, but kept the shipping charges, which feels like adding insult to injury. Save yourself the hassle and order elsewhere.",2026-07-07T19:29:41.000Z,2026-06-29T00:00:00.000Z,en,0,not-verified,false,Organic,TimeMan,6a4d373b9371bf640a76fc19,1,US,"Hello!

We are truly sorry for the unpleasant experience.

In order to better resolve your concerns, we need you to provide specific information, such as your order number. We have sent you an email with the subject ""Request for information about your experience."" Please check your inbox (and spam folder), and reply to that email with the information we need.

Your feedback is our driving force for continuous improvement, and we truly value your opinion. We look forward to providing you with further assistance as soon as we receive your response. :)",2026-07-08T08:24:25.000Z
www.shein.com,id:6a4d2a7520db4b5f58cc33d3,native_id,6a4d2a7520db4b5f58cc33d3,https://www.trustpilot.com/reviews/6a4d2a7520db4b5f58cc33d3,1,Shein your customer service is…,Shein your customer service is absolutely useless the person I was put through to was called West he did not listen to a word I was saying he kept repeating himself im sure it was a robot I felt like he was mocking me ,2026-07-07T18:33:57.000Z,2026-07-07T00:00:00.000Z,en,1,not-verified,false,Organic,Joanne,605fb9742d361e0019c68bee,39,GB,"Hello!

We are truly sorry for the unpleasant experience.

In order to better resolve your concerns, we need you to provide specific information, such as your order number. We have sent you an email with the subject ""Request for information about your experience."" Please check your inbox (and spam folder), and reply to that email with the information we need.

Your feedback is our driving force for continuous improvement, and we truly value your opinion. We look forward to providing you with further assistance as soon as we receive your response. :)",2026-07-08T02:19:35.000Z
www.shein.com,id:6a4d1fa8eb54cafcd76ca3ce,native_id,6a4d1fa8eb54cafcd76ca3ce,https://www.trustpilot.com/reviews/6a4d1fa8eb54cafcd76ca3ce,1,I wish to inform you that SHEIN is…,"I wish to inform you that SHEIN is absolutely a disaster. Do not order from them . I got an order with missing items and that are telling me to check my parcel carefully. Like I’m stupid and   Cannot see the dresses and t shirts that are not in my package . They refuse to help or offer a replacement or refund.
Keep away 
",2026-07-07T17:47:52.000Z,2026-07-06T00:00:00.000Z,en,1,not-verified,false,Organic,Gee,6a4d1f8cb90f9d45ff1f970e,2,GB,"Hello!

We are truly sorry for the unpleasant experience.

In order to better resolve your concerns, we need you to provide specific information, such as your order number. We have sent you an email with the subject ""Request for information about your experience."" Please check your inbox (and spam folder), and reply to that email with the information we need.

Your feedback is our driving force for continuous improvement, and we truly value your opinion. We look forward to providing you with further assistance as soon as we receive your response. :)",2026-07-08T02:22:36.000Z
www.shein.com,id:6a4d17336031ca923076e1cf,native_id,6a4d17336031ca923076e1cf,https://www.trustpilot.com/reviews/6a4d17336031ca923076e1cf,1,Absolutely disgusting DO NOT shop with…,"Absolutely disgusting DO NOT shop with shein
My parcel is missing i have asked for a refund, keep getting told logistics blah blah blah
Told come back tomorrow in which i do just to be told the same thing
Quick enough to take your money but a complete nightmare to get it back
Worse customer service all robots and not real people 
Shein should be ashamed of themselves 
I will be advising anyone and everyone avoid shein at all costs they are an awful company ",2026-07-07T17:11:47.000Z,2026-07-07T00:00:00.000Z,en,1,not-verified,false,Organic,Kim Potten,5ea3d0bc0b753b2aa5f8474d,4,GB,"Hello!

We are truly sorry for the unpleasant experience.

In order to better resolve your concerns, we need you to provide specific information, such as your order number. We have sent you an email with the subject ""Request for information about your experience."" Please check your inbox (and spam folder), and reply to that email with the information we need.

Your feedback is our driving force for continuous improvement, and we truly value your opinion. We look forward to providing you with further assistance as soon as we receive your response. :)",2026-07-08T02:17:28.000Z
www.shein.com,id:6a4cc25d3fc27caecf7081e3,native_id,6a4cc25d3fc27caecf7081e3,https://www.trustpilot.com/reviews/6a4cc25d3fc27caecf7081e3,1,I DO NOT RECOMMEND THIS 😡 I have never…,"I DO NOT RECOMMEND THIS 😡 I have never experienced such stupid and pathetic customer service. It’s infuriating!! For two weeks now, I’ve been trying to explain that I received the package, but not at the address I specified—yet they just don't understand what I'm saying. They keep insisting that the package wasn't lost, that it was delivered!!! I tell them: I’m not saying it wasn't delivered; I’m saying it was delivered to the wrong address!!! I’ve told them this countless times... and they still don't get it. I can't believe real people work in their customer service department; they must be using automated robot responders that spout complete nonsense. THAT’S IT—I AM NEVER BUYING FROM THEM AGAIN...",2026-07-07T11:09:49.000Z,2026-07-07T00:00:00.000Z,en,1,not-verified,false,Organic,Emey M,65c386fb0606b70012264241,7,LT,"Hello!

We are truly sorry for the unpleasant experience.

In order to better resolve your concerns, we need you to provide specific information, such as your order number. We have sent you an email with the subject ""Request for information about your experience."" Please check your inbox (and spam folder), and reply to that email with the information we need.

Your feedback is our driving force for continuous improvement, and we truly value your opinion. We look forward to providing you with further assistance as soon as we receive your response. :)",2026-07-08T02:52:24.000Z
www.shein.com,id:6a4ca36d4cc5bd069f136d79,native_id,6a4ca36d4cc5bd069f136d79,https://www.trustpilot.com/reviews/6a4ca36d4cc5bd069f136d79,1,This company are dishonest,"This company are dishonest, I ordered 20 items fence posts only got 12 damaged box through transaction won’t refund me totally disappointed ",2026-07-07T08:57:49.000Z,2026-07-03T00:00:00.000Z,en,0,not-verified,false,Organic,Carolyn Spence,61f2da64b41a7e0013a9a1a9,23,GB,"Hello!

We are truly sorry for the unpleasant experience.

In order to better resolve your concerns, we need you to provide specific information, such as your order number. We have sent you an email with the subject ""Request for information about your experience."" Please check your inbox (and spam folder), and reply to that email with the information we need.

Your feedback is our driving force for continuous improvement, and we truly value your opinion. We look forward to providing you with further assistance as soon as we receive your response. :)",2026-07-08T07:53:50.000Z
www.shein.com,id:6a4c0ef65fa2bef588961bb1,native_id,6a4c0ef65fa2bef588961bb1,https://www.trustpilot.com/reviews/6a4c0ef65fa2bef588961bb1,3,I've had decent luck with shein,"I've had decent luck with shein. However I wish they would allow you to take your wishlist and break it into categories (I know they have boards to copy the items to, but it doesn't remove that item from the main wishlist, so I'm still having to scroll through almost 2000 things to find anything I haven't been able to categorize yet) I wish it was more like Amazon where if you add something to a list it's only on that SPECIFIC list, not part of a two thousand item list. 

I've had hit and miss with the return/refund policies. I wanted to leave feedback and a suggestion for them but there's no way to do that. Item quality varies and be sure to pay close attention to which options you've selected because sometimes there's an item that says like 0.89 but then you go to the listing and the actual thing you want is like 8 bucks and the listing price was for some random crap like a clear hook or things like that. ",2026-07-06T22:24:22.000Z,2026-07-06T00:00:00.000Z,en,0,not-verified,false,Organic,Jasmine LaFrance,6a4c0eee000ce3127ea08497,1,US,"Hello, sorry for any inconvenience.
To protect your privacy, we suggest you contact our customer service through this link: https://us.shein.com/robot?page=navigationBar 
Please type your question directly in the message box to get an answer or solution.
Or you can contact Customer Service by app.
Click ""me""-->support-->customer service-->type your question directly in the message box to get an answer or solution.
If the answers don't match, please go ahead and describe the issue in detail and submit a ticket to get manual service. We'll offer a proper solution for you asap. Thank you and have a nice day!❤️",2026-07-07T02:16:23.000Z
www.shein.com,id:6a4b0908d7e4a15b2e5ba641,native_id,6a4b0908d7e4a15b2e5ba641,https://www.trustpilot.com/reviews/6a4b0908d7e4a15b2e5ba641,1,This is the worst website to even try…,This is the worst website to even try to fiqure out. Very frustrating and constantly get emails with offers that don't exist also they keep updating my delivery times says you get five dollars if it's late but they keep pushing the delivery dates out the worst website ever will never order from them again. I can't even imagine what it be like to try to get a refund or return items do not order from Sheen ever. ,2026-07-06T03:46:48.000Z,2026-07-05T00:00:00.000Z,en,4,not-verified,false,Organic,Denise Clark,6973fdc54698846801718b35,3,US,"Hello!

We are truly sorry for the unpleasant experience.

In order to better resolve your concerns, we need you to provide specific information, such as your order number. We have sent you an email with the subject ""Request for information about your experience."" Please check your inbox (and spam folder), and reply to that email with the information we need.

Your feedback is our driving force for continuous improvement, and we truly value your opinion. We look forward to providing you with further assistance as soon as we receive your response. :)",2026-07-06T08:43:49.000Z
www.shein.com,id:6a4ad5f920f994c89ba5b86a,native_id,6a4ad5f920f994c89ba5b86a,https://www.trustpilot.com/reviews/6a4ad5f920f994c89ba5b86a,1,Shame on Shein!,"Parcel ID: H023FA1321733725
Order ID: GSO1YB14B004475
Order time: 2026-05-15 22:53:12

I wrote a truthful review about Shein on June 16th. An order I had placed had not been received. The delivery company, EVRI, left the parcel on my doorstep without notifying me that they had done so, or indeed, that they even had the package. 
Shein responded on the Trustpilot platform, then Viviana from the company contacted me by email on 18th June, asking that I withdraw my complaint which she wrote is causing a refund that they wanted to sanction, being blocked by PayPal. I contacted PayPal and money being held had been released to Shein the week prior. I was assured that I would receive a refund ""immediately"". Three weeks later, I am still waiting and Viviana is not responding to my emails. How disgraceful! Shein has definitely lost its shine. Their response and promise of a refund was just for show.",2026-07-06T00:08:57.000Z,2026-06-15T00:00:00.000Z,en,1,not-verified,false,Organic,Chrystal Rose,589f0da30000ff000a76524b,33,GB,"Hello！

According to the information you provided, we noticed our team has sent a solution regarding your order. Please check your email for updates. If no email was received, it may have been filtered to the spam folder. We hope to hear from you. :)",2026-07-06T02:54:26.000Z
www.shein.com,id:6a4ad1177a9ad92b38c8d236,native_id,6a4ad1177a9ad92b38c8d236,https://www.trustpilot.com/reviews/6a4ad1177a9ad92b38c8d236,1,The customer service is just awful!,"The customer service is just awful!! I’ve been ordering and playing the puppy keep for years. I don’t have a problem with the merchandise at all. 
I do however have a problem with the Puppy Keep game. Myself and people I had sign up have been ripped off, ignored and sent automated messages. I know how to play the game and they tell me I did something wrong instead of just fixing the problem!! All I asked is for them to give me the prize I picked and not the lousy credit they switched it too. 
Absolutely terrible treatment!!",2026-07-05T23:48:07.000Z,2026-06-03T00:00:00.000Z,en,1,not-verified,false,Organic,Linda,6a4ad0f59371bf66d473c768,2,US,"Hello!

We are truly sorry for the unpleasant experience.

In order to better resolve your concerns, we need you to provide specific information, such as your order number. We have sent you an email with the subject ""Request for information about your experience."" Please check your inbox (and spam folder), and reply to that email with the information we need.

Your feedback is our driving force for continuous improvement, and we truly value your opinion. We look forward to providing you with further assistance as soon as we receive your response. :)",2026-07-06T02:58:02.000Z
www.shein.com,id:6a4a80b60386da0f318a480e,native_id,6a4a80b60386da0f318a480e,https://www.trustpilot.com/reviews/6a4a80b60386da0f318a480e,1,I received a different product than the…,"I received a different product than the one I ordered. Can't get a hold of customer service to correct the problem.
Update: I have yet to receive your email. Try again please.",2026-07-05T18:05:10.000Z,2026-06-30T00:00:00.000Z,en,0,not-verified,false,Organic,Lemon pound cake,6a4a80ae000ce3a9f49e87e8,1,US,"Hello！
According to the information you provided, we noticed our team has sent a solution regarding your order. Please check your email for updates. If no email was received, it may have been filtered to the spam folder. We hope to hear from you. :)",2026-07-06T01:33:39.000Z
www.shein.com,id:6a4a801a98a19c85c4e0932a,native_id,6a4a801a98a19c85c4e0932a,https://www.trustpilot.com/reviews/6a4a801a98a19c85c4e0932a,1,Poor customer service not responding…,Poor customer service not responding and some items have wrong issues careful when you add your money ,2026-07-05T18:02:34.000Z,2026-07-02T00:00:00.000Z,en,0,not-verified,false,Organic,Fawzi Neamatalla,685883544e662d44564b28d3,4,GB,"Hello！
According to the information you provided, we noticed our team has sent a solution regarding your order. Please check your email for updates. If no email was received, it may have been filtered to the spam folder. We hope to hear from you. :)",2026-07-06T01:34:25.000Z
www.shein.com,id:6a4a1f4893822bd78b24a391,native_id,6a4a1f4893822bd78b24a391,https://www.trustpilot.com/reviews/6a4a1f4893822bd78b24a391,1,I won a grab a gift and it was…,"I won a grab a gift and it was exchanged to money in my wallet £229 that has to be used in 30 days but they have frozen my account so i cant
 spend it and no explanation why ,,very disappointing.",2026-07-05T11:09:28.000Z,2026-07-04T00:00:00.000Z,en,0,not-verified,false,Organic,Evelyn morgan,6221bdfaa2046900122baa78,2,GB,"Hello!

We are truly sorry for the unpleasant experience.

In order to better resolve your concerns, we need you to provide specific information, such as your order number. We have sent you an email with the subject ""Request for information about your experience."" Please check your inbox (and spam folder), and reply to that email with the information we need.

Your feedback is our driving force for continuous improvement, and we truly value your opinion. We look forward to providing you with further assistance as soon as we receive your response. :)",2026-07-06T01:40:00.000Z
www.shein.com,id:6a4a1e90af02a11d6c40d8a5,native_id,6a4a1e90af02a11d6c40d8a5,https://www.trustpilot.com/reviews/6a4a1e90af02a11d6c40d8a5,1,Missing items not received .,"I bought a big order some time ago.
This order came in two lots but I realised certain items were not there 
I went back into Shein and I couldn’t find my order details it will only show a selection of what I ordered. I went into my basket and approx six to seven items are still in my basket. I queried this with them as I paid for the whole order. I received no answer so queried again and then numerous times since
I have still received no communication from them.
As such I will never shop with them again and that was before these new charges, but there is approx €30 sitting in my basket that I never received but paid for. My next step is to report it to my bank. Very disappointed and as it was all holiday stuff I had to replace everything somewhere else. Terrible costumer service.",2026-07-05T11:06:24.000Z,2026-05-20T00:00:00.000Z,en,0,not-verified,false,Organic,Martina Murphy,6775188396e7d4a502d4a6bc,6,IE,"Hello！

According to the information you provided, we noticed our team has sent a solution regarding your order. Please check your email for updates. If no email was received, it may have been filtered to the spam folder. We hope to hear from you. :)",2026-07-06T01:40:28.000Z
www.shein.com,id:6a49e6098b47efa0c671e03a,native_id,6a49e6098b47efa0c671e03a,https://www.trustpilot.com/reviews/6a49e6098b47efa0c671e03a,1,Warehouse error & ignored paid guarantee — Order GSH17R33N00NS4B,"Stop writing template messages, give me my money back, I paid for the warranty?!!!


Your employee sent me a so-called ""resolution"" asking me to return the items, but this is NOT a real solution. I specifically paid extra for your Return Assurance / Shipping Guarantee to ensure a hassle-free process, yet your team has created endless problems instead of protecting my purchase. As I already stated, a physical return from Azerbaijan to your Dubai hub is legally and logistically impossible for a private citizen due to strict international customs regulations, regardless of who pays for shipping. Your automated system continues to reject my clear, high-quality photos on a uniform background. Since your team ignores the paid guarantee, refuses to issue a direct refund for your own warehouse error, and offers impossible return options, I have already escalated this to an external consumer protection platform and my next step today is contacting my bank to initiate a forced chargeback. Order GSH17R33N00NS4B requires an immediate manual refund without return!",2026-07-05T07:05:13.000Z,2026-07-05T00:00:00.000Z,en,1,not-verified,false,Organic,Mika Kariz,6a4770389371bf6ac27064ce,1,AZ,"Hello!
We sincerely apologize for any inconvenience caused—your experience is incredibly important to us 💝
Accoring to the information you provided, we've identified your inquiry submitted via the SHEIN app and our dedicated support agent is expediting the resolution.We guarantee a clear response within 24 hours, and you can monitor real-time updates anytime in ""Service Records"".
🔹 Steps to Access:
Open SHEIN APP → Tap ""Me"" at bottom → ""Customer Service"" → ""Service Records""
Your feedback lights our path forward—we look forward to assisting you further.",2026-07-05T09:08:27.000Z
www.shein.com,id:6a47d601c17f279847911b35,native_id,6a47d601c17f279847911b35,https://www.trustpilot.com/reviews/6a47d601c17f279847911b35,1,Returns policy,"I returned an item costing £6:39 to the company. It was in perfect condition and they gave me a refund of 49pence. I find this totally unacceptable.
While some goods have been fine I have absolutely lost faith with SHEIN and will not be patronising them further.
After further communication with SHEIN I have now received a full refund. Thank you.",2026-07-03T17:32:17.000Z,2026-06-25T00:00:00.000Z,en,1,not-verified,false,Organic,Kath Smart,686eea082824b54d1f34b5f2,6,GB,"Hello！
According to the information you provided, we noticed our team has sent a solution regarding your order. Please check your email for updates. If no email was received, it may have been filtered to the spam folder. We hope to hear from you. :)",2026-07-04T02:10:21.000Z
www.shein.com,id:6a47c24a6184bb0d1f4d8a19,native_id,6a47c24a6184bb0d1f4d8a19,https://www.trustpilot.com/reviews/6a47c24a6184bb0d1f4d8a19,1,Horrible customer service ,"As usual, horrible customer service. Didn't answer to my complaint about defective products  and now, after ignoring it for a couple days, they're saying the date for returning expired. I have proof that the hair irons I bought only work when plugged into the cable, without it the battery won't stay charged - I can provide the video. And NO, I haven't received any email from SHEIN with that subject and yes, I've checked my Spam.",2026-07-03T16:08:10.000Z,2026-06-26T00:00:00.000Z,en,0,not-verified,false,Organic,Ana Dudley,64c1cf3158e33b0011321bff,10,US,"Hello!

We are truly sorry for the unpleasant experience.

In order to better resolve your concerns, we need you to provide specific information, such as your order number. We have sent you an email with the subject ""Request for information about your experience."" Please check your inbox (and spam folder), and reply to that email with the information we need.

Your feedback is our driving force for continuous improvement, and we truly value your opinion. We look forward to providing you with further assistance as soon as we receive your response. :)",2026-07-04T10:16:23.000Z
www.shein.com,id:6a47bc7c8e2c10659f4f45c6,native_id,6a47bc7c8e2c10659f4f45c6,https://www.trustpilot.com/reviews/6a47bc7c8e2c10659f4f45c6,1,Sometimes it's a great site but…,"Sometimes it's a great sight but sometimes they work with third party.People who take your money and don't want to deliver anything that you really need.Honestly, it's a bad look for their company and they lost a customer.",2026-07-03T15:43:24.000Z,2026-07-03T00:00:00.000Z,en,1,not-verified,false,Organic,Anthony Paolillo,6936f9026148ea3c5ffe7f38,7,US,"Hello!

We are truly sorry for the unpleasant experience.

In order to better resolve your concerns, we need you to provide specific information, such as your order number. We have sent you an email with the subject ""Request for information about your experience."" Please check your inbox (and spam folder), and reply to that email with the information we need.

Your feedback is our driving force for continuous improvement, and we truly value your opinion. We look forward to providing you with further assistance as soon as we receive your response. :)",2026-07-04T10:20:32.000Z
www.shein.com,id:6a47961475a9f6c40bcbfa6e,native_id,6a47961475a9f6c40bcbfa6e,https://www.trustpilot.com/reviews/6a47961475a9f6c40bcbfa6e,1,Be careful,"Be careful. When checking out, add up the items on your calculator as it is a massive difference. My items came to £92.48. However, when checking out it said £109.88?! Check! They are sneaky ",2026-07-03T12:59:32.000Z,2026-07-03T00:00:00.000Z,en,1,not-verified,false,Organic,Martine,59c8d8600000ff000acd311e,10,IM,"Hello!

We are truly sorry for the unpleasant experience.

In order to better resolve your concerns, we need you to provide specific information, such as your order number. We have sent you an email with the subject ""Request for information about your experience."" Please check your inbox (and spam folder), and reply to that email with the information we need.

Your feedback is our driving force for continuous improvement, and we truly value your opinion. We look forward to providing you with further assistance as soon as we receive your response. :)",2026-07-04T01:40:24.000Z
www.shein.com,id:6a475ae7a4fef8e4b3dcc20f,native_id,6a475ae7a4fef8e4b3dcc20f,https://www.trustpilot.com/reviews/6a475ae7a4fef8e4b3dcc20f,1,Returns process is a scam,"Never had any problems until recently. I ordered several dresses for an event, tried them on, didn’t like them and sent them back. I must’ve tried each dress on for approximately 30 seconds. When I returned them, shein deducted large sums of money for supposedly faulty items. I don’t wear makeup, didn’t try them on near anything which could stain, tried everything on when I wasn’t too warm as to not leave sweat patches. I returned everything in the condition it arrived in, and clearly didn’t wear anything long enough to spot any stains.

One order contained 3 red dresses. The photos of the “damage” for all 3 dresses were the exact same dress 3 times. It is very obvious that they are the same dress, even though anyone with half a brain can see that those dresses were actually completely different shades of red and completely different materials. Customer services have been next to useless.",2026-07-03T08:47:03.000Z,2026-07-02T00:00:00.000Z,en,0,not-verified,false,Organic,HK,5f5e6e3209588e780b27410e,5,GB,"Hello!

We sincerely apologize for any inconvenience caused—your experience is incredibly important to us 💝

According to the information you provided, we've identified your inquiry submitted via the SHEIN app and our dedicated support agent is expediting the resolution.We guarantee a clear response within 24 hours, and you can monitor real-time updates anytime in ""Service Records"".

🔹 Steps to Access:
Open SHEIN APP → Tap ""Me"" at bottom → ""Customer Service"" → ""Service Records""

Your feedback lights our path forward—we look forward to assisting you further.",2026-07-04T01:43:14.000Z
www.shein.com,id:6a47424ccd007885026daf5a,native_id,6a47424ccd007885026daf5a,https://www.trustpilot.com/reviews/6a47424ccd007885026daf5a,1,My experience with SHEIN’s customer…,"My experience with SHEIN’s customer service has been one of the most frustrating I’ve had with any online retailer.

I have tried on multiple occasions to return items, but every time I have contacted customer service, I have been given the impression that the issue would be resolved, only for nothing to happen. I repeatedly had to start the process all over again, explain everything from the beginning, and was passed from one agent to another without anyone actually taking ownership of the problem. After 8 months still not able to return. 

The customer service is incredibly poor. Responses feel scripted, promises are made but never followed through, and there seems to be no accountability whatsoever.

What concerned me most was that when I asked to escalate my complaint, I was told there was no manager I could speak to and no email address where I could submit a formal complaint. I found it unbelievable that a company of this size appears to have no way for customers to escalate unresolved issues.

As a loyal customer, this has been extremely disappointing. I don’t mind when mistakes happen, every company makes them, but what matters is how those mistakes are handled. Unfortunately, SHEIN has failed at every stage. I’ve wasted a huge amount of time chasing something that should have been straightforward.

Until SHEIN invests in competent customer service and a proper complaints process, I would think very carefully before ordering from them again. I won’t be! ",2026-07-03T07:02:04.000Z,2026-05-30T00:00:00.000Z,en,0,not-verified,false,Organic,Kate,69482fdc6148ea3a50132457,3,GB,"Hello！

According to the information you provided, we noticed our team has sent a solution regarding your order. Please check your email for updates. If no email was received, it may have been filtered to the spam folder. We hope to hear from you. :)",2026-07-03T08:43:05.000Z
www.shein.com,id:6a4735e93477fdef11631f4e,native_id,6a4735e93477fdef11631f4e,https://www.trustpilot.com/reviews/6a4735e93477fdef11631f4e,1,Terrible customer service especially Eleanor,"My order was cancelled for unknown reason. They said I did not verify the order to which I did and received a message saying they would call me to verify the information and next thing I knew, the order was revoked and order was cancelled. I contacted customer service who only sent me templated messages, no empathy whatsoever, and she was being sarcastic the whole time. Her name's Eleanor. I asked for a manager to help me with the resolution since she said she's not able to give me the resolution I requested which is a voucher equivalent to what I used since I'm a new user with new device, email, number and even account. She said I don't have the grounds for superior contact. She just brushed me off completely, totally no customer service and she ended the chat abruptly. ",2026-07-03T06:09:13.000Z,2026-07-03T00:00:00.000Z,en,0,not-verified,false,Organic,Gabrielle Marri,6a4735e05334ac7f750d30ce,1,PH,"Hello!

We are truly sorry for the unpleasant experience.

In order to better resolve your concerns, we need you to provide specific information, such as your order number. We have sent you an email with the subject ""Request for information about your experience."" Please check your inbox (and spam folder), and reply to that email with the information we need.

Your feedback is our driving force for continuous improvement, and we truly value your opinion. We look forward to providing you with further assistance as soon as we receive your response. :)",2026-07-03T08:39:32.000Z
www.shein.com,id:6a470e94bdfd1417a23319e4,native_id,6a470e94bdfd1417a23319e4,https://www.trustpilot.com/reviews/6a470e94bdfd1417a23319e4,1,Sneaky and insidious,"Really poor standards of product description and pricing transparency. Product quality generally very poor. They also gamify shopping in a really sneaky way, using “coupons” and “promotions” of dubious value to get you to buy more stuff. The whole interface is like a kids’ game, leaving many shoppers vulnerable.",2026-07-03T03:21:24.000Z,2026-07-03T00:00:00.000Z,en,0,not-verified,false,Organic,Arthur,62815a29a85f29001276417e,2,GB,"Hello
Thank you for sharing your feedback with us!
We greatly appreciate hearing from our customers and value your suggestion .
We've shared your suggestion with our team for evaluation, as it directly helps us enhance services and improve the experience for all customers.
Thank you once again for your support!",2026-07-06T06:27:20.000Z
www.shein.com,id:6a467ac003c84720f94874a4,native_id,6a467ac003c84720f94874a4,https://www.trustpilot.com/reviews/6a467ac003c84720f94874a4,1,If you want a refund? good luck!!! ,"Some lovely items, but if you want a refund, that's a different matter!  I have been on the phone for most of the afternoon between my bank and Shein customer support(there isn't any support) was told to contact STRIPE, who is this? Apparently company who deals with refunds for Shein! Can I get hold of these people? NO!! NOT UNLESS I WANT START UP COMPANY!  NEVER WILL I USE THIS COMPANY AGAIN!! They've lost a very good new customer!! ",2026-07-02T16:50:40.000Z,2026-07-02T00:00:00.000Z,en,0,not-verified,false,Organic,Jill Bryant,67606e24cbf69ae184747cbb,16,GB,"Hello!

We sincerely apologize for any inconvenience caused—your experience is incredibly important to us 💝

Accoring to the information you provided, we've identified your inquiry submitted via the SHEIN app and our dedicated support agent is expediting the resolution.We guarantee a clear response within 24 hours, and you can monitor real-time updates anytime in ""Service Records"".

🔹 Steps to Access:
Open SHEIN APP → Tap ""Me"" at bottom → ""Customer Service"" → ""Service Records""

Your feedback lights our path forward—we look forward to assisting you further.",2026-07-03T02:10:27.000Z
www.shein.com,id:6a4668c05f37c43f20fdddbf,native_id,6a4668c05f37c43f20fdddbf,https://www.trustpilot.com/reviews/6a4668c05f37c43f20fdddbf,1,SHAMEFUL,"I placed an order for au pair of shoes. Promised a delivery within three business days, latest arrival 1st July. Needless to say this did not arrive. Not only has it not arrived. It also has not even shipped yet. So I contacted customer service to cancel this order because now it is too late. The reason for the order will have passed by the time it gets here. It is not an unreasonable request to cancel an order that has not even shipped. Having the displeasure of dealing with your customer service representative and hearing  a lot of apologies and they will expedite the order, they obviously did not understand that I don’t need the order anymore. You haven’t shipped it just cancel it and refund my money. But because you choose not to empower your employees to make any common sense decisions they are unable to complete a simple task. You think it is better to continue with the shipment and then having me refuse it or have to return it and incur more cost is the better and sensible solution. This conversation went in circles to an absurd length and all I got was more apologies and will get it shipped as soon as possible. Obviously, no solution was reached. I am absolutely appalled by the treatment I received and cannot believe that your company operates in this manner. 
*********************************************

UPDATE 

Absolutely useless response from Shein.  They are proceeding to ship this order that I have repeatedly asked to cancel. 

Here is the interesting bit. I ordered a pair of Hoka shoes which they claim to be authentic. 
Because Shein is being so unhelpful, I did some checking.  Here is what I found out. 

SHEIN IS NOT AN AUTHORISED SELLER OF HOKA PRODUCTS. 

(You can check the internet for verification. )

So I believe it is in their best interest to cancel the order.
",2026-07-02T15:33:52.000Z,2026-07-02T00:00:00.000Z,en,1,not-verified,false,Organic,Sandi,5a55ac650000ff000afe254e,131,GB,"Hello!

We sincerely apologize for any inconvenience caused—your experience is incredibly important to us 💝

Accoring to the information you provided, we've identified your inquiry submitted via the SHEIN app and our dedicated support agent is expediting the resolution.We guarantee a clear response within 24 hours, and you can monitor real-time updates anytime in ""Service Records"".

🔹 Steps to Access:
Open SHEIN APP → Tap ""Me"" at bottom → ""Customer Service"" → ""Service Records"" 

Your feedback lights our path forward—we look forward to assisting you further.",2026-07-03T01:59:03.000Z
www.shein.com,id:6a4633ac01b8e581591726ab,native_id,6a4633ac01b8e581591726ab,https://www.trustpilot.com/reviews/6a4633ac01b8e581591726ab,1,Absolutely terrible experience with…,"Absolutely terrible experience with SHEIN.

I ordered a bedside crib and received a bookshelf — not once, but TWICE. This is clearly their mistake, yet they expect me to fix it myself by carrying two heavy bookshelves to an Evri drop-off point and printing labels at my own expense.

Customer service has been completely unhelpful. They keep repeating the same response instead of taking responsibility or offering a proper solution. No offer of collection, no accountability — just inconvenience for the customer.

It’s unacceptable to send the wrong items and then expect the customer to do all the work to return them, especially when the items are large and heavy.

I will not be ordering from SHEIN again. Save yourself the hassle and shop elsewhere.
",2026-07-02T11:47:24.000Z,2026-06-23T00:00:00.000Z,en,1,not-verified,false,Organic,Mero kazemi,6a4633329371bf4b6f6ecf95,2,GB,"Hello!

We sincerely apologize for any inconvenience caused—your experience is incredibly important to us 💝

Accoring to the information you provided, we've identified your inquiry submitted via the SHEIN app and our dedicated support agent is expediting the resolution.We guarantee a clear response within 24 hours, and you can monitor real-time updates anytime in ""Service Records"".

🔹 Steps to Access:
Open SHEIN APP → Tap ""Me"" at bottom → ""Customer Service"" → ""Service Records""

Your feedback lights our path forward—we look forward to assisting you further.",2026-07-03T02:18:48.000Z
www.shein.com,id:6a462914e13edf84a8f4dcf6,native_id,6a462914e13edf84a8f4dcf6,https://www.trustpilot.com/reviews/6a462914e13edf84a8f4dcf6,1,complete waste of time because all beautiful designs are made of plastic,"They have vastly beautiful designs and I would love to buy them. But Shein is a complete waste of time: whatever I look up, I scroll down and see: it is made of plastic. why don't these guys understand that European customers are mostly not interested in buying plastic garbage in which people sweat to death is summer??? It would be so easy to do: in the filters, Shein could offer a filter for 100% cotton and another filter for almost all cotton and a little elasthan. Then everyone can find what they want, let that be good materials or let that be plastic...",2026-07-02T11:02:12.000Z,2026-07-02T00:00:00.000Z,en,0,not-verified,false,Organic,Bob,622c6281017be60012994438,22,CH,"Hello
Thank you for sharing your feedback with us!
We greatly appreciate hearing from our customers and value your suggestion .
We've shared your suggestion with our team for evaluation, as it directly helps us enhance services and improve the experience for all customers.
Thank you once again for your support!",2026-07-03T05:35:16.000Z
www.shein.com,id:6a45835c942ba2e52fd5deb1,native_id,6a45835c942ba2e52fd5deb1,https://www.trustpilot.com/reviews/6a45835c942ba2e52fd5deb1,1,DON’T BUY AT SHEIN!!! ,"Don't buy at SHEIN!! The orders do not arrive complete and when you send the request for clarification they refuse to be responsible, they do not send you the missing products and they do not refund your money. Of our order of 24 products, 7 DID NOT ARRIVE!!! That is, almost a third of our order did not arrive!!! We are very disappointed and we will not buy from SHEIN again!! And I recommend that you don't do it either if you don't want to lose your money!!",2026-07-01T23:15:08.000Z,2026-06-30T00:00:00.000Z,en,1,not-verified,false,Organic,Andrea,6a4582e65334aca13a0b3078,1,MX,"Hello！

According to the information you provided, we noticed our team has sent a solution regarding your order. Please check your email for updates. If no email was received, it may have been filtered to the spam folder. We hope to hear from you. :)",2026-07-02T02:37:15.000Z
www.shein.com,id:6a457d81e4a9c5c5810f7508,native_id,6a457d81e4a9c5c5810f7508,https://www.trustpilot.com/reviews/6a457d81e4a9c5c5810f7508,1,DONT BUY on SHEIN if you dont want to be scammed.,"Frustration and total disappointment with SHEIN! Of our order of 24 items, 7 did not arrive, we contacted SHEIN and sent video evidence of the incomplete package and even so they do not want to be held responsible, they refuse to send the missing products or to refund the amount of them. DON'T BUY ON SHEIN IF YOU DON'T WANT TO BE SCAMMED!!",2026-07-01T22:50:09.000Z,2026-06-30T00:00:00.000Z,en,0,not-verified,false,Organic,Luis Alonso  Anaya,6a457d5a000ce36246993eb3,1,MX,"Hello！

According to the information you provided, we noticed our team has sent a solution regarding your order. Please check your email for updates. If no email was received, it may have been filtered to the spam folder. We hope to hear from you. :)",2026-07-02T02:38:24.000Z
www.shein.com,id:6a455028b7a1202ac9820d8c,native_id,6a455028b7a1202ac9820d8c,https://www.trustpilot.com/reviews/6a455028b7a1202ac9820d8c,1,CHINESE FRAUDS,"DON'T BUY HERE!!! Everything is fine, you buy a lot of stuff for years and then suddenly ... your account is blocked for some unknown reason. Shein claims they can't do anything about it, which is just pathetic 🫣🫣😵😵😳😳 and for me it's a huge problem. I told them to refund my account the equivalent of 691 points that I can't use, but they ignored me and stopped responding to messages. SHAME ON YOU, SHEIN 😡😡🤬🤬

NIE KUPUJCIE TUTAJ!!! Wszystko jest w porządku, kupujesz od cholery rzeczy przez wiele lat i nagle... Twoje konto zostaje zablokowane z nieznanego powodu. Shein twierdzi, że nic z tym nie może zrobić, co jest po prostu żałosne 🫣🫣😵😵😳😳  a dla mnie to ogromny problem. Kazalem im zwrócic na moje konto równowartość 691 punktów, których nie mogę wykorzystać, ale mnie zignorowali i przestali odpowiadać na wiadomości. WSTYDŹ SIĘ, SHEIN 😡😡🤬🤬",2026-07-01T19:36:40.000Z,2026-05-25T00:00:00.000Z,en,0,not-verified,false,Organic,Magda,68089f3c3e76a47066a9e4be,2,PL,"Hello!

We sincerely apologize for any inconvenience caused—your experience is incredibly important to us 💝

Accoring to the information you provided, we've identified your inquiry submitted via the SHEIN app and our dedicated support agent is expediting the resolution.We guarantee a clear response within 24 hours, and you can monitor real-time updates anytime in ""Service Records"".

🔹 Steps to Access:
Open SHEIN APP → Tap ""Me"" at bottom → ""Customer Service"" → ""Service Records""

Your feedback lights our path forward—we look forward to assisting you further.",2026-07-02T01:50:53.000Z
www.shein.com,id:6a450420b9f2fa07de2d8219,native_id,6a450420b9f2fa07de2d8219,https://www.trustpilot.com/reviews/6a450420b9f2fa07de2d8219,1,Shameful ,"Like many others, I have used SHEIN over the years. Quality is ok and on the odd occasion the quality is good. Often when parcels are received, clothes are marked, creased and if I keep them I wash them straight away. My last order there was a mark on a dress, i returned it immediately. However SHEIN advised they would only offer a partial refund. I explained my case which fell completely on deaf ears. I asked for a breakdown of the refund and on multiple occasions received the same robotic AI response. I am still waiting for the “partial refund”, however I am so angry I have closed my account. Keep the £23.99. I am sure I am not the first or the last. SHEIN shame on you!!! Oh to add insult to injury, my last delivery by EVRI was at 01.30!!!!! Which SHEIN and EVRI thought was acceptable!!!!",2026-07-01T14:12:16.000Z,2026-06-23T00:00:00.000Z,en,1,not-verified,false,Organic,SJ,5f98276b69b270001ab14244,3,GB,"Hello！

According to the information you provided, we noticed our team has sent a solution regarding your order. Please check your email for updates. If no email was received, it may have been filtered to the spam folder. We hope to hear from you. :)",2026-07-02T01:27:12.000Z
www.shein.com,id:6a44fd572bddaecd9dd8008e,native_id,6a44fd572bddaecd9dd8008e,https://www.trustpilot.com/reviews/6a44fd572bddaecd9dd8008e,1,Absolute Circus – Wasted Over a Week of My Time for Nothing,"I am extremely frustrated and disappointed with Shein’s so-called ""customer service"".
I placed an order more than a week ago. The money was successfully debited from my account. After that, I was forced into an endless verification hell. They kept asking me to send proof of payment again and again — screenshots, transaction records, etc. Every time they replied that the documents were ""unclear"" or ""incomplete"" and sent me new verification links.
I did everything they asked, multiple times. And what was the final result? Today they suddenly informed me that they are issuing a refund.
My question is: Why did you make me waste over a week sending you proof of payment if you could clearly see in your system that the money had already been received? What was the point of all this nonsense?
This is not fraud protection. This is pure disrespect and time-wasting. I had to chase them every single day, send documents repeatedly, and deal with generic replies. Absolutely terrible service.
If something goes wrong with your order at Shein — be prepared for stress, endless requests, and in the end, most likely a refund after wasting your time.
I do not recommend shopping here at all.


UPD: Just received yet another useless canned response from Shein support that has zero connection to reality.
I sent them around 10 different proofs of payment (screenshots of the transaction, bank statements, etc.), all perfectly matching their requirements. The money was clearly received on their end from day one, yet they kept demanding more documents, claiming everything was ""unclear"" or ""incomplete"".
Now they’re refunding the order while pretending they “couldn’t verify authorization.” If the payment went through, what the hell else did they need? This wasn’t security — it was pointless time-wasting and disrespect.
Avoid Shein. The stress isn’t worth it.

",2026-07-01T13:43:19.000Z,2026-06-23T00:00:00.000Z,en,0,not-verified,false,Organic,Anastasia Osadchuk,6a44fd499371bf2f3e6d496c,1,AM,"Hello！

According to the information you provided, we noticed our team has sent a solution regarding your order. Please check your email for updates. If no email was received, it may have been filtered to the spam folder. We hope to hear from you. :)",2026-07-02T01:39:09.000Z
www.shein.com,id:6a4466c961d289a697df838d,native_id,6a4466c961d289a697df838d,https://www.trustpilot.com/reviews/6a4466c961d289a697df838d,1,POOR PACKAGING STICKER STUCK,I received a tshirt with the sticker STUCK on it because of poor packaging that got wet in the rain. They hemmed and hawwd blah blah this and that...when they could've just given me a refund for $13 whole dollars...for THEIR Quality Control MisHapp...QR Code was available at UPS...And i needed to go to Post Office then QR Code DISAPPEARED?? Then a return label needed to be printed?? The Post Office do not print labels it was 5 min til closing...too late to go baaaack to UPS to print a label...have to wait until tomorrow...day 3 trying to return a damaged $13 $hirt,2026-07-01T03:00:58.000Z,2026-06-30T00:00:00.000Z,en,0,not-verified,false,Organic,Yvette,5d74665c1cfed0dbe4965919,18,US,"Hello！

According to the information you provided, we noticed our team has sent a solution regarding your order. Please check your email for updates. If no email was received, it may have been filtered to the spam folder. We hope to hear from you. :)",2026-07-01T08:46:02.000Z
www.shein.com,id:6a444d7a7be33dcd5d9a0011,native_id,6a444d7a7be33dcd5d9a0011,https://www.trustpilot.com/reviews/6a444d7a7be33dcd5d9a0011,2,So I probably wouldn’t rate this site…,So I probably wouldn’t rate this site very high even though they sell cheap stuff. My granddaughter has placed so many orders and they always either get canceled or they can’t get delivered and good luck reaching out to customer service through email because they never respond so they’re lucky I gave them a two.,2026-07-01T01:12:58.000Z,2026-06-30T00:00:00.000Z,en,0,not-verified,false,Organic,Lisa Ness,6a444d71b90f9d52e615668a,1,US,"Hello!

We are truly sorry for the unpleasant experience.

In order to better resolve your concerns, we need you to provide specific information, such as your order number. We have sent you an email with the subject ""Request for information about your experience."" Please check your inbox (and spam folder), and reply to that email with the information we need.

Your feedback is our driving force for continuous improvement, and we truly value your opinion. We look forward to providing you with further assistance as soon as we receive your response. :)",2026-07-01T01:51:42.000Z
www.shein.com,id:6a443917bd32024661bd7476,native_id,6a443917bd32024661bd7476,https://www.trustpilot.com/reviews/6a443917bd32024661bd7476,1,I believe that Shein has a big problem,"I believe that Shein has a big problem. Refusing to refund me for 3 items, one that was sent back and two others that I wanted to return but was told to keep and they would still give me credit have been deleted or removed from the order. I'm being ghosted! Unbelievable. Chat line is automated so I'm speaking with a robot? I'm angry. ",2026-06-30T23:45:59.000Z,2026-06-28T00:00:00.000Z,en,0,not-verified,false,Organic,Myrna Espinoza Honaryar,69af2b4f157f7ba6f73ba6c9,2,US,"Hello!

We are truly sorry for the unpleasant experience.

In order to better resolve your concerns, we need you to provide specific information, such as your order number. We have sent you an email with the subject ""Request for information about your experience."" Please check your inbox (and spam folder), and reply to that email with the information we need.

Your feedback is our driving force for continuous improvement, and we truly value your opinion. We look forward to providing you with further assistance as soon as we receive your response. :)",2026-07-01T01:52:53.000Z
www.shein.com,id:6a43d810232fce05f4763a18,native_id,6a43d810232fce05f4763a18,https://www.trustpilot.com/reviews/6a43d810232fce05f4763a18,3,So just putting this out there,"So just putting this out there, ..so I love Shein trendy stylish and affordable clothing! & for yearrs Ive bought a lot of stuff from Shein for myself and my children, on that note i would give SHEIN 4 to 5 stars easily...HOWEVER;  lately on social media sites, (on line in general) I am seeing videos/ &reading feedback from people stating that an abundance of Shein clothing is loaded with really bad toxic chemicals, in which some of these ""toxic"" chemicals wont even wash out ??? 🤔🧐 ... like,  what ????  😳...cmon Shein ? Or someone, PLEASE, tell me isnt so?? ...signed, a very CONCERNED Customer. 😞",2026-06-30T16:52:00.000Z,2026-06-30T00:00:00.000Z,en,0,not-verified,false,Organic,Sunny Sky,66e2515569f189312e5bb597,2,US,"SHEIN takes product safety extremely seriously and is committed to offering safe and compliant products to our customers.

All vendors on our platform are required to comply with SHEIN’s code of conduct, safety standards, and all applicable laws. We partner with internationally recognised testing and quality-assurance agencies—including Bureau Veritas, Intertek, QIMA, SGS and TÜV SÜD—to help ensure that non-compliant products do not appear on our site. Where issues are identified, we take immediate action, which can include removing products or off-boarding vendors.

SHEIN additionally conducts randomized testing of products on our sites. If a product is deemed to be a compliance risk, or if any claims are made against a product, it is removed globally from our sites within 24 hours as a matter of caution whilst SHEIN conducts investigations. If non-compliance is verified, we do not hesitate to take appropriate follow-up action.

SHEIN endeavours to work closely with local product safety agencies, monitoring changes and developments of product safety compliance laws and regulations, and continuously invests and optimizes our product compliance processes.

In addtion, SHEIN has strategically invested, to intensify and expand initiatives for compliance management, carrying out millions of product and quality tests within the year.",2026-07-02T01:25:59.000Z
www.shein.com,id:6a43b8b42198630ee784912a,native_id,6a43b8b42198630ee784912a,https://www.trustpilot.com/reviews/6a43b8b42198630ee784912a,2,Took order but shoes were out of stock.  ,I ordered a hard to locate pair of shoes from Shein.  Within 4 days they reported that the shoes were out of stock and they did not know when they would get more stock.  I am suspicions that taking orders knowing items are out of stock is standard practice for them.  Meanwhile they hold customer money for more than a week.  ,2026-06-30T14:38:12.000Z,2026-06-30T00:00:00.000Z,en,0,not-verified,false,Organic,RC,5ad0b7e34de5666d34538093,4,US,"Hello!

We are truly sorry for the unpleasant experience.

In order to better resolve your concerns, we need you to provide specific information, such as your order number. We have sent you an email with the subject ""Request for information about your experience."" Please check your inbox (and spam folder), and reply to that email with the information we need.

Your feedback is our driving force for continuous improvement, and we truly value your opinion. We look forward to providing you with further assistance as soon as we receive your response. :)",2026-07-01T01:56:24.000Z
www.shein.com,id:6a437ca41d881a4aa2c012bd,native_id,6a437ca41d881a4aa2c012bd,https://www.trustpilot.com/reviews/6a437ca41d881a4aa2c012bd,1,I have received notification on my…,I have received notification on my shein that I have been refused my refund for X2 black shorts and X1 pack of 3 pair shorts due to item damage or used. I am a customer who purchases regularly for my trips and I have never experienced any issues until this. This is deeply upsetting as I tried one pair of the longline shorts on and a grey pair of the 3 pack which I then simply folded and popped back in their packaging as they sadly didn’t fit. You have sent me images of fibres on the clothing. To be accused of damaging or wearing something is incredibly hurtful and I will be taking the matter further and ending my service as I don’t wish to experience this upset again. ,2026-06-30T10:21:56.000Z,2026-06-30T00:00:00.000Z,en,0,not-verified,false,Organic,Rachel Victoria,68d1c1f67b741c0a639f12c1,3,GB,"Hello!

We are truly sorry for the unpleasant experience.

In order to better resolve your concerns, we need you to provide specific information, such as your order number. We have sent you an email with the subject ""Request for information about your experience."" Please check your inbox (and spam folder), and reply to that email with the information we need.

Your feedback is our driving force for continuous improvement, and we truly value your opinion. We look forward to providing you with further assistance as soon as we receive your response. :)",2026-07-01T02:21:53.000Z
www.shein.com,id:6a428c363bcd3f06c10cc445,native_id,6a428c363bcd3f06c10cc445,https://www.trustpilot.com/reviews/6a428c363bcd3f06c10cc445,3,Product was okay quality,"Product was okay quality. Definitely not a long term piece. Dont use your email address, maybe create just for this purpose because Shein definitely sells email addresses out. My spam count went throught he roof after ordering from this vendor.",2026-06-29T17:16:06.000Z,2026-06-22T00:00:00.000Z,en,0,not-verified,false,Organic,njmmjm,62f92d14b642bb0014a6daf3,2,US,"SHEIN is committed to providing our customers with quality products and services. We have a set of strict product quality inspection standards and procedures. Our vendors are required to comply with these standards.

SHEIN takes the protection of customer information very seriously, and maintains rigorous internal controls and monitoring systems to safeguard data and prevent unauthorised access. To uphold our commitment to protecting user information, we commit resources and capabilities to maintain strong data security practices.

Our global Privacy Team works to protect the personal data of our customers in line with leading industry practices and applicable regulations. SHEIN has strict security measures in place, including encryption technology, secure data storage, and a secure network system, to protect users' personal information. SHEIN has been certified as compliant with ISO 27001, ISO 27701 and PCI DSS data protection standards.",2026-07-01T02:29:45.000Z
www.shein.com,id:6a425a79f233962be45a95be,native_id,6a425a79f233962be45a95be,https://www.trustpilot.com/reviews/6a425a79f233962be45a95be,1,Terrible Service – Wasting My Time for Over a Week!,"I am extremely frustrated and angry with Shein’s customer service.
I placed an order more than a week ago. The money was successfully debited from my card, but the order is still not shipped. Instead, I’m stuck in an endless verification loop.
I have already sent all the required documents and transaction screenshots multiple times in the exact format they requested. Every time they reply with the same generic message: “screenshot is unclear”, “please resubmit via the link”. This is not customer service — this is pure harassment.
Shein has my money but refuses to ship the order. I have to waste my time every single day chasing them. The quality of their service is absolutely terrible.
If you value your time and nerves, I strongly advise you to avoid shopping at Shein.
I will be forced to file a chargeback with my bank and contact consumer protection authorities if my order is not shipped immediately.
------------------------------
I am extremely frustrated and disappointed with Shein’s so-called ""customer service"".
I placed an order more than a week ago. The money was successfully debited from my account. After that, I was forced into an endless verification hell. They kept asking me to send proof of payment again and again — screenshots, transaction records, etc. Every time they replied that the documents were ""unclear"" or ""incomplete"" and sent me new verification links.
I did everything they asked, multiple times. And what was the final result? Today they suddenly informed me that they are issuing a refund.
My question is: Why did you make me waste over a week sending you proof of payment if you could clearly see in your system that the money had already been received? What was the point of all this nonsense?
This is not fraud protection. This is pure disrespect and time-wasting. I had to chase them every single day, send documents repeatedly, and deal with generic replies. Absolutely terrible service.
If something goes wrong with your order at Shein — be prepared for stress, endless requests, and in the end, most likely a refund after wasting your time.
I do not recommend shopping here at all.",2026-06-29T13:43:53.000Z,2026-06-23T00:00:00.000Z,en,0,not-verified,false,Organic,Phill Lime,6a425a705334ac171306d2b1,1,AM,"Hello!

We sincerely apologize for any inconvenience caused—your experience is incredibly important to us 💝

Accoring to the information you provided, we've identified your inquiry submitted via the SHEIN app and our dedicated support agent is expediting the resolution.We guarantee a clear response within 24 hours, and you can monitor real-time updates anytime in ""Service Records"".

🔹 Steps to Access:
Open SHEIN APP → Tap ""Me"" at bottom → ""Customer Service"" → ""Service Records"" 

Your feedback lights our path forward—we look forward to assisting you further.",2026-06-30T02:06:23.000Z
www.shein.com,id:6a424f68c2c58c168508794b,native_id,6a424f68c2c58c168508794b,https://www.trustpilot.com/reviews/6a424f68c2c58c168508794b,5,The product actually matched with he…,"The product actually matched with he photos and that surprised me.
It's not top quality but for the price it's worth it.",2026-06-29T12:56:40.000Z,2026-06-25T00:00:00.000Z,en,0,not-verified,false,Organic,Muzamel,6a3d0cd39371bf2964649290,2,GB,,
www.shein.com,id:6a423b38c2c42417a693aaf1,native_id,6a423b38c2c42417a693aaf1,https://www.trustpilot.com/reviews/6a423b38c2c42417a693aaf1,1,SHEIN is the worst place to order ,SHEIN is the worst place to order . A bunch of scammers and fraudsters . I had a package get delivered to the wrong house and since it’s marked delivered SHEIN refuses to do anything listen to me or even accept my proof .. have video footage of that whole day nobody came to my house .. SHEIN is seriously the worst . STEER CLEAR OF SHEIN WORST WEBSITE EVER .. 😐 I spent 408.91 on that app didn’t receive anything .. that was for my birthday trip for Vegas .. I will be filing a police report and contacting a lawyer .. terrible service shitty company ..,2026-06-29T11:30:32.000Z,2026-06-25T00:00:00.000Z,en,0,not-verified,false,Organic,Le Leah,6a423b2bb90f9d4adf126708,2,US,"Hello!

We sincerely apologize for any inconvenience caused—your experience is incredibly important to us 💝

Accoring to the information you provided, we've identified your inquiry submitted via the SHEIN app and our dedicated support agent is expediting the resolution.We guarantee a clear response within 24 hours, and you can monitor real-time updates anytime in ""Service Records"".

🔹 Steps to Access:
Open SHEIN APP → Tap ""Me"" at bottom → ""Customer Service"" → ""Service Records""

Your feedback lights our path forward—we look forward to assisting you further.",2026-06-30T02:33:08.000Z
www.shein.com,id:6a416cbaed870cd7c7d62701,native_id,6a416cbaed870cd7c7d62701,https://www.trustpilot.com/reviews/6a416cbaed870cd7c7d62701,3,I only shop on SHEIN for my daughter…,"I only shop on SHEIN for my daughter but if it wasn’t for her i wouldn’t, i strongly dislike the fact you order 20 items, and they get delivered 1 item at a time. Pisses me off!",2026-06-28T20:49:30.000Z,2026-06-28T00:00:00.000Z,en,0,not-verified,false,Organic,Carlton Cunningham,6a416cb59371bf0ab268f41c,1,US,"Hello!

We are truly sorry for the unpleasant experience.

In order to better resolve your concerns, we need you to provide specific information, such as your order number. We have sent you an email with the subject ""Request for information about your experience."" Please check your inbox (and spam folder), and reply to that email with the information we need.

Your feedback is our driving force for continuous improvement, and we truly value your opinion. We look forward to providing you with further assistance as soon as we receive your response. :)",2026-06-29T02:53:39.000Z
www.shein.com,id:6a41134b2d70a4e23183d5cf,native_id,6a41134b2d70a4e23183d5cf,https://www.trustpilot.com/reviews/6a41134b2d70a4e23183d5cf,1,Disgusting,"Disgusting, I ordered a lot of items, missing 2 pairs of shoes and an ankle bracelet , contacted customer support and because their packers and it was ticked off in the sent order note that they were in the package and suggested I check the package again, as if I would miss two pairs of shoes being in package, said they had sent them, nothing they can do, basically implying I was lying, terrible customer service, out of pocket and no items, disgusting, DO NOT SHOP WITH SHEIN ",2026-06-28T14:27:55.000Z,2026-06-28T00:00:00.000Z,en,0,not-verified,false,Organic,Kerry Martin,65eb423aadf25c00123b1341,4,GB,"Hello!

We are truly sorry for the unpleasant experience.

In order to better resolve your concerns, we need you to provide specific information, such as your order number. We have sent you an email with the subject ""Request for information about your experience."" Please check your inbox (and spam folder), and reply to that email with the information we need.

Your feedback is our driving force for continuous improvement, and we truly value your opinion. We look forward to providing you with further assistance as soon as we receive your response. :)",2026-06-29T02:57:15.000Z
www.shein.com,id:6a40e1e0ad563ef40902bad1,native_id,6a40e1e0ad563ef40902bad1,https://www.trustpilot.com/reviews/6a40e1e0ad563ef40902bad1,3,Frustrating customer service!,"Clothes are cheap and good enough, you know what you’re getting etc.

My issue comes from the fact that they use Evri as a courier which typically lose most parcels, I’m now on 6 in a row! You have to experience it to believe it.

Ok, so this isn’t Sheins fault right? Yes and No, they could use alternate couriers or give the option to use alternatives, I’d happily pay more for something to arrive!

The real problem comes from customer services who instant on waiting for the full delivery time before they’ll process a refund, that’s despite sharing emails from Evri acknowledging it’s lost and being out for delivery for a week! Well I’m sorry, but you can cover the entire country in a week so unless it’s being walked here, I struggle to understand why I have to continue waiting! 

I even spoke to a person (supposedly) via chat and after checking photos and details they determined that it’s still in transit! Hmmm AI impersonating people maybe 🤷🏼‍♂️ who knows.",2026-06-28T10:57:05.000Z,2026-06-28T00:00:00.000Z,en,0,not-verified,false,Organic,Hahetukituki,548d93d700006400019d6e3f,13,GB,"Hello!
We are truly sorry for the unpleasant experience.
In order to better resolve your concerns, we need you to provide specific information, such as your order number. We have sent you an email with the subject ""Request for information about your experience."" Please check your inbox (and spam folder), and reply to that email with the information we need.
Your feedback is our driving force for continuous improvement, and we truly value your opinion. We look forward to providing you with further assistance as soon as we receive your response. :)",2026-06-29T02:15:15.000Z
www.shein.com,id:6a405c78838c3efba92880f5,native_id,6a405c78838c3efba92880f5,https://www.trustpilot.com/reviews/6a405c78838c3efba92880f5,1,Ordered $60 worth merchandise and did…,Ordered $60 worth merchandise and did not receive not even half of my order. They wanted proof i didn’t get the merchandise. No response or anything ,2026-06-28T01:27:52.000Z,2026-04-14T00:00:00.000Z,en,0,not-verified,false,Organic,R DH,6a405c710a188f1bdf8f18e6,1,US,"Hello!

We are truly sorry for the unpleasant experience.

In order to better resolve your concerns, we need you to provide specific information, such as your order number. We have sent you an email with the subject ""Request for information about your experience."" Please check your inbox (and spam folder), and reply to that email with the information we need.

Your feedback is our driving force for continuous improvement, and we truly value your opinion. We look forward to providing you with further assistance as soon as we receive your response. :)",2026-06-28T09:12:49.000Z
www.shein.com,id:6a4022c7caa214d53faba8a1,native_id,6a4022c7caa214d53faba8a1,https://www.trustpilot.com/reviews/6a4022c7caa214d53faba8a1,1,Worst company ever,Worst company ever.  I placed an order with them and they claimed that I received the order which I never did and they refused to give me a refund. ,2026-06-27T21:21:43.000Z,2026-06-16T00:00:00.000Z,en,0,not-verified,false,Organic,Carmen Velez,5c3f405d608f08dd15e09611,3,US,"Hola:

Lamentamos mucho la experiencia desagradable.

Para poder resolver mejor sus inquietudes, le solicitamos que nos proporcione información específica, como su número de pedido. Le hemos enviado un correo electrónico con el asunto ""Request for information about your experience."". Por favor, revise su bandeja de entrada (y la carpeta de spam) y responda a ese correo con la información solicitada.

Sus comentarios son nuestro motor para la mejora continua y realmente valoramos su opinión. Esperamos poder ayudarle aún más tan pronto como recibamos su respuesta. :)",2026-06-28T01:48:24.000Z
www.shein.com,id:6a401907663e803ceb4ca3d7,native_id,6a401907663e803ceb4ca3d7,https://www.trustpilot.com/reviews/6a401907663e803ceb4ca3d7,1,I have returned 2 packages but muddle…,I have returned 2 packages but muddle the dresses so pack A had B which was the more expensive. They gave me a refund for that dress the cheaper one that was supposed to be in that pack. I returned the cheaper one in pack B which they are saying is the wronge dress.I have tried explaining but they refuse to refund the more expensive dress. All I get is a robot and a robot reply. I am a very unhappy customer and feel cheated.,2026-06-27T20:40:07.000Z,2026-06-10T00:00:00.000Z,en,0,not-verified,false,Organic,Judy Jackson,5a6b925b0000ff000b06ee46,18,GB,"Hello！

According to the information you provided, we noticed our team has sent a solution regarding your order. Please check your email for updates. If no email was received, it may have been filtered to the spam folder. We hope to hear from you. :)",2026-06-28T01:45:22.000Z
www.shein.com,id:6a3ff356d36f4f387af8cb83,native_id,6a3ff356d36f4f387af8cb83,https://www.trustpilot.com/reviews/6a3ff356d36f4f387af8cb83,1,Very disappointing affiliate experience,"had a bad experience with the SHEIN affiliate program. I completed the required work, but I did not receive the commissions I expected. I contacted support, but my issue remained unresolved. This review reflects my personal experience, and I hope the company improves how it handles affiliate payments and customer support.
12/06/2026",2026-06-27T17:59:18.000Z,2026-06-12T00:00:00.000Z,en,0,not-verified,false,Organic,taha rdt,6a3ff3510a188f24d48eb979,1,DE,"Hello!

We are truly sorry for the unpleasant experience.

In order to better resolve your concerns, we need you to provide specific information, such as your order number. We have sent you an email with the subject ""Request for information about your experience."" Please check your inbox (and spam folder), and reply to that email with the information we need.

Your feedback is our driving force for continuous improvement, and we truly value your opinion. We look forward to providing you with further assistance as soon as we receive your response. :)",2026-06-28T02:12:23.000Z
temu.com,id:6a69ae296713431142fb60ca,native_id,6a69ae296713431142fb60ca,https://www.trustpilot.com/reviews/6a69ae296713431142fb60ca,1,False information logistics failure…,"False information logistics failure TEMU platform never police said it would  be 2 working days for delivery, so I purchase it then it said it will   arrive in 21 working false of sale trapping the general of public to secure the sale with false information there was no mention on the description that it was a pre-order and it will take 21 days or it said it was it was  a local warehouse in  the UK.lies! .then later to find out  that there was shipping processing orders from China over to the local warehouse in the UK, then send out delivery never explained this within the selling platform trust me I would never purchase again  from TEMU that experience with customer service they’re like robots can’t repeating myself avoiding the point of an argument. These people do not care cause they’re not within our country. They have no respect for the UK Low  under the sales. Good act 2015.",2026-07-29T09:39:21.000Z,2026-07-23T00:00:00.000Z,en,0,not-verified,false,Organic,Paul,656e47da3eae850012f77fb5,3,GB,,
temu.com,id:6a69a708cb6fb350b1c64676,native_id,6a69a708cb6fb350b1c64676,https://www.trustpilot.com/reviews/6a69a708cb6fb350b1c64676,1,"Never again, Temu!","Unfortunately, I have had nothing but bad experiences with Temu. The shop is only good as long as everything works. However, once a technical problem occurs, it becomes almost impossible to get any real help.
No matter what questions you ask, you keep receiving the same pre-written, meaningless responses. I have been trying to resolve my issue for over a month. I simply can't stand reading these polite, robotic phrases anymore.
In the end, I am going to lose EUR 350.00. I feel completely trapped in a maze of incompetence. It has already cost me an enormous amount of time, and by now I have realized that Temu's robots have more persistence than any customer. No matter what I write—even though communicating through the app is already very time-consuming—I always receive exactly the same automated replies.
When you contact customer service, they tell you that ""experts"" are handling your case. However, those so-called experts end up sending the same meaningless responses as customer service.
Never again, Temu!",2026-07-29T09:08:56.000Z,2026-07-28T00:00:00.000Z,en,0,not-verified,false,Organic,Maria Gruber,691ca42a29e259fa63cfd9a4,2,AT,,
temu.com,id:6a69a268c0099af1328fb992,native_id,6a69a268c0099af1328fb992,https://www.trustpilot.com/reviews/6a69a268c0099af1328fb992,1,Dear Temu ,"Dear Temu 
I want to inform you that I strongly dispute in claim that the returned items are unidentifiable or do not match what I originally shipped.
​I packed and dispatched all returned items strictly according to the return instructions, matching each tracking number to the correct after-sales order:
​Return package 1 (TRS338153830AM)
​Return package 2 (TRS343556346AM)
​Return package 3 (TRS344046769AM)
​All the items I returned were the exact ones received from my original orders, securely packed in their appropriate return parcels. The discrepancy or confusion happening at your warehouse is beyond my control, and I should not be penalized or lose my refund for items that I legitimately returned.
​Please re-verify the contents of these specific packages against my return requests and process the remaining refunds promptly.

​Looking forward to your prompt and fair resolution.
Best Regards",2026-07-29T08:49:12.000Z,2026-07-29T00:00:00.000Z,en,0,not-verified,false,Organic,Lilit,6a552938b06fbf7c85e2bb55,3,AM,,
temu.com,id:6a6991353b1af3416d698056,native_id,6a6991353b1af3416d698056,https://www.trustpilot.com/reviews/6a6991353b1af3416d698056,1,Damaged Item,"Subpar, Damaged Product & Unhelpful Support

I received a 34-inch suitcase that is both poor quality and damaged. Returning it is unavoidable, yet the company only provides Redbox as a return option. For nearly 20 hours now, I've been asking for alternative return shipping. Customer service stubbornly refuses to allow other carriers or offer any alternative solutions, such as a full refund. Completely disappointing experience.",2026-07-29T07:35:49.000Z,2026-07-28T00:00:00.000Z,en,0,not-verified,false,Organic,L. H.,629f948e6932cb0013fce49a,2,DE,,
temu.com,id:6a697777c39da19569791f1e,native_id,6a697777c39da19569791f1e,https://www.trustpilot.com/reviews/6a697777c39da19569791f1e,5,I love temu I've made Alot of purchases…,I love temu I've made Alot of purchases from here the clothes r cheap but I got some bras and underwear that r great from there kids clothes are not bad either I just won't buy clothes for myself there bought my daughter a 3 peice vanity very nice quality ......,2026-07-29T05:45:59.000Z,2026-07-27T00:00:00.000Z,en,0,not-verified,false,Organic,Nc,6a697771236e3d0d25e94871,1,US,"Hello, thank you for shopping with us and sharing your 5-star experience! We are so glad you've been enjoying your experience so far. Customer satisfaction is of the utmost importance and we are constantly working to improve our service quality. If you need any assistance, please message us through Temu.com or Temu app live chat. Best wishes, Temu team",2026-07-29T08:24:08.000Z
temu.com,id:6a693c9a3221878b98f09ae7,native_id,6a693c9a3221878b98f09ae7,https://www.trustpilot.com/reviews/6a693c9a3221878b98f09ae7,1,I am writing to express my…,"I am writing to express my disappointment with the customer service I received. Unfortunately, the service was unprofessional, unhelpful, and did not meet the standard I expected.

My concerns were not handled properly, and I felt that my questions were not taken seriously. The lack of communication and willingness to assist made the experience frustrating and unsatisfactory.

I hope you will investigate this matter and take appropriate steps to improve the quality of your customer service so that other customers do not have the same experience.

I would appreciate a response explaining how this issue will be addressed. Thank you for your attention to this matter.",2026-07-29T01:34:50.000Z,2026-07-26T00:00:00.000Z,en,0,not-verified,false,Organic,Griseld Selenica,67d0b7b043ebc80b14d9ea1b,3,GB,"Hello, thank you for taking the time to share your feedback. To help us review the matter further, we kindly ask that you complete the Information Request Form we have sent and provide the requested details, such as your order number(typically starting with PO-xxx)  or the email address associated with your Temu account. Once we receive the information, we will review your case and coordinate with the relevant team for further follow-up. If you have any additional questions or need further assistance, please feel free to contact us through the Temu website or the Temu app live chat via this link: https://share.temu.com/NWGRVrrOSMA. Thank you for your time, patience, and cooperation. Best wishes, Temu Team",2026-07-29T07:25:55.000Z
temu.com,id:6a693a288c94aac8bb58c599,native_id,6a693a288c94aac8bb58c599,https://www.trustpilot.com/reviews/6a693a288c94aac8bb58c599,1,An add kept popping up saying you have…,"An add kept popping up saying you have 8 free items pick them now so I pick 8 and then it says I have to buy 10 dollars worth of items, I think that's a good deal, so I order, set down my phone and then another notice pops up saying that if I want the rest of the 8 items I have to spend 10 more bucks, what a joke. If they say you won for free 8 items because of your order history then they should be free. You would end up spending almost 100 bucks for 8 items that cost anywhere from 3 bucks and up. What a sneaky way to trick someone into over spending. They also add shipping on every item instead of one shipping cost for the 8 items to be shipped. I've always liked temu but this is just criminal ",2026-07-29T01:24:24.000Z,2026-07-28T00:00:00.000Z,en,0,not-verified,false,Organic,Anna Plese,6a693a13ff3db24adcc80b33,1,US,"Hello, thank you for participating in our promotional activities and we are sorry that you are experiencing difficulties with your rewards. Customer satisfaction is of the utmost importance and we are constantly working to improve our service quality. In addition, please rest assured that NO extra fees will be charged on you, and we have always been transparent about any fees charged. If you need further assistance, please message us through Temu.com or Temu app live chat. We appreciate you giving us another chance to serve you. Best wishes, Temu team",2026-07-29T07:45:08.000Z
temu.com,id:6a691749ab160f4e67b7ea1c,native_id,6a691749ab160f4e67b7ea1c,https://www.trustpilot.com/reviews/6a691749ab160f4e67b7ea1c,1,BUYER BEWARE OF TEMU'S SCAMS;,"BUYER BEWARE OF TEMU'S SCAMS;
Temu regularly has screens filled with stars informing you that you have won 7 free items.
I have always been sceptical of this kind of marketing.
However, one day I had time to follow the prompts to access the 7 free items.  The articles of clothing very clearly came up on the screen with 'FREE' written above them.
I placed my order for the few minor things I wanted and clicked on 7 free garment's.  Then before logging off Temu App on my phone I got a second message 'You have won 7 more free items.' So I ordered another few items as instructed to get the 7 free marked articles of clothing.
WHEN I GOT MY VISA CARD BILL I WAS CHARGED FOR THE 14 'FREE' ITEMS.
I HAVE BEEN TRYING TO GET A REFUND FOR 2 MONTHS NOW WITH NO LUCK.
ALL I GET AMOST EVERY 2ND DAY IS EMAILS REFERRING ME TO ANOTHER MEMBER OF THE TEAM WHO WILL  INVESTIGATE WHAT HAPPENED.
PLUS WITH AN INSULT OFFER OF A $30 VOUCHER FOR $500 WORTH OF ""FREE"" ARTICLES OF CLOTHING THEY SCAMMED OUT OF ME.",2026-07-28T22:55:37.000Z,2026-05-24T00:00:00.000Z,en,0,not-verified,false,Organic,DOROTHY,5d509aa402e57f6478765b21,5,AU,"Hello, thank you for participating in our promotional activities and we are sorry that you are experiencing difficulties with your rewards. Customer satisfaction is of the utmost importance and we are constantly working to improve our service quality. If you need further assistance, please message us through Temu.com or Temu app live chat by this link: https://share.temu.com/NWGRVrrOSMA. We appreciate you giving us another chance to serve you. Best wishes, Temu Team",2026-07-29T07:51:06.000Z
temu.com,id:6a6911e68538f1842631b177,native_id,6a6911e68538f1842631b177,https://www.trustpilot.com/reviews/6a6911e68538f1842631b177,1,The worst experience. I advise you to download another app for shopping; it's better than Timo. Timo is the worst app. ,"This has been the worst shopping experience I have ever had with Temu.
For more than 35 days, I have been suffering because of this order. I paid for my purchase and waited patiently, but I never received any SMS or phone call from the delivery company informing me that my package had arrived at the pickup point, even though this notification was provided for my previous orders.
When I discovered the problem, I repeatedly contacted Temu Customer Service. I opened an official support ticket, explained my issue in detail, and provided all the required information. However, all I received were generic, repetitive responses and promises that my case would be reviewed, without any real solution.
Every time I was told to wait, I ended up receiving the same repeated response again. I lost my time, my peace of mind, and my money, yet I received no compensation for the inconvenience or for a problem that was not caused by me.
I believe Temu did not handle my complaint seriously and failed to take responsibility for investigating the delivery issue or resolving my case fairly. This experience has completely destroyed my trust in the platform.
If my case is not resolved fairly, I will share my full experience on social media and consumer review platforms so that others can make informed decisions before purchasing from Temu. I will also pursue every available option to recover my money through my payment provider and any other appropriate channels.
I am not asking for special treatment. I am simply asking for the rights of a customer who paid for an order, waited more than a month, and was met with delays, repetitive responses, and empty promises instead of real solutions.",2026-07-28T22:32:38.000Z,2026-07-28T00:00:00.000Z,en,0,not-verified,false,Organic,Layan Beauty,6a6911c0236e3d9403e8fdf6,1,DZ,"Hello, thank you for shopping with us and we are sorry you are experiencing difficulties with your recent orders. Most packages to Algeria arrive between 30-60 days. You can track your shipping status and see your expected delivery date directly in the Temu app or on Temu.com. If the tracking status is not updated for 15 days, you can request a full refund and keep your items when they arrive. If your order arrives later than the estimated delivery date, you will receive Temu credits as a sign of appreciation for your patience. Finally, if your items do not arrive, arrive damaged, or do not match the description or photos, you will be offered a full refund under Temu's Purchase Protection program (https://www.temu.com/temu-purchase-protection.html). Customer satisfaction is of the utmost importance and we are constantly working to improve our service quality. If you need further assistance, please message us through Temu.com or Temu app live chat by this link: https://share.temu.com/NWGRVrrOSMA. We appreciate you giving us another chance to serve you. Best wishes, Temu Team",2026-07-29T07:35:34.000Z
temu.com,id:6a690b938c1b6a9b1337fe30,native_id,6a690b938c1b6a9b1337fe30,https://www.trustpilot.com/reviews/6a690b938c1b6a9b1337fe30,1,Ordered items that was shipped through…,"Ordered items that was shipped through a very unreliable courier EVRI.

Unfortunately it’s not the reply I was expected! Of course you have to better your service but what happened with the items which I paid over £30 and never received?I would like items to be resend or full refund! 
I have proof ( the picture evri sent as proof for delivery and my door now and from the order history from Temu which) which It proves that is not same door and it’s wrong address!
Despite my repeated complaints to Temu that the postal service was unreliable and that they had delivered my order to the wrong address or left it in an unsafe location, they still gave my order, which was over £30, back to EVRI and delivered it to the wrong address! Even though the photo at my flat door and the place where it was delivered is different, indicating that it was EVRI's mistake, they still won't resend me my order or refund my money.",2026-07-28T22:05:40.000Z,2026-07-28T00:00:00.000Z,en,0,not-verified,false,Organic,Freshteh,4ff0758400006400011c4c06,16,NO,"Hello, thank you for shopping with us and we are sorry you are experiencing difficulties with your recent orders. We greatly appreciate your feedback and will take it into consideration to improve our logistics experience. We will follow up on this matter. If you need further assistance, please message us through Temu.com or Temu app live chat. Best wishes, Temu Team",2026-07-29T07:40:14.000Z
temu.com,id:6a68fef20e558ffc84548574,native_id,6a68fef20e558ffc84548574,https://www.trustpilot.com/reviews/6a68fef20e558ffc84548574,1,Refund/DHL  Shipping No (60120252224040) ,"I placed an order on the platform for a furniture item. Since last week Monday, the order updates have been consistently inter changing between ""item at depot, awaiting delivery"" and ""delivery attempted"". The item has not been delivered by the courier DHL. I've been waiting for it as I moved house recently.
Sometime last week, customer service on Temu platform notified me that they are following up to enquire about the delay. I have still not received the item and is demanding a refund. However, they are reluctant to issue the refund. How long does it take to deliver an order to a customer from a local depot? Please refund my payment - thank you. ",2026-07-28T21:11:46.000Z,2026-07-20T00:00:00.000Z,en,0,not-verified,false,Organic,Guest,60539e372baa58001a4d8299,15,GB,"Hello, thank you for reaching out to us. We are sorry for any inconvenience caused. Customer satisfaction is very important to us, and we are continuously working to improve our service. Thank you for sharing the relevant information, and we have already escalated your issue with the relevant team for further follow-up. If you need any additional assistance, please feel free to message us through Temu.com or the Temu app live chat via this link: https://share.temu.com/NWGRVrrOSMA. We appreciate your patience and understanding. Best wishes, Temu Team",2026-07-29T07:36:30.000Z
temu.com,id:6a68fe01d2ecb24073684ded,native_id,6a68fe01d2ecb24073684ded,https://www.trustpilot.com/reviews/6a68fe01d2ecb24073684ded,1,Buyer beware,"Buyer beware: Temu's ""rewards"" are a bait-and-switch
Temu lures you in with promises of cash, credits, or vouchers — but the payout is always just out of reach. Every time you get close to redeeming a reward, the app asks for another purchase, another referral, another step. It's an endless loop designed to keep you spending, not to actually reward you.
This isn't just my own experience — several state attorneys general (Arizona, Arkansas, Oklahoma, Nebraska, Texas) have filed lawsuits alleging Temu uses exactly this kind of bait-and-switch scheme to lure users in with prizes that never arrive. The FTC has also taken enforcement action over Temu's gamified shopping tactics. Save yourself the frustration — don't count on ever cashing out.",2026-07-28T21:07:45.000Z,2026-07-27T00:00:00.000Z,en,0,not-verified,false,Organic,Junjun Baby,6a68fdefc2526c64869f3314,1,CA,"Hello, thank you for participating in our promotional activities and we are sorry that you are experiencing difficulties with your rewards. Customer satisfaction is of the utmost importance and we are constantly working to improve our service quality. We will follow up on this matter. For help with your referral link or questions about your rewards status, please contact us again through Temu.com or Temu app live chat so we can help you investigate right away. Have a great day! Best wishes, Temu team",2026-07-29T07:47:25.000Z
temu.com,id:6a68f85e378f1e1428944288,native_id,6a68f85e378f1e1428944288,https://www.trustpilot.com/reviews/6a68f85e378f1e1428944288,2,Temu.com has a big problem,"Temu.com has a big problem: clothing. They send the wrong size most of the time; it seems they do not care what size you ordered (and was available!); they send what they have. Not once, not twice, many, many times! It is not a mistake; it is a rule. So be careful when buying clothing items. Another problem is the quality - poor, poor, and does not conform to the description or the beautiful pictures. I often throw away what I paid for! Customer service: no one to talk to; everything is automated, but they refund. So many and frequent mistakes; I was already ashamed to ask for a refund. It seemed that I was the one not trustworthy.",2026-07-28T20:43:42.000Z,2026-07-26T00:00:00.000Z,en,0,not-verified,false,Organic,Shai Axelrud,5f69a61ae7086dec83b70581,22,IL,"Hello, thank you for reaching out to us. We are sorry that you are not satisfied with some of your items. We implement strict policies and control measures to ensure product quality and accurate product descriptions. Temu's Purchase Protection program offers full refunds if your items do not arrive, arrive damaged, or do not match the description or photos (https://www.temu.com/temu-purchase-protection.html). Customer satisfaction is of the utmost importance and we are constantly working to improve our service quality. If you need further assistance, please message us through Temu.com or Temu app live chat via this link: https://share.temu.com/NWGRVrrOSMA. Best wishes, Temu team",2026-07-29T07:38:11.000Z
temu.com,id:6a68e514c6a03191aabcdbbb,native_id,6a68e514c6a03191aabcdbbb,https://www.trustpilot.com/reviews/6a68e514c6a03191aabcdbbb,1,The problem has been solved Thanks temu,The problem has been solved Thanks temu,2026-07-28T19:21:24.000Z,2026-07-25T00:00:00.000Z,en,0,not-verified,false,Organic,Walid Totti,6a1571536142ad6670295cdd,4,DZ,"Hello, thank you for your feedback! Temu is an e-commerce company that connects consumers with a network of merchandise partners, manufacturers and brands with the mission to empower consumers to live their best lives. Customer satisfaction is of the utmost importance and we are constantly working to improve our service quality. If you need further assistance, please message us through Temu.com or Temu app live chat. Best wishes, Temu team",2026-07-29T03:49:58.000Z
temu.com,id:6a68e0cfef0c1ccf79608ebc,native_id,6a68e0cfef0c1ccf79608ebc,https://www.trustpilot.com/reviews/6a68e0cfef0c1ccf79608ebc,2,Its so hard to upload the damaged item…,"Its so hard to upload the damaged item that I'd like to return and its not accepting. I purchased lots of rings which are different from the pictures presentation. It is frustrating
but they want you to review the items in five star wether you like it or not.",2026-07-28T19:03:11.000Z,2026-07-28T00:00:00.000Z,en,0,not-verified,false,Organic,Iluminada Blevins,600df3a699147600191c7695,7,US,"Hello, thank you for reaching out to us. We are sorry for any inconvenience caused. Customer satisfaction is of the utmost importance and we are constantly working to improve our service quality. If you need further assistance, please message us through Temu.com or Temu app live chat. We appreciate you giving us another chance to serve you. Best wishes, Temu team",2026-07-29T03:50:12.000Z
temu.com,id:6a68d70341f3892a5897f018,native_id,6a68d70341f3892a5897f018,https://www.trustpilot.com/reviews/6a68d70341f3892a5897f018,1,It is bery bad,"It is bery bad, very bad quality and a lot of scamm ads!",2026-07-28T18:21:23.000Z,2025-08-15T00:00:00.000Z,en,1,not-verified,false,Organic,LayerCraft,69818c070eb45c5772837cb5,4,RO,"Hello, thank you for shopping on Temu! Your feedback is extremely valuable to us and we are sorry that you are not satisfied with some of your items. We implement strict policies and control measures to ensure product quality and accurate product descriptions. Temu's Purchase Protection program offers full refunds if your items do not arrive, arrive damaged, or do not match the description or photos (https://www.temu.com/temu-purchase-protection.html). To apply for a refund, login to the Temu app or Temu.com with the account used for your order, open the ""Your orders"" page, and click ""Return/Refund."" For detailed return instructions, please visit https://www.temu.com/return-and-refund-policy.html. You can choose to receive your refund back to your original payment method or as Temu credits. If you need further assistance, please message us through Temu.com or Temu app live chat. Best wishes, Temu team",2026-07-29T03:50:23.000Z
temu.com,id:6a68d3a71f903df1173e4b87,native_id,6a68d3a71f903df1173e4b87,https://www.trustpilot.com/reviews/6a68d3a71f903df1173e4b87,1,purchased several men's swim suits as…,"purchased several men's swim suits as extra large. all came extra small and super thin, unusable. the quality is very poor and refound is a minimal fraction of purchase price. stick to US market!",2026-07-28T18:07:03.000Z,2026-02-11T00:00:00.000Z,en,1,not-verified,false,Organic,Amir Manoutchehri,55f05f430000ff0001da829e,10,US,"Hello, thank you for reaching out to us. We are sorry for any inconvenience caused. Customer satisfaction is of the utmost importance and we are constantly working to improve our service quality. If you need further assistance, please message us through Temu.com or Temu app live chat. We appreciate you giving us another chance to serve you. Best wishes, Temu team",2026-07-29T03:51:29.000Z
temu.com,id:6a68cbc063370768823ff0da,native_id,6a68cbc063370768823ff0da,https://www.trustpilot.com/reviews/6a68cbc063370768823ff0da,1,Temu has fallen for the past few months…,Temu has fallen for the past few months and customer service is practically non existent. Do not buy from this platform. They don't want to refund my money when I returned fair and square. Stop expecting people to not return when all you sell is low quality items.,2026-07-28T17:33:20.000Z,2026-07-28T00:00:00.000Z,en,2,not-verified,false,Organic,Matthew,6a68cb99236e3d7537e88cba,1,MK,"Hello, thank you for reaching out to us. We are sorry for any inconvenience caused. Customer satisfaction is of the utmost importance and we are constantly working to improve our service quality. If you need further assistance, please message us through Temu.com or Temu app live chat. We appreciate you giving us another chance to serve you. Best wishes, Temu team",2026-07-29T03:51:45.000Z
temu.com,id:6a68bfbe27ae35a38fcc80e4,native_id,6a68bfbe27ae35a38fcc80e4,https://www.trustpilot.com/reviews/6a68bfbe27ae35a38fcc80e4,4,Awesome experience except the delay of…,Awesome experience except the delay of shipping if they can update shipping with options or decrease the shipping time like ship from Europe or faster I would very appreciate that in my next shopping ,2026-07-28T16:42:07.000Z,2026-07-20T00:00:00.000Z,en,0,not-verified,false,Organic,Med Lemark,69c765188ee1017a39c11825,6,DZ,"Hello, thank you for shopping with us and sharing your 4-star experience! We are so glad you've been enjoying your experience so far. Customer satisfaction is of the utmost importance and we are constantly working to improve our service quality. If you need any assistance, please message us through Temu.com or Temu app live chat. Best wishes, Temu team",2026-07-29T03:55:15.000Z
temu.com,id:6a68b2c64836ea6868cf3812,native_id,6a68b2c64836ea6868cf3812,https://www.trustpilot.com/reviews/6a68b2c64836ea6868cf3812,1,Crap service temu crap will not buy…,Crap service temu crap will not buy from them again i have bought from onbye since my problem and before good prices not pushy like temu please do not use temu at all ,2026-07-28T15:46:46.000Z,2026-07-10T00:00:00.000Z,en,1,not-verified,false,Organic,Maurice Jones,5ed49c300b18820661a190aa,13,GB,"Hello, thank you for reaching out to us. We are sorry for any inconvenience caused. Customer satisfaction is of the utmost importance and we are constantly working to improve our service quality. If you need further assistance, please message us through Temu.com or Temu app live chat. We appreciate you giving us another chance to serve you. Best wishes, Temu team",2026-07-29T03:52:46.000Z
temu.com,id:6a68a9d9847dad6a4798c0de,native_id,6a68a9d9847dad6a4798c0de,https://www.trustpilot.com/reviews/6a68a9d9847dad6a4798c0de,1,Smaller sized from what i ordered.,Smaller sized from what i ordered.,2026-07-28T15:08:41.000Z,2026-06-26T00:00:00.000Z,en,2,not-verified,false,Organic,Steve,6a68a829c2526c59519e95b8,2,US,"Hello, thank you for shopping on Temu! Your feedback is extremely valuable to us and we are sorry that you are not satisfied with some of your items. We implement strict policies and control measures to ensure product quality and accurate product descriptions. Temu's Purchase Protection program offers full refunds if your items do not arrive, arrive damaged, or do not match the description or photos (https://www.temu.com/temu-purchase-protection.html). To apply for a refund, login to the Temu app or Temu.com with the account used for your order, open the ""Your orders"" page, and click ""Return/Refund."" For detailed return instructions, please visit https://www.temu.com/return-and-refund-policy.html. You can choose to receive your refund back to your original payment method or as Temu credits. Temu credits will appear in your Temu credit balance within 3 minutes and can be used immediately. If you choose to receive your refund back to your original payment method, please allow 5-14 business days for it to appear since timing depends on your financial institution. If you need further assistance, please message us through Temu.com or Temu app live chat. Best wishes, Temu team",2026-07-29T03:46:23.000Z
temu.com,id:6a68a603cc973948d9faec47,native_id,6a68a603cc973948d9faec47,https://www.trustpilot.com/reviews/6a68a603cc973948d9faec47,1,Paid for set of various  assorted …,"Paid for set of various  assorted  screws sent a small pack instead  was given 3 free gifts which never arrived  I will not be using TEMU ever again 
They offer you one thing then send crap out I shall post this review on all social media sites I can",2026-07-28T14:52:19.000Z,2026-07-24T00:00:00.000Z,en,1,not-verified,false,Organic,Philip Andrew,6a68a5f8c2526cfd399e9176,1,GB,"Hello, thank you for participating in our promotional activities and we are sorry that you are experiencing difficulties with your rewards. We implement strict policies and control measures to ensure product quality and accurate product descriptions. Temu's Purchase Protection program offers full refunds if your items do not arrive, arrive damaged, or do not match the description or photos (https://www.temu.com/temu-purchase-protection.html). To apply for a refund, login to the Temu app or Temu.com with the account used for your order, open the ""Your orders"" page, and click ""Return/Refund."" For detailed return instructions, please visit https://www.temu.com/return-and-refund-policy.html. You can choose to receive your refund back to your original payment method or as Temu credits. Temu credits will appear in your Temu credit balance within 3 minutes and can be used immediately. If you choose to receive your refund back to your original payment method, please allow 5-14 business days for it to appear since timing depends on your financial institution. If you need further assistance, please message us through Temu.com or Temu app live chat. Best wishes, Temu team",2026-07-29T03:47:03.000Z
temu.com,id:6a68a2a456b71490f26c2a50,native_id,6a68a2a456b71490f26c2a50,https://www.trustpilot.com/reviews/6a68a2a456b71490f26c2a50,1,TEMU has reached a point of no return. ,"Temu was once an accessible shopping experience. It has deteriorated drastically in the last few months and recently it has no after sales support or customer service. One is confronted with automatic replies that make no sense. Quality has reached an all time low and prices have increased almost double compared to other Chinese sites. One cannot order without having at least 20€ in your basket, they have other options from their local warehouse but the shipping is not free and the products are useless. I have been a long time customer but the condions they offer now are miserable and to make it worse ordering from Europe one has to pay import charges making the prices rocket sky high. Not worth it anymore until Temu makes changes to their policy. 
UPDATE:
It Not possible to talk to an agent on your chat platform, they are never available. The only help provided is automatic replies which makes no sense and does not help to sort out the issue. ",2026-07-28T14:37:56.000Z,2026-07-28T00:00:00.000Z,en,0,not-verified,false,Organic,Victor Fernandes,5a5634fa0000ff000afe9ed6,30,PT,"Hello, thank you for contacting us. At Temu, we have always been transparent about any fees charged. In addition to the item price, certain charges may apply in accordance with local regulations or policy requirements, such as taxes or other mandatory fees. All applicable charges are clearly displayed before payment and can be reviewed in your order confirmation email or receipt. If you have any questions about the order amount, please feel free to contact us via Temu.com or the Temu app live chat and provide your order details. We will assist with verification and be happy to provide further support. Best wishes, Temu team",2026-07-29T03:48:22.000Z
temu.com,id:6a689f6552822d5d2838065a,native_id,6a689f6552822d5d2838065a,https://www.trustpilot.com/reviews/6a689f6552822d5d2838065a,4,when I first started ordering on temu I…,when I first started ordering on temu I found it tedious but since then I've tried it again and again I find the customer service far better than most sites . some of the stuff they sell is useful and some just rubbish but it's not expensive and they really do have some decent buys on much cheaper than Amazon or eBay. keep it up temu at the moment I think your the best. I've taken a star off because my last order was not as good as the previous one and I ended up getting rid of it. ,2026-07-28T14:24:05.000Z,2026-07-28T00:00:00.000Z,en,0,not-verified,false,Organic,angela khan,52cf6ea700006400015db9f1,110,GB,"Hello, thank you for shopping with us and sharing your 4-star experience! We are glad you found some items you love. Temu's Purchase Protection program offers full refunds if your items do not arrive, arrive damaged, or do not match the description or photos (https://www.temu.com/temu-purchase-protection.html). To apply for a refund, login to the Temu app or Temu.com with the account used for your order, open the ""Your orders"" page, and click ""Return/Refund."" You can choose to receive your refund back to your original payment method or as Temu credits. Temu credits will appear in your Temu credit balance within 3 minutes and can be used immediately. If you choose to receive your refund back to your original payment method, please allow 5-14 business days for it to appear since timing depends on your financial institution. If you need further assistance, please message us through Temu.com or Temu app live chat. Best wishes, Temu team",2026-07-29T03:55:39.000Z
temu.com,id:6a689e768cb383ba3e23840c,native_id,6a689e768cb383ba3e23840c,https://www.trustpilot.com/reviews/6a689e768cb383ba3e23840c,1,i am in dispute with Temu for $55.00…,i am in dispute with Temu for $55.00 since they used my debit card instead of card that was authorized as this was this error and still am not to be reimbursed even though they know they were at fault. the prices are reasonable but not worth the aggravation when there is a dispute. ,2026-07-28T14:20:06.000Z,2026-07-15T00:00:00.000Z,en,0,not-verified,false,Organic,deb p,61707115e0b9e200125bfad9,1,US,"Hello, thank you for reaching out to us. We are sorry for any inconvenience caused. Customer satisfaction is of the utmost importance and we are constantly working to improve our service quality. We will follow up on this matter. If you need further assistance, please message us through Temu.com or Temu app live chat. We appreciate you giving us another chance to serve you. Best wishes, Temu team",2026-07-29T03:49:01.000Z
temu.com,id:6a687aaa74c8fa3d7b7d894a,native_id,6a687aaa74c8fa3d7b7d894a,https://www.trustpilot.com/reviews/6a687aaa74c8fa3d7b7d894a,5,Listen to the agents because they have the information that anyone could understandl.,"Well I've meant to text you and tell all of you, that I messed up.
(You probably don't get this kind of information.)
I was angry mostly because I was talking to a machine....but the machine was (mostly) telling me that I was as going to get the pruners. Plus when I got a look at my order it showed the pruners plus the items I received. I don't remember the name the lady that I texted last. She told me exactly what happened and how to get the right answer. I did exactly what she said and it showed me that I was wrong. If I hadn't been in the hospital, I would have written this a couple of weeks ago. However you've given me a chance to do it now. I apologize to any agent that I spoke with. I was just wrong in a dozen ways. I'm glad you sent this because It just opened the door for me to apologize. So thanks to all for your professionalism. That too is is a dying part of so many good companies. So thank you very much.",2026-07-28T11:47:22.000Z,2026-07-12T00:00:00.000Z,en,0,not-verified,false,Organic,Lee Bright,6a49a98e0a188f2f1899bfd3,2,US,"Hello, thank you for shopping with us and sharing your 5-star experience! We are so glad you've been enjoying your experience so far. Customer satisfaction is of the utmost importance and we are constantly working to improve our service quality. If you need any assistance, please message us through Temu.com or Temu app live chat. Best wishes, Temu team",2026-07-28T12:47:22.000Z
temu.com,id:6a6873fb657edbfcc92a2925,native_id,6a6873fb657edbfcc92a2925,https://www.trustpilot.com/reviews/6a6873fb657edbfcc92a2925,1,I used to like Temu,"I used to like Temu. The prices were reasonable and I understood why they needed to put a 20€ or 25€ minimum. But the most recent purchase that I made, I found out that we had to pay important charges, not shipping fees but import charges on non EU goods and as we know, majority of Temu products don't come from suppliers based in the EU. So in the end, the ""promotions"" to cut prices that usually were put on my purchases to make it overall cheaper ended up amounting to even more than the original price without the discount due to those stupid costs. And I know that the EU is doing that as retaliation for the US tarifs and all but it is frustrating and becoming increasingly costly to buy from Temu. Temu has a specific brand, we are here to get products at a cheap price with no shipping fast, occasionally they have value for our money. But now I am thinking of shifting to another platform because on a 45€ purchase, why do i end up paying 65€.It's a difference that I would prefer to put into shipping costs. Also had issues with the size being way smaller than expected so wouldn't recommend the app. Capitalism ruined everything yet again.",2026-07-28T11:18:51.000Z,2026-07-20T00:00:00.000Z,en,0,not-verified,false,Organic,Lea Desveaux,6a6873f67b418c2c0390ecdc,1,MT,"Hello, thank you for contacting us. At Temu, we have always been transparent about any fees charged. In addition to the item price, certain charges may apply in accordance with local regulations or policy requirements, such as taxes or other mandatory fees. All applicable charges are clearly displayed before payment and can be reviewed in your order confirmation email or receipt. If you have any questions about the order amount, please feel free to contact us via Temu.com or the Temu app live chat and provide your order details. We will assist with verification and be happy to provide further support. And we are sorry that you are not satisfied with some of your items.  We implement strict policies and control measures to ensure product quality and accurate product descriptions. Temu's Purchase Protection program offers full refunds if your items do not arrive, arrive damaged, or do not match the description or photos (https://www.temu.com/temu-purchase-protection.html). If you need further assistance, please message us through Temu.com or Temu app live chat. Best wishes, Temu team",2026-07-28T12:49:03.000Z
temu.com,id:6a68657c68319d440ce5219b,native_id,6a68657c68319d440ce5219b,https://www.trustpilot.com/reviews/6a68657c68319d440ce5219b,1,What a joke,What a joke! Now I have over $1000 free temu credit but somehow anytime I order the expensive item it is refunded with a $5 credit (No longer available) but I spend $30+ on minimum spend to get it…?,2026-07-28T10:17:00.000Z,2026-07-01T00:00:00.000Z,en,1,not-verified,false,Organic,Damien Mcleod,6a68656ec2526cef469e19ca,1,AU,"Hello, thank you for taking the time to share your feedback. To help us review the matter further, we kindly ask that you complete the Information Request Form we have sent and provide the requested details, such as your order number(typically starting with PO-xxx) or the email address associated with your Temu account. Once we receive the information, we will review your case and coordinate with the relevant team for further follow-up. If you have any additional questions or need further assistance, please feel free to contact us through the Temu website or the Temu app live chat via this link: https://share.temu.com/NWGRVrrOSMA. Thank you for your time, patience, and cooperation. Best wishes, Temu Team",2026-07-28T12:51:38.000Z
temu.com,id:6a6863ab835b607ebccb8523,native_id,6a6863ab835b607ebccb8523,https://www.trustpilot.com/reviews/6a6863ab835b607ebccb8523,1,Still trying to obtain a refund…,Still trying to obtain a refund Merchant that sold through Temu not responding and Temu not resolving issue. Keep asking for photos have sent them over 5 times and still not getting anywhere. I am now having to try and get this resolved via my bank. Do not use Temu I won’t be using ever again they don’t care about customers. This has been going on over a week now!,2026-07-28T10:09:15.000Z,2026-07-28T00:00:00.000Z,en,1,not-verified,false,Organic,Anna Stelforth,6585f57763d842001349025a,4,GB,"Hello, thank you for reaching out to us. We are sorry for any inconvenience caused. Customer satisfaction is of the utmost importance and we are constantly working to improve our service quality. If you need further assistance, please message us through Temu.com or Temu app live chat. We appreciate you giving us another chance to serve you. Best wishes, Temu team",2026-07-28T12:08:48.000Z
temu.com,id:6a685fb1bfdfad17f0ea56c6,native_id,6a685fb1bfdfad17f0ea56c6,https://www.trustpilot.com/reviews/6a685fb1bfdfad17f0ea56c6,1,Keep on getting spam and say u get free…,Keep on getting spam and say u get free gift and end up need to make payment then it's not free go back to school and learn the word free.... I picked like that say fill details and send to people end up spamming my contacts and got nothing to show.... And the product send to me was rong and broken never got te free gifts... ,2026-07-28T09:52:17.000Z,2026-07-28T00:00:00.000Z,en,0,not-verified,false,Organic,mitch petrie,69ffa77f621914685b61c12e,1,ZA,"Hello, thank you for reaching out and we are sorry that you are experiencing difficulties with our referral rewards program. Customer satisfaction is of the utmost importance and we are constantly working to improve our service quality. For help with your referral link or questions about your rewards status, please contact us again through Temu.com or Temu app live chat so we can help you investigate right away. Have a great day! Best wishes, Temu team",2026-07-28T12:08:56.000Z
temu.com,id:6a6842e30aae9820cb2f944a,native_id,6a6842e30aae9820cb2f944a,https://www.trustpilot.com/reviews/6a6842e30aae9820cb2f944a,1,Dont sell or buy on here,"I m not hear to talk about products people buy on temu, cause everyone already knows it's waste of money. I m here as a USA brand selling on temu, I am USA registred and my business is 100% legal, I sell in different platforms with no problem. But temu after selling for few months they decided to suspend my account and seize my funds, 11 months of negotiation but they refuse to release my funds for no clear reason. I am taking legal action to get my funds back. Dont sell or buy on this platform.",2026-07-28T07:49:23.000Z,2026-07-28T00:00:00.000Z,en,0,not-verified,false,Organic,Lake blue,6192c25d63d25e00138340d0,4,US,"Hello, thank you for reaching out to us. We are sorry for any inconvenience caused. Customer satisfaction is of the utmost importance and we are constantly working to improve our service quality. If you need further assistance, please message us through Temu.com or Temu app live chat. We appreciate you giving us another chance to serve you. Best wishes, Temu team",2026-07-28T12:09:12.000Z
temu.com,id:6a68111446c44eaa59579e86,native_id,6a68111446c44eaa59579e86,https://www.trustpilot.com/reviews/6a68111446c44eaa59579e86,1,A terrible experience—they are thieves…,"A terrible experience—they are thieves and scammers. You should only buy from them using PayPal; with any other payment method, you risk losing your money. These people are pathological liars who will deceive you. If you contact customer support, the representatives don't speak English at all; they just use copy-paste responses. After you pay for an item, they don't ship it. Don't be fooled into thinking they have a local warehouse—none of that exists; everything is shipped from China, even though they don't show you the actual transit process. I believe they should be banned from the United States, just as happened in Europe; they sell a lot of dangerous products and even spy on you. Under no circumstances should you install their app on your phone—just be very careful with them.Their representatives just apologize and claim to understand your problem—but they don't understand a damn thing. They don't grasp what you're writing at all; they just run your text through a translator and send you canned responses. Still, they do a great job of apologizing and insisting that they understand everything.Just look at how much junk is left behind when you leave their site—up to 500 MB; you definitely need to clean it out after using it.What they show is one thing, but what arrives is something else entirely: the photo depicts several items, yet they sell only one—it’s a complete scam, and there’s no description either. And it’s impossible to talk to the support staff—they don’t know English at all; I’ve already mentioned this.Don't trust the reviews left on their site; they're full of bots. Even the negative ones are posted by bots—just to make it look like there are negative reviews too.",2026-07-28T04:16:52.000Z,2026-07-10T00:00:00.000Z,en,1,not-verified,false,Organic,Booster Jet,5e58950f1a91693f4da47be7,2,US,"Hello, thank you for reaching out to us. We are sorry for any inconvenience caused. Customer satisfaction is of the utmost importance and we are constantly working to improve our service quality. We will follow up on this matter. If you need further assistance, please message us through Temu.com or Temu app live chat. We appreciate you giving us another chance to serve you. Best wishes, Temu team",2026-07-28T11:54:39.000Z
temu.com,id:6a680e6453f2025a90e385d1,native_id,6a680e6453f2025a90e385d1,https://www.trustpilot.com/reviews/6a680e6453f2025a90e385d1,1,Temu is like Shein they are putting…,"Temu is like Shein they are putting their prices up in the cart, the red price you thought you were paying has gone and increased ",2026-07-28T04:05:24.000Z,2026-07-28T00:00:00.000Z,en,0,not-verified,false,Organic,Louise Gill,6a680e53b06fbf802ff8cfd0,1,AU,"Hello, thank you for reaching out to us. We are sorry for any inconvenience caused. Customer satisfaction is of the utmost importance and we are constantly working to improve our service quality. We will follow up on this matter. If you need further assistance, please message us through Temu.com or Temu app live chat. We appreciate you giving us another chance to serve you. Best wishes, Temu team",2026-07-28T11:55:26.000Z
temu.com,id:6a6806efcb322899c70ff49f,native_id,6a6806efcb322899c70ff49f,https://www.trustpilot.com/reviews/6a6806efcb322899c70ff49f,1,Trying to tell me that I can’t review a…,Trying to tell me that I can’t review a refund because the item has already been shipped when I only ordered it 30 seconds ago seems like some people are very mentally challenged,2026-07-28T03:33:35.000Z,2026-07-28T00:00:00.000Z,en,0,not-verified,false,Organic,Flicky FN,6a6806ea7b418ca70f908eeb,1,GB,"Hello, thank you for reaching out to us. We are sorry for any inconvenience caused. Customer satisfaction is of the utmost importance and we are constantly working to improve our service quality. We will follow up on this matter. If you need further assistance, please message us through Temu.com or Temu app live chat. We appreciate you giving us another chance to serve you. Best wishes, Temu team",2026-07-28T11:55:35.000Z
temu.com,id:6a67fedeee3068031e64c8be,native_id,6a67fedeee3068031e64c8be,https://www.trustpilot.com/reviews/6a67fedeee3068031e64c8be,3,I order some products from Temu,"I order some products from Temu, and there was to much delay in delivery",2026-07-28T02:59:10.000Z,2026-07-01T00:00:00.000Z,en,0,not-verified,false,Organic,Mike Henson,687939b420554d022e401604,3,US,"Hello, thank you for shopping with us and we are sorry you are experiencing difficulties with your recent orders. Temu is an e-commerce company that connects consumers with a network of merchandise partners, manufacturers and brands with the mission to empower consumers to live their best lives. We work with reliable logistics partners to ensure that your order is delivered reliably and efficiently. You can track your shipping status and see your expected delivery date directly in the Temu app or on Temu.com. If your order arrives later than the estimated delivery date, you will receive Temu credits as a sign of appreciation for your patience. Finally, if your items do not arrive, arrive damaged, or do not match the description or photos, you will be offered a full refund under Temu's Purchase Protection program (https://www.temu.com/temu-purchase-protection.html). Customer satisfaction is of the utmost importance and we are constantly working to improve our service quality. If you need further assistance, please message us through Temu.com or Temu app live chat. We appreciate you giving us another chance to serve you. Best wishes, Temu team",2026-07-28T11:56:37.000Z
temu.com,id:6a67e5b5f910df01321db836,native_id,6a67e5b5f910df01321db836,https://www.trustpilot.com/reviews/6a67e5b5f910df01321db836,1,Temu tries to trick customers.Advertize…,"Temu tries to trick customers.Advertize a price and adds other things when you place order.
I will write another review with picture; as I am unable to add pictures here
",2026-07-28T01:11:49.000Z,2026-07-08T00:00:00.000Z,en,1,not-verified,false,Organic,MP,62ad199c3dc85d0012e4d68a,6,US,"Hello, thank you for contacting us. At Temu, we have always been transparent about any fees charged. In addition to the item price, certain charges may apply in accordance with local regulations or policy requirements, such as taxes or other mandatory fees. All applicable charges are clearly displayed before payment and can be reviewed in your order confirmation email or receipt. If you have any questions about the order amount, please feel free to contact us via Temu.com or the Temu app live chat and provide your order details. We will assist with verification and be happy to provide further support. Best wishes, Temu team",2026-07-28T07:40:10.000Z
temu.com,id:6a67d11f084d405388ead51f,native_id,6a67d11f084d405388ead51f,https://www.trustpilot.com/reviews/6a67d11f084d405388ead51f,1,I got a bed and mattress from the palce…,I got a bed and mattress from the place bunch of cowboys and they was not cheap and they send cheap nasty items instead nothing like on photos speak to customer service no help what so ever got offered 12 gbp back off a 300 gbp items for the seller to send knock off items think this place is wish.com knock off ,2026-07-27T23:43:59.000Z,2025-09-18T00:00:00.000Z,en,0,not-verified,false,Organic,Mike,624c627f1cd3bb001282d225,9,GB,"Hello, thank you for shopping on Temu! Your feedback is extremely valuable to us and we are sorry that you are not satisfied with some of your items. We implement strict policies and control measures to ensure product quality and accurate product descriptions. Temu's Purchase Protection program offers full refunds if your items do not arrive, arrive damaged, or do not match the description or photos (https://www.temu.com/temu-purchase-protection.html). To apply for a refund, login to the Temu app or Temu.com with the account used for your order, open the ""Your orders"" page, and click ""Return/Refund."" For detailed return instructions, please visit https://www.temu.com/return-and-refund-policy.html. You can choose to receive your refund back to your original payment method or as Temu credits. Temu credits will appear in your Temu credit balance within 3 minutes and can be used immediately. If you choose to receive your refund back to your original payment method, please allow 5-14 business days for it to appear since timing depends on your financial institution. If you need further assistance, please message us through Temu.com or Temu app live chat. Best wishes, Temu team",2026-07-28T07:33:25.000Z
temu.com,id:6a67c978aa74b40b64e12fea,native_id,6a67c978aa74b40b64e12fea,https://www.trustpilot.com/reviews/6a67c978aa74b40b64e12fea,1,Second order never got my items,Second order never got my items.    Here’s a tip you are better off using Amazon at least they Reship the item and give you compensation too.   Got an email from the courier and it’s not a local warehouse as stated.   The email sent was in Chinese.   Buyer beware of fraud ,2026-07-27T23:11:20.000Z,2026-07-25T00:00:00.000Z,en,0,not-verified,false,Organic,Tammy,5ad0cee74de5666d3467ec1c,214,US,"Hello, thank you for shopping with us and we are sorry you are experiencing difficulties with your recent orders. Temu work with reliable logistics partners to ensure that your order is delivered reliably and efficiently. Most packages arrive between 7-15 business days. You can track your shipping status and see your expected delivery date directly in the Temu app or on Temu.com. If the tracking status is not updated for 15 days, you can request a full refund and keep your items when they arrive. If your order arrives later than the estimated delivery date, you will receive Temu credits as a sign of appreciation for your patience. Finally, if your items do not arrive, arrive damaged, or do not match the description or photos, you will be offered a full refund under Temu's Purchase Protection program (https://www.temu.com/temu-purchase-protection.html). Customer satisfaction is of the utmost importance and we are constantly working to improve our service quality.",2026-07-28T07:39:12.000Z
temu.com,id:6a67c91f28f76b8dd84054cb,native_id,6a67c91f28f76b8dd84054cb,https://www.trustpilot.com/reviews/6a67c91f28f76b8dd84054cb,1,"Temu Fraud & One month later, complaint not resolved.","I filed a complaint and ticket with Temu over a month ago after fraud was committed by Temu themselves.  After more than a month, the issue is still not resolved.  What legitimate company does not deal with a complaint after a full month. Instead they just send and respond to emails saying someone will deal with it soon.  It is clear they have no intention of doing so.

Temu gets 0 Stars, but unfortunately that is not an option available. They committed fraud & bait & switch.

Two major issues. First, Temu processed an order I did NOT make. I had put some items in my cart, but I didn't process the order.  When later I saw an email saying payment had been taken and an order had been initiated, I contacted them to inform them I did NOT make the order and to cancel the order.  They refused, despite the fact that alleged 'order' had just been made and obviously it hadn't been processed and it certainly hadn't been shipped.  Surprise, Surprise.  Obviously they didn't want to refund the order, because the order had been fraudulently taken in the first place.  It was within the 14 days on an online 'purchase' (so I had a right to cancel), I didn't make the order in the first place (so they should have refunded a payment they were not allowed to take) and it hadn't been processed or shipped (so they should have refunded my money immediately). Instead they sent an order I didn't want.  

Second, they promised me SIX FREE GIFTS, but then didn't give the gifts and later said I didn't get the gifts because I need to spend a certain amount of money to get the gifts.  It didn't say that when the gifts were being offered and I spent about 1.5 hours choosing my gifts. This is called ""Bait and Switch"" which is highly illegal.  However, later the gifts were not offered to me or sent to me. I have been in several conversations with customer service since and they refuse to help me.  They just keep going round and round in circles.  

To start with, they sent the items I didn't order.  Then they refuse to refund the order and also refuse to send the 6 free gifts.  I made a formal complaint and they promised a manager would contact me in a few hours.  Instead it has been more than a month and they keep delaying further days. They have wasted so much of my time and caused so much stress. 

I reminded them of the Consumer Protection from Unfair Trading Regulations 2008 (CPRs). ​This law contains a ""Blacklist"" of 31 commercial practices that are banned in all circumstances, regardless of what the fine print says.

​Banned Practice #20: It is completely illegal to describe a product as ""gratis"", ""free"", ""without charge"", or similar if the consumer has to pay anything other than the unavoidable cost of responding to the advertisement or collecting/paying for delivery of the item.

​Banned Practice #6 (""Bait-and-Switch""): It is illegal to promote a specific product at a specific price (or for free) if the business actually intends to substitute it with a different requirement or force you into a different commercial transaction (like buying other goods to ""unlock"" it).  

Despite this reminder they remained unphased.

I am warning you, never give Temu your payment details or name or contact details.  They are a dodgy company and do not have an issue with committing fraud.  Who knows what else they are doing with your details. Never fall for their free gifts trick.  It is a scam.

Steer far clear from Temu!!!",2026-07-27T23:09:51.000Z,2026-07-27T00:00:00.000Z,en,1,not-verified,false,Organic,Brian Vander Waal,5c05c47b59b6240fd90d662c,49,GB,"Hello! Thank you for contacting us. We truly appreciate your effort in bringing this matter to our attention. Based on the information you provided, our support team is currently reviewing and investigating the issue. There is currently an open ticket regarding your situation, so we kindly ask that you continue monitoring the updates through the Temu app. You are also welcome to reply directly to the ticket if needed. If you require any further assistance, please feel free to contact us via the live chat on Temu.com or through the Temu app. We appreciate you giving us another chance to serve you. Best regards, Temu Team",2026-07-28T07:16:47.000Z
temu.com,id:6a67bdc8b346173b1bd1a95a,native_id,6a67bdc8b346173b1bd1a95a,https://www.trustpilot.com/reviews/6a67bdc8b346173b1bd1a95a,1,You will loose a lot of money being scammed,"Not a trustworthy place to shop on line do not buy from this company  they tried to place my order with pay pall , and said they will be refunding me , this is not the first time there’s been this sort of move on from them, l have now unsubscribed and removed my debit card 
And another one , l will not get any solution or support from them , you are talking with robots 
Repetitive nonsense from them that are not understanding ",2026-07-27T22:21:28.000Z,2026-07-27T00:00:00.000Z,en,0,not-verified,false,Organic,Sydney,5cf134bf0d0a0c9377b97e35,33,GB,"Hello, thank you for reaching out to us. We are sorry for any inconvenience caused. Your case is out of the norm. Customer satisfaction is of the utmost importance and we are constantly working to improve our service quality. If you need further assistance, please message us through Temu.com or Temu app live chat via this link: https://share.temu.com/NWGRVrrOSMA. We appreciate you giving us another chance to serve you. Best wishes, Temu Team",2026-07-28T07:19:11.000Z
temu.com,id:6a67bd894d382f6ee348b5e0,native_id,6a67bd894d382f6ee348b5e0,https://www.trustpilot.com/reviews/6a67bd894d382f6ee348b5e0,1,Terrible experience,"Terrible experience! Incompetent and dishonest customer service.

It has been more than 15 days since I encountered a blocking issue (unable to pay or complete my order with zero solution provided from their side). The customer support team only repeats automated messages, promises fake ""investigations"" that they never actually conduct, and completely refuses to find a solution or offer any compensation.

No follow-up, zero respect for customers, and total indifference. Stay away from this company if you don't want to waste your time and money.
",2026-07-27T22:20:25.000Z,2026-07-27T00:00:00.000Z,en,1,not-verified,false,Organic,Amir Barca,6a67bd65c2526c2f979d947d,1,FR,"Hello, thank you for taking the time to share your feedback. To help us review the matter further, we kindly ask that you complete the Information Request Form we have sent and provide the requested details, such as your email address associated with your Temu account. Once we receive the information, we will review your case and coordinate with the relevant team for further follow-up. If you have any additional questions or need further assistance, please feel free to contact us through the Temu website or the Temu app live chat via this link: https://share.temu.com/NWGRVrrOSMA. Thank you for your time, patience, and cooperation. Best wishes, Temu Team",2026-07-28T07:17:39.000Z
temu.com,id:6a679318cbd512236eee399b,native_id,6a679318cbd512236eee399b,https://www.trustpilot.com/reviews/6a679318cbd512236eee399b,1,have been trying for weeks to speak…,"have been trying for weeks to speak with a person to update and verify my shipping details because they do NOT follow delivery instructions. This results in my packages being stolen. I have specifically asked them to NOT leave packages by the mailboxes at my apartment complex but to instead leave them outside of the apartment door, this will reduce the likelihood of them being stolen. There are signs all around that request this as well. It is never followed. I have been trying aimlessly to speak with someone regarding this matter but I’m only met with information stating that my Temu package is not with the Last Mile delivery company and that they aren’t able to help me. This is incredibly frustrating and will almost certainly backfire on my end and will cause me to lose money and time. How hard is it to speak with a real person? I just need to know what my options are. I just need to either confirm that they can follow the delivery notes and leave the package outside of my apartment door which they failed to do on the last two times and resulted in me losing merchandise or simply update my delivery address and have it sent to a new secure location. I did try and change the address very early on before it was shipped and the system would not let me make any changes. Again, incredibly frustrating. ",2026-07-27T19:19:20.000Z,2026-07-17T00:00:00.000Z,en,0,not-verified,false,Organic,Rem Cee,6a2754c74a5f81876188f3c7,10,US,"Hello, thank you for reaching out to us. We are sorry for any inconvenience caused. Customer satisfaction is of the utmost importance and we are constantly working to improve our service quality. If you need further assistance, please message us through Temu.com or Temu app live chat. We appreciate you giving us another chance to serve you. Best wishes, Temu team",2026-07-28T03:21:29.000Z
temu.com,id:6a676253a70d1f7ee9da2196,native_id,6a676253a70d1f7ee9da2196,https://www.trustpilot.com/reviews/6a676253a70d1f7ee9da2196,5,excellent,exellent shopping platform. Products are various. we find good and less good products. So choice should be well done. But the customer's service is helpful and fast. So happy with my different experiences with Temu. Never disappointed by the customer's serivce. They never gave me trouble. Perfect,2026-07-27T15:51:15.000Z,2026-07-27T00:00:00.000Z,en,0,not-verified,false,Organic,khalil,68a6fc2b9600694a0f0bfe8d,20,FR,"Hello, thank you for shopping with us and sharing your 5-star experience! We are so glad you've been enjoying your experience so far. Customer satisfaction is of the utmost importance and we are constantly working to improve our service quality. If you need any assistance, please message us through Temu.com or Temu app live chat. Best wishes, Temu team",2026-07-28T08:18:56.000Z
temu.com,id:6a67622a87b36086a8db7703,native_id,6a67622a87b36086a8db7703,https://www.trustpilot.com/reviews/6a67622a87b36086a8db7703,1,wrong payment typed,"team, you actually used my debit card instead of the card that was on my file my debit card had been removed and still has been charged and I’m not able to get reimbursed. This is a terrible company to do business with.",2026-07-27T15:50:34.000Z,2026-07-17T00:00:00.000Z,en,2,not-verified,false,Organic,Debra Palumbo,6a676225ff3db221ddc581a4,1,US,"Hello, thank you for reaching out to us. We are sorry for any inconvenience caused. Customer satisfaction is of the utmost importance and we are constantly working to improve our service quality. If you need further assistance, please message us through Temu.com or Temu app live chat. We appreciate you giving us another chance to serve you. Best wishes, Temu team",2026-07-28T03:22:17.000Z
temu.com,id:6a6753762fcc17cb78dcb4ed,native_id,6a6753762fcc17cb78dcb4ed,https://www.trustpilot.com/reviews/6a6753762fcc17cb78dcb4ed,5,My favorite shop,My favorite shop! Dear Temu - please return back to Revolut Points program! I earned so much miles with you and it motivated me to purchase more and more through Temu!,2026-07-27T14:47:50.000Z,2026-07-27T00:00:00.000Z,en,0,not-verified,false,Organic,Petr Plenkov,5c915cd756e11170a6ccfad3,8,NL,"Hello, thank you for shopping with us and sharing your 5-star experience! We are so glad you've been enjoying your experience so far. Customer satisfaction is of the utmost importance and we are constantly working to improve our service quality. If you need any assistance, please message us through Temu.com or Temu app live chat. Best wishes, Temu team",2026-07-28T08:19:03.000Z
temu.com,id:6a6737fb434798e909e2b2d5,native_id,6a6737fb434798e909e2b2d5,https://www.trustpilot.com/reviews/6a6737fb434798e909e2b2d5,1,Waited from 31st may for my parcel  the…,Waited from 31st may for my parcel  the parcel  came in July I have sent the parcel  back  over a wk ago now still waiting  for my refund  115.90 disgusting  service  won't be buying  anything  every again  everytime  you track or get intouch  with customer  service  its just a waste  of time avoid  buying  from temu i have messaged  them about 30 times and still got now where they have a nerve to offer  20% off my next order  😅 why wud I order when its took nearly  3 months  for this order and still not got a refund ,2026-07-27T12:50:35.000Z,2026-07-27T00:00:00.000Z,en,1,not-verified,false,Organic,Louise Burrows,5e6667c21c7f4fc3584b229c,12,GB,"Hello, thank you for reaching out to us. We are sorry for any inconvenience caused. Customer satisfaction is of the utmost importance and we are constantly working to improve our service quality. We will follow up on this matter. If you need further assistance, please message us through Temu.com or Temu app live chat. We appreciate you giving us another chance to serve you. Best wishes, Temu team",2026-07-28T03:31:56.000Z
temu.com,id:6a67368ac56861535f9d5d6a,native_id,6a67368ac56861535f9d5d6a,https://www.trustpilot.com/reviews/6a67368ac56861535f9d5d6a,1,Temu = thieves.,"Temu = thieves.
Fail to deliver some packages, they dont even take a second to really providence proof of delivery with signature. All they do is to steal your money. Dont order. Poor customer service, they mention a name but pretty sure its all based on AI.",2026-07-27T12:44:26.000Z,2026-07-27T00:00:00.000Z,en,1,not-verified,false,Organic,Théo Hakm,596c7a840000ff000ab01e53,3,FR,"Hello, thank you for reaching out to us. We are sorry for any inconvenience caused. Customer satisfaction is of the utmost importance and we are constantly working to improve our service quality. We will follow up on this matter. If you need further assistance, please message us through Temu.com or Temu app live chat. We appreciate you giving us another chance to serve you. Best wishes, Temu team",2026-07-28T03:32:11.000Z
temu.com,id:6a6725cf66f6022f1d223575,native_id,6a6725cf66f6022f1d223575,https://www.trustpilot.com/reviews/6a6725cf66f6022f1d223575,1,As I said in my previous review a 1 is…,"As I said in my previous review a 1 is generous. 
I week later and their chat line is a joke. Keep repeating themselves with the same answer but don’t tell  you what the anomalies are. 
No phone line you can call, so really customer service is not a priority with this company.  I received a message from them which told me absolutely nothing so I am still no further forward or wiser to what the issue is. ",2026-07-27T11:33:03.000Z,2026-07-25T00:00:00.000Z,en,2,not-verified,false,Organic,Norma,5396e2c00000640001787545,127,GB,"Hello, thank you for reaching out to us. We are sorry for any inconvenience caused. Customer satisfaction is of the utmost importance and we are constantly working to improve our service quality. We will follow up on this matter. If you need further assistance, please message us through Temu.com or Temu app live chat. We appreciate you giving us another chance to serve you. Best wishes, Temu team",2026-07-28T03:32:32.000Z
temu.com,id:6a671c71cb88319a735ffd75,native_id,6a671c71cb88319a735ffd75,https://www.trustpilot.com/reviews/6a671c71cb88319a735ffd75,1,Urgent Demand for Immediate Refund!,"Urgent Demand for Immediate Refund!

This level of irresponsibility and gross violation of consumer rights goes beyond all limits! This is by far the worst and most severe experience I have ever had on this platform.

The situation is as follows:

Deceptive Delivery Times: I placed the order on July 6. The website clearly stated that delivery in Georgia would take 2 working days, but in reality, the items were only delivered on July 12.

Damaged and Defective Goods: The items arrived completely damaged and stained.

Ignorance and Delays: Ever since July 12, I have continuously requested a refund, but instead of a resolution, I am met with confusion and stalling. Neither has a courier come to pick up the items, nor has my money been refunded.

I Demand:

An immediate, unconditional refund for both orders.

That you stop harassing me with courier calls and empty promises.

If this matter is not resolved in the shortest possible time, I will be forced to publicize this case on international consumer platforms and formally appeal to consumer protection organizations!",2026-07-27T10:53:05.000Z,2026-07-27T00:00:00.000Z,en,0,not-verified,false,Organic,Ekaterinaisiani Isiani,6a671c5e7b418c99048f1db4,1,GE,"Hello, thank you for reaching out to us. We are sorry for any inconvenience caused. Customer satisfaction is very important to us, and we are continuously working to improve our service. Thank you for sharing the relevant information, and we have already escalated your issue with the relevant team for further follow-up. If you need any additional assistance, please feel free to message us through Temu.com or the Temu app live chat via this link: https://share.temu.com/NWGRVrrOSMA. We appreciate your patience and understanding. Best wishes, Temu Team",2026-07-27T12:52:38.000Z
temu.com,id:6a6718a38ec36b30aa080981,native_id,6a6718a38ec36b30aa080981,https://www.trustpilot.com/reviews/6a6718a38ec36b30aa080981,1,Return but don't receive refund ,I want to share my experience with temu I have returned my three combined returns in one parcel then I don't receive my refund because temu don't want to refund me when I ask them why they refuse to admit their any responsibility although I have provide them all the evidence related to my return like the courier chat the return receipt I receive from courier but they say they don't refund me so I come here to aware other temu is just a scam they take your money and then doesn't reply on for issues and refuse to admit their mistake they lost my parcels now they're making lame excuse to avoid refund I also attached there chat screenshot you can see ,2026-07-27T10:36:51.000Z,2026-07-09T00:00:00.000Z,en,0,not-verified,false,Organic,Blue Pearls,6a671879b06fbf6417f7505d,1,PK,"Hello, thank you for reaching out to us. We are sorry for any inconvenience caused. Customer satisfaction is of the utmost importance and we are constantly working to improve our service quality. We will follow up on this matter. If you need further assistance, please message us through Temu.com or Temu app live chat. We appreciate you giving us another chance to serve you. Best wishes, Temu team",2026-07-27T12:46:05.000Z
temu.com,id:6a670402cd7638680ad445ab,native_id,6a670402cd7638680ad445ab,https://www.trustpilot.com/reviews/6a670402cd7638680ad445ab,1," PO-014-15805518213750926 Deception, no guarantee of quality, misappropriation of goods from a warehouse, denial of evidence from the warehouse!","It's impossible to contact you via chat. Only robots respond. Open tickets are closed by agents who don't even understand what's going on! I'm specifically talking about a phone holder for a telescope. I'm tired of showing photos from the warehouse where the camera shows two items, but they refund only one. But in the ticket, the agent writes that after checking, I was only refunded for the item that arrived at the warehouse! What kind of verification? Why did you install a camera if, with camera data, you still claim the item is missing, even though the camera shows two items!!! I won't waste my energy anymore. I'll simply take this matter to court!
 PO-014-15805518213750926  I am writing this review out of utter frustration with this company's non-existent warranty and terrible customer support.
I ordered two phone holders for a telescope (one for myself and one as a gift). Since the quality was disappointing, I followed their instructions and returned the items — in the exact same condition I received them. However, the warehouse only refunded me for ONE item instead of two!
What makes this even worse is that the warehouse’s own photos and video proof clearly show BOTH items present in my returned package. Despite this obvious evidence, support has been dragging their feet for over two weeks, sending me automated template responses claiming they are ""waiting for a reply from the warehouse.""
It is no surprise that countries everywhere are fining your company and people are boycotting you due to an endless flood of complaints. You advertise warranties and protection, but in reality, you violate customer rights and withhold money that isn't yours. Take real measures to fix your business operations or just close your shop down entirely!
I demand an immediate refund for my second item. I refuse to ever order from this platform again. Stop sending useless templates and give me my money back!",2026-07-27T09:08:50.000Z,2026-07-27T00:00:00.000Z,en,0,not-verified,false,Organic,Mata Mamedova,6a65e5bfff3db24adbc3e14f,1,AZ,"Hello, thank you for reaching out to us. We are sorry for any inconvenience caused. Customer satisfaction is very important to us, and we are continuously working to improve our service. Thank you for sharing the relevant information, and we have already escalated your issue with the relevant team for further follow-up. If you need any additional assistance, please feel free to message us through Temu.com or the Temu app live chat via this link: https://share.temu.com/NWGRVrrOSMA. We appreciate your patience and understanding. Best wishes, Temu Team",2026-07-27T12:50:20.000Z
temu.com,id:6a66f435f84d1445d9887b71,native_id,6a66f435f84d1445d9887b71,https://www.trustpilot.com/reviews/6a66f435f84d1445d9887b71,1,The temu app ,"The temu app with all of their ""promotions"" is a scam. I played along to find out if they would follow through with their offers just to be constantly baited to keep purchasing. As far as I'm concerned I'll be taking my business elsewhere. The only regret i have is I wish I could give Temu less than 1 star. ",2026-07-27T08:01:25.000Z,2026-07-27T00:00:00.000Z,en,1,not-verified,false,Organic,David Staats,6a66f2e3c2526cd2cb9c2734,1,US,"Hello, thank you for participating in our promotional activities and we are sorry that you are experiencing difficulties. Customer satisfaction is of the utmost importance and we are constantly working to improve our service quality. Please contact us again through Temu.com or Temu app live chat so we can help you investigate right away. Best wishes, Temu team",2026-07-27T12:00:08.000Z
temu.com,id:6a66e9aaf08950a62ed11c52,native_id,6a66e9aaf08950a62ed11c52,https://www.trustpilot.com/reviews/6a66e9aaf08950a62ed11c52,1,I bought a flip phone online,I bought a flip phone online. And it's supposed to be a real phone I have all the screenshots and conversations. It has 4 sim card slots and is plastic they promised me a full refund I have the screenshots and now they don't no anything we're reviewing it. The phone is plastic doesn't work in America I was scammed and still don't have my money,2026-07-27T07:16:26.000Z,2026-06-01T00:00:00.000Z,en,1,not-verified,false,Organic,Tator Tignor,6a66e99e236e3d4e78e5cc59,1,US,"Hello, thank you for reaching out to us. We are sorry for any inconvenience caused. Customer satisfaction is of the utmost importance and we are constantly working to improve our service quality. We will follow up on this matter. If you need further assistance, please message us through Temu.com or Temu app live chat. We appreciate you giving us another chance to serve you. Best wishes, Temu team",2026-07-27T12:01:19.000Z
temu.com,id:6a66e09f5b8027b185ca2b3a,native_id,6a66e09f5b8027b185ca2b3a,https://www.trustpilot.com/reviews/6a66e09f5b8027b185ca2b3a,1,Scammers,"

Every time you open the Temu app, it displays flashy graphics claiming you’ve received money back that you can use to buy whatever you want within minutes. In my experience, those offers are misleading. As soon as you click on an item to check the offer and see the final price, the app charges your PayPal account for the full amount instead of applying the advertised credit. This has happened to me multiple times, forcing me to waste time canceling orders and contacting PayPal for refunds. I found the experience very deceptive and frustrating.
Look at their response in the bottom. They just threw few words like nothing happened. The reality they must have done this with thousands may be millions times. There are some old people who don’t have the patience to get their money back and they found their credit cards charged for a product they did not ment to buy. You guys should be band here in the USA.",2026-07-27T06:37:51.000Z,2026-07-25T00:00:00.000Z,en,3,not-verified,false,Organic,Al Gabsi,6a66e0967b418cbd028ed829,1,US,"Hello, thank you for reaching out to us. We are sorry for any inconvenience caused. Customer satisfaction is of the utmost importance and we are constantly working to improve our service quality. We will follow up on this matter. If you need further assistance, please message us through Temu.com or Temu app live chat. We appreciate you giving us another chance to serve you. Best wishes, Temu team",2026-07-27T12:02:57.000Z
temu.com,id:6a66d8cc5985929332d541c0,native_id,6a66d8cc5985929332d541c0,https://www.trustpilot.com/reviews/6a66d8cc5985929332d541c0,1,MEH!,"Overall, frustrating!!! Mostly click bait and lies to suck you in. Some stuff is OK mostly cheap crap. The longer your a customer the more your taken advantage of. Like it but I hate it ",2026-07-27T06:04:28.000Z,2026-07-27T00:00:00.000Z,en,2,not-verified,false,Organic,Brad Beard,6a66d8bf236e3dad8ae5c54a,1,AU,"Hello, thank you for shopping on Temu! Your feedback is extremely valuable to us and we are sorry that you are not satisfied with some of your items. We implement strict policies and control measures to ensure product quality and accurate product descriptions. Temu's Purchase Protection program offers full refunds if your items do not arrive, arrive damaged, or do not match the description or photos (https://www.temu.com/temu-purchase-protection.html). To apply for a refund, login to the Temu app or Temu.com with the account used for your order, open the ""Your orders"" page, and click ""Return/Refund."" For detailed return instructions, please visit https://www.temu.com/return-and-refund-policy.html. You can choose to receive your refund back to your original payment method or as Temu credits. Temu credits will appear in your Temu credit balance within 3 minutes and can be used immediately. If you choose to receive your refund back to your original payment method, please allow 5-14 business days for it to appear since timing depends on your financial institution. If you need further assistance, please message us through Temu.com or Temu app live chat. Best wishes, Temu team",2026-07-27T12:04:06.000Z
temu.com,id:6a6698bdcbdb6fe7a2d8736e,native_id,6a6698bdcbdb6fe7a2d8736e,https://www.trustpilot.com/reviews/6a6698bdcbdb6fe7a2d8736e,2,Their AI chatbot lies and tries to tell you it is a real person,"Their AI chatbot lies and tries to convince you that it is a real person by telling you that it is ""a consumer"" itself. Under UK consumer law it is illegal to mislead consumers and there are several similar laws in other countries that temu is blatantly and purposefully breaking by programming its chatbot to try to trick people into thinking it is a person. Someone who doesn't know as much about AI could easily fall for it which, again, is illegal.",2026-07-27T01:31:09.000Z,2026-07-27T00:00:00.000Z,en,1,not-verified,false,Organic,Silas Rhodes,685923768a537535f677a8d2,9,GB,"Hello, thank you for reaching out to us. We are sorry for any inconvenience caused. Customer satisfaction is of the utmost importance and we are constantly working to improve our service quality. If you need further assistance, please message us through Temu.com or Temu app live chat by this link: https://share.temu.com/NWGRVrrOSMA. We appreciate you giving us another chance to serve you. Best wishes, Temu team",2026-07-27T08:58:35.000Z
temu.com,id:6a667c00e7eae45c88ba78ce,native_id,6a667c00e7eae45c88ba78ce,https://www.trustpilot.com/reviews/6a667c00e7eae45c88ba78ce,1,Extremely disappointed they claim to…,Extremely disappointed they claim to deliver the products in 4 days or 2days and when you receive the products it will take 14 days. Absolute rubbish a bunch of thieves and liars this people cant really be trusted to shop again. ,2026-07-26T23:28:32.000Z,2026-07-26T00:00:00.000Z,en,1,not-verified,false,Organic,Francesko,6a4fdec515b72e8d4ffa2188,3,GB,"Hello, thank you for shopping with us and we are sorry you are experiencing difficulties with your recent orders. We work with reliable logistics partners to ensure that your order is delivered reliably and efficiently. Most packages arrive between 7-13 business days. You can track your shipping status and see your expected delivery date directly in the Temu app or on Temu.com. If the tracking status is not updated for 15 days, you can request a full refund and keep your items when they arrive. If your order arrives later than the estimated delivery date, you will receive Temu credits as a sign of appreciation for your patience. Finally, if your items do not arrive, arrive damaged, or do not match the description or photos, you will be offered a full refund under Temu's Purchase Protection program (https://www.temu.com/temu-purchase-protection.html). Customer satisfaction is of the utmost importance and we are constantly working to improve our service quality.",2026-07-27T08:51:46.000Z
temu.com,id:6a6676d2b9a28665fa90b5bb,native_id,6a6676d2b9a28665fa90b5bb,https://www.trustpilot.com/reviews/6a6676d2b9a28665fa90b5bb,1,REBATE SCAM ,REBATE or reimbursement offer.  Beware of emails that offer rebates or reimbursement after a purchase.  Their system will automatically charge items that you add to your cart if you enter through the rebate email or site. CAUTION. ALERT. They bill and ship when added to the cart without any other approval.  Just don't shop at TEMU,2026-07-26T23:06:26.000Z,2026-07-15T00:00:00.000Z,en,1,not-verified,false,Organic,joann KLING,6a6676c8b06fbf4a88f6dbf0,1,US,"Hello, thank you for reaching out to us. We are sorry for any inconvenience caused. Your case is out of the norm. Customer satisfaction is of the utmost importance and we are constantly working to improve our service quality. If you need further assistance, please message us through Temu.com or Temu app live chat. We appreciate you giving us another chance to serve you. Best wishes, Temu Team",2026-07-27T09:28:36.000Z
temu.com,id:6a6668fafdf777958f3673c9,native_id,6a6668fafdf777958f3673c9,https://www.trustpilot.com/reviews/6a6668fafdf777958f3673c9,1,Never Again,"I used to enjoy shopping with Temu, but this experience has completely changed my opinion of the company.

My package was delayed, and after my delivery address was corrected, I was assured that my order would be delivered. Instead, I spent days trying to get answers from GOFO Carrier and was repeatedly ignored. There were no meaningful updates, no accountability, and no way to get a straight answer about where my package was.

When I contacted Temu, I received polite but generic responses saying they had “escalated” the issue. An apology without a solution is not customer service. The companies Temu chooses to deliver its orders represent the Temu brand, and GOFO’s complete lack of communication reflects very poorly on the company.

Customers shouldn’t have to chase a carrier for days just to get basic information about an order. After this experience, I no longer trust Temu with my purchases and will be taking my business elsewhere. 

Response to Temu’s Response: Thank you for your response, but this is now the third time I have been told my issue has been
""escalated,"" and absolutely nothing has changed.
I have received the same generic response repeatedly while my actual problem has gone unresolved.
Simply stating that the matter has been escalated is not a resolution. My package was mishandled, I was ignored for days, and despite multiple assurances that someone would follow up, no one has taken meaningful action.
This experience has shown a serious lack of accountability from both Temu and the carrier handling my order. Customers deserve more than automated apologies and repeated promises that lead nowhere.
Unless this issue is actually resolved instead of being ""escalated"" yet again, my review will remain as an accurate reflection of my experience. I will also continue sharing my experience on other review platforms so that other customers are aware of how this situation was handled.
I expect action—not another copy-and-paste response.


",2026-07-26T22:07:22.000Z,2026-07-23T00:00:00.000Z,en,0,not-verified,false,Organic,Alissa Buononato,6a6668f2c2526ce9799bdab7,2,US,"Hello, thank you for reaching out to us. We are sorry for any inconvenience caused. Customer satisfaction is very important to us, and we are continuously working to improve our service. Thank you for sharing the relevant information, and we have already escalated your issue with the relevant team for further follow-up. If you need any additional assistance, please feel free to message us through Temu.com or the Temu app live chat via this link: https://share.temu.com/NWGRVrrOSMA. We appreciate your patience and understanding. Best wishes, Temu Team",2026-07-27T09:23:02.000Z
temu.com,id:6a666112a9f399ab801856e5,native_id,6a666112a9f399ab801856e5,https://www.trustpilot.com/reviews/6a666112a9f399ab801856e5,5,Great items,Great items quality can be iffy but around good for the price ,2026-07-26T21:33:38.000Z,2026-07-26T00:00:00.000Z,en,0,not-verified,false,Organic,Caolàn Cumiskey,6a665fc57b418c26768e8b7c,1,IE,"Hello, thank you for shopping with us and sharing your 5-star experience! We are happy that you are pleased with your items. Your feedback is extremely valuable to us as we constantly strive to improve our service quality. If you need any assistance, please don't hesitate to message us through Temu.com or Temu app live chat. Best wishes, Temu team",2026-07-27T07:11:35.000Z
temu.com,id:6a6657250b45bd2b77bea931,native_id,6a6657250b45bd2b77bea931,https://www.trustpilot.com/reviews/6a6657250b45bd2b77bea931,1,Jeans,Most horrible pair of jeans I ever bought.   Has no zipper which I figured would be an automatic and the piece they put in the waist is just unreal - had to cut it out the day after I got them.   Just unreal - horrible,2026-07-26T20:51:17.000Z,2026-05-24T00:00:00.000Z,en,1,not-verified,false,Organic,Rosalie,581c01040000ff000a53f60f,9,CA,"Hello, thank you for shopping on Temu! Your feedback is extremely valuable to us and we are sorry that you are not satisfied with some of your items. We implement strict policies and control measures to ensure product quality and accurate product descriptions. Temu's Purchase Protection program offers full refunds if your items do not arrive, arrive damaged, or do not match the description or photos (https://www.temu.com/temu-purchase-protection.html). To apply for a refund, login to the Temu app or Temu.com with the account used for your order, open the ""Your orders"" page, and click ""Return/Refund."" For detailed return instructions, please visit https://www.temu.com/return-and-refund-policy.html. You can choose to receive your refund back to your original payment method or as Temu credits. Temu credits will appear in your Temu credit balance within 3 minutes and can be used immediately. If you choose to receive your refund back to your original payment method, please allow 5-14 business days for it to appear since timing depends on your financial institution. If you need further assistance, please message us through Temu.com or Temu app live chat. Best wishes, Temu team",2026-07-27T09:18:04.000Z
temu.com,id:6a6652e7eecb76bb4e9c406d,native_id,6a6652e7eecb76bb4e9c406d,https://www.trustpilot.com/reviews/6a6652e7eecb76bb4e9c406d,2,You never r know what you get with…,"You never r know what you get with temu. 
The clothes oftentimes dont look like on the picture and they are mostly made of polyester which looks super cheap and doesn't feel good on the skin. Clothes usually dont last long,quality is low and now they even make you pay for import charges which is something around half the price or more extra what you have to pay for clothes. It's not worth it. 

I ordered several times because I got shopping credit for the clothes that I didn't like or clothes that were to small.",2026-07-26T20:33:11.000Z,2026-07-26T00:00:00.000Z,en,1,not-verified,false,Organic,Jacky Oo,609374009172e5001a54b777,2,US,"Hello, thank you for shopping on Temu! Your feedback is extremely valuable to us and we are sorry that you are not satisfied with some of your items. We implement strict policies and control measures to ensure product quality and accurate product descriptions. Temu's Purchase Protection program offers full refunds if your items do not arrive, arrive damaged, or do not match the description or photos (https://www.temu.com/temu-purchase-protection.html). To apply for a refund, login to the Temu app or Temu.com with the account used for your order, open the ""Your orders"" page, and click ""Return/Refund."" For detailed return instructions, please visit https://www.temu.com/return-and-refund-policy.html. You can choose to receive your refund back to your original payment method or as Temu credits. Temu credits will appear in your Temu credit balance within 3 minutes and can be used immediately. If you choose to receive your refund back to your original payment method, please allow 5-14 business days for it to appear since timing depends on your financial institution. Also, at Temu, we have always been transparent about any fees charged. In addition to the item price, certain charges may apply in accordance with local regulations or policy requirements, such as taxes or other mandatory fees. All applicable charges are clearly displayed before payment and can be reviewed in your order confirmation email or receipt. If you need further assistance, please message us through Temu.com or Temu app live chat. Best wishes, Temu team",2026-07-27T09:27:52.000Z
temu.com,id:6a66513b212a8461cde14d1c,native_id,6a66513b212a8461cde14d1c,https://www.trustpilot.com/reviews/6a66513b212a8461cde14d1c,1,"I would like to order from temu, but","I would like to order from temu, the games they play pisses me off, why can't I browse, see something I want and buy it.  It takes forever to look for something,  stopping the games. Pat",2026-07-26T20:26:03.000Z,2026-07-21T00:00:00.000Z,en,0,not-verified,false,Organic,Patricia hoeflinger,6a66512aff3db21e31c450f8,1,US,"Hello, thank you for reaching out to us. We are sorry for any inconvenience caused. Customer satisfaction is of the utmost importance and we are constantly working to improve our service quality. If you need further assistance, please message us through Temu.com or Temu app live chat. We appreciate you giving us another chance to serve you. Best wishes, Temu team",2026-07-27T09:27:18.000Z
temu.com,id:6a660a19d6abef355446a39f,native_id,6a660a19d6abef355446a39f,https://www.trustpilot.com/reviews/6a660a19d6abef355446a39f,1,Temu uses the term credit or dollars nefariously,"Temu uses the term credit or dollars, which they NEVER DELIVER. They stated MULTIPLE TIMES, that I “won many jackpots” but never deliver. In order for me to collect I have to “purchase one more item”. The listing prices ARE NOT TRUTH. The sizes you see in the pictures are NOT WHAT THEY ARE IN THE PICTURE. I received damaged goods without replacement. The garden items are so small you cant see them in the garden unless I point them out! I have put such items in small plants.The “hanging planter metal rod” was bent with cheap made metal that could not support a bird house or plant. The “second rod” was less than three feet tall! This was very disappointing and the reason I pulled by credit card off and deleted the APP. They are borderline shady! ",2026-07-26T15:22:33.000Z,2026-07-14T00:00:00.000Z,en,1,not-verified,false,Organic,NurseRyan,6a660a10c2526cd8aa9b7b22,1,US,"Hello, thank you for shopping on Temu! Your feedback is extremely valuable to us and we are sorry that you are not satisfied with some of your items. We implement strict policies and control measures to ensure product quality and accurate product descriptions. Temu's Purchase Protection program offers full refunds if your items do not arrive, arrive damaged, or do not match the description or photos (https://www.temu.com/temu-purchase-protection.html). To apply for a refund, login to the Temu app or Temu.com with the account used for your order, open the ""Your orders"" page, and click ""Return/Refund."" For detailed return instructions, please visit https://www.temu.com/return-and-refund-policy.html. And we are sorry that you are experiencing difficulties with your rewards. Customer satisfaction is of the utmost importance and we are constantly working to improve our service quality. Please contact us again through Temu.com or Temu app live chat so we can help you investigate right away. Best wishes, Temu team",2026-07-27T09:26:37.000Z
temu.com,id:6a660257b7f0cb5cf6664724,native_id,6a660257b7f0cb5cf6664724,https://www.trustpilot.com/reviews/6a660257b7f0cb5cf6664724,1,Temu an outlet for scammers/ no quality control ,"I’ve had dealings with Temu as a customer for about two years. Initially I thought Temu, were not to blame, but their sellers. However over time I realised that Temu don’t quality control their sellers and the whole thing is a joint enterprise for scammers in which Temu facilitate.  Thus there are no incentives for their sellers not to scam sell. The incidents of incompetence are now too many to particularise. One example, I recently purchased an iPad from Temu, which couldn’t even be turned on. No lightening cable etc; as advertised. iPad couldn’t be examined for functionality and was returned within two hours of receipt. Yet Temu is delaying refund. ",2026-07-26T14:49:27.000Z,2026-07-25T00:00:00.000Z,en,0,not-verified,false,Organic,Amir Sultan,6a6602157b418c97e08e2be1,1,GB,"Hello, thank you for reaching out to us. We are sorry for any inconvenience caused. Customer satisfaction is of the utmost importance and we are constantly working to improve our service quality. We will follow up on this matter. If you need further assistance, please message us through Temu.com or Temu app live chat. We appreciate you giving us another chance to serve you. Best wishes, Temu team",2026-07-27T05:59:06.000Z
temu.com,id:6a66018df0154b127fce2dbe,native_id,6a66018df0154b127fce2dbe,https://www.trustpilot.com/reviews/6a66018df0154b127fce2dbe,1,When I played the game and ordered…,When I played the game and ordered eight for free and when I got the package it was filled with things that I didn’t order. Very fraud. I will not buy anything from temu,2026-07-26T14:46:05.000Z,2026-06-13T00:00:00.000Z,en,0,not-verified,false,Organic,Ginny Vance,6a52c9e6515c4d709c611575,2,US,"Hello, thank you for reaching out and we are sorry that you are experiencing difficulties with your order. If you received the wrong items, you may apply for a refund by messaging us through Temu.com or Temu app live chat. Simply type ""wrong item"" into the chat, select the item from your order that is wrong, and follow the directions on the screen to complete your refund application. You can choose to receive your refund back to your original payment method or as Temu credits. Temu credits will appear in your Temu credit balance within 3 minutes and can be used immediately. If you choose to receive your refund back to your original payment method, please allow 5-14 business days for it to appear since timing depends on your financial institution. If you need further assistance, please message us through Temu.com or Temu app live chat so we can help you. Best wishes, Temu team",2026-07-27T06:21:38.000Z
temu.com,id:6a65f85af91d47aa1013c103,native_id,6a65f85af91d47aa1013c103,https://www.trustpilot.com/reviews/6a65f85af91d47aa1013c103,1,I ordered a pair of 1kg weights and…,"I ordered a pair of 1kg weights and when they arrived they were 8kg each,  I contacted Temu who arranged for them to be collected.  The day came and went and the courier did not arrive.  I then emailed Temu but it went to the wrong address.  I finally managed to get through to a customer service agent.  She kept on putting me on hold whilst she reviewed the order and finally came back saying there was no order of that number on her system.  She checked again and then put me on hold so she could speak to her supervisor,  I was then cut off.  Since then I have been unable to sort this out and they still have not been collected.  I have not recieved the promised refund and now Temu have emailed to say they will close the query.
I am sick, sorry and tired of trying to sort this out with a company who avoid customer contact and complaints.  They are happy to take the money and try and upsell but should an issue arise they run for the trees.  
I think some of the items they sell are brilliant and very good quality but they need a serious rethink on customer services  - first priority is to involve the customer and be available. ",2026-07-26T14:06:50.000Z,2026-07-15T00:00:00.000Z,en,1,not-verified,false,Organic,JaneH,62ba6a3a03159e001266ceee,19,GB,"Hello, thank you for reaching out to us. We are sorry for any inconvenience caused. Customer satisfaction is of the utmost importance and we are constantly working to improve our service quality. We will follow up on this matter. If you need further assistance, please message us through Temu.com or Temu app live chat. We appreciate you giving us another chance to serve you. Best wishes, Temu team",2026-07-27T06:22:22.000Z
temu.com,id:6a65f6350afc1daffba72ffc,native_id,6a65f6350afc1daffba72ffc,https://www.trustpilot.com/reviews/6a65f6350afc1daffba72ffc,1,Very Disappointed ,"Promised discount, tokens, credit and free gifts never given. Disceptive pictures and descriptions. Poor quality goods. Incomplete orders. Difficult to impossible to contact and no reply to complaints. I will waste no more time or money with this company. ",2026-07-26T13:57:41.000Z,2026-07-26T00:00:00.000Z,en,3,not-verified,false,Organic,Dave Marler,65354888938dfd0012e85aba,5,GB,"Hello, thank you for reaching out to us. We are sorry for any inconvenience caused. Customer satisfaction is of the utmost importance and we are constantly working to improve our service quality. We will follow up on this matter. If you need further assistance, please message us through Temu.com or Temu app live chat. We appreciate you giving us another chance to serve you. Best wishes, Temu team",2026-07-27T06:22:40.000Z
temu.com,id:6a65ea0dd1973dd34ddcd9ab,native_id,6a65ea0dd1973dd34ddcd9ab,https://www.trustpilot.com/reviews/6a65ea0dd1973dd34ddcd9ab,1,Everything's wrong with it,"Everything's wrong with it. Instructions in tiny writing and in poor English. Every item not labeled in english  on its bag upon arrival. Rug I ordered had fold creases in it. Hats all in small sizes. Shoes etc hardly any mens shoes size 22+. Small plastic items unfit for job. Posters etc nothing like temu photo. Money off items or green items never appear and to frequent. Wrong colours sent. Items never arrive so make a list of what you've ordered. Items in photo are often tiny upon arrival. Including brackets,telescopes,keyboards etc. Too many photos all exactly the same. Packages torn. Posters crumpled.

",2026-07-26T13:05:49.000Z,2026-07-01T00:00:00.000Z,en,1,not-verified,false,Organic,Jms,60c14a20a70255001b7e7bda,55,GB,"Hello, thank you for shopping on Temu! Your feedback is extremely valuable to us and we are sorry that you are not satisfied with some of your items. We implement strict policies and control measures to ensure product quality and accurate product descriptions. Temu's Purchase Protection program offers full refunds if your items do not arrive, arrive damaged, or do not match the description or photos (https://www.temu.com/temu-purchase-protection.html). To apply for a refund, login to the Temu app or Temu.com with the account used for your order, open the ""Your orders"" page, and click ""Return/Refund."" For detailed return instructions, please visit https://www.temu.com/return-and-refund-policy.html. You can choose to receive your refund back to your original payment method or as Temu credits. Temu credits will appear in your Temu credit balance within 3 minutes and can be used immediately. If you choose to receive your refund back to your original payment method, please allow 5-14 business days for it to appear since timing depends on your financial institution. If you need further assistance, please message us through Temu.com or Temu app live chat. Best wishes, Temu team",2026-07-27T06:23:05.000Z
temu.com,id:6a65e6e89114b6eb4a71fc02,native_id,6a65e6e89114b6eb4a71fc02,https://www.trustpilot.com/reviews/6a65e6e89114b6eb4a71fc02,1,Don't use this crap Temu,"Don't use this crap Temu
💯 scam , this should be banned in Europe & let them scamming they own Chinese people. 
Nothing really works and when you are asking for refund they will give you a voucher which can't be use if don't spend again big money to order more crap, and Top of the Scam is the Voucher is valid for 3 days. WTF are the costumers protection in Europe doing???? 
Waste of money & I will never ever buying again ",2026-07-26T12:52:24.000Z,2026-07-25T00:00:00.000Z,en,3,not-verified,false,Organic,Laurentiu Preda,5b6bed744de5666d34d6d9d9,21,GB,"Hello, thank you for reaching out to us. We are sorry for any inconvenience caused. Customer satisfaction is of the utmost importance and we are constantly working to improve our service quality. We will follow up on this matter. If you need further assistance, please message us through Temu.com or Temu app live chat. We appreciate you giving us another chance to serve you. Best wishes, Temu team",2026-07-27T06:25:32.000Z
temu.com,id:6a65e23ff89e6f0c80ad3a4b,native_id,6a65e23ff89e6f0c80ad3a4b,https://www.trustpilot.com/reviews/6a65e23ff89e6f0c80ad3a4b,1,"If you want cheap,poor quality goods…","If you want cheap,poor quality goods that take forever to arrive, then you are in the right place ",2026-07-26T12:32:31.000Z,2026-07-22T00:00:00.000Z,en,3,not-verified,false,Organic,Caroline Blick,6a65e228b06fbfe872f643d0,1,GB,"Hello, thank you for shopping on Temu! Your feedback is extremely valuable to us and we are sorry that you are not satisfied with some of your items. We implement strict policies and control measures to ensure product quality and accurate product descriptions. You can track your shipping status and see your expected delivery date directly in the Temu app or on Temu.com. Temu's Purchase Protection program offers full refunds if your items do not arrive, arrive damaged, or do not match the description or photos (https://www.temu.com/temu-purchase-protection.html). To apply for a refund, login to the Temu app or Temu.com with the account used for your order, open the ""Your orders"" page, and click ""Return/Refund."" For detailed return instructions, please visit https://www.temu.com/return-and-refund-policy.html. You can choose to receive your refund back to your original payment method or as Temu credits. Temu credits will appear in your Temu credit balance within 3 minutes and can be used immediately. If you choose to receive your refund back to your original payment method, please allow 5-14 business days for it to appear since timing depends on your financial institution. If you need further assistance, please message us through Temu.com or Temu app live chat. Best wishes, Temu team",2026-07-27T06:27:25.000Z
temu.com,id:6a65cb2f8691f0e107c1add3,native_id,6a65cb2f8691f0e107c1add3,https://www.trustpilot.com/reviews/6a65cb2f8691f0e107c1add3,1,I rather go to the store myself,I rather go to the store myself,2026-07-26T10:54:07.000Z,2026-07-24T00:00:00.000Z,en,0,not-verified,false,Organic,Shima Israel,6a65699c236e3d1172e4b762,1,NG,"Hello, we greatly appreciate your feedback and are happy to assist with any questions or concerns you may have. Customer satisfaction is of the utmost importance and we are constantly working to improve our service quality. If you have any additional questions or concerns, please message us on our Temu.com or Temu app live chat. Best wishes, Temu team",2026-07-26T13:19:56.000Z
temu.com,id:6a65ba37c477fc9515ccdb1f,native_id,6a65ba37c477fc9515ccdb1f,https://www.trustpilot.com/reviews/6a65ba37c477fc9515ccdb1f,1,Temu scammed me ,"Temu scammed me 
 
At April my dad ordered a squishy and it’s not only the squishy. It’s also the other stuff so I ordered a squishy I want we got the squishy there was holding in it. There’s a moment you squish it’s popped. They gave us a pop squishy. It was already popped. It was in our hands. We squished it once and it was popped. and then my mom bought a dress and there’s holes in it too. It was ripped and it was April and it came at the start the middle of July which is called me unbelievable. The others don’t take this much time. The other apps are much better.",2026-07-26T09:41:44.000Z,2026-01-01T00:00:00.000Z,en,0,not-verified,false,Organic,Amina Umair Sheikh,6a65ba2c7b418c301d8de73d,1,PK,"Hello, thank you for shopping on Temu! Your feedback is extremely valuable to us and we are sorry that you are not satisfied with some of your items. We implement strict policies and control measures to ensure product quality and accurate product descriptions. Most packages arrive between 5-13 business days. If your order arrives later than the estimated delivery date, you will receive Temu credits as a sign of appreciation for your patience. Temu's Purchase Protection program offers full refunds if your items do not arrive, arrive damaged, or do not match the description or photos (https://www.temu.com/temu-purchase-protection.html). To apply for a refund, login to the Temu app or Temu.com with the account used for your order, open the ""Your orders"" page, and click ""Return/Refund."" For detailed return instructions, please visit https://www.temu.com/return-and-refund-policy.html. You can choose to receive your refund back to your original payment method or as Temu credits. Temu credits will appear in your Temu credit balance within 3 minutes and can be used immediately. If you choose to receive your refund back to your original payment method, please allow 5-14 business days for it to appear since timing depends on your financial institution. If you need further assistance, please message us through Temu.com or Temu app live chat. Best wishes, Temu team",2026-07-26T13:24:40.000Z
temu.com,id:6a658100f0934c10e3bcf88c,native_id,6a658100f0934c10e3bcf88c,https://www.trustpilot.com/reviews/6a658100f0934c10e3bcf88c,1,I bought some items that were faulty…,"I bought some items that were faulty from temu, I tried to return for a refund and they will only offer me a half refund. I have no need for them items and they are faulty. They acknowledged the items were faulty and still have said that is the only offer they will give me. The laundry hampers were so badly constructed that the poles spiked holes right through the material and can't stop falling over, they had no purpose. I do not recommend. Also they don't let you speak with a real person, it's all AI and I've been trying to get an answer for over a month, and I just got the same AI message for weeks. I will never use their service again. ",2026-07-26T05:37:36.000Z,2026-06-29T00:00:00.000Z,en,2,not-verified,false,Organic,Jodie Darling,6a6580f7236e3dedbde4bece,1,AU,"Hello, thank you for reaching out to us. We are sorry for any inconvenience caused. Customer satisfaction is of the utmost importance and we are constantly working to improve our service quality. We will follow up on this matter. If you need further assistance, please message us through Temu.com or Temu app live chat. We appreciate you giving us another chance to serve you. Best wishes, Temu team",2026-07-26T11:48:37.000Z
temu.com,id:6a6577f3ee8f569e0746ca9a,native_id,6a6577f3ee8f569e0746ca9a,https://www.trustpilot.com/reviews/6a6577f3ee8f569e0746ca9a,1,Wrong Again!,"Well, I've canceled another one folks! I'm not going into details but what I will say is that I wait too damn long for an order to be given a coupon because the item has already shipped. I just wanted a refund because the delivery address was wrong.  If I've received something at my current address, why is my order going to my old address? I don't know their check point system and I don't care. I'll buy locally from now on! Good bye Temu. Hell, you won't miss me anyway 😏 
I've already talked with the Temu team through chat. Some of us weren't born last week.  It was the team that ""encouraged "" me to follow up with the courier.  That's how sorry you are! I thought it's the job of the company to make the customer happy.  I wanted the items I  ordered.  I didn't know that even after receiving an order at my current address, I had to check the address on every order thereafter.  Now you want me to communicate with you? I did that.  WHAT TEMU? CAN'T READ! NO SELL! I'M GOOD! I'LL BUY LOCALLY! That's what big companies do when they're secure. They drop the good customer service. By the way, I have contacted the courier.  Looks like Temu gets to keep my money while someone else wears the clothes.  You've gotta be crazy to think that I'm gonna chat with or shop with you again!🤬",2026-07-26T04:58:59.000Z,2026-07-24T00:00:00.000Z,en,0,not-verified,false,Organic,Sana,668c98ee73fc6e6be081308f,14,US,"Hello, thank you for reaching out to us. We are sorry for any inconvenience caused. Customer satisfaction is of the utmost importance and we are constantly working to improve our service quality. We will follow up on this matter. If you need further assistance, please message us through Temu.com or Temu app live chat. We appreciate you giving us another chance to serve you. Best wishes, Temu team",2026-07-26T11:49:04.000Z
temu.com,id:6a6566eb1139c0219a3f9699,native_id,6a6566eb1139c0219a3f9699,https://www.trustpilot.com/reviews/6a6566eb1139c0219a3f9699,1,"""I'm done with Temu for now!"" ","""I'm done with Temu for now!"" 

As log as there will be import fees and tariffs, I will not buy through Temu anymore! I ordered articles a few days ago because the sellers through Temu offered the articles quite reasonable.  Cheaper then e-bay and I need those articles. 

I'm done now and because of the import and tariff charges I will not order on Temu anymore! 

I'm done for now! ",2026-07-26T03:46:20.000Z,2026-07-26T00:00:00.000Z,en,1,not-verified,false,Organic,Saxoman S,626526f3f452ad0012199ab2,13,DE,"Hello, thank you for contacting us. At Temu, we have always been transparent about any fees charged. In addition to the item price, certain charges may apply in accordance with local regulations or policy requirements, such as taxes or other mandatory fees. All applicable charges are clearly displayed before payment and can be reviewed in your order confirmation email or receipt. If you have any questions about the order amount, please feel free to contact us via Temu.com or the Temu app live chat and provide your order details. We will assist with verification and be happy to provide further support. Best wishes, Temu team",2026-07-26T11:49:36.000Z
temu.com,id:6a65359539b198ee264b2a9f,native_id,6a65359539b198ee264b2a9f,https://www.trustpilot.com/reviews/6a65359539b198ee264b2a9f,1,I want to give zero stars,"I want to give zero. But you know..
Reason is they will not stop emailing me. I have told them to stop multiple times now. Customer Service is harassing me for no reason. I dont even have an account with them anymore. Please, kindly leave me alone. Even here! Again below, they just dont stop! Unreal. ",2026-07-26T00:15:49.000Z,2026-07-24T00:00:00.000Z,en,0,not-verified,false,Organic,Jo Caron,6852c1d04e662d5c2745812b,12,CA,"Hello, thank you for reaching out to us. We are sorry for any inconvenience caused. Customer satisfaction is of the utmost importance and we are constantly working to improve our service quality. We will follow up on this matter. If you need further assistance, please message us through Temu.com or Temu app live chat. We appreciate you giving us another chance to serve you. Best wishes, Temu team",2026-07-26T05:44:44.000Z
temu.com,id:6a6531dd70cf2b588870cf04,native_id,6a6531dd70cf2b588870cf04,https://www.trustpilot.com/reviews/6a6531dd70cf2b588870cf04,1,Price extortion ,"Ordered a vest yesterday for 22.00. Today the same item is 12.00….. got in touch with customer service, a big runaround. Offered me a 4.00 refund. Something wrong with this math. Also there were three different prices for the exact item today…less than what I paid!!!!!😡",2026-07-25T23:59:57.000Z,2026-07-25T00:00:00.000Z,en,0,not-verified,false,Organic,Marlynn  Pryce,6a6531c97b418c68ee8dacbd,1,CA,"Hello, thank you for reaching out to us. We are sorry for any inconvenience caused. Customer satisfaction is of the utmost importance and we are constantly working to improve our service quality. We will follow up on this matter. If you need further assistance, please message us through Temu.com or Temu app live chat. We appreciate you giving us another chance to serve you. Best wishes, Temu team",2026-07-26T05:44:54.000Z
temu.com,id:6a652919251a6d2f222bc875,native_id,6a652919251a6d2f222bc875,https://www.trustpilot.com/reviews/6a652919251a6d2f222bc875,1,I wish I could give negative stars,"I wish there were negative stars that I could give. I ordered a bunch of stuff from Temu, and I gave them my new address which is 500 miles away from my old address. But they kept the old address, and they've been consistently sending everything to that address. Over the past 30 days everything has gone there, and they won't do anything about it. They won't stop it. Two orders just in the past two days went to the my previous address instead of my present one. And their ""support"" only consist of stonewalling and asking you to repeat the same things over and over again, Passing you off to different ""customer service representative"". I know good and well they're just waiting for me to give up and go away. And I would if I hadn't ordered so much stuff. ",2026-07-25T23:22:33.000Z,2026-07-01T00:00:00.000Z,en,0,not-verified,false,Organic,Patti DeWitt,6a652908b06fbf5193f5dfc1,1,US,"Hello, thank you for reaching out to us. We are sorry for any inconvenience caused. Customer satisfaction is of the utmost importance and we are constantly working to improve our service quality. We will follow up on this matter. If you need further assistance, please message us through Temu.com or Temu app live chat. We appreciate you giving us another chance to serve you. Best wishes, Temu team",2026-07-26T05:51:58.000Z
temu.com,id:6a65111e346a758d2f22c74d,native_id,6a65111e346a758d2f22c74d,https://www.trustpilot.com/reviews/6a65111e346a758d2f22c74d,1,They dont ship with POSTEN.NO in norway…,They dont ship with POSTEN.NO in norway but they used a scam delivery service called postnord/helthjem which has had a rating of 1/10 the last 10 years in norway online and nobody uses this delivery service. This means we can never shop with them again since they refuse to use POSTEN.NO and wont remove POSTNORD/HELTHJEM which is a swedish company that has 99.99% bad reviews the last 15 years in norway. They have so bad reviews they have to create new company names and websites to reset the reviews every time it gets to 0/5,2026-07-25T21:40:14.000Z,2026-07-25T00:00:00.000Z,en,0,not-verified,false,Organic,Forbruker,593131f50000ff000a9f0d3b,98,NO,"Hello, thank you for your feedback and we are sorry for the inconvenience. Customer satisfaction is of the utmost importance and we are constantly working to improve our service quality. If your items do not arrive, arrive damaged, or do not match the description or photos, you will be offered a full refund under Temu's Purchase Protection program (https://www.temu.com/temu-purchase-protection.html). To apply for a refund, login to the Temu app or Temu.com with the account used for your order, open the ""Your orders"" page, and click ""Return/Refund"". If you need further assistance, please message us through Temu.com or Temu app live chat. We appreciate you giving us another chance to serve you. Best wishes, Temu team",2026-07-26T05:54:51.000Z
temu.com,id:6a650a6e43773b81d234c72d,native_id,6a650a6e43773b81d234c72d,https://www.trustpilot.com/reviews/6a650a6e43773b81d234c72d,3,improper behavior from courier,"recently i got a free gift from temu and my package arrived today,but my delivery person threatened and refused to deliver my package unless we paid him delivery fee but the app says free delivery,my problem here is not the temu officials,its the package courier.sometimes they refuse to deliver the package because its a weekend,sometimes i get my package at night by 9pm.i am a regular user of temu but i cant take this kind of behavior anymore.speakingh from Nigeria(sokoto)",2026-07-25T21:11:42.000Z,2026-07-25T00:00:00.000Z,en,0,not-verified,false,Organic,aru,6a650a5db06fbf2011f5c2ef,1,NG,"Hello, thank you for your feedback and we are sorry for the inconvenience. Customer satisfaction is of the utmost importance and we are constantly working to improve our service quality. If your items do not arrive, arrive damaged, or do not match the description or photos, you will be offered a full refund under Temu's Purchase Protection program (https://www.temu.com/temu-purchase-protection.html). To apply for a refund, login to the Temu app or Temu.com with the account used for your order, open the ""Your orders"" page, and click ""Return/Refund"". If you need further assistance, please message us through Temu.com or Temu app live chat. We appreciate you giving us another chance to serve you. Best wishes, Temu team",2026-07-26T05:57:40.000Z
temu.com,id:6a64b336a292b95a5c96cb67,native_id,6a64b336a292b95a5c96cb67,https://www.trustpilot.com/reviews/6a64b336a292b95a5c96cb67,1,don't waste your time trying to contact them will not help,"I received a present from my dad that was explicitly advertised and pictured as a ceramic egg-style Kamado grill, complete with the signature dimpled finish and described as being made from ceramic for excellent heat retention. With the recent nice weather, I was really looking forward to enjoying it in the garden with friends.
Instead, I received a completely different item – a cheap, standard sheet-metal barbecue grill.
As soon as the parcel arrived, we opened the box, immediately saw it was not the item that had been advertised, and closed it again to request a return and full refund. It has now been three weeks of writing to both Temu Support and the seller, Home Interiors Hinckley, almost every day, yet they have still failed to provide the return documents or resolve the issue.

Temu's customer support has been completely ineffective. We have chatted with 26 different support agents, but none has been able to resolve what should have been a straightforward case of receiving the wrong item.

I am extremely disappointed with both the seller for false advertising and Temu for its appalling lack of customer service. Save your money and shop elsewhere. In my experience, Temu is only worth considering for items under £3",2026-07-25T14:59:34.000Z,2026-06-26T00:00:00.000Z,en,0,not-verified,false,Organic,MARCO CRISERA,6a64b0fbff3db27bcbc2f483,1,GB,"Hello, thank you for taking the time to share your feedback. To help us review the matter further, we kindly ask that you complete the Information Request Form we have sent and provide the requested details, such as your order number(typically starting with PO-xxx)  or the email address associated with your Temu account. Once we receive the information, we will review your case and coordinate with the relevant team for further follow-up. If you have any additional questions or need further assistance, please feel free to contact us through the Temu website or the Temu app live chat via this link: https://share.temu.com/NWGRVrrOSMA. Thank you for your time, patience, and cooperation. Best wishes, Temu Team",2026-07-26T07:06:13.000Z
temu.com,id:6a64b1b5bbca8fcda6db861e,native_id,6a64b1b5bbca8fcda6db861e,https://www.trustpilot.com/reviews/6a64b1b5bbca8fcda6db861e,1,"ticket not solved, horrible customer service ","on 25. june I made an order of 35 products and 115€ in total. Later on i got an email saying i got the package on the day i was home, reached out to temu saying i did not get the package. after asking me the declaration of non receipt 3 times, and i sent it every time , they did not help and all of a sudden told me to contact postnl. and then postnl told me to contact temu. they definitely did not do anything just to ask the form and then they closed the ticket. now i dont have any products and i just spent 115 euros just to have troubles with postnl and temu. 
now they are saying it has been long time and according to their policy they can not pay back. all this time i have been waiting for them to solve the issue and sending them what they exactly need?  very bad customer service. ",2026-07-25T14:53:09.000Z,2026-07-25T00:00:00.000Z,en,0,not-verified,false,Organic,Burcu yasa,620cdc1b3061c9001232265c,7,NL,"Hello, thank you for reaching out to us. We are sorry for any inconvenience caused. Customer satisfaction is very important to us, and we are continuously working to improve our service. Thank you for sharing the relevant information, and we have already escalated your issue with the relevant team for further follow-up. If you need any additional assistance, please feel free to message us through Temu.com or the Temu app live chat via this link: https://share.temu.com/NWGRVrrOSMA. We appreciate your patience and understanding. Best wishes, Temu Team",2026-07-26T07:12:21.000Z
temu.com,id:6a64ad3406ddb92a27dd61cc,native_id,6a64ad3406ddb92a27dd61cc,https://www.trustpilot.com/reviews/6a64ad3406ddb92a27dd61cc,1,Would give zero stars if possible,"Would give zero stars if possible.  Incorrect item sent so requested a return for refund - didn’t unpack the item as it was clearly incorrect so sealed up the parcel and relabeled for return.  Return was received but got a message stating that I had sent back the wrong item so refund was refused.  Customer service were no help despite me sending photos to prove the wrong item had been received - not sure how they expected me to return something that I hadn’t been sent.
Will definitely not use TEMU again - total scammers",2026-07-25T14:33:56.000Z,2026-07-10T00:00:00.000Z,en,0,not-verified,false,Organic,Denise,5ee669fdd05e0a635b7db8bd,52,GB,"Hello, thank you for taking the time to share your feedback. To help us review the matter further, we kindly ask that you complete the Information Request Form we have sent and provide the requested details, such as your order number(typically starting with PO-xxx)  or the email address associated with your Temu account. Once we receive the information, we will review your case and coordinate with the relevant team for further follow-up. If you have any additional questions or need further assistance, please feel free to contact us through the Temu website or the Temu app live chat via this link: https://share.temu.com/NWGRVrrOSMA. Thank you for your time, patience, and cooperation. Best wishes, Temu Team",2026-07-26T07:10:01.000Z
temu.com,id:6a64ac7195dedabba389f4db,native_id,6a64ac7195dedabba389f4db,https://www.trustpilot.com/reviews/6a64ac7195dedabba389f4db,1,I bought a plastic shed off a local…,"I bought a plastic shed off a local seller from Bolton, it arrived the package 2 boxes perfect, opened it my grandson tried to erect it 9 ( NINE ) damaged panels I tried to get into with the seller no chance, reported it to TEMU they said if it came from china I would have got a full refund, how ever the seller wanted me to repackage it and return it to a pick up point, at 74 years of age I told them that was impossible, it had to be returned so they could put it through inspection I asked why it wasn't inspected before it was shipped from china to Bolton, end of the story all they would give me was £60 so I paid £117 for a shed not fit for purpose. DO NOT BUY OFF THESE ROUGES.",2026-07-25T14:30:41.000Z,2026-06-18T00:00:00.000Z,en,1,not-verified,false,Organic,jimmy lloydr,51613d9e000064000136f826,15,GB,"Hello, thank you for reaching out to us. We are sorry for any inconvenience caused. Customer satisfaction is of the utmost importance and we are constantly working to improve our service quality. If you need further assistance, please message us through Temu.com or Temu app live chat via this link: https://share.temu.com/NWGRVrrOSMA. We appreciate you giving us another chance to serve you. Best wishes, Temu team",2026-07-26T07:08:14.000Z
temu.com,id:6a64a2fe43d9d735dfcb8cf9,native_id,6a64a2fe43d9d735dfcb8cf9,https://www.trustpilot.com/reviews/6a64a2fe43d9d735dfcb8cf9,2,Purchased twice and should have had a…,"Purchased twice and should have had a free item with each one but not sent and not on order. Temu does not appear to share any contact details. 
Very poor service",2026-07-25T13:50:22.000Z,2026-07-25T00:00:00.000Z,en,0,not-verified,false,Organic,David price,581f889a0000ff000a54ab4c,29,GB,"Hello, thank you for participating in our promotional activities and we are sorry that you are experiencing difficulties with your rewards. Customer satisfaction is of the utmost importance and we are constantly working to improve our service quality.  If you need further assistance, please message us through Temu.com or Temu app live chat via this link: https://share.temu.com/NWGRVrrOSMA. We are eager to help you find a resolution. Best wishes, Temu team",2026-07-26T07:11:41.000Z
temu.com,id:6a647df08acb70e5f2849b5e,native_id,6a647df08acb70e5f2849b5e,https://www.trustpilot.com/reviews/6a647df08acb70e5f2849b5e,1,Informed Temu about a dangerous potato…,"Informed Temu about a dangerous potato chipper.
First use and it was falling apart. 
A sharp edged piece of thin steel fell off,if a child had been given this it could have caused severe injury. 
They've been supplied with photographs to prove,no response. 
Safest place for it was in the bin,where I put it.
Already done what you've said and not a satisfactory outcome ",2026-07-25T11:12:16.000Z,2026-07-23T00:00:00.000Z,en,1,not-verified,false,Organic,geoffrey bell,50e6806e00006400012c4c6e,107,GB,"Hello, thank you for reaching out to us. We are sorry for any inconvenience caused. Customer satisfaction is of the utmost importance and we are constantly working to improve our service quality. We will follow up on this matter. If you need further assistance, please message us through Temu.com or Temu app live chat. We appreciate you giving us another chance to serve you. Best wishes, Temu team",2026-07-25T12:06:30.000Z
temu.com,id:6a646d9125c00e3dc0d1140e,native_id,6a646d9125c00e3dc0d1140e,https://www.trustpilot.com/reviews/6a646d9125c00e3dc0d1140e,1,Had a delivery of energy drinks,"Had a delivery of energy drinks. The cans had split drenching the box, many cans empty. Complained to seller whom wasn't interested. Took a refund claim through customer services, supplied pictures clear as day. They just came back to me saying no damage verified. What a scam. ",2026-07-25T10:02:25.000Z,2026-07-24T00:00:00.000Z,en,0,not-verified,false,Organic,Mike A,5f3431520cf9fe44acc891d8,8,GB,"Hello, thank you for reaching out to us. We are sorry for any inconvenience caused. Customer satisfaction is of the utmost importance and we are constantly working to improve our service quality. We will follow up on this matter. If you need further assistance, please message us through Temu.com or Temu app live chat. We appreciate you giving us another chance to serve you. Best wishes, Temu team",2026-07-25T12:07:00.000Z
temu.com,id:6a646c709e586c1bcec9661b,native_id,6a646c709e586c1bcec9661b,https://www.trustpilot.com/reviews/6a646c709e586c1bcec9661b,1,Shoddy goods,"Ordered goods arrived in an unusable state item was stated as unreturnable had to chuck it as it was leaking everywhere no refund so I've deleted account , not the first time I've received broken /missing items account gone will never use this site again",2026-07-25T09:57:36.000Z,2026-07-10T00:00:00.000Z,en,0,not-verified,false,Organic,Sarah scoulding,5e331770d1e2f956d4a05567,26,GB,"Hello, thank you for shopping on Temu! Your feedback is extremely valuable to us and we are sorry that you are not satisfied with some of your items. We implement strict policies and control measures to ensure product quality and accurate product descriptions. Temu's Purchase Protection program offers full refunds if your items do not arrive, arrive damaged, or do not match the description or photos (https://www.temu.com/temu-purchase-protection.html). To apply for a refund, login to the Temu app or Temu.com with the account used for your order, open the ""Your orders"" page, and click ""Return/Refund."" For detailed return instructions, please visit https://www.temu.com/return-and-refund-policy.html. If you need further assistance, please message us through Temu.com or Temu app live chat. Best wishes, Temu team",2026-07-25T12:07:13.000Z
temu.com,id:6a6447c86317dbd4625c6ff8,native_id,6a6447c86317dbd4625c6ff8,https://www.trustpilot.com/reviews/6a6447c86317dbd4625c6ff8,1,Payed for item received wrong item…,Payed for item received wrong item spent 56dollars offered a $7.60 refund this place is a scam eBay you get what you pay for don’t recommend Temu unless you wish to loose money and get no help🤬🤬🤬🤬,2026-07-25T07:21:12.000Z,2026-07-23T00:00:00.000Z,en,1,not-verified,false,Organic,Consumer,631949109c69470012db41ec,4,AU,"Hello, thank you for reaching out to us. We are sorry for any inconvenience caused. Customer satisfaction is of the utmost importance and we are constantly working to improve our service quality. If you need further assistance, please message us through Temu.com or Temu app live chat. We appreciate you giving us another chance to serve you. Best wishes, Temu team",2026-07-25T12:56:31.000Z
temu.com,id:6a64415ba158b6e8f411c8df,native_id,6a64415ba158b6e8f411c8df,https://www.trustpilot.com/reviews/6a64415ba158b6e8f411c8df,1,delivered to wrong address and refused money back awful service ,my parcel was delivered to the wrong address and I don't know where but the evri driver took a picture of it delivered outside of a block of flats not where I live and this was taken as proof of delivery and temu refused to refund me whilst evri just don't contact anyone so I'll be leaving a review for them as well but it seems i have no other options available and just have to accept the fact I'm not going to get my money back or the items purchased..i will never buy anything else from them and would certainly advise anyone doing so that you might end up losing your money.. absolutely awful service .. further to this i have contacted temu again and again only to get the same response i have other deliveries that should arrive today and still more on the way and not hopeful of getting them the reply shown here to contact temu again just seems to make it look like they are actually going to do something about it but I have been on there this morning and still got nowhere but I'll try yet again and update this accordingly .. well gave them another chance as they asked me to in the reply to this and after so many messages it's exactly the same no refund and looking at the delivery picture it's slightly blurred and you can't see sny numbers so I really couldn't say which block of flats it was delivered to but apparently that's proof of delivery but where it was delivered is another matter unbelievably I was asked to provide proof that it was either stolen or not received WTF.. how do I give them proof of this.. anyway if you use temu just be aware that this could happen and I hope you have a better experience than me.. although I wouldn't ever buy anything else from them and my family members have looked at the messages and were absolutely appalled so deleted temu .. I'm 64 yrs old and disabled due to serious illness i can't go around looking for parcels that are delivered elsewhere i have to get help to do so and like all of us can't afford to just throw money away.. even further information is that now another 2 parcels have gone missing delivered elsewhere and still temu refuse to refund or replace.. this is evri not delivering the items but it's also temu refusing to act or help in any way just an awful company i wouldn't use them again and if you have any issues with things beig delivered properly i would advise you not to use them either.. Amazon may be more expensive but they do look at the delivery and accept it wasn't made and they contact delivery companies on your behalf and give you refunds if necessary.. this is because they accept that the responsibility towards their customers is important temu do not they just take your money and don't care if you get the items you paid for or not... just a final note that advertised buyer protection is absolute pile of crap ,2026-07-25T06:53:47.000Z,2026-07-24T00:00:00.000Z,en,1,not-verified,false,Organic,David Watling,64421b0f422657001336508b,12,GB,"Hello, thank you for reaching out to us. We are sorry for any inconvenience caused. Customer satisfaction is of the utmost importance and we are constantly working to improve our service quality. If you need further assistance, please message us through Temu.com or Temu app live chat. We appreciate you giving us another chance to serve you. Best wishes, Temu team",2026-07-25T12:57:23.000Z
temu.com,id:6a6435d1a5788ed91f0df453,native_id,6a6435d1a5788ed91f0df453,https://www.trustpilot.com/reviews/6a6435d1a5788ed91f0df453,1,Actual quality of the products are lower than expected,Misleading photos in the product page. The so called free items promotion can lead you to make purchases first. The products in real life can be of very low quality; lower than what you would have exepected for the price paid (even after all the apparent discounts).,2026-07-25T06:04:33.000Z,2026-07-25T00:00:00.000Z,en,0,not-verified,false,Organic,M  Khan,68fdc3388fbe556c1e6e3f69,4,AU,"Hello, thank you for shopping on Temu! Your feedback is extremely valuable to us and we are sorry that you are not satisfied with some of your items. We implement strict policies and control measures to ensure product quality and accurate product descriptions. Temu's Purchase Protection program offers full refunds if your items do not arrive, arrive damaged, or do not match the description or photos (https://www.temu.com/temu-purchase-protection.html). To apply for a refund, login to the Temu app or Temu.com with the account used for your order, open the ""Your orders"" page, and click ""Return/Refund."" For detailed return instructions, please visit https://www.temu.com/return-and-refund-policy.html. You can choose to receive your refund back to your original payment method or as Temu credits. If you need further assistance, please message us through Temu.com or Temu app live chat. Best wishes, Temu team",2026-07-25T12:57:45.000Z
temu.com,id:6a6434c92784432c6eea175e,native_id,6a6434c92784432c6eea175e,https://www.trustpilot.com/reviews/6a6434c92784432c6eea175e,1,they sell junk and dun you with deceptive 'offers',"They sell stuff at prices too good to be true. Worth what you pay for it. However there are bigger issues. The last 2 orders were delivered to the wrong address and Temu's position was contact the shipper. They did not respond. Major issue is the multiple email 'offers' that you get dunned with after placing an order. They are all very deceptive. One good thing is that after trying one of these 'offers' and finding it deceptive, I canceled and got a refund quickly.",2026-07-25T06:00:09.000Z,2026-07-23T00:00:00.000Z,en,1,not-verified,false,Organic,Kiko Reid,6a6434b5b06fbff961f4f34b,1,CA,"Hello, thank you for reaching out to us. We are sorry for any inconvenience caused. Customer satisfaction is of the utmost importance and we are constantly working to improve our service quality. If you need further assistance, please message us through Temu.com or Temu app live chat. We appreciate you giving us another chance to serve you. Best wishes, Temu team",2026-07-25T12:57:55.000Z
temu.com,id:6a6401f3a0435078e13dda83,native_id,6a6401f3a0435078e13dda83,https://www.trustpilot.com/reviews/6a6401f3a0435078e13dda83,2,"I was told my account had discrepancies, but given no particulars. I guess an excellent credit rating doesn't count for much, nor a history of being a good customer.","Initially I had a good experience and that got better as they improved their site, such as checking addresses  before confirming an order. However, at one point the charge card I had on file with them was compromised and I cancelled it, forgetting  which businesses I had assigned it to. I didn't get and order, in retrospect I believe because of the credit card, but though it must have been out of stock. My next order I got informed about the credit card problem. I immediately contacted them and was told to put in a different credit card. I tried 3 and none worked. After various contacts with them I was informed that my account had 'discrepancies.' There was no indication of what these were nor any way to fix them. Having spent so much time trying to sort it out, I decided I would no longer do business with them. I particularly found the anonymous information about discrepancies offensive and unprofessional on their part. I have found other companies with much the same items I had gotten from them, sometimes better made. I cannot offer on explicit date as this communications happened over many weeks. My date of choice is approximate.
I was asked to provide further information and, as with my other interactions with TEMU, this is quite vague. I have explained that it happened over time with the final annoyance being that I could no longer have an account as none of my credit cards were accepted and, also, that I was charged with having, again anonymous, discrepancies in my account. In my case the customer, who, incidentally, has an excellent credit rating, does not come first, or anywhere else on the list. The customer is condemned by vague innuendoes. If you want more information, I suggest you check your own files.",2026-07-25T02:23:15.000Z,2026-05-12T00:00:00.000Z,en,0,not-verified,false,Organic,Penelope Carter,5fef3213fdafce0019a85391,9,US,"Hello, thank you for reaching out to us. We are sorry for any inconvenience caused. Customer satisfaction is of the utmost importance and we are constantly working to improve our service quality. If you need further assistance, please message us through Temu.com or Temu app live chat. We appreciate you giving us another chance to serve you. Best wishes, Temu team",2026-07-25T12:58:24.000Z
temu.com,id:6a63f89e1bf3a2807aa5d573,native_id,6a63f89e1bf3a2807aa5d573,https://www.trustpilot.com/reviews/6a63f89e1bf3a2807aa5d573,1,DO NOT SHOP FROM TEMU,"DO NOT SHOP FROM TEMU! THEY ARE THIEVES! THEY TAKE YOUR MONEY AND DO NOT DELIVER YOUR GOODS! THEY ARE IN CAHOOTS WITH EVRI!
ORDER NOT DELIVERED & REFUND REFUSED – UNACCEPTABLE CUSTOMER CARE
RATING: ⭐ (1 STAR)
I PLACED ORDER PO-210-09746860520310369 ON 14 JUNE 2026. ON 21 JULY, IT WAS MARKED AS ""DELIVERED"" BY EVRI, BUT I NEVER RECEIVED THE PARCEL.
I LIVE ALONE IN A 21-STOREY BUILDING WITH OVER 120 IDENTICAL FLAT DOORS. THE COURIER'S DELIVERY PHOTO MERELY SHOWS A PARCEL OUTSIDE AN UNIDENTIFIED DOOR WITH NO FLAT NUMBER OR FLOOR. THERE IS ZERO PROOF THIS WAS DELIVERED TO MY ACTUAL PROPERTY. AS WIDELY REPORTED IN UK NEWS, COURIERS FREQUENTLY TAKE A QUICK PHOTO OF A PARCEL OUTSIDE A RANDOM DOOR AND THEN TAKE THE ITEM BACK WITH THEM.
DESPITE PROVIDING PHOTOGRAPHIC EVIDENCE OF THE IDENTICAL DOORS IN MY BUILDING AND CITING MY RIGHTS UNDER THE UK CONSUMER RIGHTS ACT 2015 (SECTION 29), TEMU CUSTOMER SERVICE REFUSED MY REFUND (£17.87) AND SENT AUTOMATED RESPONSES. THEIR SYSTEM INITIALLY APPROVED THE REFUND, THEN CHANGED IT TO ""REFUND FAILED"" WITHOUT EXPLANATION.
REFUSING TO REFUND AN UNDELIVERED PACKAGE IS COMPLETELY UNACCEPTABLE. I HAVE NOW FORMALLY DISPUTED THE TRANSACTION (CHARGEBACK) THROUGH MY BANK. AVOID TEMU IF YOU EXPECT BASIC CUSTOMER PROTECTION.

",2026-07-25T01:43:26.000Z,2026-07-25T00:00:00.000Z,en,1,not-verified,false,Organic,Kuncheva,6a63f707ff3db282bbc26ec6,1,GB,"Hello, thank you for reaching out to us. We are sorry for any inconvenience caused. Customer satisfaction is of the utmost importance and we are constantly working to improve our service quality. We will follow up on this matter. If you need further assistance, please message us through Temu.com or Temu app live chat. We appreciate you giving us another chance to serve you. Best wishes, Temu team",2026-07-25T03:04:26.000Z
temu.com,id:6a63eb66d4fbe4adfc90e9e6,native_id,6a63eb66d4fbe4adfc90e9e6,https://www.trustpilot.com/reviews/6a63eb66d4fbe4adfc90e9e6,1,Let's blame the customer instead of Temu the worst comoany in the world,"I have been arguing with Temu for over 18 months. They say there is a dispute on my account l have sent them proof time and time again evidence that this is not the case but they still refuse to open my account. They are forever apologising escalating and nothing is done.
I also think because l am elderly They just dont care. They are causing me great distress They are the worse company in the world.",2026-07-25T00:47:02.000Z,2026-07-25T00:00:00.000Z,en,1,not-verified,false,Organic,Helen Pouniotis,566731940000ff0001f1834e,4,AU,"Hello, thank you for reaching out to us. We are sorry for any inconvenience caused. Customer satisfaction is of the utmost importance and we are constantly working to improve our service quality. We will follow up on this matter. If you need further assistance, please message us through Temu.com or Temu app live chat. We appreciate you giving us another chance to serve you. Best wishes, Temu team",2026-07-25T03:04:54.000Z
temu.com,id:6a63ce90ae50c24d407c91f1,native_id,6a63ce90ae50c24d407c91f1,https://www.trustpilot.com/reviews/6a63ce90ae50c24d407c91f1,5,The user regularly buys different…,"The user regularly buys different products, has not experienced problems with orders, and is very satisfied with the service.
",2026-07-24T22:44:00.000Z,2026-07-24T00:00:00.000Z,en,0,invited,false,BasicLink,Quire Katrin,6a0b0cf198a7925ac952ca53,3,CZ,"Hello, thank you for shopping with us and sharing your 5-star experience! We are so glad you've been enjoying your experience so far. Customer satisfaction is of the utmost importance and we are constantly working to improve our service quality. If you need any assistance, please message us through Temu.com or Temu app live chat. Best wishes, Temu team",2026-07-25T03:07:08.000Z
temu.com,id:6a63c637dcb01d47f326dc97,native_id,6a63c637dcb01d47f326dc97,https://www.trustpilot.com/reviews/6a63c637dcb01d47f326dc97,1,I would avoid Temu,I would avoid Temu as their goods don't last more than 3-4 months. Their customer services are atrocious. Even if you follow their returns policy they still denied a refund or even a partial refund as it was passed 90 days but clearly the item no longer worked. ,2026-07-24T22:08:23.000Z,2026-07-24T00:00:00.000Z,en,0,not-verified,false,Organic,Miss Louise Mansi,5745c6880000ff000a235379,32,GB,"Hello, thank you for shopping on Temu! Your feedback is extremely valuable to us and we are sorry that you are not satisfied with some of your items. We implement strict policies and control measures to ensure product quality and accurate product descriptions. Temu's Purchase Protection program offers full refunds if your items do not arrive, arrive damaged, or do not match the description or photos (https://www.temu.com/temu-purchase-protection.html). To apply for a refund, login to the Temu app or Temu.com with the account used for your order, open the ""Your orders"" page, and click ""Return/Refund."" For detailed return instructions, please visit https://www.temu.com/return-and-refund-policy.html. You can choose to receive your refund back to your original payment method or as Temu credits. Temu credits will appear in your Temu credit balance within 3 minutes and can be used immediately. If you choose to receive your refund back to your original payment method, please allow 5-14 business days for it to appear since timing depends on your financial institution. If you need further assistance, please message us through Temu.com or Temu app live chat. Best wishes, Temu team",2026-07-25T03:06:02.000Z
temu.com,id:6a63b951653977dd34c38877,native_id,6a63b951653977dd34c38877,https://www.trustpilot.com/reviews/6a63b951653977dd34c38877,1,I was supposed to get 5 free items when…,I was supposed to get 5 free items when I bought a $20 I got 1 free item why I've bout from temu  for year got my family in it too but I got screwed out of 4 free items so I quit buying ,2026-07-24T21:13:21.000Z,2026-07-10T00:00:00.000Z,en,1,not-verified,false,Organic,Thomas k Barnes,6643f6e769797074c2065873,2,US,"Hello, thank you for participating in our promotional activities and we are sorry that you are experiencing difficulties with your rewards. Customer satisfaction is of the utmost importance and we are constantly working to improve our service quality. Please contact us again through Temu.com or Temu app live chat so we can help you investigate right away. Best wishes, Temu team",2026-07-25T03:06:15.000Z
temu.com,id:6a63b22064aca377752ff9a0,native_id,6a63b22064aca377752ff9a0,https://www.trustpilot.com/reviews/6a63b22064aca377752ff9a0,1,Man kan ikke få fat i kunde service,"Man kan ikke få fat i kunde service, så skriver det her.
Hi Temu
As you can see I am a very active customer of yours.
But I am very tired of everything I buy from you. It says it will be delivered within 2-3 working days. Once I have paid and the order confirmation comes it is 10-15 days delivery.
Wouldn't it be better if you were honest from the start????
Instead of starting a business by lying to the customers???
That is not how European companies behave.
Apparently it is ok in China to start by lying

In Denmark, for example, we say it will take 5 days. Even though we expect a maximum of 4 days. Then the customer is happy because it arrived ahead of schedule.

",2026-07-24T20:42:40.000Z,2026-07-22T00:00:00.000Z,en,2,not-verified,false,Organic,Fl,4da6c1be000064000107da04,78,DK,"Hello, thank you for reaching out to us. We are sorry for any inconvenience caused. Customer satisfaction is of the utmost importance and we are constantly working to improve our service quality. If you need further assistance, please message us through Temu.com or Temu app live chat. We appreciate you giving us another chance to serve you. Best wishes, Temu team",2026-07-25T08:07:37.000Z
temu.com,id:6a63a8a933b038b1d5dc1708,native_id,6a63a8a933b038b1d5dc1708,https://www.trustpilot.com/reviews/6a63a8a933b038b1d5dc1708,3,Ordered some stuff from Temu a few…,Ordered some stuff from Temu a few weeks ago. Really happy with the quality. Prices are competitive too.,2026-07-24T20:02:17.000Z,2026-07-10T00:00:00.000Z,en,0,invited,false,BasicLink,Destiny Evans,6a63a896ff3db20202c2134f,1,US,"Hello, thank you for your feedback! Temu is an e-commerce company that connects consumers with a network of merchandise partners, manufacturers and brands with the mission to empower consumers to live their best lives. Customer satisfaction is of the utmost importance and we are constantly working to improve our service quality. If you need further assistance, please message us through Temu.com or Temu app live chat. Best wishes, Temu team",2026-07-25T08:07:45.000Z
temu.com,id:6a639dcb081859c022dc927c,native_id,6a639dcb081859c022dc927c,https://www.trustpilot.com/reviews/6a639dcb081859c022dc927c,2,Negative 5 or an ‘F’ grade for their app,"First off, let me start by saying that I’m making a review on the experience I’ve had with the app and the experience that I’ve had with shopping on temu.com
I’m rating the Temu app with a NEGATIVE 5 based on its EXTREME persistence to push you to buy with the spinning wheels and flash fast messages no matter how many times you try closing the “game” windows. Every time you hit to close out ANOTHER game window pops up insisting that you “spin the wheel”. The other thing that is concerning is the excessive texts you receive from them, especially the ones stating that because you’re such a great customer and they’re “feeling generous” they are “reimbursing your purchase”. To be clear, the definition of reimbursement means ‘to return monies [you’ve spent] on a purchase’. I fell for that trap thinking I was actually receiving money back from Temu because the price on an item I bought had dropped between the time I purchased the item/s and the time it shipped. No! I followed the prompts guiding me to “choose an item” to qualify for said reimbursement and hit checkout only to find that there is no reimbursement but that I was charged FULL PRICE for the items I was supposed to get said reimbursement on!!! I had to then go through the process of requesting a refund for what they charged to my account!! This happened day before yesterday.
I did some research on Temu and their horrible performance and will take the suggestion of someone else who was taken in by their ploys and delete my account and block them from texting me. IF I feel to buy more of what I previously bought I’ll only shop through my private browser, using an entirely separate account and private phone number.
Next, my purchases: I have bought women’s pjs, pants, sneakers and rechargeable lights, a tiny air cooler fan system with a water misting capability, a cat toy and some other small things that I’m truly happy with. But I *have* found MANY sellers that have padded their items with fake or several times reposted “customer” reviews to try fooling you into thinking the item is a 5 star perfect purchase. Often you’ll see the EXACT product pictured several times but under a different seller name for either more or very slightly less than the price you looked at. BEWARE!! I’ve reported those and blocked them but I don’t have confidence that Temu’s “security” actually follows through on those alerts.
So far, I’ve received my items in good shape, secured boxing and in ziplock bags for the clothing. But they need to do MUCH better overall.

",2026-07-24T19:15:55.000Z,2026-07-21T00:00:00.000Z,en,0,not-verified,false,Organic,Colón,6a63960db06fbfb091f45e5b,1,US,"Hello, thank you for participating in our promotional activities and we are sorry that you are experiencing difficulties with your rewards. Customer satisfaction is of the utmost importance and we are constantly working to improve our service quality. Please contact us again through Temu.com or Temu app live chat so we can help you investigate right away. Best wishes, Temu team",2026-07-25T08:08:03.000Z
temu.com,id:6a63928d5b102c4df608a9b5,native_id,6a63928d5b102c4df608a9b5,https://www.trustpilot.com/reviews/6a63928d5b102c4df608a9b5,1,Shocking business.,"Shocking business.
11 days to from date of order to the date they got my order actually packed.
I ordered 5 small items only.
But 11 days to pack it and get it on its way. How redicolous.  Oh and they cancelled one of my personalised items mind you which was a remembrance plaque of my partner that passed away last year. Item was personalised on 11th july and then come Tuesday 21st this was cancelled by temu saying out of stock. How redicolous.  How can an item I had personalised on 11th take so long to personalised and then 10 days later tell me my personalised item is out of stock.
What anoys me is they are still advertising the plaque on there website I chose for personalisation. So how can it be out of stock if still being advertised on your platform.
Temu are not fit for purpose. ",2026-07-24T18:27:57.000Z,2026-07-21T00:00:00.000Z,en,0,not-verified,false,Organic,David Davis,63c0a151dec43600121c4c1f,156,GB,"Hello, thank you for reaching out to us. We are sorry for any inconvenience caused. Customer satisfaction is of the utmost importance and we are constantly working to improve our service quality. If you need further assistance, please message us through Temu.com or Temu app live chat. We appreciate you giving us another chance to serve you. Best wishes, Temu team",2026-07-25T08:08:36.000Z
temu.com,id:6a638f2a7adfbf74257adf1b,native_id,6a638f2a7adfbf74257adf1b,https://www.trustpilot.com/reviews/6a638f2a7adfbf74257adf1b,1,The clothes hardly ever 9b tine I've…,The clothes hardly ever 9b tine I've been waiting on this one item for almost 3 weeks. I rather shop off of shein they are sufficient when ordering no delays. I'm going back to shein as of today ,2026-07-24T18:13:30.000Z,2026-07-24T00:00:00.000Z,en,0,not-verified,false,Organic,Tina ,6113976770c8830012df0679,5,US,"Hello, thank you for shopping with us and we are sorry you are experiencing difficulties with your recent orders. You can track your shipping status and see your expected delivery date directly in the Temu app or on Temu.com. If your order arrives later than the estimated delivery date, you will receive Temu credits as a sign of appreciation for your patience. Finally, if your items do not arrive, arrive damaged, or do not match the description or photos, you will be offered a full refund under Temu's Purchase Protection program (https://www.temu.com/temu-purchase-protection.html). Customer satisfaction is of the utmost importance and we are constantly working to improve our service quality. If you need further assistance, please message us through Temu.com or Temu app live chat. We appreciate you giving us another chance to serve you. Best wishes, Temu team",2026-07-25T08:08:52.000Z
temu.com,id:6a638ab23511e702089db80a,native_id,6a638ab23511e702089db80a,https://www.trustpilot.com/reviews/6a638ab23511e702089db80a,1,In delivery / out for delivery,"In delivery / out for delivery

It’s been months since complaining on here and when I last was on here Temu was 2% now it’s 1.8% which I’m really not surprised at. At one time I thought things were improving but alas no which is a shame.
2 days ago I received an email my parcel was out for delivery so I stayed home to receive it …it never arrived ! 
Yesterday there was much communication between Temu and myself, as always there had been problems  and many different excuses made by Temu. 
Once again I’ve received an email out for delivery  but I won’t hold my breath
So in a nutshell Nothing changes at TEMU….honestly how can this group expect to continue if they learn nothing from their mistakes. 
A total disgrace 

More information the email I received 24/07/26 in the morning and after I'd written this review. That evening I had a further update that the 'delivery had failed. 
Temu offer €10 credit your having a laugh. 
Is anyone help and support actually reading all these complaints more to the point is anyone rectifying these complaints there are enough of them. ",2026-07-24T17:54:26.000Z,2026-07-24T00:00:00.000Z,en,0,not-verified,false,Organic,Sharrone Butt,68bdbf78cc7c94d5b6557d03,7,ES,"Hello, thank you for reaching out to us. We are sorry for any inconvenience caused. Customer satisfaction is of the utmost importance and we are constantly working to improve our service quality. If you need further assistance, please message us through Temu.com or Temu app live chat. We appreciate you giving us another chance to serve you. Best wishes, Temu team",2026-07-25T08:09:38.000Z
temu.com,id:6a6384fe37b0ea68db74e413,native_id,6a6384fe37b0ea68db74e413,https://www.trustpilot.com/reviews/6a6384fe37b0ea68db74e413,1,Poor quality jigsaw puzzles ,I ordered 3 jigsaw puzzles. Two came in plain black boxes with a small computer printed photo glued to the top.  Another came in a black plastic bag with photo glued on. There was no additional photo included with the puzzle pieces.  The boxes were damaged.  The pieces are very thin.  Absolute junk.  ,2026-07-24T17:30:06.000Z,2026-07-23T00:00:00.000Z,en,0,not-verified,false,Organic,Jean Miller,6a6384edc2526c5eba994f0c,1,US,"Hello, thank you for shopping on Temu! Your feedback is extremely valuable to us and we are sorry that you are not satisfied with some of your items. We implement strict policies and control measures to ensure product quality and accurate product descriptions. Temu's Purchase Protection program offers full refunds if your items do not arrive, arrive damaged, or do not match the description or photos (https://www.temu.com/temu-purchase-protection.html). To apply for a refund, login to the Temu app or Temu.com with the account used for your order, open the ""Your orders"" page, and click ""Return/Refund."" For detailed return instructions, please visit https://www.temu.com/return-and-refund-policy.html. You can choose to receive your refund back to your original payment method or as Temu credits. If you need further assistance, please message us through Temu.com or Temu app live chat. Best wishes, Temu team",2026-07-25T08:10:22.000Z
temu.com,id:6a63698f3089d632b610b7bb,native_id,6a63698f3089d632b610b7bb,https://www.trustpilot.com/reviews/6a63698f3089d632b610b7bb,1,I used to be a regular customer,"I used to be a regular customer, but after my recent experiences with Temu, I strongly advise everyone to be extremely cautious. Temu heavily advertises their ""Local Warehouse"" delivery as a major feature, but in reality, you pay the exact same price (or sometimes higher) as you would on major marketplaces like Amazon. The difference is that Amazon delivers the item the same day or next day, while Temu's ""local"" package takes weeks to arrive from halfway across the country, completely missing their guaranteed delivery windows. On top of that, most items are extremely low quality—what looks decent in pictures turns out to be cheap trash. The app is also filled with predatory and manipulative games like Farmland and Fishland designed to waste your time and trick you into buying useless items. When a package is delayed past the contract deadline or misdelivered, customer service becomes a complete nightmare. I spent 3.5 hours in support chats being repeatedly gaslighted. They accept invalid ""proof of delivery"" photos (like a package sitting on a driver's lap in their vehicle or generic photos without unit numbers) while demanding buyers file police reports for minor missing items. Even when you explicitly cancel an order due to a breach of delivery terms, they ignore you, force the late package onto your doorstep, and refuse a proper refund. To make matters worse, instead of returning funds to the original payment card they unlawfully dump it into Temu Credits to trap your money in their ecosystem. I have had to file formal claims with the Better Business Bureau (BBB) and initiate bank disputes to get my money back. Temu lies even in their official responses to regulators, claiming ""no record of cancellation"" despite hours of documented chat history. Avoid this platform—the savings are fake, the logistics are unreliable, and the customer service is predatory.",2026-07-24T15:33:03.000Z,2026-03-27T00:00:00.000Z,en,0,not-verified,false,Organic,Evgenii D,6a636322236e3d8a3de2ae0d,4,US,"Hello, thank you for reaching out to us. We are sorry for any inconvenience caused. Customer satisfaction is of the utmost importance and we are constantly working to improve our service quality. If you need further assistance, please message us through Temu.com or Temu app live chat. We appreciate you giving us another chance to serve you. Best wishes, Temu team",2026-07-25T08:10:34.000Z
temu.com,id:6a6360d77155fd0944fd119a,native_id,6a6360d77155fd0944fd119a,https://www.trustpilot.com/reviews/6a6360d77155fd0944fd119a,1,Ordered table for £188.00,"Ordered table for £188.00, arrived after months. The packaging was damaged and flimsy and wouldn’t have protected a quilt cover let alone a faux marble affect table. 
Because of the size none of the Evri drop off shops will take it and Temu are not on the Evri return list and so getting this table returned is turning into a nightmare. 
Which feels on purpose if I’m honest. They are making it impossible to return this badly damaged table. 
Evri want Temu to contact them to get a collection organized and Temu customer service keep asking if I want to cancel the return, even though every time I write to them it for them to arrange a collection. 
They have lost a customer going forward this whole debacle is disgraceful. It shouldn’t be this hard to return faulty goods. ",2026-07-24T14:55:51.000Z,2026-07-23T00:00:00.000Z,en,1,not-verified,false,Organic,Mia,5683cfb90000ff0001f80f88,29,GB,"Hello, thank you for reaching out to us. We are sorry for any inconvenience caused. Customer satisfaction is of the utmost importance and we are constantly working to improve our service quality. If you need further assistance, please message us through Temu.com or Temu app live chat. We appreciate you giving us another chance to serve you. Best wishes, Temu team",2026-07-25T08:10:59.000Z
temu.com,id:6a63571e087033cc75ab5941,native_id,6a63571e087033cc75ab5941,https://www.trustpilot.com/reviews/6a63571e087033cc75ab5941,2,Once the merchandise leaves Temu and…,"Once the merchandise leaves Temu and ends up lost within the courier service, they will not refund or support.  You are on your own! The aggravation and time wasted is not worth the savings! ",2026-07-24T14:14:23.000Z,2026-07-24T00:00:00.000Z,en,0,not-verified,false,Organic,Jim & Jenine Decker,65fed230d7209b0012df4fc8,2,VI,"Hello, thank you for reaching out to us. We are sorry for any inconvenience caused. Customer satisfaction is of the utmost importance and we are constantly working to improve our service quality. If you need further assistance, please message us through Temu.com or Temu app live chat. We appreciate you giving us another chance to serve you. Best wishes, Temu team",2026-07-25T08:11:36.000Z
temu.com,id:6a632effa319d6771175764d,native_id,6a632effa319d6771175764d,https://www.trustpilot.com/reviews/6a632effa319d6771175764d,4,You can get some good prices and cute…,"You can get some good prices and cute things, so much to choose from. But if you want to return  something or cancel an item or two before it has even shipped they do not give you all your money back. They do an adjustment and don't even tell you what percentage which they should give you a full refund if it's within hours and not pulled, packed or shipped. They split up orders and you do not always get the price you see advertised  so watch out. I read you can only get one promotional price per shipment and if you choose more than one item you don't get the price. That is very deceiving  to me as well as not being able to return stuff like they say you can.  But it is all in writing you just have to dig for it after the fact and learn how and why it happened. Delivery time can take up to 3 weeks you are suppose to get a $5 credit if not received on time but they sent me an email and text saying it will take longer for some reason and they extended the time so that's also a lie on their part. There is nobody you can contact or call if you have questions. Just make sure it is really what you want because it's a 50/50 gamble. Some things are spot on and others are totally off. The  good thing is nothing really costs that much so you are not out very much money. Then there are really good items that you get for a very reasonable price. I don't like that if the seller charges $2.99 for shipping it's for each piece say if you buy 2 items. It should just be a flat rate. These are the little things you learn along the way. Also there is a time limit on promos and if you don't buy before that time  is up then you don't get that price.  I have bought and spent a lot of money, hundreds of dollars and just recently tried to return or cancel something and learned the hard way so therefore I am now done with this company. I just don't like their policy or practices and it's just a personal preference for me.  ",2026-07-24T11:23:11.000Z,2026-07-23T00:00:00.000Z,en,0,not-verified,false,Organic,Eleanor Balsiger,5f2231477f14f3522aaf22cd,4,US,"Hello, thank you for reaching out to us. We are sorry for any inconvenience caused. Customer satisfaction is of the utmost importance and we are constantly working to improve our service quality. We will follow up on this matter. If you need further assistance, please message us through Temu.com or Temu app live chat. We appreciate you giving us another chance to serve you. Best wishes, Temu team",2026-07-24T11:32:44.000Z
temu.com,id:6a632e2502f521bbd8e1dcf8,native_id,6a632e2502f521bbd8e1dcf8,https://www.trustpilot.com/reviews/6a632e2502f521bbd8e1dcf8,1,have been misled and completely… ,"have been misled and completely disrespected by Temu's customer service for weeks regarding the Fishland event. They made fake promises, made me wait for days and weeks, and now they keep endlessly looping me through fake support tickets without offering any real solution or compensation.
​This is absolute customer exploitation and time-wasting. I refuse to accept any more 'new tickets' or automated responses. I demand immediate store credit compensation and an official apology gift for the weeks I spent waiting based on their false assurances.
​Do NOT fall for their promises!",2026-07-24T11:19:33.000Z,2026-07-24T00:00:00.000Z,en,0,not-verified,false,Organic,Tbkhvb Njuvbm,6a632e1bc2526c690098a4ef,1,DZ,"Hello, thank you for reaching out to us. We are sorry for any inconvenience caused. Customer satisfaction is of the utmost importance and we are constantly working to improve our service quality. If you need further assistance, please message us through Temu.com or Temu app live chat. We appreciate you giving us another chance to serve you. Best wishes, Temu team",2026-07-25T08:12:05.000Z
temu.com,id:6a631ebf76919c792b1a2d07,native_id,6a631ebf76919c792b1a2d07,https://www.trustpilot.com/reviews/6a631ebf76919c792b1a2d07,1,Be careful folks,"This is great if cheap and cheerful is what you are looking for, but be warned ... they bombard you with messages about credit due back, great deals and offers because something is allegedly delayed or whatever

This is now overwhelming me. I have even received something I didn't order
Can't bear it any longer
The 1.8 poor review is accurate
",2026-07-24T10:13:51.000Z,2026-07-10T00:00:00.000Z,en,0,not-verified,false,Organic,customer,606b46684fd13d001bbb5234,5,GB,"Hello, thank you for your feedback. Customer satisfaction is of the utmost importance and we are constantly working to improve our service quality. To manage your notification settings, please go to ""Settings"" in your Temu app or on Temu.com, select ""Notifications"" and then ""Edit"" to adjust preferences for alerts. If you are using Gmail, you may also click on the ""More"" button in the upper right corner of the email and choose ""Stop seeing this Ad"". If you need further assistance, please message us through Temu.com or Temu app live chat. Best wishes, Temu team",2026-07-24T11:44:54.000Z
temu.com,id:6a630e45a799e9336db7fbe2,native_id,6a630e45a799e9336db7fbe2,https://www.trustpilot.com/reviews/6a630e45a799e9336db7fbe2,5,I ordered an item that was shipped…,I ordered an item that was shipped through a very unreliable courier Swiftx. The item was held at a warehouse in New Jersey so I placed the order again along with ordering two other items.I edited my review because despite the issues Temu stepped up and worked to get my items so I couldn't with a clear conscience leave the review I originally posted. Only have one item I still haven't received but am confident they will either resolve it ir issue me a refund if I don't receive it by August 1st.,2026-07-24T09:03:33.000Z,2026-07-14T00:00:00.000Z,en,1,not-verified,false,Organic,Diana Foster,5fb57e5ccd6931001940811b,12,US,"Hello, thank you for shopping with us and we are sorry you are experiencing difficulties with your recent orders. You can track your shipping status and see your expected delivery date directly in the Temu app or on Temu.com. If your order arrives later than the estimated delivery date, you will receive Temu credits as a sign of appreciation for your patience. Finally, if your items do not arrive, arrive damaged, or do not match the description or photos, you will be offered a full refund under Temu's Purchase Protection program (https://www.temu.com/temu-purchase-protection.html). Customer satisfaction is of the utmost importance and we are constantly working to improve our service quality. If you need further assistance, please message us through Temu.com or Temu app live chat. We appreciate you giving us another chance to serve you. Best wishes, Temu team",2026-07-24T11:45:33.000Z
temu.com,id:6a6309916006b072d1fc438b,native_id,6a6309916006b072d1fc438b,https://www.trustpilot.com/reviews/6a6309916006b072d1fc438b,1,Utter garbage,Utter garbage. Should be illegal. ,2026-07-24T08:43:29.000Z,2026-07-01T00:00:00.000Z,en,1,not-verified,false,Organic,Dom Satny,666ae29765f8f3cbcf62b814,5,GB,"Hello, thank you for shopping on Temu! Your feedback is extremely valuable to us and we are sorry that you are not satisfied with some of your items. We implement strict policies and control measures to ensure product quality and accurate product descriptions. Temu's Purchase Protection program offers full refunds if your items do not arrive, arrive damaged, or do not match the description or photos (https://www.temu.com/temu-purchase-protection.html). To apply for a refund, login to the Temu app or Temu.com with the account used for your order, open the ""Your orders"" page, and click ""Return/Refund."" For detailed return instructions, please visit https://www.temu.com/return-and-refund-policy.html. You can choose to receive your refund back to your original payment method or as Temu credits. Temu credits will appear in your Temu credit balance within 3 minutes and can be used immediately. If you choose to receive your refund back to your original payment method, please allow 5-14 business days for it to appear since timing depends on your financial institution. If you need further assistance, please message us through Temu.com or Temu app live chat. Best wishes, Temu team",2026-07-24T11:23:20.000Z
temu.com,id:6a62b8b38e4dfbe45d004ccd,native_id,6a62b8b38e4dfbe45d004ccd,https://www.trustpilot.com/reviews/6a62b8b38e4dfbe45d004ccd,1,This company is scandalous,"This company is scandalous, in particular when it comes to their promotion tactics. I participated in one of their promotions that promised me $375 cash to my PayPal or cash app after making eight purchases and finding myself at the checkout for that $375 it was going to be not a PayPal transfer but a Temu credit. Well I shopped there quite a bit because their products are mostly good products you have to read carefully the details because sometimes the product is not what you think, and seriously not what they advertise out front they make it to look like it's the product in the picture but it's actually something else that is an accessory to the picture. But I went ahead and rolled with the $375 credit only to find out that now that it was credits it would only roll out credits to me as I made purchase. This is the actual workings of a company with criminal intent.",2026-07-24T02:58:27.000Z,2026-07-22T00:00:00.000Z,en,1,not-verified,false,Organic,Jerold Weller,6796b8bd089ebebcd1cca8f1,5,US,"Hello, thank you for participating in our promotional activities and we are sorry that you are experiencing difficulties with your rewards. We implement strict policies and control measures to ensure product quality and accurate product descriptions. Temu's Purchase Protection program offers full refunds if your items do not arrive, arrive damaged, or do not match the description or photos (https://www.temu.com/temu-purchase-protection.html). To apply for a refund, login to the Temu app or Temu.com with the account used for your order, open the ""Your orders"" page, and click ""Return/Refund."" For detailed return instructions, please visit https://www.temu.com/return-and-refund-policy.html. You can choose to receive your refund back to your original payment method or as Temu credits. Temu credits will appear in your Temu credit balance within 3 minutes and can be used immediately. If you choose to receive your refund back to your original payment method, please allow 5-14 business days for it to appear since timing depends on your financial institution. If you need further assistance, please message us through Temu.com or Temu app live chat. Best wishes, Temu team",2026-07-24T11:24:18.000Z
temu.com,id:6a62b6183dcefb7ef96afe20,native_id,6a62b6183dcefb7ef96afe20,https://www.trustpilot.com/reviews/6a62b6183dcefb7ef96afe20,1,I have been ordering from them for…,I have been ordering from them for years it keep saying your going to get something free if you buy this but you have to keep going on and on buying stuff but never get free anything saying cash back if you spend more money for the cash back crazy,2026-07-24T02:47:20.000Z,2026-07-23T00:00:00.000Z,en,0,not-verified,false,Organic,ella Jackson,6a62b60d236e3d43cde1e83c,1,US,"Hello, thank you for participating in our promotional activities and we are sorry that you are experiencing difficulties with your rewards. Customer satisfaction is of the utmost importance and we are constantly working to improve our service quality. Please contact us again through Temu.com or Temu app live chat so we can help you investigate right away. Best wishes, Temu team",2026-07-24T11:24:52.000Z
temu.com,id:6a629e192deafee21cbcf80a,native_id,6a629e192deafee21cbcf80a,https://www.trustpilot.com/reviews/6a629e192deafee21cbcf80a,1,The company expects reviews on every…,The company expects reviews on every item.  No rewards for the reviews and basically ignores any bad reviews.  Safety on their motorized items i not their concern.  ,2026-07-24T01:04:57.000Z,2026-07-23T00:00:00.000Z,en,0,not-verified,false,Organic,Jiles,5f691aa4cc2de3edc4fc6405,8,US,"Hello, thank you for taking the time to share your feedback. To help us review the matter further, we kindly ask that you complete the Information Request Form we have sent and provide the requested details, such as your order number(typically starting with PO-xxx)  or the email address associated with your Temu account. Once we receive the information, we will review your case and coordinate with the relevant team for further follow-up. If you have any additional questions or need further assistance, please feel free to contact us through the Temu website or the Temu app live chat via this link: https://share.temu.com/NWGRVrrOSMA. Thank you for your time, patience, and cooperation. Best wishes, Temu Team",2026-07-24T06:41:11.000Z
temu.com,id:6a6291108362ab5d2d5b3f4e,native_id,6a6291108362ab5d2d5b3f4e,https://www.trustpilot.com/reviews/6a6291108362ab5d2d5b3f4e,1,Customer service is truly appalling,"Customer service is truly appalling. 
An item was missing from my order. I engaged in a conversation for over an hour and still was nowhere near getting a refund or replacement. I have never come across such futile questioning or insincere platitudes. This particular assistant was as much use as an ashtray on a motorbike. 
I will never use Temu again.
",2026-07-24T00:09:20.000Z,2026-07-23T00:00:00.000Z,en,0,not-verified,false,Organic,Susan,59bcdbb00000ff000ac9de86,10,GB,"Hello, thank you for reaching out and we are sorry that you are experiencing difficulties with your orders. If you have missing items from your orders, you may apply for a refund by messaging us through Temu.com or Temu app live chat. Simply type ""missing item"" into the chat, select the item from your order that is missing, and follow the directions on the screen to complete your refund application. You can choose to receive your refund back to your original payment method or as Temu credits. Temu credits will appear in your Temu credit balance within 3 minutes and can be used immediately. If you choose to receive your refund back to your original payment method, please allow 5-14 business days for it to appear since timing depends on your financial institution. If you need further assistance, please message us through Temu.com or Temu app live chat. Best wishes, Temu team",2026-07-24T06:54:18.000Z
temu.com,id:6a628e5439251010a8bb7970,native_id,6a628e5439251010a8bb7970,https://www.trustpilot.com/reviews/6a628e5439251010a8bb7970,1,Charged £2.50 to return DEFECTIVE watches,"Charged £2.50 to return DEFECTIVE watches that all developed the same crack in the side of the watches after just 1-2 wears, making them unwearable. I sent photos but they still demanded I send the watches back & then charged me to return faulty items. When Temu first opened, they refunded faulty items no problems, they didn't even ask you to return the item. Now you have to post the item back and they CHARGE you to return the faulty item. I'm no longer shopping with Temu. ",2026-07-23T23:57:40.000Z,2026-07-23T00:00:00.000Z,en,0,not-verified,false,Organic,C,68489b282f247866e71702cb,26,GB,"Hello, thank you for reaching out to us. We are sorry for any inconvenience caused. Customer satisfaction is of the utmost importance and we are constantly working to improve our service quality. If you need further assistance, please message us through Temu.com or Temu app live chat. We appreciate you giving us another chance to serve you. Best wishes, Temu team",2026-07-24T06:51:11.000Z
temu.com,id:6a628dbf9ff5b1383745b324,native_id,6a628dbf9ff5b1383745b324,https://www.trustpilot.com/reviews/6a628dbf9ff5b1383745b324,2,It used to be very good,"It used to be very good, especially customer service; but now, even though I purchased three orders, I had and have problems with the three. I need to have a clear head then delete everything. ",2026-07-23T23:55:11.000Z,2026-07-23T00:00:00.000Z,en,0,not-verified,false,Organic,Mohammad Hamam,671842b2512acd7fa741bbe1,4,US,"Hello, thank you for reaching out to us. We are sorry for any inconvenience caused. Customer satisfaction is of the utmost importance and we are constantly working to improve our service quality. We will follow up on this matter. If you need further assistance, please message us through Temu.com or Temu app live chat. We appreciate you giving us another chance to serve you. Best wishes, Temu team",2026-07-24T06:43:17.000Z
temu.com,id:6a62770382c711def96396d2,native_id,6a62770382c711def96396d2,https://www.trustpilot.com/reviews/6a62770382c711def96396d2,1,Wtf another parcal left in a pubic…,"Wtf another parcal left in a pubic hallway which is not proof of delivery  but temu are taking the sellers side and not the buyers and is breaking the consumer right act 2015 
Seller and temu will not refund or replace the item ",2026-07-23T22:18:11.000Z,2026-06-20T00:00:00.000Z,en,0,not-verified,false,Organic,Martin drummond,6a31c6346d6d71370cf25006,6,GB,"Hello, thank you for taking the time to share your feedback. To help us review the matter further, we kindly ask that you complete the Information Request Form we have sent and provide the requested details, such as your order number(typically starting with PO-xxx)  or the email address associated with your Temu account. Once we receive the information, we will review your case and coordinate with the relevant team for further follow-up. If you have any additional questions or need further assistance, please feel free to contact us through the Temu website or the Temu app live chat via this link: https://share.temu.com/NWGRVrrOSMA. Thank you for your time, patience, and cooperation. Best wishes, Temu Team",2026-07-24T06:55:19.000Z
temu.com,id:6a62756edd33121b75bfb669,native_id,6a62756edd33121b75bfb669,https://www.trustpilot.com/reviews/6a62756edd33121b75bfb669,1,False advertising,"False advertising. The promotion promised free items, but after payment, only the paid item was delivered. Very disappointing. I would not recommend shopping here.",2026-07-23T22:11:26.000Z,2026-07-23T00:00:00.000Z,en,0,not-verified,false,Organic,Hossein Rezania,6a627568ff3db26de0c0883f,1,CA,"Hello, thank you for participating in our promotional activities and we are sorry that you are experiencing difficulties with your rewards. Customer satisfaction is of the utmost importance and we are constantly working to improve our service quality. Please contact us again through Temu.com or Temu app live chat so we can help you investigate right away. Best wishes, Temu team",2026-07-24T06:47:58.000Z
temu.com,id:6a6259837e2aba06068431fe,native_id,6a6259837e2aba06068431fe,https://www.trustpilot.com/reviews/6a6259837e2aba06068431fe,1,The deceptive advertising is…,"The deceptive advertising is astonishing,  multiple ads of the same item named and described differently. Example , smart phone looks like. A s26 ultra, but it has a hacked system description and shows Android 14 but as my technology adviser confirmed is android 8 generic. Your cameras are not as described, and none of the global Oceania security features are installed. In au. Emergency services and bank security alongside government interference will not operate. And yes the government as of 18th august will block your phone. Confirmed by Vodafone. 
Not only phones but cameras and their associated aps are already blocked by au gov. 
So restricting the resource's,  consumers will buy the au sold item for $329 rather than the $71 smart wifi solar cam. Or smart phone $1900 rather than $130 temu.
I would rather use tin cans and string. I have returned for full refunds based on their deceptive and criminal advertising. ",2026-07-23T20:12:19.000Z,2026-07-20T00:00:00.000Z,en,1,not-verified,false,Organic,Robert Long,5f9cb560c3bf72001ab4de96,2,AU,"Hello, thank you for reaching out to us. We are sorry for any inconvenience caused. Customer satisfaction is of the utmost importance and we are constantly working to improve our service quality. If you need further assistance, please message us through Temu.com or Temu app live chat. We appreciate you giving us another chance to serve you. Best wishes, Temu team",2026-07-24T03:33:47.000Z
temu.com,id:6a6253143b57d24276134777,native_id,6a6253143b57d24276134777,https://www.trustpilot.com/reviews/6a6253143b57d24276134777,1,Placed an order on 24 june26 now 23…,"Placed an order on 24 june26 now 23 july 26 and still has not arrived. Maybe the last purchase from temu, wen l purchaxed this item l wasnot toldshilping would be  by road, it hastaken over1month since purchase andto this date still hasnot been delivered",2026-07-23T19:44:52.000Z,2026-07-23T00:00:00.000Z,en,0,not-verified,false,Organic,Pamela Clarke,5e1ca8e9ddcefa614f5680a3,19,ES,"Hello, thank you for shopping with us and we are sorry you are experiencing difficulties with your recent orders. You can track your shipping status and see your expected delivery date directly in the Temu app or on Temu.com. If your order arrives later than the estimated delivery date, you will receive Temu credits as a sign of appreciation for your patience. Finally, if your items do not arrive, arrive damaged, or do not match the description or photos, you will be offered a full refund under Temu's Purchase Protection program (https://www.temu.com/temu-purchase-protection.html). Customer satisfaction is of the utmost importance and we are constantly working to improve our service quality. If you need further assistance, please message us through Temu.com or Temu app live chat. We appreciate you giving us another chance to serve you. Best wishes, Temu team",2026-07-24T03:34:03.000Z
temu.com,id:6a6242ee58a3f371aaebaeb5,native_id,6a6242ee58a3f371aaebaeb5,https://www.trustpilot.com/reviews/6a6242ee58a3f371aaebaeb5,1,Mama said if you can't say anything…,Mama said if you can't say anything nice don't say anything at all,2026-07-23T18:35:58.000Z,2026-06-12T00:00:00.000Z,en,0,not-verified,false,Organic,Keith Williams,6a6242d5ff3db2a430c0380b,1,US,"Hello, thank you for your feedback! Temu is an e-commerce company that connects consumers with a network of merchandise partners, manufacturers and brands with the mission to empower consumers to live their best lives. Customer satisfaction is of the utmost importance and we are constantly working to improve our service quality. If you need further assistance, please message us through Temu.com or Temu app live chat. Best wishes, Temu team",2026-07-24T03:34:11.000Z
temu.com,id:6a623ab633c1559508b1ccf0,native_id,6a623ab633c1559508b1ccf0,https://www.trustpilot.com/reviews/6a623ab633c1559508b1ccf0,1,"""I believed I was using account credit…","""I believed I was using account credit when placing my order. After noticing an unexpected $90.80 charge, I attempted to cancel within an hour but could not find a cancellation option. Customer service initially told me cancellation was not possible because the order had shipped. After a longer discussion, Temu canceled the order and initiated a refund to my original payment method. Customers should review the payment screen carefully before completing a purchase.""",2026-07-23T18:00:54.000Z,2026-07-21T00:00:00.000Z,en,0,not-verified,false,Organic,Darren,6a38cfe49192b7782085090d,2,US,"Hello, thank you for reaching out to us. We are sorry for any inconvenience caused. Customer satisfaction is of the utmost importance and we are constantly working to improve our service quality. If you need further assistance, please message us through Temu.com or Temu app live chat. We appreciate you giving us another chance to serve you. Best wishes, Temu team",2026-07-24T03:34:27.000Z
temu.com,id:6a622399d973a6460bdda0c1,native_id,6a622399d973a6460bdda0c1,https://www.trustpilot.com/reviews/6a622399d973a6460bdda0c1,1,Shameless scamming over $47.05💀,"Order: PO-211-05938240392310476
Amount paid:$47.05
This company feels so comfortable scamming and stealing from people it's actually disgusting. Before placing my order I immediatly spoke to their customer support and told them that I did not want them to use speed x as that courier is horrible and notorious for misdelivering, stealing, or simply not following delivery instructions!! Temu decided to use speed x anyways, my package that I waited weeks for is now lost/stolen because rhe driver had placed it out in the open for people to see and grab. After complaining to speed x I recieved an email from them stating that my package was stolen. I provided this email to temu as proof and they are still denying my refund for no reason imagine fighting your customer over $47.05?? How shameful. Buyers Beware please do not order from temu they fight customers over small baby money! Shameless thieves.
",2026-07-23T16:22:17.000Z,2026-07-23T00:00:00.000Z,en,1,not-verified,false,Organic,Cici Nope,6a4b4de65334ac567b11071a,4,US,"Hello, thank you for reaching out to us. We are sorry for any inconvenience caused. Customer satisfaction is of the utmost importance and we are constantly working to improve our service quality. If you need further assistance, please message us through Temu.com or Temu app live chat. We appreciate you giving us another chance to serve you. Best wishes, Temu team",2026-07-24T03:34:58.000Z
temu.com,id:6a62209175fcbeb4b6eb882b,native_id,6a62209175fcbeb4b6eb882b,https://www.trustpilot.com/reviews/6a62209175fcbeb4b6eb882b,5,I love ordering from temu I got all my…,I love ordering from temu I got all my Dinsoaur hoodies clothing thsirts toys and bedroom signs I Lvie it,2026-07-23T16:09:21.000Z,2026-07-23T00:00:00.000Z,en,0,not-verified,false,Organic,Callum James Hagan,6a621f4d236e3d7201e1108f,7,GB,"Hello, thank you for shopping with us and sharing your 5-star experience! We are happy that you are pleased with your items. Your feedback is extremely valuable to us as we constantly strive to improve our service quality. If you need any assistance, please don't hesitate to message us through Temu.com or Temu app live chat. Best wishes, Temu team",2026-07-24T02:33:55.000Z
temu.com,id:6a621c01a8d85fa3cb7db585,native_id,6a621c01a8d85fa3cb7db585,https://www.trustpilot.com/reviews/6a621c01a8d85fa3cb7db585,1,Wrong statement ,The are asking to share with family and friends. We'll send you free gifts but really disappointed from websites. The are not giving anything. So baad .the are jast wasting the time ,2026-07-23T15:49:53.000Z,2026-07-23T00:00:00.000Z,en,1,not-verified,false,Organic,samreen islamic knowledge,65c6ac22edff830012a1276b,3,SA,"Hello, thank you for participating in our promotional activities and we are sorry that you are experiencing difficulties with your rewards. Customer satisfaction is of the utmost importance and we are constantly working to improve our service quality. Please contact us again through Temu.com or Temu app live chat so we can help you investigate right away. Best wishes, Temu team",2026-07-24T03:35:09.000Z
temu.com,id:6a620da330f057b10996afca,native_id,6a620da330f057b10996afca,https://www.trustpilot.com/reviews/6a620da330f057b10996afca,1,Some item are OK,Some item are OK. But now they're selling junk. 20 piece towel bale 2 bath towels.not very big rest hand towels.washed them now they feel like cardboard.would not recommend. Took forever to come as well. They offered me 83p refund & £14 credit to use within 3 days. Scam ,2026-07-23T14:48:35.000Z,2026-07-17T00:00:00.000Z,en,0,not-verified,false,Organic,peter smith,579b70a70000ff000a360e0c,107,GB,"Hello, thank you for shopping with us and we are sorry you are experiencing difficulties with your recent orders. You can track your shipping status and see your expected delivery date directly in the Temu app or on Temu.com. If your order arrives later than the estimated delivery date, you will receive Temu credits as a sign of appreciation for your patience. Finally, if your items do not arrive, arrive damaged, or do not match the description or photos, you will be offered a full refund under Temu's Purchase Protection program (https://www.temu.com/temu-purchase-protection.html). Customer satisfaction is of the utmost importance and we are constantly working to improve our service quality. If you need further assistance, please message us through Temu.com or Temu app live chat. We appreciate you giving us another chance to serve you. Best wishes, Temu team",2026-07-24T03:35:53.000Z
temu.com,id:6a62048e1701e9082ffffb75,native_id,6a62048e1701e9082ffffb75,https://www.trustpilot.com/reviews/6a62048e1701e9082ffffb75,1,Horrible fashion garment not matching advertisements,"I seemed to be one of the few people who wasn’t using Temu despite its relentless advertising. Eventually, I signed up in April, thinking I’d give it a fair chance. Unfortunately, purchasing fashion garments from Temu has been one of the most disappointing online shopping experiences I’ve had.

I gave Temu multiple opportunities to prove me wrong, but my experience has been consistently frustrating. The clothing I received looked nothing like the photos or descriptions. Items advertised as linen arrived in thin, cheap fabrics with poor stitching, inferior craftsmanship, and an overall quality that fell far below what was advertised. This wasn’t an isolated incident—it happened repeatedly across several orders.

What made the experience even worse was Temu’s response. After I complained about one of the misleading products, I was offered a $3 no-return refund. Rather than resolving the issue, it felt dismissive and disrespectful. A responsible marketplace should hold sellers accountable for deceptive listings instead of allowing misleading advertisements to continue while customers absorb the disappointment.

I’m now waiting for my final order to arrive, after which I’ll be deleting my Temu account permanently. Consumers deserve honesty, accurate product descriptions, and products that reasonably match the images used to market them. In my experience, Temu has failed to provide that standard.

I hope Temu begins enforcing stricter quality control and takes stronger action against sellers who misrepresent their products. Until then, I cannot recommend the platform for purchasing clothing.",2026-07-23T14:09:50.000Z,2026-07-20T00:00:00.000Z,en,0,not-verified,false,Organic,Sandra Ijeoma Onuigbo,5f4fb8950996c337d8bfce70,3,US,"Hello, thank you for reaching out to us. We are sorry for any inconvenience caused. Customer satisfaction is of the utmost importance and we are constantly working to improve our service quality. We will follow up on this matter. If you need further assistance, please message us through Temu.com or Temu app live chat. We appreciate you giving us another chance to serve you. Best wishes, Temu team",2026-07-24T03:49:48.000Z
temu.com,id:6a61fcc2a26dd8aa2720cbf1,native_id,6a61fcc2a26dd8aa2720cbf1,https://www.trustpilot.com/reviews/6a61fcc2a26dd8aa2720cbf1,1,Bad experience with jigsaw puzzles,"I bought jigsaw puzzles that  were  on sale at excellent prices. If I bought more than one, the price was better. I expected to pay under 20$ for 3 puzzles. I paid 53$ and the puzzles were not even in boxes, but bags.",2026-07-23T13:36:34.000Z,2026-07-21T00:00:00.000Z,en,1,not-verified,false,Organic,Leslie,5667393c0000ff0001f186d2,12,CA,"Hello, thank you for shopping on Temu! Your feedback is extremely valuable to us and we are sorry that you are not satisfied with some of your items. We implement strict policies and control measures to ensure product quality and accurate product descriptions. Temu's Purchase Protection program offers full refunds if your items do not arrive, arrive damaged, or do not match the description or photos (https://www.temu.com/temu-purchase-protection.html). To apply for a refund, login to the Temu app or Temu.com with the account used for your order, open the ""Your orders"" page, and click ""Return/Refund."" For detailed return instructions, please visit https://www.temu.com/return-and-refund-policy.html. You can choose to receive your refund back to your original payment method or as Temu credits. Temu credits will appear in your Temu credit balance within 3 minutes and can be used immediately. If you choose to receive your refund back to your original payment method, please allow 5-14 business days for it to appear since timing depends on your financial institution. If you need further assistance, please message us through Temu.com or Temu app live chat. Best wishes, Temu team",2026-07-24T03:51:57.000Z
temu.com,id:6a61edd6dd5434d4af29f09b,native_id,6a61edd6dd5434d4af29f09b,https://www.trustpilot.com/reviews/6a61edd6dd5434d4af29f09b,4,Most things okay but they are very…,"Most things okay but they are very deceiving. No sound at all from a card, at least it was extremely cheap, but it’s a lie. And I can’t seem to review it it came with an order today. Awful tap thé cake and light sound, no sound. Also strawberry bracelet etc very small and moreforachild. I do thavea wide wrist either. So I’ll just order stationery items.as I said once before your descriptions of certain items are misleading. I do not bother with automated replies either!",2026-07-23T12:32:54.000Z,2026-07-23T00:00:00.000Z,en,1,not-verified,false,Organic,Norma mccormack,5e932e5de638eb645ccbd8cd,197,GB,"Hello, thank you for shopping on Temu! Your feedback is extremely valuable to us and we are sorry that you are not satisfied with some of your items. We implement strict policies and control measures to ensure product quality and accurate product descriptions. Temu's Purchase Protection program offers full refunds if your items do not arrive, arrive damaged, or do not match the description or photos (https://www.temu.com/temu-purchase-protection.html). To apply for a refund, login to the Temu app or Temu.com with the account used for your order, open the ""Your orders"" page, and click ""Return/Refund."" For detailed return instructions, please visit https://www.temu.com/return-and-refund-policy.html. If you need further assistance, please message us through Temu.com or Temu app live chat. Best wishes, Temu team",2026-07-24T02:35:54.000Z
temu.com,id:6a619cdefb86a38c2cd73943,native_id,6a619cdefb86a38c2cd73943,https://www.trustpilot.com/reviews/6a619cdefb86a38c2cd73943,1,These people are liers and…,"These people are liers and deceivers,they will promise you free gifts if you make a purchase but the gifts never come and charge you again for what suppose to be a gift.I hate them and I wish nothing but bad luck to them.",2026-07-23T06:47:26.000Z,2026-07-22T00:00:00.000Z,en,1,not-verified,false,Organic,Aaron Taylor,637681100b56c3001204f150,2,US,"Hello, thank you for participating in our promotional activities and we are sorry that you are experiencing difficulties with your rewards. Customer satisfaction is of the utmost importance and we are constantly working to improve our service quality. Please contact us again through Temu.com or Temu app live chat so we can help you investigate right away. Best wishes, Temu team",2026-07-23T11:47:10.000Z
temu.com,id:6a6176ad37af9e6f439a9cc4,native_id,6a6176ad37af9e6f439a9cc4,https://www.trustpilot.com/reviews/6a6176ad37af9e6f439a9cc4,1,Not trust worthy,"Not trust worthy. Temu advertise a price for the products, then they charge different price on the charged amount. In Addition when order 3 item the come 3 shipment with a delivery charge for each. Do not recommend ",2026-07-23T04:04:29.000Z,2026-07-09T00:00:00.000Z,en,0,not-verified,false,Organic,Ghada Jadallah,6a617241236e3dc1e6e03242,1,US,"Hello, thank you for reaching out to us. We are sorry for any inconvenience caused. Customer satisfaction is of the utmost importance and we are constantly working to improve our service quality. We will follow up on this matter. If you need further assistance, please message us through Temu.com or Temu app live chat. We appreciate you giving us another chance to serve you. Best wishes, Temu team",2026-07-23T11:47:38.000Z
temu.com,id:6a6161de1c6fc84e111f3dfa,native_id,6a6161de1c6fc84e111f3dfa,https://www.trustpilot.com/reviews/6a6161de1c6fc84e111f3dfa,5,A happy Temu shopper in Canada,"I have to say that I've been buying from Temu for over a year now and I've had nothing but good experiences shopping with them.  Over 95% of the items I've purchased from Temu have met or exceeded my expectations.  And for the other 5%, Temu has stood by their return/refund policy and made things right.  I've purchased some excellent tools and appliances from Temu and saved money compared to what the same items would have cost if I purchased from Amazon.  And the selection at Temu surpasses all other major online marketplaces.  I'm a very satisfied Temu shopper in Canada.",2026-07-23T02:35:42.000Z,2026-07-22T00:00:00.000Z,en,0,not-verified,false,Organic,Stonekeep,6a615f88236e3dd7bae027d0,1,CA,"Hello, thank you for shopping with us and sharing your 5-star experience! We are happy that you are pleased with your items. Your feedback is extremely valuable to us as we constantly strive to improve our service quality. If you need any assistance, please don't hesitate to message us through Temu.com or Temu app live chat. Best wishes, Temu team",2026-07-24T02:32:19.000Z
temu.com,id:6a6152692f206b17fd979b6f,native_id,6a6152692f206b17fd979b6f,https://www.trustpilot.com/reviews/6a6152692f206b17fd979b6f,1,DISHONEST COMPANY ,"I am extremely disappointed with the way Temu has handled my late-delivery compensation.
I had 12 orders that arrived late, and each one showed that £4 late-delivery compensation would be credited within 48 hours. However, I have only received compensation for 5 of the 12 orders, leaving 7 outstanding.
I have provided screenshots showing the evidence for all 12 late deliveries, but despite this, I have now been given several different explanations as to why the remaining compensation cannot be paid. None of these explanations properly addresses the evidence I have provided.
During an earlier conversation with customer service, I was also promised an additional £5 credit for the inconvenience this situation had caused. This has still not been paid.
Another customer service representative subsequently processed 5 payments of £4, but told me they could not process the remaining payments or the promised £5 and therefore raised a ticket. Since then, Ali from the Customer Solutions Team has responded, but the response does not appear to acknowledge or address the screenshots I supplied showing that the remaining orders were also eligible for late-delivery compensation.
Normally, Temu's £4 late-delivery credit is issued automatically. On the last three occasions this has not happened. On the previous two occasions I eventually received the compensation after contacting customer service, but this time I am having considerable difficulty getting the matter resolved.
I am a very regular Temu customer and spend thousands of pounds through the company, purchasing for a large family as well as other people. I follow Temu's terms and conditions and therefore expect Temu to honour its own promises and policies in return.
If Temu's policy states that eligible late deliveries receive £4 compensation, that policy should be applied consistently regardless of whether a customer has one late delivery or several. The fact that I have 12 affected orders should not prevent me from receiving compensation on each order if each one individually qualifies.
I am also disappointed that my emails and photographic evidence do not appear to be properly addressed. This has left me feeling that because the total amount of compensation is higher this time, Temu is reluctant to honour it.
There have been other changes to my account that have also reduced my confidence in continuing to shop with Temu, including the removal of my discount card and promotions where I now have to spend a very substantial amount before receiving the advertised coupon benefits.
I am therefore asking Temu to review the evidence I have already supplied and resolve this properly by paying the outstanding compensation for the remaining 7 eligible late orders, together with the additional £5 credit that customer service promised me.
If this cannot be resolved fairly, my family, friends and I will seriously consider purchasing elsewhere in future. After spending such significant amounts with Temu, I do not believe I should have to repeatedly chase the company simply to receive compensation that its own system stated I was entitled to.
Please provide a clear response addressing each of the outstanding 7 orders and the promised £5 credit, rather than another general explanation.

I, won't be ordering again at least until this has been sorted 

Thank you.

Update :

You say you have escalated it but you don't know my details before I've given them so that's not true it seems you want people to see you are dealing with the issue. 
I have attached my details and you still haven't made contact with me. 
So again I contacted you though chat and have another ticket raised and still nothing as of yet. 
Why say £4 for late deliveries if your not willing to pay them even with screenshots and the screenshot of £5 goodwill gesture your refusing to pay. 
Shame on you and your company!!!!! No wonder your rating are sooooo poor!!!!! 
Once I receive the rest of my air delivery and land delivery orders I'm deleting my account and spend my money elsewhere. 
If anyone's hasn't deleted their account, delete it you will end up being deceived!!!!! good luck if you don't!!!!! 
",2026-07-23T01:29:45.000Z,2026-07-23T00:00:00.000Z,en,0,not-verified,false,Organic,Anonymous ,5e90804ae638eb8f35cac8e6,21,GB,"Hello, thank you for reaching out to us. We are sorry for any inconvenience caused. Customer satisfaction is very important to us, and we are continuously working to improve our service. Thank you for sharing the relevant information, and we have already escalated your issue with the relevant team for further follow-up. If you need any additional assistance, please feel free to message us through Temu.com or the Temu app live chat via this link: https://share.temu.com/NWGRVrrOSMA. We appreciate your patience and understanding. Best wishes, Temu Team",2026-07-23T09:51:01.000Z
temu.com,id:6a613d0527d0c6dcf4a97778,native_id,6a613d0527d0c6dcf4a97778,https://www.trustpilot.com/reviews/6a613d0527d0c6dcf4a97778,1,Was told of all the free stuff,Was told of all the free stuff. NOTHING is free. Just a way to claim your money. ,2026-07-22T23:58:29.000Z,2026-07-22T00:00:00.000Z,en,0,not-verified,false,Organic,Roy,6a613cf7b06fbf6f0cf153dd,1,US,"Hello, thank you for participating in our promotional activities and we are sorry that you are experiencing difficulties with your rewards. Customer satisfaction is of the utmost importance and we are constantly working to improve our service quality. Please contact us again through Temu.com or Temu app live chat so we can help you investigate right away. Best wishes, Temu team",2026-07-23T11:15:50.000Z
temu.com,id:6a613412f6270b3588fdbda4,native_id,6a613412f6270b3588fdbda4,https://www.trustpilot.com/reviews/6a613412f6270b3588fdbda4,1,Delete your account they like to steal…,Delete your account they like to steal from you and place orders without your knowledge.,2026-07-22T23:20:18.000Z,2026-07-19T00:00:00.000Z,en,0,not-verified,false,Organic,ashley's make up turtorails,67f5761feb721a073ad75e0e,2,CA,"Hello, thank you for taking the time to share your feedback. To help us review the matter further, we kindly ask that you complete the Information Request Form we have sent and provide the requested details, such as your order number(typically starting with PO-xxx)  or the email address associated with your Temu account. Once we receive the information, we will review your case and coordinate with the relevant team for further follow-up. If you have any additional questions or need further assistance, please feel free to contact us through the Temu website or the Temu app live chat via this link: https://share.temu.com/NWGRVrrOSMA. Thank you for your time, patience, and cooperation. Best wishes, Temu Team",2026-07-23T11:11:50.000Z
temu.com,id:6a61329aec64dbcff0f9799b,native_id,6a61329aec64dbcff0f9799b,https://www.trustpilot.com/reviews/6a61329aec64dbcff0f9799b,1,I've had nothing but problems with Temu…,"I've had nothing but problems with Temu from day one. Can't use any credit given,unless you spend an amount Temu says. No help online with orders 6 days late.no help by phone. $5 credit given fir late delivery is a joke. And you cannot use any creativeness by Temu, unless you spend money. Complete scam company. BEWARE Temu",2026-07-22T23:14:02.000Z,2026-07-22T00:00:00.000Z,en,1,not-verified,false,Organic,Juzme Lewis,69b1deee513e81784f7c54ab,7,CA,"Hello, thank you for taking the time to share your feedback. To help us review the matter further, we kindly ask that you complete the Information Request Form we have sent and provide the requested details, such as your order number(typically starting with PO-xxx)  or the email address associated with your Temu account. Once we receive the information, we will review your case and coordinate with the relevant team for further follow-up. If you have any additional questions or need further assistance, please feel free to contact us through the Temu website or the Temu app live chat via this link: https://share.temu.com/NWGRVrrOSMA. Thank you for your time, patience, and cooperation. Best wishes, Temu Team",2026-07-23T11:07:11.000Z
temu.com,id:6a612b3f4ed7891334516433,native_id,6a612b3f4ed7891334516433,https://www.trustpilot.com/reviews/6a612b3f4ed7891334516433,1,Beware: Temu charged me for items I never selected,"I was adding items to my cart just to compare and decide what to buy — I was especially interested in a solar panel and battery kit. Without my confirmation, the app went ahead and charged my account for everything in the cart, including items I had left unmarked/unselected.

I canceled the order within about 8 minutes, and the app confirmed a refund would be issued around July 27th. Two days later, I got a message saying they had refunded $160 — but my bank showed a charge of $584, because they had also processed the items I never selected for purchase.

When I filed a complaint, I was told these were ""different sellers"" and that the items had already shipped, so the charge couldn't be canceled.

I've also compared notes with friends who've had similar experiences: the price shown when browsing is often not the price actually charged — it increases by around 20%, and in some cases shipping is added on top, without clear disclosure. This feels like a deliberate practice, not a glitch.

If Temu is a Chinese company, this kind of behavior reflects poorly on a government that claims to take a strong stance against theft and fraud.

I would urge others to be extremely careful with this app — take screenshots of your cart before checking out, and monitor your bank account closely after any order.

",2026-07-22T22:42:39.000Z,2026-07-20T00:00:00.000Z,en,0,not-verified,false,Organic,Monica speranza lor,641f1ebf09a2a30013655882,3,US,"Hello, thank you for reaching out to us. We are sorry for any inconvenience caused. Customer satisfaction is of the utmost importance and we are constantly working to improve our service quality. If you have any additional questions or concerns, please message us on our Temu.com or Temu app live chat. You can also visit www.temu.com/support-center.html for more customer service contacts. We appreciate you giving us another chance to serve you. Best wishes, Temu Team",2026-07-23T11:16:51.000Z
temu.com,id:6a6120e384399bc3d51e5fa2,native_id,6a6120e384399bc3d51e5fa2,https://www.trustpilot.com/reviews/6a6120e384399bc3d51e5fa2,1,You advertise free gifts,"You advertise free gifts, so, I place an order, however, when I go to check out, I'm told that I have to check out with a payable item, so I look for a payable order with a minimum, right? Okay, so I purchase an item with the minimum order required, place the order and I'm asked to repeat another payable item, etc...I've noticed this happening very frequently lately, but, after payment is made it's too late to cancel the order, so, if this is the way you do business, then cancel my account and take my name off your list. This is not the way to get people to buy. I'm really frustrated with this company. I've been with you for a while but I'm no longer able to do business this way. Please cancel what I've ordered today and delete my name off your list. Just give me back any money that you've charged me today. Thank you.",2026-07-22T21:58:27.000Z,2026-07-22T00:00:00.000Z,en,0,not-verified,false,Organic,Cathi Teague,6545abb80389390011632039,4,US,"Hello, thank you for participating in our promotional activities and we are sorry that you are experiencing difficulties with your rewards. Customer satisfaction is of the utmost importance and we are constantly working to improve our service quality. Please contact us again through Temu.com or Temu app live chat so we can help you investigate right away. Best wishes, Temu team",2026-07-23T11:15:08.000Z
temu.com,id:6a610bd907b0837411a1fe3a,native_id,6a610bd907b0837411a1fe3a,https://www.trustpilot.com/reviews/6a610bd907b0837411a1fe3a,1,TEMU DID NOT HELP…,"I purchased a barbecue through Temu from one of their marketplace sellers, Home Interiors Hinckley. The product was advertised as a ""Kamado Grill"" and described as ""insulated"", creating the clear expectation that it would have the heat retention and performance characteristics of a genuine Kamado cooker.
The item I received is simply a thin sheet-metal barbecue with very poor heat retention. It does not perform like a Kamado grill and the description is misleading. The design also imitates the appearance of a traditional Kamado, which further gives consumers the wrong impression.
My main disappointment is with Temu itself. As the marketplace operator, Temu should have proper checks in place to ensure that third-party sellers are not using misleading descriptions to sell products that do not match the advertising.
Despite providing evidence and explaining the issue, Temu has not offered a satisfactory solution or taken responsibility for the misleading listing on its platform.
Customers should be aware that buying through Temu's marketplace does not necessarily mean that product descriptions have been properly verified.",2026-07-22T20:28:41.000Z,2026-07-20T00:00:00.000Z,en,0,not-verified,false,Organic,Maurizio,55ff35460000ff0001dd38bc,48,GB,"Hello, thank you for shopping on Temu! Your feedback is extremely valuable to us and we are sorry that you are not satisfied with some of your items. We implement strict policies and control measures to ensure product quality and accurate product descriptions. Temu's Purchase Protection program offers full refunds if your items do not arrive, arrive damaged, or do not match the description or photos (https://www.temu.com/temu-purchase-protection.html). To apply for a refund, login to the Temu app or Temu.com with the account used for your order, open the ""Your orders"" page, and click ""Return/Refund."" For detailed return instructions, please visit https://www.temu.com/return-and-refund-policy.html. You can choose to receive your refund back to your original payment method or as Temu credits. Temu credits will appear in your Temu credit balance within 3 minutes and can be used immediately. If you choose to receive your refund back to your original payment method, please allow 5-14 business days for it to appear since timing depends on your financial institution. If you need further assistance, please message us through Temu.com or Temu app live chat. Best wishes, Temu team",2026-07-23T09:58:36.000Z
temu.com,id:6a6103ee00a83c8d6683959b,native_id,6a6103ee00a83c8d6683959b,https://www.trustpilot.com/reviews/6a6103ee00a83c8d6683959b,1,TEMU = RIP OFF,"Temu can start by trying to be a bit honest for a change.
Be sure to make a screenshot of each and every cart before you press payment otherwise, Temu will rip you off as they change prices when you return to the main screen after the PayPal window.
I myself find it very annoying and irritable as I don't have time for this, imagine if you have to screenshot every order on every website....?
Not buying from them ever again - their loss, my gain.

",2026-07-22T19:54:54.000Z,2026-07-20T00:00:00.000Z,en,1,not-verified,false,Organic,Iris,5fc9da5d33b62e00193e5550,4,IL,"Hello, thank you for reaching out to us. We are sorry for any inconvenience caused. Customer satisfaction is of the utmost importance and we are constantly working to improve our service quality. If you need further assistance, please message us through Temu.com or Temu app live chat. We appreciate you giving us another chance to serve you. Best wishes, Temu team",2026-07-23T06:01:15.000Z
temu.com,id:6a60f63a41f078eda24d046e,native_id,6a60f63a41f078eda24d046e,https://www.trustpilot.com/reviews/6a60f63a41f078eda24d046e,1,Faie price match guarantee.,"I recently made an order with Temu for a product, then later found that same product, on a competitor's site. When I attempted to use their advertisements guarantee, I was denied the reasoning behind the denial was that they said that they gave me a price adjustment.  But it was only for half of the amount of what the price was found for on a competitor's site.It's very frustrating when they site does not live up to their advertisements and they're guarantees and im very disappointed.",2026-07-22T18:56:26.000Z,2026-07-22T00:00:00.000Z,en,0,not-verified,false,Organic,Gi Bibble,68f916c7267f34002670c2ce,5,US,"Hello, thank you for reaching out to us. We are sorry for any inconvenience caused. Customer satisfaction is of the utmost importance and we are constantly working to improve our service quality. If you need further assistance, please message us through Temu.com or Temu app live chat. We appreciate you giving us another chance to serve you. Best wishes, Temu team",2026-07-23T06:01:44.000Z
temu.com,id:6a60eb55756e43cabc76b73b,native_id,6a60eb55756e43cabc76b73b,https://www.trustpilot.com/reviews/6a60eb55756e43cabc76b73b,5,I love temu I have decorated a majority…,"I love temu I have decorated a majority of my house and garden with there stuff I think the company is exspectional and greatly priced . And if u got a fault there quick and polite to resolve . Keep up the good work temu

",2026-07-22T18:09:58.000Z,2026-07-22T00:00:00.000Z,en,0,not-verified,false,Organic,Danielle,603a8e734de76c001a1821ee,16,GB,"Hello, thank you for shopping with us and sharing your 5-star experience! We are so glad you've been enjoying your experience so far. Customer satisfaction is of the utmost importance and we are constantly working to improve our service quality. If you need any assistance, please message us through Temu.com or Temu app live chat. Best wishes, Temu team",2026-07-24T02:32:04.000Z
temu.com,id:6a60dd65cc9bd1d8b80aac3c,native_id,6a60dd65cc9bd1d8b80aac3c,https://www.trustpilot.com/reviews/6a60dd65cc9bd1d8b80aac3c,1,I used to buy everything in Temu but…,"I used to buy everything in Temu but recently they give some promotion when you’re just open the app, they told you that you have 8 gifts, just pick from there, but after choosing, they tell you need to buy 10 dollars to qualify, ok. Finally they cut you half of the gift, i quit after confirm my buy and they still charged you, Beware, they Scam you",2026-07-22T17:10:29.000Z,2026-07-20T00:00:00.000Z,en,1,not-verified,false,Organic,Hoa Nguyen,6a60dd2ec2526ceb3d95c754,1,US,"Hello, thank you for participating in our promotional activities and we are sorry that you are experiencing difficulties with your rewards. Customer satisfaction is of the utmost importance and we are constantly working to improve our service quality. Please contact us again through Temu.com or Temu app live chat so we can help you investigate right away. Best wishes, Temu team",2026-07-23T06:03:50.000Z
temu.com,id:6a60d7edeb9303d0a0e47a9d,native_id,6a60d7edeb9303d0a0e47a9d,https://www.trustpilot.com/reviews/6a60d7edeb9303d0a0e47a9d,4,"Loved the product, worth the slight shipping delay","I’m really happy with my purchase—the quality of the product exceeded my expectations! Delivery took a little longer than estimated, but overall it was well worth the wait. Would definitely order again",2026-07-22T16:47:09.000Z,2026-07-21T00:00:00.000Z,en,0,invited,false,BasicLink,Jessica Diaz,6a4ed722d7872ac07be6fbf8,2,SE,"Hello, thank you for shopping with us and sharing your 4-star experience! We are so glad you've been enjoying your experience so far. Customer satisfaction is of the utmost importance and we are constantly working to improve our service quality. If you need any assistance, please message us through Temu.com or Temu app live chat. Best wishes, Temu team",2026-07-24T02:36:21.000Z
temu.com,id:6a60d3d4969d29e3865d9c89,native_id,6a60d3d4969d29e3865d9c89,https://www.trustpilot.com/reviews/6a60d3d4969d29e3865d9c89,2,Quality nowhere near the photos,"What arrived looked nothing like the listing photos, materials felt cheap and the sizing was completely off from the chart given. Asked about a return and was offered a small partial refund instead of actually sending it back, which felt like the easier option for them rather than for me.",2026-07-22T16:29:40.000Z,2026-07-22T00:00:00.000Z,en,0,not-verified,false,Organic,William Wilson,6a4824139371bf7a8b71945d,1,AU,"Hello, thank you for reaching out to us. We are sorry for any inconvenience caused. Customer satisfaction is of the utmost importance and we are constantly working to improve our service quality. If you need further assistance, please message us through Temu.com or Temu app live chat. We appreciate you giving us another chance to serve you. Best wishes, Temu team",2026-07-23T06:04:01.000Z
temu.com,id:6a60cac0b6067c8cb18d2416,native_id,6a60cac0b6067c8cb18d2416,https://www.trustpilot.com/reviews/6a60cac0b6067c8cb18d2416,5,I think Temu should hire me,"I think Temu should hire me.  I’ve ordered just about everything from Temu.  I can’t go anywhere, that people don’t stop me and asks me where I got my dress.  I always tell them Temu!!  And they usually say they are going to check it out.   Temu can you give me something for all the advertising I do for you?
Thanks,     Karen C
",2026-07-22T15:50:56.000Z,2026-07-22T00:00:00.000Z,en,0,not-verified,false,Organic,customer,6668c49d241bd938265089df,2,US,"Hello, thank you for shopping with us and sharing your 5-star experience! We are so glad you've been enjoying your experience so far. Customer satisfaction is of the utmost importance and we are constantly working to improve our service quality. If you need any assistance, please message us through Temu.com or Temu app live chat. Best wishes, Temu team",2026-07-24T02:31:05.000Z
temu.com,id:6a60c6aa3d0dc27f5a97c207,native_id,6a60c6aa3d0dc27f5a97c207,https://www.trustpilot.com/reviews/6a60c6aa3d0dc27f5a97c207,1,No product received,"I placed my order; it hasn't arrived in more than a month. Alli says it is ready to ship. When I contact customer support, they say we have sped up the shipping process, but nothing has been done yet. ot recommended",2026-07-22T15:33:30.000Z,2026-07-22T00:00:00.000Z,en,0,not-verified,false,Organic,Jan Muhammad,6a60c60c7b418c515b884cf9,3,DE,"Hello, thanks for reaching out. We believe you posted this review on the wrong page. If you are a Temu customer and have related feedback we would be happy to assist you. We understand how important it is to provide a reliable and efficient customer service experience. For further help, you can contact our customer support team via the live chat feature.  Best wishes, Temu team",2026-07-23T06:04:11.000Z
temu.com,id:6a60b7d27d6f09a2874e0353,native_id,6a60b7d27d6f09a2874e0353,https://www.trustpilot.com/reviews/6a60b7d27d6f09a2874e0353,1,Unrefunded ,"Since May 8th till now, Temu is yet to refund my money or process my order after taking my money, PO-147-11115562522233923, the Temu live app usually close every ticket I open concerning this case, my money isn't refunded till now
 ",2026-07-22T14:30:10.000Z,2026-05-08T00:00:00.000Z,en,0,not-verified,false,Organic,blazingmajor,5dd6b7829ca883c8d65d85d4,4,US,"Hello, thank you for reaching out to us. We are sorry for any inconvenience caused. Customer satisfaction is of the utmost importance and we are constantly working to improve our service quality. We will follow up on this matter. If you need further assistance, please message us through Temu.com or Temu app live chat. We appreciate you giving us another chance to serve you. Best wishes, Temu team",2026-07-23T05:45:33.000Z
temu.com,id:6a60b68d7271e57a3262bf4a,native_id,6a60b68d7271e57a3262bf4a,https://www.trustpilot.com/reviews/6a60b68d7271e57a3262bf4a,1,Terrible company the left doesn’t know what the right is doing!,"This is about the worst company that I’ve ever used, I put my first order though after much deliberation and trying to dodge all the ridiculous things you have to go through to put an order through, I ordered a dress and got told I could order 6 free items of which I did and guess what I never received the six free items or the dress then thank goodness they gave me a refund without me even asking for it!, then today the dress turned up and my god it was just about the most terrible material and was see through, so that will go to a charity shop for their rags cos they won’t be able to sell it!!, it was £14.99 so not particularly cheap!, I will never ever use Temu ever again!, AVOID this company ",2026-07-22T14:24:45.000Z,2026-07-22T00:00:00.000Z,en,1,not-verified,false,Organic,Heather Fill,5734a27d0000ff000a1f86eb,39,GB,"Hello, thank you for participating in our promotional activities and we are sorry that you are experiencing difficulties with your rewards. We implement strict policies and control measures to ensure product quality and accurate product descriptions. Temu's Purchase Protection program offers full refunds if your items do not arrive, arrive damaged, or do not match the description or photos (https://www.temu.com/temu-purchase-protection.html). To apply for a refund, login to the Temu app or Temu.com with the account used for your order, open the ""Your orders"" page, and click ""Return/Refund."" For detailed return instructions, please visit https://www.temu.com/return-and-refund-policy.html. You can choose to receive your refund back to your original payment method or as Temu credits. Temu credits will appear in your Temu credit balance within 3 minutes and can be used immediately. If you choose to receive your refund back to your original payment method, please allow 5-14 business days for it to appear since timing depends on your financial institution. If you need further assistance, please message us through Temu.com or Temu app live chat. Best wishes, Temu team",2026-07-23T05:45:54.000Z
temu.com,id:6a60af0661d792f6a1ecc42e,native_id,6a60af0661d792f6a1ecc42e,https://www.trustpilot.com/reviews/6a60af0661d792f6a1ecc42e,1,I was a loyal customer but will not buy again ,"I was a loyal customer with Temu for several years and at first it was pretty good. If there were any issues with items it was easy to receive a refund. Nowadays, it's very difficult to receive a full refund. 

The new returns process has many faults - I was only offered one method of return from a delivery company I am not confident would handle the return efficiently.  From my understanding, if returned products were damaged by the delivery company during the returns delivery process, then no refund would be issued. Because Temu's products are often not good quality and don't meet local standards and safety regulations, there are often one to two items which require a return per order. This is just not sustainable for me as a buyer.

Customer service have become very slow and have limited options to help - the options given are futile and my recent conversations with customer service were left unresolved or with an unsatisfactory outcome. I was drawn into credit back and other offers which were not very transparent on first appearances. Time limits with time differences caused issues with the credit back. 

I thought Temu would improve since they now have local warehouses. I was a loyal customer for years, but have now deleted the app. I would potentially come back to Temu if they improve their returns options, reduce the intensity of misleading offers, their customer service wait time and most importantly the quality of the products that their sellers offer. ",2026-07-22T13:52:38.000Z,2026-07-22T00:00:00.000Z,en,1,not-verified,false,Organic,Maeve Ó Duibh,5d18a9703fc1c86a573768c2,15,GB,"Hello, thank you for reaching out to us. We are sorry for any inconvenience caused. Customer satisfaction is of the utmost importance and we are constantly working to improve our service quality. We will follow up on this matter. If you need further assistance, please message us through Temu.com or Temu app live chat. We appreciate you giving us another chance to serve you. Best wishes, Temu team",2026-07-23T05:47:44.000Z
temu.com,id:6a60891028ef80dfbe2dd1f5,native_id,6a60891028ef80dfbe2dd1f5,https://www.trustpilot.com/reviews/6a60891028ef80dfbe2dd1f5,1,"Large palms, don't buy ","I ordered TWO , 4' fake palm trees in pots. 
I received two fake roses on stems, with some fake leaves, total length 15"".
Absolute crap. 
Temu can be brilliant, but these are rubbish. ",2026-07-22T11:10:40.000Z,2026-07-04T00:00:00.000Z,en,2,not-verified,false,Organic,Paul Pearson ,575afe0d0000ff000a280f91,34,GB,"Hello, thank you for reaching out and we are sorry that you are experiencing difficulties with your order. If you received the wrong items, you may apply for a refund by messaging us through Temu.com or Temu app live chat. Simply type ""wrong item"" into the chat, select the item from your order that is wrong, and follow the directions on the screen to complete your refund application. You can choose to receive your refund back to your original payment method or as Temu credits. Temu credits will appear in your Temu credit balance within 3 minutes and can be used immediately. If you choose to receive your refund back to your original payment method, please allow 5-14 business days for it to appear since timing depends on your financial institution and can take up to 30 days. If you need further assistance, please message us through Temu.com or Temu app live chat so we can help you. Best wishes, Temu team",2026-07-22T12:17:12.000Z
temu.com,id:6a6062f2102d24f3f2599b71,native_id,6a6062f2102d24f3f2599b71,https://www.trustpilot.com/reviews/6a6062f2102d24f3f2599b71,1,Warning don't buy electronics from temu…,Warning don't buy electronics from temu warranty is a joke.,2026-07-22T08:28:02.000Z,2026-07-22T00:00:00.000Z,en,2,not-verified,false,Organic,Eddy Lampo,640f0befa509580012740432,12,NL,"Hoi, bedankt dat je shopt op Temu! Onze excuses dat niet alle artikelen aan je verwachtingen voldoen, we waarderen je feedback. We hanteren strikte beleids- en controlemaatregelen om de productkwaliteit en accurate productbeschrijvingen te garanderen. Temu-aankoopbescherming biedt volledige terugbetaling als je artikelen niet aankomen, beschadigd zijn of niet overeenkomen met de beschrijving of foto's (https://www.temu.com/temu-purchase-protection.html). Om een terugbetaling aan te vragen, log je in op de Temu-app of Temu.com met het account dat je hebt gebruikt voor je bestelling, open je de pagina ""Mijn bestellingen"" en klik je op ""Retourneren / terugbetalen"". Ga voor uitgebreide instructies naar https://www.temu.com/return-and-refund-policy.html. Als je hulp nodig hebt, stuur ons dan een bericht via de livechat op Temu.com of de Temu-app. Vriendelijke groeten, Team Temu",2026-07-22T11:58:36.000Z
temu.com,id:6a603e1bb675d3b52fc76d39,native_id,6a603e1bb675d3b52fc76d39,https://www.trustpilot.com/reviews/6a603e1bb675d3b52fc76d39,2,I spend and shop a lot on Temu and I’m…,I spend and shop a lot on Temu and I’m constantly getting the run around about my perks (free items) It’s almost seeming scam like!,2026-07-22T05:50:51.000Z,2026-07-21T00:00:00.000Z,en,0,not-verified,false,Organic,Sharon Curtis,6a603e09236e3d51c7de7acf,1,US,"Hello, thank you for participating in our promotional activities and we are sorry that you are experiencing difficulties with your rewards. Customer satisfaction is of the utmost importance and we are constantly working to improve our service quality. Please contact us again through Temu.com or Temu app live chat so we can help you investigate right away. Best wishes, Temu team",2026-07-22T11:54:06.000Z
temu.com,id:6a6003161731ac2e610870ab,native_id,6a6003161731ac2e610870ab,https://www.trustpilot.com/reviews/6a6003161731ac2e610870ab,2,My shipment was late,"My shipment was late, and I could not receive my bonus items. The spinning of the wheel for free items is wack Stop lying to your. 
Customers",2026-07-22T01:39:02.000Z,2026-07-17T00:00:00.000Z,en,0,not-verified,false,Organic,Brenda,6a6002eec2526c6b9f94b425,1,US,"Hello, thank you for shopping with us and we are sorry you are experiencing difficulties with your recent order. Most packages arrive between 7-15 business days. If the tracking status is not updated for 15 days, you can request a full refund and keep your items when they arrive. If your order arrives later than the estimated delivery date, you will receive Temu credits as a sign of appreciation for your patience. Also, thank you for participating in our promotional activities and we are sorry that you are experiencing difficulties with your rewards. Customer satisfaction is of the utmost importance and we are constantly working to improve our service quality. If you need further assistance, please message us through Temu.com or Temu app live chat. Best wishes, Temu team",2026-07-22T08:28:19.000Z
temu.com,id:6a5ff8e35ab0bbf36c250e1a,native_id,6a5ff8e35ab0bbf36c250e1a,https://www.trustpilot.com/reviews/6a5ff8e35ab0bbf36c250e1a,1,Ticket ID 1783734920012010,"Ticket ID: 1783734920012010  Ken Novich
I ordered 8 Alfordson Dining Chairs from Temu with confirmation stating Free Delivery. After a couple of weeks, Temu cancelled the order stating “The supplier could not supply”. I figured they were out of stock. I went back online to find a replacement and found the exact same chairs were still being available, so I re-ordered them and received confirmation including Free Delivery. I had paid for both orders and received a credit for the first cancelled order. A couple of weeks passed during which time I had given my old chairs to a charity company. After a couple of weeks, I received the same cancellation for the 2nd order and another refund.
I contacted Alfordson to find out what they had that was similar but was told that they had no record of my name on orders from Temu and that stock was available and still was. As I had disposed of my old chairs, I easily found several other retailers offering the same chairs but instead of Free Delivery, I had to pay $139. I placed an order with BigW and received delivery in 2 days. Temu keep sending me details about how to contact Alfordson, totally ignoring that I have told them that I already have and Temu have not been truthful with me.
I went onto the Temu chat line and complained that since Temu had accepted my order twice with Free Delivery, that they should reimburse me for the delivery charge I had to pay BigW. These so called “Customer Service” staff were next to useless. I spent an hour being passed from one to the other and eventually requested a Supervisor after being told that Alfordson could not deliver as there was an “Anomoly”. Nobody will explain what that means. Since then I have explained the entire fiasco to 5 different supervisors (Augustus, Austin, Alethea, Lily, Emman.)  None of them are prepared to answer my questions…. Do they admit that the orders were never placed? ….Before cancelling them, why could they not contact me? …..Why do they totally ignore what I have written to them and sending a standard computer reply?
They must run a special course on how to be vague and evasive. p.s. They did provide $10 credit for all the inconvenience and a promised 20% discount on my next order. I daresay this offer will probably be cancelled after this review. There are many dates involved so I have just mentioned the last.
",2026-07-22T00:55:31.000Z,2026-07-22T00:00:00.000Z,en,1,not-verified,false,Organic,KEN NOVICH,6a4b3f48b90f9d5a7b1cc717,2,AU,"Hello, we are sorry to hear about your experience. We apologize for the inconvenience caused by the sold-out pre-ordered items. We are sorry for the inconvenience and frustration you have experienced, as we understand how disappointing it can be to have items in your order become unavailable. Thank you for sharing the relevant information, and we have already escalated your issue with the relevant team for further follow-up. If you need any additional assistance, please feel free to message us through Temu.com or the Temu app live chat via this link: https://share.temu.com/NWGRVrrOSMA. We appreciate your patience and understanding. Best wishes,Temu Team",2026-07-22T08:45:08.000Z
temu.com,id:6a5ff308b76dab22449008c5,native_id,6a5ff308b76dab22449008c5,https://www.trustpilot.com/reviews/6a5ff308b76dab22449008c5,1,Not only did he mess up the…, Not only did he mess up the shipment—taking my money under false pretenses—but he still hasn't sent a courier to pick up these useless packages he sent me. I feel sorry for whoever is actually waiting for them—some poor soul who needs them for a camping trip and can't even go without a tent—yet they ended up with me. It’s truly outrageous.,2026-07-22T00:30:32.000Z,2026-07-21T00:00:00.000Z,en,1,not-verified,false,Organic,Alessio Sundas,659bcf702e89520012756855,126,IT,"Hello, thank you for reaching out to us. We are sorry for any inconvenience caused. Your case is out of the norm. Customer satisfaction is of the utmost importance and we are constantly working to improve our service quality. Please message us through Temu.com or Temu app live chat by this link: https://share.temu.com/NWGRVrrOSMA. We are eager to help you find a resolution. Best wishes, Temu team",2026-07-22T08:14:52.000Z
temu.com,id:6a5fd9110d4f0b32d64a9f70,native_id,6a5fd9110d4f0b32d64a9f70,https://www.trustpilot.com/reviews/6a5fd9110d4f0b32d64a9f70,1,They don't give you the price for…,They don't give you the price for delivery and are constantly trying to make you buy things via so called 4 free items. It's all meant to confuse but really it's dishonesty designed to make you spend more than you need to. ,2026-07-21T22:39:45.000Z,2026-07-21T00:00:00.000Z,en,1,not-verified,false,Organic,Peter Andrew,685197138a5375be1a6fff6d,3,GB,"Hello, thank you for reaching out to us. We are sorry for any inconvenience caused. Customer satisfaction is of the utmost importance and we are constantly working to improve our service quality. If you need further assistance, please message us through Temu.com or Temu app live chat. We appreciate you giving us another chance to serve you. Best wishes, Temu team",2026-07-22T08:15:37.000Z
temu.com,id:6a5fd3e839b55261f5790030,native_id,6a5fd3e839b55261f5790030,https://www.trustpilot.com/reviews/6a5fd3e839b55261f5790030,2,Very misleading in all ways with discounts and refundcredit ,I’ve been shopping with Temu for long time. But I’ve became so disappointed in every way with Temu.They have taken off the option to reach the customer service with the chat or at  all. There discounts are very very misleading and the pricing changes in cart all time. When you have a credit for items that were defected or etc they don’t actually let you use your credit towards the purchase Ive tried to calculate it over and over again I’m in financing so I know numbers. They always require a minimum of a certain amount to even get these so called discounts they are offering. And dont Let them say arrive in 3-5 days when you pay local shipper that is so bogus. They have become to difficult just like SHEIN which is connected to same company dealings. I think I’m gonna have to make higher complaint. Do better for your customers Temu!! (I had 3 different orders in this one) ,2026-07-21T22:17:44.000Z,2026-07-18T00:00:00.000Z,en,0,not-verified,false,Organic,Ladybug ,5fe8d84e643b8d001ad6b10d,4,US,"Hello, thank you for reaching out to us. We are sorry for any inconvenience caused. Customer satisfaction is very important to us, and we are continuously working to improve our service. Thank you for sharing the relevant information, and we have already escalated your issue with the relevant team for further follow-up. If you need any additional assistance, please feel free to message us through Temu.com or the Temu app live chat via this link: https://share.temu.com/NWGRVrrOSMA. We appreciate your patience and understanding. Best wishes, Temu Team",2026-07-22T08:30:12.000Z
temu.com,id:6a5fcc882ca262a4fdc266ad,native_id,6a5fcc882ca262a4fdc266ad,https://www.trustpilot.com/reviews/6a5fcc882ca262a4fdc266ad,1,They scammed me and I got a two apple…,They scammed me and I got a two apple squishy and they gave me a to apple pin  so pissed off because they gave the right squishy to my sister!!!!! Don’t order from here!!!!!,2026-07-21T21:46:16.000Z,2026-07-21T00:00:00.000Z,en,0,not-verified,false,Organic,Hailey Cervantes,6a5e8128ff3db27728bb4888,2,US,"Hello, thank you for reaching out and we are sorry that you are experiencing difficulties with your order. If you received the wrong items, you may apply for a refund by messaging us through Temu.com or Temu app live chat. Simply type “wrong item” into the chat, select the item from your order that is wrong, and follow the directions on the screen to complete your refund application. You can choose to receive your refund back to your original payment method or as Temu credits. Temu credits will appear in your Temu credit balance within 3 minutes and can be used immediately. If you choose to receive your refund back to your original payment method, please allow 5-14 business days for it to appear since timing depends on your financial institution and can take up to 30 days. If you need further assistance, please message us through Temu.com or Temu app live chat so we can help you. Best wishes, Temu Team",2026-07-22T08:34:11.000Z
temu.com,id:6a5fc7b893c2b0c4457c6bc4,native_id,6a5fc7b893c2b0c4457c6bc4,https://www.trustpilot.com/reviews/6a5fc7b893c2b0c4457c6bc4,1,Temu are inferior quality and when…,"Temu are inferior quality and when leaving a review about a product, I was told my review was removed due to it being spam. It was a short, honest review. I wonder how many people also have negative reviews removed for this reason. Temu refund speedily for bad quality products. Clothing is hit and miss, the fabrics can often smell chemically and this doesnt always wash out. All in all, most products I have ordered have not as expected and very disappointing. The angel candle holders were plastic, which could be very dangerous if people used a lit candle as opposed to a battery operated tea light.     The tarot and oracle cards are copies of well known Hay House decks such as Doreen Virtue and Rebecca Campbell and AI decks. They dont come in a box with a booklet like the quality hay house products, but in a cardboard sleeve with a qr code to find the meanings. 
I ordered 'genuine' crystals that were plastic coated beads made to look real, and crystal semi precious beads that were glass! The Bra wires are unsafe and go rusty and brittle very quickly, they are not reliable sizing, in comparison to high street bras in the UK. 
Delivery is speedy, around 5-7 days, packed in plastic bags which isnt always enough packaging for the more fragile items, so they can arrive broken or chipped (as in the case of wood effect garden signs). 
",2026-07-21T21:25:44.000Z,2026-07-21T00:00:00.000Z,en,0,not-verified,false,Organic,paula thompson,5a99eebc4de5666d3487c351,7,GB,"Hello, thank you for reaching out to us. We are sorry for any inconvenience caused. Customer satisfaction is very important to us, and we are continuously working to improve our service. Thank you for sharing the relevant information, and we have already escalated your issue with the relevant team for further follow-up. If you need any additional assistance, please feel free to message us through Temu.com or the Temu app live chat via this link: https://share.temu.com/NWGRVrrOSMA. We appreciate your patience and understanding. Best wishes, Temu Team",2026-07-22T08:10:47.000Z
temu.com,id:6a5fb853dbf82cd3bd6e08b2,native_id,6a5fb853dbf82cd3bd6e08b2,https://www.trustpilot.com/reviews/6a5fb853dbf82cd3bd6e08b2,5,Great and fast delivery 👏 thanks temu…,Great and fast delivery 👏 thanks temu and the nice support ,2026-07-21T20:20:03.000Z,2026-07-21T00:00:00.000Z,en,0,not-verified,false,Organic,Pascu Victor samir,641b2a7c591bdd0012cd1cd0,19,DK,"Hello, thank you for shopping with us and sharing your 5-star experience! We are so glad you've been enjoying your experience so far. Customer satisfaction is of the utmost importance and we are constantly working to improve our service quality. If you need any assistance, please message us through Temu.com or Temu app live chat. Best wishes, Temu team",2026-07-22T06:39:16.000Z
temu.com,id:6a5fa3be52f8044f30b7973b,native_id,6a5fa3be52f8044f30b7973b,https://www.trustpilot.com/reviews/6a5fa3be52f8044f30b7973b,3,I have bought numerous packages of Temu…,"I have bought numerous packages of Temu items.  Some items are good, some are not.  I have found paper items that are cheaper on Amazon.  Ladies blouses and dresses are mostly made out of polyester.  The t-shirts have been nice.  But you get what you pay for.  Some mechanical items have not worked. Some work great.  I have always been able to get a refund on something I did not like.  The refund is quick.  Shipping is sometimes quick other times really slow. The imitation plant items can be comical compared to the advertised picture as in they do not even come close to being the same. 
I guess one takes a little bit of a gamble with them. ",2026-07-21T18:52:14.000Z,2026-07-20T00:00:00.000Z,en,1,not-verified,false,Organic,Chris,61c8fc810dcc0100121f88f1,3,GB,"Hello, thank you for shopping on Temu! Your feedback is extremely valuable to us and we are sorry that you are not satisfied with some of your items. We implement strict policies and control measures to ensure product quality and accurate product descriptions. Temu's Purchase Protection program offers full refunds if your items do not arrive, arrive damaged, or do not match the description or photos (https://www.temu.com/temu-purchase-protection.html). To apply for a refund, login to the Temu app or Temu.com with the account used for your order, open the ""Your orders"" page, and click ""Return/Refund."" For detailed return instructions, please visit https://www.temu.com/return-and-refund-policy.html. You can choose to receive your refund back to your original payment method or as Temu credits. If you need further assistance, please message us through Temu.com or Temu app live chat. Best wishes, Temu team",2026-07-22T03:24:57.000Z
temu.com,id:6a5f9dbe5395ee0922f4992b,native_id,6a5f9dbe5395ee0922f4992b,https://www.trustpilot.com/reviews/6a5f9dbe5395ee0922f4992b,4,i dislike the website,"i dislike the website, but its a good place to buy stuff.

the website feels like a gambling trap. pop-ups, huge sales, 1cent prices. everything is fake and calculated to lure you into buying tons of stuff you dont need.

on the other hand, when you actually force yourself to use it like the other websites its great. they have real stuff and i have never been scammed once. i even bought a gasoline weed wacker for a crazy low price and everything was received and works OK.",2026-07-21T18:26:38.000Z,2026-07-15T00:00:00.000Z,en,0,not-verified,false,Organic,Francois,6a5f9b08c2526c795094241a,5,US,"Hello, thank you for reaching out to us. We are sorry for any inconvenience caused. Customer satisfaction is of the utmost importance and we are constantly working to improve our service quality. We will follow up on this matter. If you need further assistance, please message us through Temu.com or Temu app live chat. We appreciate you giving us another chance to serve you. Best wishes, Temu team",2026-07-22T06:41:37.000Z
temu.com,id:6a5f97cb3163040f53e5d02b,native_id,6a5f97cb3163040f53e5d02b,https://www.trustpilot.com/reviews/6a5f97cb3163040f53e5d02b,5,One of the best buying platforms very…,"One of the best buying platforms very versatile products readily available yes the postage is high but I rely on Temu who never rarely let me down up there with the likes of eBay etc……, thank you Temu! ❤️‍🔥",2026-07-21T18:01:15.000Z,2026-07-18T00:00:00.000Z,en,0,not-verified,false,Organic,Lekh BOURI,6a5f9788b06fbf1ea0ef1043,1,GB,"Hello, thank you for shopping with us and sharing your 5-star experience! We are so glad you've been enjoying your experience so far. Customer satisfaction is of the utmost importance and we are constantly working to improve our service quality. If you need any assistance, please message us through Temu.com or Temu app live chat. Best wishes, Temu team",2026-07-22T06:40:05.000Z
temu.com,id:6a5f832cfbb3c680ac176e58,native_id,6a5f832cfbb3c680ac176e58,https://www.trustpilot.com/reviews/6a5f832cfbb3c680ac176e58,3,I rated this at three stars because…,"I rated this at three stars because every time you try to purchase items, it says free shipping but whenever it comes to tax tax should not be 2.25 it should only be like 55cent but it’s charging me so much more cause I tried to buy just three items and it was supposed to be like 5.09 but it charged me like 7.34 and that would mean the tax is 2.25 and that’s way too much for tax so good luck if you purchase something on this app",2026-07-21T16:33:16.000Z,2026-07-21T00:00:00.000Z,en,0,not-verified,false,Organic,Maleah Pegg,6a5f8324ff3db29c50bc8103,1,US,"Hello, thank you for reaching out to us. We are sorry for any inconvenience caused. Customer satisfaction is of the utmost importance and we are constantly working to improve our service quality. If you need further assistance, please message us through Temu.com or Temu app live chat. We appreciate you giving us another chance to serve you. Best wishes, Temu team",2026-07-22T03:26:17.000Z
temu.com,id:6a5f5ba3c1e42e67ce181473,native_id,6a5f5ba3c1e42e67ce181473,https://www.trustpilot.com/reviews/6a5f5ba3c1e42e67ce181473,1,Didnt receive my 4 free gifts and the…,"Didnt receive my 4 free gifts and the dress i ordered wasnt there. Very dissappointed. Do now will ignore the site
",2026-07-21T13:44:35.000Z,2026-07-21T00:00:00.000Z,en,0,not-verified,false,Organic,Beverley,5d04ba48b43f3e9083438dde,5,GB,"Hello, thank you for participating in our promotional activities and we are sorry that you are experiencing difficulties. If you have missing items from your orders, you may apply for a refund by messaging us through Temu.com or Temu app live chat. Simply type ""missing item"" into the chat, select the item from your order that is missing, and follow the directions on the screen to complete your refund application. You can choose to receive your refund back to your original payment method or as Temu credits. Temu credits will appear in your Temu credit balance within 3 minutes and can be used immediately. If you choose to receive your refund back to your original payment method, please allow 5-14 business days for it to appear since timing depends on your financial institution. If you need further assistance, please message us through Temu.com or Temu app live chat. Best wishes, Temu team",2026-07-22T03:52:58.000Z
temu.com,id:6a5f5a28a4f6494d43b525ab,native_id,6a5f5a28a4f6494d43b525ab,https://www.trustpilot.com/reviews/6a5f5a28a4f6494d43b525ab,1,Appalling dress,"Appalling dress, meant to be sequinned , just a printed poor quality dress straight into charity bag, what a waste of money,  again ! ",2026-07-21T13:38:16.000Z,2026-07-14T00:00:00.000Z,en,0,not-verified,false,Organic,Mrs Edwards,58bd364b0000ff000a7e6fe7,15,GB,"Hello, thank you for shopping on Temu! Your feedback is extremely valuable to us and we are sorry that you are not satisfied with some of your items. We implement strict policies and control measures to ensure product quality and accurate product descriptions. Temu's Purchase Protection program offers full refunds if your items do not arrive, arrive damaged, or do not match the description or photos (https://www.temu.com/temu-purchase-protection.html). To apply for a refund, login to the Temu app or Temu.com with the account used for your order, open the ""Your orders"" page, and click ""Return/Refund."" For detailed return instructions, please visit https://www.temu.com/return-and-refund-policy.html. You can choose to receive your refund back to your original payment method or as Temu credits. Temu credits will appear in your Temu credit balance within 3 minutes and can be used immediately. If you choose to receive your refund back to your original payment method, please allow 5-14 business days for it to appear since timing depends on your financial institution. If you need further assistance, please message us through Temu.com or Temu app live chat. Best wishes, Temu team",2026-07-22T03:53:14.000Z
temu.com,id:6a5f32c1bdb428aef6477bf7,native_id,6a5f32c1bdb428aef6477bf7,https://www.trustpilot.com/reviews/6a5f32c1bdb428aef6477bf7,1,I ordered a high powered air pump for…,"I ordered a high powered air pump for my car it costs £32.11 this was at the start of July, email after email was sent asking ""Where is my parcel"" finally was told I'd receive it in August between 12th and the 21st as its travelling by road from god knows where, HOPE I don't have any flat tyres before then. This should be told to you when ordering something from Temu as its so deceiving thinking it's coming soon when it absolutely is not.",2026-07-21T10:50:10.000Z,2026-07-04T00:00:00.000Z,en,2,not-verified,false,Organic,James Cooper,6324ad610fb67e00138a2b92,18,GB,"Hello, thank you for reaching out and we are sorry that you are experiencing difficulties with your order. Most packages arrive between 7-13 business days.  If the tracking status is not updated for 15 days, you can request a full refund and keep your items when they arrive. If your order arrives later than the estimated delivery date, you will receive Temu credits as a sign of appreciation for your patience. Finally, if your items do not arrive, arrive damaged, or do not match the description or photos, you will be offered a full refund under Temu's Purchase Protection program (https://www.temu.com/temu-purchase-protection.html). Customer satisfaction is of the utmost importance and we are constantly working to improve our service quality. If you need further assistance, please message us through Temu.com or Temu app live chat. We appreciate you giving us another chance to serve you. Best wishes, Temu team",2026-07-21T13:29:47.000Z
temu.com,id:6a5f1df583738a0a833c306a,native_id,6a5f1df583738a0a833c306a,https://www.trustpilot.com/reviews/6a5f1df583738a0a833c306a,1,Temu asked me to pick six gifts and I,"Temu asked me to pick six gifts and I needed to pay £15 and I didn’t have any money because I bought things yesterday
",2026-07-21T09:21:25.000Z,2026-07-21T00:00:00.000Z,en,0,not-verified,false,Organic,Aurelija Bzozovskaja,6a5f1d5eff3db298bbbbbe42,1,GB,"Hello, thank you for participating in our promotional activities and we are sorry that you are experiencing difficulties with your rewards. Customer satisfaction is of the utmost importance and we are constantly working to improve our service quality. Please contact us again through Temu.com or Temu app live chat so we can help you investigate right away. Best wishes, Temu team",2026-07-21T13:31:54.000Z
temu.com,id:6a5f0aa3d0ee2ecaee16a258,native_id,6a5f0aa3d0ee2ecaee16a258,https://www.trustpilot.com/reviews/6a5f0aa3d0ee2ecaee16a258,2,The clothes are ok you just have to…,The clothes are ok you just have to really do your research but the promotion crap like get 5 items free is a total joke after spending a tonne of money already to get these items you still have to spend a stack of more money I think in general temu is a money grab and not worth the efforts ,2026-07-21T07:58:59.000Z,2026-07-21T00:00:00.000Z,en,1,not-verified,false,Organic,Kara,68130f6d4db5a0c4abe438ec,6,AU,"Hello, thank you for participating in our promotional activities and we are sorry that you are experiencing difficulties with your rewards. Customer satisfaction is of the utmost importance and we are constantly working to improve our service quality. Please contact us again through Temu.com or Temu app live chat so we can help you investigate right away. Best wishes, Temu team",2026-07-21T12:11:43.000Z
temu.com,id:6a5f0592b87afb332cf4e579,native_id,6a5f0592b87afb332cf4e579,https://www.trustpilot.com/reviews/6a5f0592b87afb332cf4e579,1,Waiting too long ,The goods I have received in the past have been good and have arrived quickly.  They seem to have changed couriers and now  get no updates. My parcel arrived in Italy a week ago.  Heard nothing about it since then.  I won’t be using Temu again.  ,2026-07-21T07:37:22.000Z,2026-07-21T00:00:00.000Z,en,0,not-verified,false,Organic,Rita Williamson,5c9e96e111d267773e148436,23,IT,"Hello, thank you for reaching out to us. We are sorry for any inconvenience caused. Customer satisfaction is of the utmost importance and we are constantly working to improve our service quality. If you need further assistance, please message us through Temu.com or Temu app live chat. We appreciate you giving us another chance to serve you. Best wishes, Temu team",2026-07-21T12:11:58.000Z
temu.com,id:6a5efb51804562999641845d,native_id,6a5efb51804562999641845d,https://www.trustpilot.com/reviews/6a5efb51804562999641845d,1,After I received the package I returned…,"After I received the package I returned it it was a small size. They gave me a ticket I took it to UPS and they send it after one week they said they receive it but it’s empty box which was not a box was a package in the return now they’re asking me did you have
(Could you please provide us with a video of the packaging process when you shipped the return package).
Never saw such a thing in my life For 40 to 50 years I never take a picture in UPS and send it to them so funny it’s beyond.
Customerservice they tell me.",2026-07-21T06:53:37.000Z,2026-07-20T00:00:00.000Z,en,0,not-verified,false,Organic,Bruce shakerian,6a51b05e24460e0a822e9143,4,US,"Hello, thank you for reaching out to us. We are sorry for any inconvenience caused. Customer satisfaction is of the utmost importance and we are constantly working to improve our service quality. If you need further assistance, please message us through Temu.com or Temu app live chat. We appreciate you giving us another chance to serve you. Best wishes, Temu team",2026-07-21T12:12:16.000Z
temu.com,id:6a5eec200f58ea1298fd6ab4,native_id,6a5eec200f58ea1298fd6ab4,https://www.trustpilot.com/reviews/6a5eec200f58ea1298fd6ab4,1,TEMU SENT ME BEDBUG INFESTED…,TEMU SENT ME BEDBUG INFESTED CLOTHING!!!! THEY HAVE BIN NOTIFIED AND ARE REFUSING TO TAKE ANY STEPS TO DEAL WITH THIS ISSUE. Temu has bin notified on what clothing they sent out. They need to take proper action to deal with this situation and not send bedbugs out all over the world because they don't see any signs of a microscopic bug that by the time you see signs of it you have a wide spred infestation. I have bites from their clothing. You can feel things running on you. This ruined my life. Dealing with this is expensive and exhausting. Terrible company. ,2026-07-21T05:48:48.000Z,2026-07-13T00:00:00.000Z,en,0,not-verified,false,Organic,Ashley,6a5eec11c2526c53bc930edc,1,CA,"Hello, thank you for reaching out to us. We are sorry for any inconvenience caused. Customer satisfaction is of the utmost importance and we are constantly working to improve our service quality. If you need further assistance, please message us through Temu.com or Temu app live chat. We appreciate you giving us another chance to serve you. Best wishes, Temu team",2026-07-21T12:12:33.000Z
temu.com,id:6a5eda414f0ce8a3a3288208,native_id,6a5eda414f0ce8a3a3288208,https://www.trustpilot.com/reviews/6a5eda414f0ce8a3a3288208,1,have been waiting for my refund for…,"have been waiting for my refund for over two months. Temu’s support team acknowledged that a refund via Fawry was impossible and explicitly requested my CIB Bank Account and Swift Code, which I provided immediately.
​Since then, I have received nothing but automated template responses from agents (like Jae Kim) promising ""internal processing"" without providing any real transaction proof, Swift advice, or ARN. They are completely ignoring my escalation requests to agent Magenus or a supervisor.
​This level of customer service is unacceptable. I demand an immediate human intervention and proof of my bank transfer, or I will proceed with formal international fraud reports via eConsumer.gov.
​Order ID: PO-060-12882713569911644",2026-07-21T04:32:33.000Z,2026-05-13T00:00:00.000Z,en,0,not-verified,false,Organic,tasneem maraie,6a5eda2b7b418c64cd85bf02,1,EG,"Hello, thank you for reaching out to us. We are sorry for any inconvenience caused. Customer satisfaction is of the utmost importance and we are constantly working to improve our service quality. We will follow up on this matter. If you need further assistance, please message us through Temu.com or Temu app live chat. We appreciate you giving us another chance to serve you. Best wishes, Temu team",2026-07-21T12:12:42.000Z
temu.com,id:6a5ea95ea5badc42bce06ecc,native_id,6a5ea95ea5badc42bce06ecc,https://www.trustpilot.com/reviews/6a5ea95ea5badc42bce06ecc,1,I HATE TEMU,I have been a loyal customer with online shopping with TEMU for many years..But now I HATE temu due to my last purchase & the support/help I didn't receive for an item I have ordered/paid for But received totally different item.. Nearly 1 month trying to get help But only received the same automated messages over and over again..I just would like to WARN others that TEMU isn't as good as some feedbackers say ..Be AWARE ,2026-07-21T01:03:58.000Z,2026-07-04T00:00:00.000Z,en,2,not-verified,false,Organic,Kurt Yuksel,64b169e0672f1c00124dde0d,4,AU,"Hello, thank you for taking the time to share your feedback. To help us review the matter further, we kindly ask that you complete the Information Request Form we have sent and provide the requested details, such as your order number(typically starting with PO-xxx)  or the email address associated with your Temu account. Once we receive the information, we will review your case and coordinate with the relevant team for further follow-up.If you have any additional questions or need further assistance, please feel free to contact us through the Temu website or the Temu app live chat via this link: https://share.temu.com/NWGRVrrOSMA. Thank you for your time, patience, and cooperation. Best wishes, Temu Team",2026-07-21T08:10:03.000Z
temu.com,id:6a5e93cbb9edf27d7fba6177,native_id,6a5e93cbb9edf27d7fba6177,https://www.trustpilot.com/reviews/6a5e93cbb9edf27d7fba6177,1,Unresolved Dispute - Tracking #MA020485212227T,"I am writing this review because Temu customer support failed to resolve my issue with order delivered under tracking number MA020485212227T. The items received were incomplete/damaged, and my tickets were closed without a proper refund or response.
I have already tried to resolve this through my bank with no success. I require an immediate intervention from a supervisor to review my order and issue a full refund.
Tracking Number: MA020485212227T
Delivery Carrier: Speedaf Express (Hub Beni Mellal)",2026-07-20T23:31:55.000Z,2026-06-13T00:00:00.000Z,en,0,not-verified,false,Organic,Abdelaziz Moutahir,6865249f4e662d193d58af03,1,MA,"Hello, thank you for reaching out to us. We are sorry for any inconvenience caused. Customer satisfaction is very important to us, and we are continuously working to improve our service. Thank you for sharing the relevant information, and we have already escalated your issue with the relevant team for further follow-up. If you need any additional assistance, please feel free to message us through Temu.com or the Temu app live chat via this link: https://share.temu.com/NWGRVrrOSMA. We appreciate your patience and understanding. Best wishes, Temu Team",2026-07-21T08:45:43.000Z
temu.com,id:6a5e81149b5a47f65f8092dd,native_id,6a5e81149b5a47f65f8092dd,https://www.trustpilot.com/reviews/6a5e81149b5a47f65f8092dd,1,CxxP,"Once again. Trying to sort out issue. Very poor customer service , not I least bit interested. 

Yes Temu I have been on chat hence Iam here 

Don’t ask for more information as you ignore it. 

This is 100% true ",2026-07-20T22:12:05.000Z,2026-07-20T00:00:00.000Z,en,1,not-verified,false,Organic,Chris ,5bd093654de5666d34a805b8,61,GB,"Hello, thank you for reaching out to us. We are sorry for any inconvenience caused. Customer satisfaction is of the utmost importance and we are constantly working to improve our service quality. We will follow up on this matter. If you need further assistance, please message us through Temu.com or Temu app live chat. We appreciate you giving us another chance to serve you. Best wishes, Temu team",2026-07-21T08:49:09.000Z
temu.com,id:6a5e7eac5f7c811f5d0aae00,native_id,6a5e7eac5f7c811f5d0aae00,https://www.trustpilot.com/reviews/6a5e7eac5f7c811f5d0aae00,1,Not worth it,"The longer they stay in America, the more they get corrupted. Prices are no longer shockingly reasonable. They reflect the Americanization of the marketplace here hard to keep track of orders and most of the stuff has turned out be junk, especially recent orders I will not order from them anymore!",2026-07-20T22:01:48.000Z,2026-07-20T00:00:00.000Z,en,1,not-verified,false,Organic,James talley,60d2bc01ba047200194a6c4a,6,US,"Hello, thank you for shopping with us and we are sorry you are experiencing difficulties with your recent orders. If your items do not arrive, arrive damaged, or do not match the description or photos, you will be offered a full refund under Temu's Purchase Protection program (https://www.temu.com/temu-purchase-protection.html). We greatly appreciate your feedback and will take it into consideration to improve our logistics experience. If you need further assistance, please message us through Temu.com or Temu app live chat. Best wishes, Temu Team",2026-07-21T08:12:09.000Z
temu.com,id:6a5e75cc6cbf2a2d23caaa8b,native_id,6a5e75cc6cbf2a2d23caaa8b,https://www.trustpilot.com/reviews/6a5e75cc6cbf2a2d23caaa8b,1,Was emailed with an amazing offer…,"Was emailed with an amazing offer describing any four  items for £0.00I went onto the Temu sight and picked my free items. But at checkout I had to spend a minimum of £15 to receive my free stuff. I added items to my basket and paid the £15. My items I actually purchased come but lo and behold no free items that I’d picked. What a scam. This should be reported to trading standards for misleading customers. 
Shocking!!

",2026-07-20T21:23:56.000Z,2026-07-19T00:00:00.000Z,en,0,not-verified,false,Organic,customer,5f06cf41866c46207e3c24dc,5,GB,"Hello, thank you for participating in our promotional activities and we are sorry that you are experiencing difficulties. Customer satisfaction is of the utmost importance and we are constantly working to improve our service quality. Please contact us again through Temu.com or Temu app live chat so we can help you investigate right away. Best wishes, Temu team",2026-07-21T08:41:28.000Z
temu.com,id:6a5e67e4f6f61405cc1918ef,native_id,6a5e67e4f6f61405cc1918ef,https://www.trustpilot.com/reviews/6a5e67e4f6f61405cc1918ef,1,Stay away from this guys my package…,Stay away from this guys my package been sitting in one spot for 13 days has not moved you call and find out yes I was pissed I used a few choice words then I stopped cuz the person said if keep it up they would hung up and they did and I did not use any choice words after they told me so piss on  temu and the delivery outfit,2026-07-20T20:24:36.000Z,2026-07-20T00:00:00.000Z,en,0,not-verified,false,Organic,Michael Mannstedt,696eadfc469884b2896abc34,1,US,"Hello, thank you for taking the time to share your feedback. To help us review the matter further, we kindly ask that you complete the Information Request Form we have sent and provide the requested details, such as your order number(typically starting with PO-xxx)  or the email address associated with your Temu account. Once we receive the information, we will review your case and coordinate with the relevant team for further follow-up. If you have any additional questions or need further assistance, please feel free to contact us through the Temu website or the Temu app live chat via this link: https://share.temu.com/NWGRVrrOSMA. Thank you for your time, patience, and cooperation. Best wishes, Temu Team",2026-07-21T08:12:51.000Z
temu.com,id:6a5e6505fd35c8618e0a2fbb,native_id,6a5e6505fd35c8618e0a2fbb,https://www.trustpilot.com/reviews/6a5e6505fd35c8618e0a2fbb,1,Disgusting non existing service,Disgusting non existing service. My item was 2/5 weeks overdue. All they did was keep feeding me excuses which are a bunch of lies. This is my 5th terrible delivery experience with this crap company. I totally say do not use this rubbish company. Bunch of liars,2026-07-20T20:12:21.000Z,2026-07-20T00:00:00.000Z,en,2,not-verified,false,Organic,Martyn ,5f75cec0fc40c715a2905a34,13,GB,"Hello, thank you for reaching out to us. We are sorry for any inconvenience caused. Customer satisfaction is very important to us, and we are continuously working to improve our service. Thank you for sharing the relevant information, and we have already escalated your issue with the relevant team for further follow-up. If you need any additional assistance, please feel free to message us through Temu.com or the Temu app live chat via this link: https://share.temu.com/NWGRVrrOSMA. We appreciate your patience and understanding. Best wishes, Temu Team",2026-07-21T08:56:56.000Z
temu.com,id:6a5e61b86bdd0fb4786226e2,native_id,6a5e61b86bdd0fb4786226e2,https://www.trustpilot.com/reviews/6a5e61b86bdd0fb4786226e2,1,Ordered set of sheets Queen size,Ordered set of sheets Queen size. Dead bug stuck on sheet in package. YUCK....disgusting.,2026-07-20T19:58:16.000Z,2026-07-17T00:00:00.000Z,en,0,not-verified,false,Organic,Marie Fox,6a5e61afc2526cd5fe9288f7,1,US,"Hello, thank you for taking the time to share your feedback. To help us review the matter further, we kindly ask that you complete the Information Request Form we have sent and provide the requested details, such as your order number(typically starting with PO-xxx)  or the email address associated with your Temu account. Once we receive the information, we will review your case and coordinate with the relevant team for further follow-up. If you have any additional questions or need further assistance, please feel free to contact us through the Temu website or the Temu app live chat via this link: https://share.temu.com/NWGRVrrOSMA. Thank you for your time, patience, and cooperation. Best wishes, Temu Team",2026-07-21T08:11:32.000Z
temu.com,id:6a5e499462c981945ac8be95,native_id,6a5e499462c981945ac8be95,https://www.trustpilot.com/reviews/6a5e499462c981945ac8be95,1,sent parcel to wrong address and would…,"sent parcel to wrong address and would not rectify the problem because it had been delivered,usual crappy chinese service,do not waste your money!!!",2026-07-20T18:15:16.000Z,2026-07-20T00:00:00.000Z,en,0,not-verified,false,Organic,MARILYN THORNE,5e679d90dffcf733da883014,15,GB,"Hello, thank you for reaching out to us. We are sorry for any inconvenience caused. Customer satisfaction is of the utmost importance and we are constantly working to improve our service quality. If you need further assistance, please message us through Temu.com or Temu app live chat. We appreciate you giving us another chance to serve you. Best wishes, Temu team",2026-07-21T05:33:49.000Z
temu.com,id:6a5e48e32f283c3031746cbe,native_id,6a5e48e32f283c3031746cbe,https://www.trustpilot.com/reviews/6a5e48e32f283c3031746cbe,1,its literally a meme,"why should this get any stars. it is literally a meme.
i know some people that would say ""this is a temu version"" to a rip-off product.",2026-07-20T18:12:19.000Z,2026-07-20T00:00:00.000Z,en,0,not-verified,false,Organic,Musita,6a5e4716c2526c014a9259d5,4,GB,"Hello, thank you for your feedback! Temu is an e-commerce company that connects consumers with a network of merchandise partners, manufacturers and brands with the mission to empower consumers to live their best lives. Customer satisfaction is of the utmost importance and we are constantly working to improve our service quality. If you need further assistance, please message us through Temu.com or Temu app live chat. Best wishes, Temu team",2026-07-21T05:33:59.000Z
temu.com,id:6a5e3845bddb7af0a5bc3723,native_id,6a5e3845bddb7af0a5bc3723,https://www.trustpilot.com/reviews/6a5e3845bddb7af0a5bc3723,1,Date the final straw with Temu,"Date: July 20, 2026
To: Corporate Management & Customer Service Leadership
Subject: Final Resolution and Demand to Cease Contact – Account/Reference No: [Insert Account or Ticket Number if you have one]
Good morning,
I am writing to formally demand an immediate conclusion to the ongoing dispute regarding the incident that began on May 16, 2026. This matter has involved an exhausting amount of back-and-forth communication, conflicting statements from multiple layers of management, and an unacceptable lack of internal alignment on your end—despite the extensive paperwork, proof, and bank statements provided.
Your investigation has established that the carrier took the property in question (the purple quilt). Despite this finding, I have faced continuous, inconsistent demands for more research time and a complete lack of accountability from your team.
Please consider this letter my formal directive to cease and desist all further investigation, collection efforts, or inquiries regarding this matter. It is time for this situation to end.
I am walking away from this dispute under the following strict terms:
Written Confirmation of Conclusion: I require a formal, written statement from management explicitly confirming that this matter is completely closed and that your company will not contact me regarding this issue again.
No False Attribution of Blame: The written confirmation must not state, imply, or suggest that I initiated an improper refund, that I am at fault, or that I caused this situation in any way. I will not accept a narrative that falsely shifts blame onto me to cover up internal or carrier failures.
Rejection of the $3.17 Settlement: The offered amount of $3.17 is entirely unacceptable given the distress and administrative burden this situation has caused. I reject this credit. Please donate that amount to a charity of your choice, as I want no part of it.
I am willing to close this chapter and move forward without further escalating this issue, provided you respect this demand to leave me alone. However, be advised that if I receive a closing statement that falsely accuses me of wrongdoing or attempts to misrepresent the facts, I will immediately hand over all of my documentation—including the extensive proof, timeline of inconsistencies, and contradictory statements from your management team—to outside parties for assistance.
Please issue the required, neutral written confirmation closing this file immediately.
Sincerely,",2026-07-20T17:01:25.000Z,2026-07-20T00:00:00.000Z,en,0,not-verified,false,Organic,Jacqueline Lewis,6676246cd305a1bcc938970b,1,US,"Hello, thank you for reaching out to us. We are sorry for any inconvenience caused. Customer satisfaction is of the utmost importance and we are constantly working to improve our service quality. If you need further assistance, please message us through Temu.com or Temu app live chat. We appreciate you giving us another chance to serve you. Best wishes, Temu team",2026-07-21T05:34:10.000Z
temu.com,id:6a5e23111d54e324d6f4b573,native_id,6a5e23111d54e324d6f4b573,https://www.trustpilot.com/reviews/6a5e23111d54e324d6f4b573,3,Temu offers a huge selection of…,"Temu offers a huge selection of products at very low prices, which is its biggest advantage. However, the quality can be very inconsistent—some items are great, while others don't match the photos or descriptions. Shipping was acceptable but took longer than expected. The app is easy to use, but it can feel overwhelming with constant promotions and notifications. Overall, it's okay for inexpensive purchases if you keep your expectations realistic.",2026-07-20T15:30:57.000Z,2026-07-20T00:00:00.000Z,en,0,not-verified,false,Organic,robert,6a5e22d5b06fbf184eed015f,3,AU,"Hello, thank you for shopping with us and we are sorry you are experiencing difficulties with your recent orders. You can track your shipping status and see your expected delivery date directly in the Temu app or on Temu.com. If your order arrives later than the estimated delivery date, you will receive Temu credits as a sign of appreciation for your patience. Finally, if your items do not arrive, arrive damaged, or do not match the description or photos, you will be offered a full refund under Temu's Purchase Protection program (https://www.temu.com/temu-purchase-protection.html). Customer satisfaction is of the utmost importance and we are constantly working to improve our service quality. If you need further assistance, please message us through Temu.com or Temu app live chat. We appreciate you giving us another chance to serve you. Best wishes, Temu team",2026-07-21T05:34:59.000Z
temu.com,id:6a5e1cf457fb375f3599b381,native_id,6a5e1cf457fb375f3599b381,https://www.trustpilot.com/reviews/6a5e1cf457fb375f3599b381,2,Disappointed with the quality,"I expected more for the price, but the item arrived with a small defect. Not great.",2026-07-20T15:04:52.000Z,2026-07-19T00:00:00.000Z,en,0,not-verified,false,Organic,Alvena Boyers,6a3da08b0a188f26168c7089,3,US,"Hello, thank you for shopping on Temu! Your feedback is extremely valuable to us and we are sorry that you are not satisfied with some of your items. We implement strict policies and control measures to ensure product quality and accurate product descriptions. Temu's Purchase Protection program offers full refunds if your items do not arrive, arrive damaged, or do not match the description or photos (https://www.temu.com/temu-purchase-protection.html). To apply for a refund, login to the Temu app or Temu.com with the account used for your order, open the ""Your orders"" page, and click ""Return/Refund."" For detailed return instructions, please visit https://www.temu.com/return-and-refund-policy.html. You can choose to receive your refund back to your original payment method or as Temu credits. If you need further assistance, please message us through Temu.com or Temu app live chat. Best wishes, Temu team",2026-07-21T05:35:58.000Z
temu.com,id:6a5e1053ab9d7104c7027484,native_id,6a5e1053ab9d7104c7027484,https://www.trustpilot.com/reviews/6a5e1053ab9d7104c7027484,1,Bad products,"The prices are very cheap, but the quality is very poor. Electronic and electrical items are absolutely not recommended...",2026-07-20T14:11:00.000Z,2026-07-04T00:00:00.000Z,en,1,not-verified,false,Organic,Jack Unlimited,6a5e102a236e3d98c4db92ce,1,CH,"Hello, thank you for shopping on Temu! Your feedback is extremely valuable to us and we are sorry that you are not satisfied with some of your items. We implement strict policies and control measures to ensure product quality and accurate product descriptions. Temu's Purchase Protection program offers full refunds if your items do not arrive, arrive damaged, or do not match the description or photos (https://www.temu.com/temu-purchase-protection.html). To apply for a refund, login to the Temu app or Temu.com with the account used for your order, open the ""Your orders"" page, and click ""Return/Refund."" For detailed return instructions, please visit https://www.temu.com/return-and-refund-policy.html. You can choose to receive your refund back to your original payment method or as Temu credits. If you need further assistance, please message us through Temu.com or Temu app live chat. Best wishes, Temu team",2026-07-21T05:36:20.000Z
temu.com,id:6a5e0e2c0ee563d8524f5ee7,native_id,6a5e0e2c0ee563d8524f5ee7,https://www.trustpilot.com/reviews/6a5e0e2c0ee563d8524f5ee7,1,Here I am again with the MOST NEGATIVE…,"Here I am again with the MOST NEGATIVE REVIEW FOR THE SCAMMERS AT TEMU!!
​A few days ago, I posted a negative review here regarding a freewheel I bought from Temu. Right after installing it, I noticed extreme play/slack and an extremely eccentric, crooked rotation—as if it were an ancient, heavily used freewheel. This is for order number PO-116-13802722611832752.
​In response to my previous NEGATIVE REVIEW, Temu replied asking for order details and requested that I contact Temu Customer Support!
I did exactly that, but you at Temu are literal idiots and scammers. You literally run your customers in circles with your heavy scams, selling LOW-QUALITY AND TERRIBLE MERCHANDISE where every second product ends up straight in the trash bin!
​You know very well that 60% of buyers cannot return products because there are NO COURIER WAREHOUSES in their towns, forcing them to travel to neighboring towns that are quite far away!
You know very well that almost every time YOU REQUIRE A RETURN FOR A CHEAP PRODUCT WORTH AROUND $10, PEOPLE WON'T RETURN IT because the travel expenses are TWICE AS HIGH AS THE PRODUCT'S VALUE!
THAT IS WHY PEOPLE ARE MOSTLY AT A SEVERE LOSS WHEN BUYING YOUR CHINESE TRASH!
​And another huge reality is that in many local stores, you can find the exact same type of products with incomparably better quality for HALF THE PRICE!
​To everyone reading this, I KNOW YOU ARE IN THE SAME SITUATION! I APPEAL TO YOU TO STOP BUYING FROM TEMU IF YOU CARE ABOUT YOUR HEALTH, TIME, AND MONEY!
I HAVE GIVEN UP, AND I AM DELETING MY TEMU PROFILE RIGHT NOW! I WILL NEVER BUY ANYTHING FROM THEM AGAIN!!!",2026-07-20T14:01:48.000Z,2026-07-20T00:00:00.000Z,en,0,not-verified,false,Organic,Petar,6855634cf0e9f3271979fd16,6,MK,"Hello, thank you for reaching out to us. We are sorry for any inconvenience caused. Customer satisfaction is of the utmost importance and we are constantly working to improve our service quality. We will follow up on this matter. If you need further assistance, please message us through Temu.com or Temu app live chat. We appreciate you giving us another chance to serve you. Best wishes, Temu team",2026-07-21T05:36:41.000Z
temu.com,id:6a5e066da4be2d44332c9375,native_id,6a5e066da4be2d44332c9375,https://www.trustpilot.com/reviews/6a5e066da4be2d44332c9375,1,"Return the item, but lost the returned package ","I returned the package, but the package I had lost was over a month ago, and there was no information from it
I have complained to the customer service service three times but nothing has been resolved
They just say hello, sorry, thank you for your patience :) and say hello to a good day and let me report to a higher level, URgen the ticket
It has been more than a month now, and the returned package has not been found, and the money has not been refunded. ",2026-07-20T13:28:45.000Z,2026-06-13T00:00:00.000Z,en,1,not-verified,false,Organic,Linh Tieu,65b6ac783768c40012f3bd92,3,CA,"Hello, thank you for reaching out to us. We are sorry for any inconvenience caused. Customer satisfaction is of the utmost importance and we are constantly working to improve our service quality. If you need further assistance, please message us through Temu.com or Temu app live chat. We appreciate you giving us another chance to serve you. Best wishes, Temu team",2026-07-21T05:37:02.000Z
temu.com,id:6a5e014ce0a49283f5423da2,native_id,6a5e014ce0a49283f5423da2,https://www.trustpilot.com/reviews/6a5e014ce0a49283f5423da2,1,Scam company.their policy say to the…,Scam company.their policy say to the delivery guys to leave parcels outside doors this is redicilus.do not waste your money here,2026-07-20T13:06:53.000Z,2026-07-20T00:00:00.000Z,en,0,not-verified,false,Organic,Kejdi Lici,6a3a6fe69371bf0266615484,2,GB,"Hello, thank you for reaching out to us. We are sorry for any inconvenience caused. Customer satisfaction is of the utmost importance and we are constantly working to improve our service quality. If you need further assistance, please message us through Temu.com or Temu app live chat. We appreciate you giving us another chance to serve you. Best wishes, Temu team",2026-07-21T05:37:19.000Z
temu.com,id:6a5df2c7bee9425b32ca0aca,native_id,6a5df2c7bee9425b32ca0aca,https://www.trustpilot.com/reviews/6a5df2c7bee9425b32ca0aca,1,I just have to delete the app,I just have to delete the app. The worst project in recent times,2026-07-20T12:04:55.000Z,2026-02-13T00:00:00.000Z,en,0,not-verified,false,Organic,Okechukwu Anyaneto,65343fd56cdad40012c8976f,1,NG,"Hello, thank you for your feedback! Temu is an e-commerce company that connects consumers with a network of merchandise partners, manufacturers and brands with the mission to empower consumers to live their best lives. Customer satisfaction is of the utmost importance and we are constantly working to improve our service quality. If you need further assistance, please message us through Temu.com or Temu app live chat. Best wishes, Temu team",2026-07-21T05:37:36.000Z
temu.com,id:6a5de895d351ecfd05ab7ed4,native_id,6a5de895d351ecfd05ab7ed4,https://www.trustpilot.com/reviews/6a5de895d351ecfd05ab7ed4,1,Unjustified Affiliate Account Block & Frozen Earned Balanc,"I am extremely disappointed with Temu's Affiliate Program. My account was suddenly blocked without any valid reason, claiming policy violations even though I strictly followed all rules. I never used bots, spam, or improper techniques. 

Most importantly, my legally earned money that was already converted to my available cash balance is now frozen inside the account, and I am completely blocked from withdrawing my funds. Customer support only provides automated responses and refuses to resolve the issue. 

Withholding a user's approved earnings",2026-07-20T11:21:25.000Z,2026-07-20T00:00:00.000Z,en,0,not-verified,false,Organic,Emine Mehemmedli,6a5de8897b418c3a758455dc,1,AZ,"Hello, thank you for taking the time to share your feedback. We sincerely apologize for any inconvenience this may have caused. To assist you more efficiently, please complete the Information Request Form with infomation such as your order number (typically starting with PO-xxx) or the email address associated with your Temu account, so we can follow up on your issue and provide further assistance. Thank you for your understanding and support. If you have any other questions or concerns, please message us through Temu.com or the Temu app live chat. We appreciate you giving us another chance to serve you. Best wishes, Temu Team",2026-07-20T12:03:42.000Z
temu.com,id:6a5de7769943eaff96861799,native_id,6a5de7769943eaff96861799,https://www.trustpilot.com/reviews/6a5de7769943eaff96861799,1,Misrepresentation and Abysmal Customer Service,"I am writing this public notice to highlight a severe failure by Temu regarding order fulfilment, consumer rights adherence, and customer support competence. 
I placed an order for a specific item, but the item delivered was entirely different from what was purchased. Upon immediately initiating a refund, I experienced a systemic failure in Temu's dispute resolution process: Deceptive Timelines: The automated system promised a merchant response within 1–3 business days. By the fourth day, no action had been taken. Direct communication with the seller yielded only identical, scripted, and empty promises. Failure to Provide Practicable Return Methods: Customer support insisted on emailing a printable return label. I explicitly informed an agent that I do not own printing facilities, and that the parcel's dimensions exceed my cars capacity. These logistical barriers were completely ignored. 

Evasive Delay Tactics: The resolution window was unilaterally extended from the advertised 1–3 business days to an unacceptable 9 business days. I was rigidly told to wait until 25th July just to contact them again, a tactic clearly designed to dismiss the consumer rather than resolve the issue. Temu’s customer service operates on rigid, automated scripts completely detached from practical problem-solving. A simple error has been dragged out unnecessarily due to corporate incompetence. Potential customers should be heavily cautioned: if your order is incorrect, expect zero meaningful support and exhausting delays. I demand that Temu immediately contact me to arrange a courier collection at their expense—requiring no printed label—and issue a full refund.",2026-07-20T11:16:38.000Z,2026-07-20T00:00:00.000Z,en,1,not-verified,false,Organic,Cameron Abercrombie,6a5de76db06fbffb30ec8c0e,1,GB,"Hello, thank you for reaching out to us. We are sorry for any inconvenience caused. Customer satisfaction is of the utmost importance and we are constantly working to improve our service quality. We will follow up on this matter. If you need further assistance, please message us through Temu.com or Temu app live chat. We appreciate you giving us another chance to serve you. Best wishes, Temu team",2026-07-20T12:04:09.000Z
temu.com,id:6a5ddb9f56d8e4f622d70c93,native_id,6a5ddb9f56d8e4f622d70c93,https://www.trustpilot.com/reviews/6a5ddb9f56d8e4f622d70c93,1,Would have given less than 0 if I could…,Would have given less than 0 if I could as the platform tries to scam its customers by sending offers that turn out to be fake when you checkout. 6 items for 0 and in the end you get only 1 cheap item. At checkout the customs duty is deducted but even if you cancel the order with a difference of just 5 minutes they keep the customs charges and refund the actual amount which always expensive. Never ever am I going to order from temu again and don't recommend to other at all.,2026-07-20T10:26:07.000Z,2026-07-20T00:00:00.000Z,en,2,not-verified,false,Organic,Mohib,592c2eef0000ff000a9d7b55,13,SE,"Hello, thank you for reaching out to us. We are sorry for any inconvenience caused. Customer satisfaction is of the utmost importance and we are constantly working to improve our service quality. We will follow up on this matter. If you need further assistance, please message us through Temu.com or Temu app live chat. We appreciate you giving us another chance to serve you. Best wishes, Temu team",2026-07-20T12:05:02.000Z
temu.com,id:6a5dbd5b772bb632d3a31c0d,native_id,6a5dbd5b772bb632d3a31c0d,https://www.trustpilot.com/reviews/6a5dbd5b772bb632d3a31c0d,2,Cheap but low quality :(,Cheap but low quality :(,2026-07-20T08:16:59.000Z,2026-06-19T00:00:00.000Z,en,1,not-verified,false,Organic,Alex Piliavsky,63afeb711caa130012d4962d,9,US,"Hello, thank you for shopping on Temu! Your feedback is extremely valuable to us and we are sorry that you are not satisfied with some of your items. We implement strict policies and control measures to ensure product quality and accurate product descriptions. Temu's Purchase Protection program offers full refunds if your items do not arrive, arrive damaged, or do not match the description or photos (https://www.temu.com/temu-purchase-protection.html). To apply for a refund, login to the Temu app or Temu.com with the account used for your order, open the ""Your orders"" page, and click ""Return/Refund."" For detailed return instructions, please visit https://www.temu.com/return-and-refund-policy.html. You can choose to receive your refund back to your original payment method or as Temu credits. Temu credits will appear in your Temu credit balance within 3 minutes and can be used immediately. If you choose to receive your refund back to your original payment method, please allow 5-14 business days for it to appear since timing depends on your financial institution. If you need further assistance, please message us through Temu.com or Temu app live chat. Best wishes, Temu team",2026-07-20T12:05:23.000Z
