domain,dedupe_key,dedupe_key_type,review_id,review_rating,review_time,review_experienced_time,review_title,review_text,review_is_verified,review_likes,consumer_name,consumer_id,consumer_country,consumer_review_count,consumer_is_verified,reply_text
www.thepearlsource.com,id:6a5fc4cbc31754755fcedcb9,native_id,6a5fc4cbc31754755fcedcb9,5,2026-07-21T21:13:15.000Z,2026-07-18T00:00:00.000Z,beautiful pearls,beautiful pearls,true,0,glen mcdonald,6a5fc4cb7b418c4794871ebe,CA,1,false,We appreciate you taking the time to leave a review. It's wonderful to know you're so pleased with your pearls.
www.thepearlsource.com,id:6a5fb800ed3b4bb0499620fd,native_id,6a5fb800ed3b4bb0499620fd,5,2026-07-21T20:18:40.000Z,2026-07-14T00:00:00.000Z,Awesome pearl necklaces,"Awesome pearl necklaces, great quality, and fast shipping. ",true,0,Rod Martin,6a5fb7ffff3db28302bce18c,US,1,false,We're so glad to hear you were pleased with the quality of your pearl necklaces and the fast shipping. Thank you for taking the time to share your feedback.
www.thepearlsource.com,id:6a5f926ad24b2c88d483d0ae,native_id,6a5f926ad24b2c88d483d0ae,5,2026-07-21T17:38:18.000Z,2026-07-10T00:00:00.000Z,Really good experience!,"My experience with The Pearl Source has been a good one. My granddaughter is going to love them and hopefully cherish them forever. When I ordered them, I received them within a week. They are beautiful. ",true,0,Paula,5a6f74710000ff000b098b69,US,1,false,We're delighted to hear your order arrived quickly and that the pearls made such a wonderful impression. We hope they become a treasured gift for your granddaughter. Thank you for sharing your experience with us.
www.thepearlsource.com,id:6a5eab67673db7c0e3922f0a,native_id,6a5eab67673db7c0e3922f0a,5,2026-07-21T01:12:39.000Z,2026-07-17T00:00:00.000Z,The Hanadama Pearl earrings ,The Hanadama Pearl Stud earrings I ordered are so beautiful.  I have been wearing them since they arrived.  The luster on them is remarkable and the 8.5mm size is perfect.  ,true,0,Linda B,6a4992ce9371bfa17d72ceca,US,2,false,We're so happy to hear you've been enjoying your Hanadama Pearl Stud Earrings. It's great to know you're so pleased with their remarkable luster and 8.5mm size. We hope you continue to enjoy wearing them.
www.thepearlsource.com,id:6a5d904b8d8cb8d39b5a1799,native_id,6a5d904b8d8cb8d39b5a1799,5,2026-07-20T05:04:43.000Z,2026-07-16T00:00:00.000Z,First time customer…,"As a first time customer with The Pearl Source, I am extremely pleased and impressed with the product and the company.  The shipping was quick, which was even more impressive.  I look forward to shopping with The Pearl Source in the future.",true,0,Human Sun,5e88d6004d2b561defbf5958,US,6,false,Thank you for sharing your experience. We're so pleased to hear your first purchase with The Pearl Source left such a positive impression and that your order arrived quickly. We truly appreciate your feedback.
www.thepearlsource.com,id:6a5d8b97feb1621e3c0c29fb,native_id,6a5d8b97feb1621e3c0c29fb,5,2026-07-20T04:44:39.000Z,2026-07-12T00:00:00.000Z,Quality Pearls,"The Pearl Source is a lovely company. They’ll communicate through email or phone if you need them. I ordered the chain station necklace on line, 16 inches, and the Akoya pearls have a lovely luster. The dainty gold chain glistens. I am so happy with it.",true,0,Sharon R.,5acd4ecd4de5666d34d121f8,US,8,false,Thank you for your feedback. We're happy to know you had a positive experience with our team and that you're so pleased with your Chain Station Necklace. We truly appreciate you taking the time to share your experience.
www.thepearlsource.com,id:6a5d536b81959fbde31f1503,native_id,6a5d536b81959fbde31f1503,5,2026-07-20T00:44:59.000Z,2026-07-19T00:00:00.000Z,Great service,"Great service, I had a question and asked via web chat. Was helped right away",true,0,MW,6a5d536bb06fbfe72fec1bbb,US,1,false,Thank you for your feedback. We're glad our web chat team was able to answer your question right away. Knowing you had a positive experience means a great deal to us.
www.thepearlsource.com,id:6a5cbee7d15cfd51e3c65e6b,native_id,6a5cbee7d15cfd51e3c65e6b,5,2026-07-19T14:11:19.000Z,2026-07-19T00:00:00.000Z,Excellent service from ordering to delivery ,"Superb service delivery from LA USA to UK in less than a week. Brilliant
The product is perfect and will make an ideal birthday present to match the pearl neclace I bought in May 2026 for our 30th wedding anniversary. 
Thank you ",true,0,Stephen B,5e978a5aa222f44164634d22,GB,14,false,Thank you for taking the time to share your experience. We're delighted to hear your order arrived in the UK so quickly and that your new piece is the perfect match for the pearl necklace you purchased for your 30th wedding anniversary. We truly appreciate your continued support.
www.thepearlsource.com,id:6a5bd97d5eb610b7a756a5b7,native_id,6a5bd97d5eb610b7a756a5b7,5,2026-07-18T21:52:29.000Z,2026-07-15T00:00:00.000Z,Beautiful Pearls,"The variety of choices made it easy to find that special pearl that touches your heart. I purchased a pendant and was so pleased that I then ordered a pair of pearl earrings to match. They are both beautiful. I was hesitant purchasing online; however, I couldn't be more pleased and definitely recommend The Pearl Source!",true,0,Cheryl Morin,6a5bd97dff3db2917eb89b74,US,1,false,Knowing that you came back for a matching pair of earrings after purchasing your pendant truly means a great deal to us. Thank you for your recommendation and for choosing The Pearl Source.
www.thepearlsource.com,id:6a5bd380d4163bbd91fd6b7e,native_id,6a5bd380d4163bbd91fd6b7e,5,2026-07-18T21:26:56.000Z,2026-07-18T00:00:00.000Z,Fast delivery,"Fast delivery, beautiful packaging. Great luster to AAA pearl. Love this unusual setting, just enough to set the pearl off enough to notice compared to plain stud.",true,0,Benjamin Moore fan,5e3c5c46e42748ea9d06bd55,US,3,false,Thank you for your review. We're delighted to hear your order arrived quickly and beautifully packaged. We hope you enjoy wearing your earrings.
www.thepearlsource.com,id:6a5bcd8276d99984532cc115,native_id,6a5bcd8276d99984532cc115,5,2026-07-18T21:01:22.000Z,2026-07-11T00:00:00.000Z,Obsessed with pearls,My new pearls are absolutely beautiful.  I received them quickly.  I have made 3 purchases and the service and quality were amazing ,true,0,Malinda Justice,6a5bcd81236e3d1a91d9a7d7,US,1,false,Thank you for your review. We're delighted to hear your pearls arrived quickly and that you've been pleased with both the quality and service. We're especially grateful for your continued trust and support.
www.thepearlsource.com,id:6a5bcbcc3f8b8d2c994156ca,native_id,6a5bcbcc3f8b8d2c994156ca,5,2026-07-18T20:54:04.000Z,2026-07-10T00:00:00.000Z,I can’t say enough…,I can’t say enough about the people at Pearl Source. My wife’s beloved pearls were lost and they were willing to help me find the best replacement possible—super responsive and empathetic to our situation. I can’t say enough. ,true,0,customer,5e13a8166af502192c3278e6,US,3,false,Thank you for your thoughtful review. We're grateful our team was able to help you find the best replacement for your wife's pearls. Your kind words about their responsiveness and care truly mean a great deal to us.
www.thepearlsource.com,id:6a5bc470664ff294de6efbc1,native_id,6a5bc470664ff294de6efbc1,5,2026-07-18T20:22:40.000Z,2026-07-11T00:00:00.000Z,Lived the pearls. ,"Easy to order items. Received items as scheduled. The pearls looked great, she really liked them. Great quality. ",true,0,Robert Walsh,6a275a154a5f81f8e388f729,US,1,false,We're so glad to hear the ordering process was easy and your items arrived as scheduled. Thank you for taking the time to share your experience and for choosing The Pearl Source.
www.thepearlsource.com,id:6a5bc368b18736d9c5d3faba,native_id,6a5bc368b18736d9c5d3faba,5,2026-07-18T20:18:16.000Z,2026-07-10T00:00:00.000Z,Everything was great from start to…,Everything was great from start to finish!  My wife of 30yrs loved her pearls.,true,0,Ivan Schrock,6a5bc367236e3dc2d6d99db1,US,1,false,Thank you for sharing your experience. It's wonderful to hear everything went smoothly and that your wife loves her pearls. We appreciate your feedback.
www.thepearlsource.com,id:6a5bc29d50cc2fdd2d4e2701,native_id,6a5bc29d50cc2fdd2d4e2701,5,2026-07-18T20:14:53.000Z,2026-07-10T00:00:00.000Z,"beautiful, quality pearls","shopping experience was effortless, and the quality of the pearls excellent!",true,0,ML,6a5bc29c7b418cfff982aed2,US,1,false,Thank you for your kind feedback. We're delighted to hear the shopping process was seamless and that you were pleased with the quality of your pearls. We truly appreciate you taking the time to share your experience.
www.thepearlsource.com,id:6a5a8245b0399c3b3162be83,native_id,6a5a8245b0399c3b3162be83,5,2026-07-17T21:28:05.000Z,2026-07-10T00:00:00.000Z,Great service,"Great service, very easy!!  Excellent high quality products!! Thank you!",true,0,Chris  Kowalewski,6a5a8244ff3db292f4b76d77,US,1,false,"We're so pleased to hear that you had such an easy experience with us and that the quality of your purchase met your expectations. Thank you for your thoughtful feedback, and we truly appreciate you taking the time to share it."
www.thepearlsource.com,id:6a5a6e18e260bc057e2241ef,native_id,6a5a6e18e260bc057e2241ef,5,2026-07-17T20:02:00.000Z,2026-07-17T00:00:00.000Z,They had what I was looking for at the…,They had what I was looking for at the price I wanted to pay.,true,0,Pete Brayton,6a5a6e18236e3d2e5ad86a69,US,1,false,We're delighted to hear you found the piece you were looking for and had a positive shopping experience with us. Thank you for sharing your feedback.
www.thepearlsource.com,id:6a5a3410efd36134cd134c7a,native_id,6a5a3410efd36134cd134c7a,5,2026-07-17T15:54:24.000Z,2026-07-17T00:00:00.000Z,Pearls were perfect,Pearls were perfect. My wife loved them,true,0,Charles MacKinnon,5f174fe7db680268bb2a099c,GB,6,false,Knowing your wife loved the pearls means a great deal to us. We're grateful you took the time to leave a review.
www.thepearlsource.com,id:6a599c64159c799c6ef44540,native_id,6a599c64159c799c6ef44540,5,2026-07-17T05:07:16.000Z,2026-07-15T00:00:00.000Z,Stunning,"I am absolutely thrilled with my Tahitian pearl pendant. It looks luxurious, elegant and incredibly unique. The pendant arrived on time, in a beautiful box with certification of authenticity. If you're considering a Tahitian pearl pendant , I can confidently say this one exceeded my expectations in every way.   ",false,0,Anca,6a599c2f236e3d2aabd73994,US,1,false,"Thank you for your thoughtful review. It's wonderful to know your Tahitian pearl pendant exceeded your expectations and that it arrived on time, beautifully presented, with its certificate of authenticity. We truly appreciate you taking the time to share your experience."
www.thepearlsource.com,id:6a5979aa946477edbc7b0b29,native_id,6a5979aa946477edbc7b0b29,5,2026-07-17T02:39:06.000Z,2026-07-16T00:00:00.000Z,Fabulous Experience ,I love the pearls I ordered for my future daughter-in-law. They arrived on time and in a gorgeous display box. She loved them. They are beautiful. Well worth the cost. ,true,0,Janice,6a5979a9ff3db2e814b60f3e,US,1,false,Thank you for your wonderful review. It's so nice to know the pearls made such a special gift for your future daughter-in-law and arrived on time in a beautiful presentation box. We're grateful you chose The Pearl Source for such a meaningful gift.
www.thepearlsource.com,id:6a58c172f566e87aac055f75,native_id,6a58c172f566e87aac055f75,5,2026-07-16T13:33:06.000Z,2026-07-16T00:00:00.000Z,Helpful  and good quality 👌,Helpful  and good quality 👌 ,true,1,MR KEARNEY,65980e178482530011b98cb0,GB,4,false,Thank you for your kind review. It's great to know you were happy with both the quality of your pearls and the service you received. We appreciate you taking the time to share your feedback.
www.thepearlsource.com,id:6a580d7dbccf03f8526533dc,native_id,6a580d7dbccf03f8526533dc,1,2026-07-16T00:45:17.000Z,2026-07-15T00:00:00.000Z,Placed my order using PayPal,"Placed my order using PayPal, and when my order hadn't arrived a week later I called Pearl Source... They had no record of my order, despite having received an order number and already being charged through PayPal.  I was asked to reverse the transaction with PayPal and place my order once more, because I couldn't cite the exact necklace and options to equal the amount I was charged.  The customer service rep I spoke with was very polite, but the company's position and process for handling their own issues was disheartening. Ultimately I did receive the necklace, but wished the ""AAAA"" product was a little... More, for the hassle. ",true,0,K Spence,6a580d7c236e3dffc5d563c1,US,1,false,
www.thepearlsource.com,id:6a57dcb172de25aede3a2f49,native_id,6a57dcb172de25aede3a2f49,2,2026-07-15T21:17:05.000Z,2026-07-15T00:00:00.000Z,Purchase Review,"Good afternoon,

I recently received the pearl earrings I ordered for my daughter. To ensure I had made a good purchase, I took them to a respected family-owned jeweler in Bethesda, Maryland, that has been in business for more than 70 years.

After examining the earrings, they shared that while the pearls were of acceptable quality, they were not exceptional. They also noted that the pearls appeared to be approximately 8mm, even though I specifically requested the larger size within the advertised range (8.5mm).

When I asked about value, they estimated that, without the branding, packaging, marketing, and online presence, the earrings would likely retail in the $350–$400 range. I even considered purchasing a pair from them and returning yours. However, the jeweler candidly advised that the time and effort involved in making the return likely would not be worth the difference. I appreciated their honesty, particularly since it meant they did not make a sale.

Needless to say, I was disappointed to hear this assessment and equally disappointed with the product I received. I find it difficult to believe that no one has raised similar concerns in the past, although I understand I have no way of knowing.

I wanted to share this feedback in the hope that you will review the quality and sizing of the pearls being sold, as the product I received did not meet the expectations created by your descriptions.",true,0,John Kocum,663d4bce63436658c02f0160,US,3,false,
www.thepearlsource.com,id:6a56bc54969aff0b98cfe645,native_id,6a56bc54969aff0b98cfe645,3,2026-07-15T00:46:44.000Z,2026-07-09T00:00:00.000Z,Great Customer Service - Bad Quality Control,"I hate to write a negative review after experiencing such excellent customer service. The email exchange and return process were pleasant, fast, and easy — truly 10/10. However, upon opening the beautiful box, I was shocked to find a broken $450 necklace. Either a damaged necklace was knowingly packed and shipped, or the quality was so poor that it fell apart inside a secure, well‑made box. It was a disappointing surprise.  ",false,0,Jackie Brown,62fbd5680384400012fde878,US,3,false,"Thank you for taking the time to share your feedback. We sincerely appreciate your kind words about our customer service, email communication, and return process. We're truly sorry to hear that your necklace arrived damaged. We understand how disappointing that must have been, especially when opening a piece you had been looking forward to receiving. Please contact us at help@thepearlsource.com so our team can review your order and assist you as quickly as possible.

Best regards,
The Pearl Source"
www.thepearlsource.com,id:6a56b62466135d8a4ad1798e,native_id,6a56b62466135d8a4ad1798e,5,2026-07-15T00:20:20.000Z,2026-07-03T00:00:00.000Z,I was able to pick out and receive my…,"I was able to pick out and receive my matching Symphony necklace to my earrings, which I dearly love, within a couple of days. I was notified of where my package was all along the way. I love wearing my beautiful golden pearl earrings and necklace. They are very classy and just what I’ve always wanted.",true,0,WerRetired,65fdb45359b26800127c6b7e,US,3,false,Thank you for sharing your experience. We're so pleased to hear you found the perfect matching piece and that your order arrived promptly with updates every step of the way. Knowing you love wearing your pearl jewelry and that it's exactly what you had been looking for truly means a great deal to us.
www.thepearlsource.com,id:6a550db4479907d58c1bea1e,native_id,6a550db4479907d58c1bea1e,4,2026-07-13T18:09:24.000Z,2026-07-13T00:00:00.000Z,"Great Pearls, Poor Shipping Experience",To clarify - My experience with the PearlSource representative was fantastic.  Great company.  My wife even cried when she opened the box because she was so happy. I deducted a star to catch the attention of the company reps so they can approach FedEx about their incredibly poor service and delivery.  My two day shipping turned into 4 days (during the business week!) and I was about to contact the local PD to report a suspected theft by one of FedEx’s employees. When I called FedEx to track the package that “no delivery was attempted” I was blatantly lied to that it would be delivered that day (day 3 of 2-day shipping) and rushed off the phone. So to conclude: PearlSource great customer service and pearl quality; Shipping was horrendous.  ,true,0,S. Semple,6a550db3ff3db2d9e8b01f85,US,1,false,"Thank you for taking the time to share such thoughtful feedback. We're delighted to hear your wife loved her gift and that you had a positive experience with our team. We also appreciate you bringing your FedEx delivery experience to our attention. Your feedback is valuable, and we'll be sure to share it with our team. Thank you for taking the time to bring this to our attention."
www.thepearlsource.com,id:6a54e8e4dec53ec3218067c7,native_id,6a54e8e4dec53ec3218067c7,5,2026-07-13T15:32:20.000Z,2026-07-10T00:00:00.000Z,excellentQuality of item,"Quality of item, price and the quick delivery very please Thank You",true,0,Marius Lachance,6a54e8e315b72e5169ff6771,CA,1,false,"Thank you for your kind feedback. It's great to know you were pleased with the quality, value, and quick delivery. We appreciate you taking the time to share your experience."
www.thepearlsource.com,id:6a54e2d8373b1c1d221607fb,native_id,6a54e2d8373b1c1d221607fb,5,2026-07-13T15:06:32.000Z,2026-07-13T00:00:00.000Z,I received the parcel quickly and safe…,"I received the parcel quickly and safe & my wife was very happy with her pearls.

Many thanks.",true,0,George Prefas,5f95726dcaa554001b5cdcc1,GB,5,false,"We truly appreciate you taking the time to share your experience. We're pleased your order arrived quickly and safely, and that your wife was so happy with her pearls. Thank you for your trust in The Pearl Source."
www.thepearlsource.com,id:6a54a36112802751dd24f6c5,native_id,6a54a36112802751dd24f6c5,2,2026-07-13T10:35:45.000Z,2026-07-12T00:00:00.000Z,Never recived my puchase,Never recive. Donald put,true,0,Christopher Miller,6a54a35f15b72e3b26fedaa5,US,1,false,We are truly sorry to hear that your order was not received. We understand how frustrating this must be. We are actively investigating this issue to prevent future occurrences. Please return our call at 1-866-877-3275 so we can continue with our lost package protocol.
www.thepearlsource.com,id:6a5423fc2ed4a401c16c3436,native_id,6a5423fc2ed4a401c16c3436,5,2026-07-13T01:32:12.000Z,2026-07-12T00:00:00.000Z,Beautiful baroque pearl necklace,"Beautiful baroque pearl necklace!  I like that you can adjust the length for 16 or 18"".  Just what I was looking for!",true,0,Cindy Butler,57ac7d5a0000ff000a39e5ad,US,4,false,"Thank you for sharing your experience. We're glad the adjustable length was just what you were looking for, and we appreciate you taking the time to leave a review."
www.thepearlsource.com,id:6a5419efd2e0d1b891123300,native_id,6a5419efd2e0d1b891123300,5,2026-07-13T00:49:19.000Z,2026-07-04T00:00:00.000Z,What I ordered was really nice and what…,What I ordered was really nice and what I wanted.  Shipping was was fast and communication was very good.,true,0,Vincenzo Pascarelli,6a5419efd7872ae896ecb461,US,1,false,We truly appreciate your feedback. It's wonderful to know you received exactly what you were looking for and that you were pleased with our fast shipping and communication.
www.thepearlsource.com,id:6a53dc333c5d5da814641ab7,native_id,6a53dc333c5d5da814641ab7,5,2026-07-12T20:25:55.000Z,2026-07-04T00:00:00.000Z,Great communication and customer…,"Great communication and customer support. Friendly, prompt responses to emails were much appreciated!!",true,0,Matt,6a53dc33d7872a1404ec7dbc,US,1,false,"Thank you for taking the time to share your experience. Knowing that our communication, customer support, and prompt email responses were so appreciated means a great deal to our team."
www.thepearlsource.com,id:6a53d9a2abd01fd168353d5e,native_id,6a53d9a2abd01fd168353d5e,5,2026-07-12T20:14:58.000Z,2026-07-05T00:00:00.000Z,Great Baroque Pearl,They absolutely beautiful. The luster and shine out of this world. The strand and silver clasp is a great design.,true,0,Esteban Moreno,6012f25555083100191fdef3,US,10,false,"Thank you for taking the time to share your feedback. We're so pleased you loved the beauty, luster, and craftsmanship of your pearls, and that the sterling silver clasp design stood out to you. It's a pleasure to know our craftsmanship made such a positive impression."
www.thepearlsource.com,id:6a53ce125994de4f9f78c26a,native_id,6a53ce125994de4f9f78c26a,5,2026-07-12T19:25:38.000Z,2026-07-12T00:00:00.000Z,Easy Peasy…,"Easy site navigation, ability to use Apple Pay, fast delivery, and truly beautiful Tahitian stud earrings.",true,0,Ann W.,6a53ce104024a41e3aa13d99,US,1,false,"It's wonderful to know that everything from browsing our website to receiving your Tahitian stud earrings was simple and seamless. Thank you for taking the time to share your feedback, and for choosing The Pearl Source."
www.thepearlsource.com,id:6a53b909e143139d8c4d7a16,native_id,6a53b909e143139d8c4d7a16,5,2026-07-12T17:55:53.000Z,2026-07-12T00:00:00.000Z,Fast delivery ,"Fast delivery , nice product. ",true,0,TinaUeckert,58bc34180000ff000a7e3cd9,US,5,false,Thank you for taking the time to share your feedback. It's great to know your order arrived quickly and that you were pleased with the product. We truly appreciate your kind words.
www.thepearlsource.com,id:6a536d1396ec0a6de1d60c93,native_id,6a536d1396ec0a6de1d60c93,5,2026-07-12T12:31:47.000Z,2026-07-01T00:00:00.000Z,I super loved my pink pearl earrings…,"I super loved my pink pearl earrings they were perfect for any event. The customer service was a top-notch, thank you so much for taking the time to ensure you provide quality products each time. From a very satisfied and happy, repeat customer here :)",false,0,Maria Fajardo,6a2bf1e6e33cd1c8c39ea421,AU,2,false,Thank you for your kind feedback. It's wonderful to know that you love your pink pearl earrings and that our customer service has made each experience a positive one. We truly appreciate your continued trust in The Pearl Source.
www.thepearlsource.com,id:6a52abccada38f6887416bd0,native_id,6a52abccada38f6887416bd0,5,2026-07-11T22:47:08.000Z,2026-07-03T00:00:00.000Z,I received beautiful gold pearl…,I received beautiful gold pearl earrings and a necklace.  They are beautiful and just as described!,true,0,customer,611657fbccdf3b0012ef03c4,US,4,false,We truly appreciate your feedback. It's great to know your gold pearl earrings and necklace matched the description. Thank you for placing your trust in The Pearl Source.
www.thepearlsource.com,id:6a529a033d1b788f2dab2bbe,native_id,6a529a033d1b788f2dab2bbe,5,2026-07-11T21:31:15.000Z,2026-06-19T00:00:00.000Z,"Great service,Beautiful piece of jewellary","Service was great
 Jewellary piece is beautiful as displayed",true,0,Vasundhara Kain,6a529a0215b72ea7f9fd4ac7,US,1,false,Thank you for your kind feedback. It's wonderful to hear you had a great experience with our service and that your jewelry was just as beautiful as expected. Thank you for choosing The Pearl Source.
www.thepearlsource.com,id:6a518649b5d325a213d626d6,native_id,6a518649b5d325a213d626d6,5,2026-07-11T01:54:49.000Z,2026-07-09T00:00:00.000Z,Great company ,Great company with high quality products. Bought a pair of pearl earrings with diamonds that met my expectations. Even the display case is stylish. I highly recommend. ,false,0,Clara,59a4782f0000ff000ac14081,US,8,false,Thank you for your thoughtful review. We're delighted to hear your pearl and diamond earrings met your expectations and that the presentation made such a positive impression. Your recommendation means a great deal to us.
www.thepearlsource.com,id:6a5148c675606a69b8fddf42,native_id,6a5148c675606a69b8fddf42,5,2026-07-10T21:32:22.000Z,2026-07-03T00:00:00.000Z,I’ve ordered several items from here…,I’ve ordered several items from here and have been happy with all. The only thing l wish the backs were a little larger. ,true,0,Alta Ennen,6a5148c624460e00a92e348c,US,1,false,Thank you for your continued support. It's wonderful to know you've been happy with every purchase. We also appreciate your suggestion about larger earring backs and will keep it in mind.
www.thepearlsource.com,id:6a50e3f3392a7f525c8060eb,native_id,6a50e3f3392a7f525c8060eb,5,2026-07-10T14:22:11.000Z,2026-07-10T00:00:00.000Z,Easy to order and swift delivery 👍…,Easy to order and swift delivery 👍 beautiful product and value for money 👏,true,0,Leslee Durn,671616d74bc993e4e15aa4dc,GB,5,false,"Thank you for your kind feedback. We're delighted to hear you enjoyed an easy ordering experience, fast delivery, and beautiful quality. Thank you for choosing The Pearl Source."
www.thepearlsource.com,id:6a4f5e646e019eea1968178e,native_id,6a4f5e646e019eea1968178e,5,2026-07-09T10:40:04.000Z,2026-06-24T00:00:00.000Z,I loved the quality of my pearls and…,I loved the quality of my pearls and the great customer service. ,true,0,Teri Roth,6a4f5e6224460e35052b55ea,TW,1,false,It's wonderful to know you were pleased with both the quality of your pearls and the customer service. Thank you for taking the time to leave a review.
www.thepearlsource.com,id:6a4f25ebd713fa93c2e4c902,native_id,6a4f25ebd713fa93c2e4c902,1,2026-07-09T06:39:07.000Z,2026-06-20T00:00:00.000Z,Pearls broke first time putting them…,"Pearls broke first time putting them on.  And to top it all off, I had to pay for the return shipping and insurance at $140 plus.  Not a great experience so far.  Still waiting for our refund.",true,0,Richard MULHALL,6935acea31cbb94df0619f03,CA,2,false,
www.thepearlsource.com,id:6a4eba3b102f3b768fe1f52b,native_id,6a4eba3b102f3b768fe1f52b,5,2026-07-08T22:59:39.000Z,2026-07-08T00:00:00.000Z,Quick delivery with tracking…,Quick delivery with tracking communication the entire time,true,0,Pleased in Dallas,6a4eba3a24460e76172aca7b,US,1,false,Thank you for your feedback. We're pleased to hear your order arrived quickly and that the tracking updates kept you informed throughout the delivery process. We appreciate you choosing The Pearl Source.
www.thepearlsource.com,id:6a4e63f83200616a08ea7a2f,native_id,6a4e63f83200616a08ea7a2f,5,2026-07-08T16:51:36.000Z,2026-06-24T00:00:00.000Z,Great service,Great service. Good value.,true,0,Sally Ward,6a4e63f7000ce34015a389f2,US,1,false,We appreciate your feedback. It's great to know you were happy with both our service and the value of your purchase. Thank you for your support.
www.thepearlsource.com,id:6a4da0286711ef032f53cbc2,native_id,6a4da0286711ef032f53cbc2,1,2026-07-08T02:56:08.000Z,2026-07-05T00:00:00.000Z,Package never received,"Package never received, even if Fed Ex said it is been delivered. Package left outside door, no attempt to call to collect.
Package disappeared ",true,0,Marco Buono,6a4da0270a188f78199e6130,GB,1,false,We're very sorry to hear your package wasn't received despite the delivery notification. We understand your frustration and are looking into this immediately. Please return our call so we can complete our lost package protocol and proceed with the next steps for you. Our number is 1-866-877-3275.
www.thepearlsource.com,id:6a4d5456b056072e44a780f0,native_id,6a4d5456b056072e44a780f0,5,2026-07-07T21:32:38.000Z,2026-06-17T00:00:00.000Z,Beautiful bracelet and sizing to match…,Beautiful bracelet and sizing to match a ring I already had was easy. ,true,0,Virginia,66e1f8ddb64adbc3446ae793,US,2,false,Thank you for taking the time to share your feedback. It's wonderful to hear you found the bracelet beautiful and that finding the right size to match your ring was easy. We truly appreciate your support.
www.thepearlsource.com,id:6a4d44218be4f5495f0e3f7d,native_id,6a4d44218be4f5495f0e3f7d,3,2026-07-07T20:23:29.000Z,2026-06-29T00:00:00.000Z,I received my pearl necklace,"I received my pearl necklace, but it is the wrong size. I ordered the 17 inch length. I received the 16 inch length instead. Also it has been three days since I sent you my first message. 
Please respond ",true,0,LaDean Johns-Johnson,688d73c004313e730d420e4d,US,2,false,"We're truly sorry to hear your necklace arrived in the wrong length and that you weren't able to get the assistance you needed. We understand how disappointing that must have been. If this issue has not yet been resolved, please contact us at help@thepearlsource.com with your order number so we can look into it and assist you. Thank you for bringing this to our attention."
www.thepearlsource.com,id:6a4d43a5a8f0a42bfe4e233e,native_id,6a4d43a5a8f0a42bfe4e233e,5,2026-07-07T20:21:25.000Z,2026-06-29T00:00:00.000Z,Great beautiful bracelet,Great beautiful bracelet.  Was a 70th birthday gift and she loved it. Outstanding quality,true,0,David Sabo,687afbae285b6c0cff86aa3c,US,2,false,Thank you for taking the time to share your feedback. It's wonderful to hear the bracelet was loved as a 70th birthday gift and that you were pleased with its outstanding quality. Thank you for choosing The Pearl Source.
www.thepearlsource.com,id:6a4bda99fd820b26a3359e0d,native_id,6a4bda99fd820b26a3359e0d,5,2026-07-06T18:40:57.000Z,2026-07-05T00:00:00.000Z,Easy to transact and the earrings are…,Easy to transact and the earrings are beautiful!,true,0,KKS,6a4bda99000ce32587a02eca,US,1,false,Thank you for your feedback. We're glad you had an easy shopping experience and love your earrings. We appreciate your support.
www.thepearlsource.com,id:6a4bab83c1738330b3b12618,native_id,6a4bab83c1738330b3b12618,5,2026-07-06T15:20:03.000Z,2026-06-24T00:00:00.000Z,Great customer service,"Great customer service. Fast shipping and fast processing of product returns.
I shop with confidence!",true,0,Nadia Cruz,6a4bab800a188f36619b9d9e,US,1,false,"Knowing you shop with confidence means so much to us. Thank you for recognizing our customer service, fast shipping, and return process. We truly appreciate your trust."
www.thepearlsource.com,id:6a4ba21b56069229f50253cc,native_id,6a4ba21b56069229f50253cc,5,2026-07-06T14:39:55.000Z,2026-06-27T00:00:00.000Z,This is the second purchase I've made,"This is the second purchase I've made.  The first was a traditional pearl necklace for my daughter's 18th birthday,. They were lovely.  This year is my 60th, so I thought I  would treat myself to a traditional bracelet and traditional choker. I was not disappointed.  The color, luster, and service...*chef's kiss*",true,0,customer,60be3c27932032001b75834d,US,5,false,Thank you for your kind words. Knowing you've returned to The Pearl Source for another meaningful purchase means so much to us. We truly appreciate your continued trust.
www.thepearlsource.com,id:6a4975e77631d6677f4e87c6,native_id,6a4975e77631d6677f4e87c6,5,2026-07-04T23:06:48.000Z,2026-07-04T00:00:00.000Z,Arrived fast & highest quality,"Arrived so fast, was shocked. Very impressed. Quality exceptional and boxed beautifully. ",true,0,Sam Jones,6a4975e69371bf6f3572b9eb,GB,1,false,Thank you for your review. We're so pleased your order arrived so quickly and that the quality and presentation left such a positive impression. Thank you for choosing The Pearl Source.
www.thepearlsource.com,id:6a494dbb6103cb4c305a1437,native_id,6a494dbb6103cb4c305a1437,5,2026-07-04T20:15:23.000Z,2026-06-26T00:00:00.000Z,I had a great experience with the Pearl Source.…,"I had a great experience with the Pearl Source. I first purchased the necklace for my mom, and delivery was fast and smooth. Next I purchased a ring for myself, had a wrong size ordered and had to return and purchase another size. Everything went smoothly and the customer support was amazing. Highly recommend this online store. The jewels look pretty!",true,0,Natalia Vasylieva,6a494dbab90f9de7451b56a9,US,1,false,"We're pleased to hear both your purchases and your exchange experience went so smoothly. Thank you for recommending The Pearl Source, and we hope you enjoy your new ring."
www.thepearlsource.com,id:6a48fbb4bf50a140db36ec38,native_id,6a48fbb4bf50a140db36ec38,4,2026-07-04T14:25:24.000Z,2026-07-03T00:00:00.000Z,I received the black pearl bracelet,I received the black pearl bracelet.  I really like the look but the clasp is hard to use alone. I require help to get it fastened.,true,0,LE ANNE CAMPBELL,590dc7500000ff000a9525f0,US,13,false,"Thank you for your review. We're glad to hear you like the look of your black pearl bracelet, though we're sorry the clasp has been difficult to fasten on your own. We want you to be completely happy with your purchase, so if there's anything we can do to help, please don't hesitate to contact us at help@thepearlsource.com."
www.thepearlsource.com,id:6a485ea239c3ee78d340c7c6,native_id,6a485ea239c3ee78d340c7c6,5,2026-07-04T03:15:14.000Z,2026-06-07T00:00:00.000Z,Bought my daughter a pearl ring,Bought my daughter a pearl ring. She loved it! I am pleased at the quality and beauty. ,true,0,Angela,603ee5cb3ef755001b927acd,US,7,false,Thank you for your kind review. It's wonderful to hear your daughter loved the pearl ring and that you were pleased with its quality and beauty. Thank you for choosing The Pearl Source.
www.thepearlsource.com,id:6a481bd99ae80b3fdabe5d5e,native_id,6a481bd99ae80b3fdabe5d5e,5,2026-07-03T22:30:17.000Z,2026-06-19T00:00:00.000Z,The pearls are exquisite,The pearls are exquisite! and the ordering process was a breeze. I will definitely order from The Pearl Source again!,true,0,Shannon Such,6a481bd99371bf3a3c718b54,US,1,false,Thank you for your wonderful feedback. It's great to hear you loved the pearls and found the ordering process so easy. We look forward to welcoming you back to The Pearl Source.
www.thepearlsource.com,id:6a46bde7052fc82197d496fa,native_id,6a46bde7052fc82197d496fa,5,2026-07-02T21:37:11.000Z,2026-06-24T00:00:00.000Z,Thirtieth anniversary is apparently…,"Thirtieth anniversary is apparently pearls, great buy, my wife loves her necklace ",true,0,Geoff Fleming,65a451051151a6001251a828,US,2,false,Thank you for your review. We're so pleased to hear your wife loves her necklace. We hope it will be treasured for many years to come.
www.thepearlsource.com,id:6a469ad7c69caf767e4d0206,native_id,6a469ad7c69caf767e4d0206,5,2026-07-02T19:07:35.000Z,2026-06-25T00:00:00.000Z,Great experience shopping,Great experience shopping. Beautiful products : ),true,0,Noel Pacheco,6a469ad6b90f9de35a186255,US,1,false,We're so glad you had a great shopping experience and enjoyed our products. Thank you for your kind words.
www.thepearlsource.com,id:6a45de1ab6d4467a3fa52384,native_id,6a45de1ab6d4467a3fa52384,5,2026-07-02T05:42:18.000Z,2026-06-19T00:00:00.000Z,Beautiful pearls as usual!,"Beautiful pearls as usual!
Am 100% satisfied with all aspects of the pearl source. ",true,0,Susan,6a45de1a000ce36223998832,US,1,false,We're so pleased to hear you're 100% satisfied with every aspect of your experience. Thank you for your continued trust and support.
www.thepearlsource.com,id:6a456c8c47f3a4a26818b427,native_id,6a456c8c47f3a4a26818b427,5,2026-07-01T21:37:48.000Z,2026-07-01T00:00:00.000Z,The pearls are just as advertised,"The pearls are just as advertised. I am very happy roth the purchase, the packaging and the awesome customer experience.",true,0,Arnie Kaplan,5ae711b84de5666d348d4c1e,US,2,false,"Thank you for your feedback. It's wonderful to hear that the pearls were just as advertised and that you were happy with your purchase, the packaging, and your customer experience. Thank you for choosing The Pearl Source."
www.thepearlsource.com,id:6a44ecb45e1da5db05ffe504,native_id,6a44ecb45e1da5db05ffe504,5,2026-07-01T12:32:21.000Z,2026-06-17T00:00:00.000Z,Beautiful pearls,"Beautiful pearls, packaging was first class and arrived on date promised",true,0,EDWARD MAHON,676f134549d21007ab29efb0,US,2,false,"It's great to know that you were pleased with the pearls, the packaging, and that your order arrived on time as promised. We truly appreciate your support."
www.thepearlsource.com,id:6a4347c2310af4718352dbbb,native_id,6a4347c2310af4718352dbbb,5,2026-06-30T06:36:18.000Z,2026-06-19T00:00:00.000Z,Great quality and service,Great products,true,0,Pankhuri Gupta,6a4347c1000ce32bc096224f,US,1,false,Thank you for taking the time to leave a review. We're delighted to know you were pleased with both our products and service. We appreciate you sharing your experience.
www.thepearlsource.com,id:6a432155c0c7c79dbfff5725,native_id,6a432155c0c7c79dbfff5725,5,2026-06-30T03:52:21.000Z,2026-06-26T00:00:00.000Z,I received my pearls well in time,I received my pearls well in time. The discount was pretty good too. ,true,0,Warda Adeel,69be22d78ee10178bbb6be14,US,5,false,Thank you for sharing your experience. It's great to hear your pearls arrived on time and that you were pleased with the discount. We hope you enjoy your pearls.
www.thepearlsource.com,id:6a42dd9fcbc7e73e9f8df62d,native_id,6a42dd9fcbc7e73e9f8df62d,5,2026-06-29T23:03:27.000Z,2026-06-24T00:00:00.000Z,They have great customer service and my…,They have great customer service and my products were beautiful! ,false,0,Mercedes Miller,6a42dd9a0a188fd1f391b203,US,1,false,Thank you for your kind words. It's wonderful to hear you were pleased with both our customer service and your products. We appreciate your review.
www.thepearlsource.com,id:6a42940e70e3dbceaff1ee27,native_id,6a42940e70e3dbceaff1ee27,5,2026-06-29T17:49:34.000Z,2026-06-20T00:00:00.000Z,very good customer service;,very good customer service; ,true,0,Hoa Nguyen,6a42940d5334ac23d7075241,US,1,false,Thank you for your review. We're pleased to hear you had a very good experience with our customer service. We appreciate you taking the time to share your feedback.
www.thepearlsource.com,id:6a41aaf3ce1f60e538ca3cfd,native_id,6a41aaf3ce1f60e538ca3cfd,5,2026-06-29T01:14:59.000Z,2026-06-28T00:00:00.000Z,Safe fast delivery,"Safe fast delivery, beautiful product, first class packaging. Great experience all around ",true,0,Terry,645ba89fd2cfce0011cb8ca0,US,4,false,"Thank you for your kind words. It's wonderful to hear your order arrived safely and that you were pleased with the product, packaging, and your overall experience. We appreciate you taking the time to leave a review."
www.thepearlsource.com,id:6a419320a09588ef6bc7f3f6,native_id,6a419320a09588ef6bc7f3f6,5,2026-06-28T23:33:20.000Z,2026-06-20T00:00:00.000Z,I have been in love with golden pearls…,"I have been in love with golden pearls for years! My husband bought me a ring with a golden pearl and diamonds, now I have the Symphony earrings which I love so much I have ordered the Symphony necklace. I am so pleased with the color, quality of the pearls and quality of the craftsmanship.",true,0,A very happy lady,6a41931f0a188f30498ffd31,US,1,false,"Thank you for sharing your experience. It's wonderful to hear how much you love your Symphony earrings and that you're so pleased with their color, quality, and craftsmanship. We're delighted that you've also chosen the Symphony necklace. Thank you for choosing The Pearl Source."
www.thepearlsource.com,id:6a417770241859cdc4615834,native_id,6a417770241859cdc4615834,5,2026-06-28T21:35:12.000Z,2026-06-21T00:00:00.000Z,Delivery of service and product was…,Delivery of service and product was exceptional. My wife was very pleased with her 40th wedding anniversary gift and that’s all that matters ! ,true,0,Lafayette G. Jones,6a41776f5334acf97405f86e,US,1,false,Thank you for your kind feedback. It's wonderful to hear our product and service helped make your wife's 40th wedding anniversary gift so special. We're delighted your wife was so pleased with her gift. We hope she enjoys wearing it for years to come.
www.thepearlsource.com,id:6a4174e88a632b62b498e511,native_id,6a4174e88a632b62b498e511,5,2026-06-28T21:24:24.000Z,2026-06-20T00:00:00.000Z,This is the site for perfection!,This is the site for perfection!! From ordering to opening the beautiful pearls inside!!! Just awesome.. you won’t be disappointed!!! My new Pearl store!!! Daughters and granddaughters will now get items from the Pearl store!! Makes this momma look awesome!!,true,0,Maureen Harris,6a19f8e3dd910c1ba178fd51,US,3,false,"Thank you for sharing such a wonderful review. It's fantastic to hear you enjoyed every step of your experience, from ordering to opening your beautiful pearls. We're honored to have become your new pearl store and truly appreciate your recommendation."
www.thepearlsource.com,id:6a416b2994e5db895de220ca,native_id,6a416b2994e5db895de220ca,5,2026-06-28T20:42:49.000Z,2026-06-20T00:00:00.000Z,The pearl earrings I bought for my wife…,"The pearl earrings I bought for my wife was beautiful.  Very elegant .
     Im not great with online ordering. I made a mistake and ordered 2 pairs of the same identical earrings.   When I realized this they were already shipped.  I contacted customer service, immediately they answered the phone.  Customer service was very professional understood my mistake and instantly sent me a return label.
   I immediately sent the extra pair of earrings back and within 5 days I received an email stating my money was placed back on my card.      
                 Very happy with the ordering , the quality, customer service and the quick response of the returned item.      Thank You.  Will definitely order again and recommend.",true,0,Michael Luncsford,6a416b289371bf38c068f2a7,US,1,false,"Thank you for sharing your experience. We're delighted to hear you were pleased with the pearl earrings and that our customer service team was able to quickly help resolve the ordering issue. It's wonderful to know you were happy with the return process, refund, and overall experience. We truly appreciate your recommendation and look forward to welcoming you back."
www.thepearlsource.com,id:6a416ab2079c25382f7deaba,native_id,6a416ab2079c25382f7deaba,5,2026-06-28T20:40:50.000Z,2026-06-26T00:00:00.000Z,I bought a triple string of pearls for…,"I bought a triple string of pearls for my wife's birthday. The ordering process was simple and excellent with multiple choices right down to the clasp. The delivery was eye-wateringly fast. From Los Angeles to London (UK) IN LESS THAN A WEEK! The quality of the pearls is truly excellent in both size and appearance. The colour matches my specification perfectly and suits my wife's colouring to perfection. My wife is absolutely delighted...and therefor, so am I. Thank you to The Pearl Source",false,0,Rodger Slape,4f48ad18000064000114d2ff,GB,62,true,"Thank you for sharing such a thoughtful review. It's wonderful to hear the pearls made such a special birthday gift for your wife and that you were pleased with the ordering process, fast delivery, and quality of the pearls. We're especially happy to know your wife was delighted with her gift. Thank you for choosing The Pearl Source."
www.thepearlsource.com,id:6a4169f9a6674229ef6efeeb,native_id,6a4169f9a6674229ef6efeeb,4,2026-06-28T20:37:45.000Z,2026-06-27T00:00:00.000Z,Loved the pearls but the clasp very…,Loved the pearls but the clasp very small and hard to fasten,true,0,Jerry kapoor,68bb46d5cc7c948924539d6a,US,2,false,"Thank you for your feedback. We're glad to hear that you loved the pearls. We're sorry to hear that you found the clasp difficult to fasten. If there's anything we can do to help, please contact us at help@thepearlsource.com. We'd love the opportunity to assist."
www.thepearlsource.com,id:6a41666a05722837484478e8,native_id,6a41666a05722837484478e8,5,2026-06-28T20:22:34.000Z,2026-06-20T00:00:00.000Z,Fabulous product,"Fabulous product.  Third item I’ve purchased, all were great. Needed help with one of them, customer service is prompt, attentive, listened and resolved my question completely.  Extremely satisfied",true,0,Debbie Weiss,6a416669b90f9dab6811b82b,US,1,false,We're delighted to hear you've had such consistently positive experiences with The Pearl Source. It's especially wonderful to know our customer service team was able to quickly resolve your question. We truly appreciate your continued trust and support.
www.thepearlsource.com,id:6a4067d5b3338ad1f6789933,native_id,6a4067d5b3338ad1f6789933,5,2026-06-28T02:16:21.000Z,2026-06-19T00:00:00.000Z,Fast delivery and what appears to be…,Fast delivery and what appears to be Quality fresh water pearls . Of course they are not mine . I bought them for my wife’s birthday. She seem authentically pleased with them . My only concern is fresh water pearls don’t hold any investment value. ,true,0,Howard Otton,69a6c1bd2dcf0fcd4f055695,US,2,false,Thank you for sharing your experience. It's wonderful to hear the pearls arrived quickly and that your wife was pleased with them. We truly appreciate your feedback.
www.thepearlsource.com,id:6a4023f34f99c4290ff2584e,native_id,6a4023f34f99c4290ff2584e,5,2026-06-27T21:26:43.000Z,2026-06-25T00:00:00.000Z,These are for my granddaughter,"These are for my granddaughter. The packaging, presentation and care information is wonderful. She is thrilled!!!! ",true,0,TrishBC,5b86ff9b4de5666d3409deb2,US,4,false,"Thank you for your lovely review. It's wonderful to hear you appreciated the packaging, presentation, and care information. We hope your granddaughter enjoys her gift for years to come."
www.thepearlsource.com,id:6a4016ee215309a128056d9b,native_id,6a4016ee215309a128056d9b,5,2026-06-27T20:31:10.000Z,2026-06-19T00:00:00.000Z,I bought a pearl bracelet for my…,I bought a pearl bracelet for my granddaughter’s high school graduation. The first bracelet was too small. Of course I found this out on last day of 60 day return policy. I was able to return the bracelet for refund. I reordered larger size. My granddaughter loved it!  Thank you!  The bracelet is gorgeous!!,true,0,Joanne Haigler,66fc353e773a3f2d7c26f6eb,US,4,false,It's wonderful to hear your granddaughter loved her high school graduation gift. We hope she enjoys wearing her bracelet for years to come. Thank you for choosing The Pearl Source.
www.thepearlsource.com,id:6a4013d0ac16cf46ccc9d98e,native_id,6a4013d0ac16cf46ccc9d98e,5,2026-06-27T20:17:52.000Z,2026-06-19T00:00:00.000Z,Exactly as described,Exactly as described. Perfect pendant size. Great quality. Prompt delivery. Doesn't get better than that.,true,0,Rene Daudelin,6a4013cf000ce35ac6930530,US,1,false,"Thank you for your review. It's wonderful to hear your pendant was exactly as described and that you were pleased with its quality, size, and prompt delivery. We're grateful you took the time to share your experience."
www.thepearlsource.com,id:6a3ed15eaf445f30793220a5,native_id,6a3ed15eaf445f30793220a5,5,2026-06-26T21:22:06.000Z,2026-06-26T00:00:00.000Z,The pearl necklace,"The pearl necklace, earring set I received is absolutely beautiful. ",true,0,Diane,61369f648f3e9700127e2949,US,3,false,We're delighted to hear you love your pearl necklace and earring set. Thank you for sharing your review.
www.thepearlsource.com,id:6a3ec87d8d04e4b85e6527b2,native_id,6a3ec87d8d04e4b85e6527b2,5,2026-06-26T20:44:13.000Z,2026-06-19T00:00:00.000Z,Great Variety of Earrings,"The site is quite well populated with descriptions and sizes of the pearls.
I purchased the earrings for my granddaughter who recently started earrings earrings. She loved them and they are the perfect size for her 12-yr old earlobes.",true,0,Robin,66c76cc0c4ae42a39ca97ef8,US,5,false,Thank you for your review. It's wonderful to hear you appreciated the detailed product descriptions and pearl sizing information. We're so glad your granddaughter loved the earrings and that they were the right size for her. We hope she enjoys wearing them for years to come.
www.thepearlsource.com,id:6a3c6926ae2b2266a022d749,native_id,6a3c6926ae2b2266a022d749,5,2026-06-25T01:32:54.000Z,2026-06-24T00:00:00.000Z,I got them so quickly,I got them so quickly!  And they are exactly what I wanted. Very happy customer,true,0,Karen Costallos,63b3120d1cfeb90012a446e5,US,2,false,It's wonderful to know that your order arrived so quickly and was exactly what you wanted. Thank you for your support.
www.thepearlsource.com,id:6a3c4bcf5c40526c0db35cc7,native_id,6a3c4bcf5c40526c0db35cc7,1,2026-06-24T23:27:43.000Z,2026-06-21T00:00:00.000Z,Buyer beware!,"Buyer beware!! This company is a joke. I’ve have a pearl bracelet from them that I have not owned even three years and I went to put it on Father’s Day and it just broke. The string where a pearl was between the knots frayed and broken in to. I called to file a complaint report and a new bracelet. I as told I had to pay $37.00 for a restring. Cha-Ching!, that’s where they get more money at. It is blatant manufacturing defect in the string of the bracelet. I have pictures of the bracelet.",false,0,Meredith M. Cook-Stevens,6a3c4bae5334ac704a00db55,US,1,false,We are truly sorry to learn about the issue with your pearl bracelet. We understand your frustration regarding the string breaking and the re-stringing fee. We are reviewing your feedback to improve our product quality and service.
www.thepearlsource.com,id:6a3c38d9b83db2bc471beed4,native_id,6a3c38d9b83db2bc471beed4,5,2026-06-24T22:06:49.000Z,2026-06-17T00:00:00.000Z,My girlfriend loves it.,My girlfriend loves it.,true,0,Brady Murray,6a3c38d80a188f33988ab169,FR,1,false,Thank you for your feedback. It's great to hear that your girlfriend loves it. Thank you for choosing The Pearl Source.
www.thepearlsource.com,id:6a3c2c0a88aeb94f909521ac,native_id,6a3c2c0a88aeb94f909521ac,5,2026-06-24T21:12:10.000Z,2026-04-22T00:00:00.000Z,Great Pearls,"Great pearls, purchased for my wedding day! Love that they offer different length bracelets. ",false,0,Karolina Reczek,6a3c2c05000ce3514e8ec56f,US,1,false,We're so pleased that you chose our pearls for your wedding day. It's wonderful to know that you appreciated the variety of bracelet lengths we offer. Thank you for your support.
www.thepearlsource.com,id:6a3c1f6850de1ee644170915,native_id,6a3c1f6850de1ee644170915,5,2026-06-24T20:18:16.000Z,2026-06-17T00:00:00.000Z,Great quality and quick service,Great quality and quick service,true,0,Lynn Parks,60b7f928adeb930019d25319,US,6,false,It's great to hear that you were pleased with both the quality and the quick service. Thank you for choosing The Pearl Source.
www.thepearlsource.com,id:6a3afb56e74783f782a1edfc,native_id,6a3afb56e74783f782a1edfc,5,2026-06-23T23:32:07.000Z,2026-06-13T00:00:00.000Z,Pearls,Product looks just as I predicted. Giving it to my wife for our anniversary July 5.  Hope she loves it.,true,0,Ron Markow,53b978de00006400017d6362,US,3,false,"Thank you for taking the time to share your feedback. It's nice to know that the product looks just as you expected, and we hope your wife loves your anniversary gift."
www.thepearlsource.com,id:6a3aa9fae5236f6aebb10a40,native_id,6a3aa9fae5236f6aebb10a40,5,2026-06-23T17:44:58.000Z,2026-06-19T00:00:00.000Z,Beautiful pearls,Had a great experience! The quality is amazing the packaging is too cute and delivery Was on time. Will be purchasing more items ,true,0,Saima Khalid,6a3aa9f90a188f4f8188a9f4,US,1,false,"We appreciate you taking the time to share your feedback. It's wonderful to know that you had a great experience, from the quality of your purchase to the packaging and on-time delivery. We look forward to welcoming you back again in the future."
www.thepearlsource.com,id:6a3994e49d553c027a98cf6b,native_id,6a3994e49d553c027a98cf6b,5,2026-06-22T22:02:44.000Z,2026-06-14T00:00:00.000Z,So pleased!,"The pink pearl necklace is beautiful. It had the highest freshwater rating on this site and the pearls are softly luminous and glowing, especially under a bright light.  I cannot see any blemishes either.  A very fair price for such lovely, large pearls.  I will enjoy wearing them!",true,0,A.A.,6a3994e3da1197031e9c7009,US,1,false,"We're delighted that your experience with The Pearl Source left you so pleased. It's wonderful to hear that you appreciated the quality, beauty, and value of the pearls. We hope you enjoy wearing them for many years to come."
www.thepearlsource.com,id:6a39876b07589e22e447ded9,native_id,6a39876b07589e22e447ded9,5,2026-06-22T21:05:15.000Z,2026-06-14T00:00:00.000Z,Thank you so much for a lovely yellow…,Thank you so much for a lovely yellow pearl! ,true,0,S. Nilsen,5baae8a74de5666d34f24e10,VI,4,false,It's wonderful to know that you are enjoying your yellow pearl. Thank you for choosing The Pearl Source.
www.thepearlsource.com,id:6a3980476f35e38fe0a4f502,native_id,6a3980476f35e38fe0a4f502,5,2026-06-22T20:34:47.000Z,2026-06-13T00:00:00.000Z,I bought a single pearl on a delicate…,I bought a single pearl on a delicate gold chain as anniversary gift for my wife.  She loved it. A very elegant little piece of jewelry. I hope it holds up over time. The shipping was amazingly fast. California to Florida in just a few days. I would definitely recommend this product/supplier if you’re in the market for reasonably priced jewelry to make your misses smile. ,true,0,Ryan Sherwood,6a3980469192b74cdf86431c,US,1,false,Thank you for taking the time to share your experience. We're glad to hear that your order arrived quickly and that you were pleased with both the value and overall experience. We appreciate your recommendation.
www.thepearlsource.com,id:6a397fd6079adc7512bbd5c2,native_id,6a397fd6079adc7512bbd5c2,5,2026-06-22T20:32:54.000Z,2026-06-14T00:00:00.000Z,Bought this necklace for my wife for…,Bought this necklace for my wife for our 30th anniversary. She loves it. The website was easy to use and shipment was very quick. Great job. Thank you.,true,0,JK,6a397fd53d358bd12e529f95,US,1,false,We appreciate your feedback. It's great to know that the ordering process was smooth and that your shipment arrived quickly. Thank you for your support.
www.thepearlsource.com,id:6a396dc0e833387f0761fd13,native_id,6a396dc0e833387f0761fd13,5,2026-06-22T19:15:44.000Z,2026-06-13T00:00:00.000Z,My Granddaughter loved it an knew it…,"My Granddaughter loved it an knew it was very special,so very happy i got it for her graduation and i know she'll treasure it forever!!  When i need more i will be coming back to Pearl Source,the price fit my budget better than a jewelry store!  Thank you for making a special moment for her!!",true,0,Gail Luckenbaugh,6a396dbf264c5427e07afac2,US,1,false,Thank you for your review. Knowing that your granddaughter loved her graduation gift means a lot to us. We look forward to welcoming you back again in the future.
www.thepearlsource.com,id:6a39129a9d38dde2f18dba53,native_id,6a39129a9d38dde2f18dba53,5,2026-06-22T12:46:50.000Z,2026-06-13T00:00:00.000Z,My Pearl Source purchase.,"The inventory of the Pearl Source products, ease in the selection process and the prompt delivery of the purchased merchandise were excellent. Lastly, upon delivery, the quality of the merchandise was outstanding. Ordering online can be “hit and miss”, but not so with Pearl Source!",true,0,Tony - verified customer,5ea1fe09a9b71c47354b018a,US,3,false,We're pleased to know that you enjoyed the selection process and prompt delivery of your order. Thank you for sharing your experience and for your kind words about shopping with The Pearl Source.
www.thepearlsource.com,id:6a3911d63493e249523aeeea,native_id,6a3911d63493e249523aeeea,5,2026-06-22T12:43:34.000Z,2026-06-21T00:00:00.000Z,Stunning!,The pearls are simply stunning. ,true,0,Diane McGarity,6a3911d6da11972f779b7e2c,US,1,false,Your feedback is greatly appreciated. It's wonderful to know your purchase left such a positive impression. Thank you for your support.
www.thepearlsource.com,id:6a38bff8474a3178dd2981ae,native_id,6a38bff8474a3178dd2981ae,5,2026-06-22T06:54:16.000Z,2026-06-04T00:00:00.000Z,Bought my daughter a necklace and ring…,"Bought my daughter a necklace and ring for her 18th birthday.  She previously had a necklace like the one I bought for her, but it was lost and she was upset.  
She is thrilled about her new necklace and ring.  I was very impressed because of the care and attention that went into the packaging and inserts, as well as the jewelry.  Its beautiful.  ",true,0,customer,6345a77ed10fdd001286a239,US,3,false,Knowing that your daughter loved her birthday gift means a lot to us. We're glad that the care and attention put into the packaging and presentation left such a positive impression. We look forward to welcoming you back again in the future.
www.thepearlsource.com,id:6a38953bc1d847168637c923,native_id,6a38953bc1d847168637c923,5,2026-06-22T03:51:55.000Z,2026-06-14T00:00:00.000Z,The necklace is beautiful,The necklace is beautiful. Well made. ,true,0,Fredna  Manney,65d67131464c3700138e7798,US,2,false,We're pleased that you were happy with your purchase. Thank you for choosing The Pearl Source.
www.thepearlsource.com,id:6a3862b98f131aa0f00e9c5c,native_id,6a3862b98f131aa0f00e9c5c,5,2026-06-22T00:16:25.000Z,2026-06-14T00:00:00.000Z,Wide selection and ease of ordering,Wide selection and ease of ordering ,true,0,Nancy,6441f7bd66615b0013b44681,US,2,false,It's nice to hear that our wide selection and easy ordering process stood out to you. Thank you for your feedback.
www.thepearlsource.com,id:6a3845fd2ae1c4a4e6aa477c,native_id,6a3845fd2ae1c4a4e6aa477c,5,2026-06-21T22:13:49.000Z,2026-06-13T00:00:00.000Z,The pearl bracelet is beautiful.,The pearl bracelet is beautiful.,true,0,BJ Eubanks,5ea8138599486b18c1e66c88,US,2,false,Thank you for your feedback. We're pleased to know that you were happy with your purchase and appreciate you taking the time to leave a review.
www.thepearlsource.com,id:6a383d74bf1f873a13211f43,native_id,6a383d74bf1f873a13211f43,5,2026-06-21T21:37:24.000Z,2026-06-21T00:00:00.000Z,The pearls are beautiful,The pearls are beautiful! Our god daughter loved them!,true,0,Franklin,5aa0544a4de5666d343784a3,US,15,false,Thank you for your review. Knowing that your goddaughter loved the pearls means a great deal to us. We look forward to welcoming you back again in the future.
www.thepearlsource.com,id:6a37cf1a73279fcb5e29c930,native_id,6a37cf1a73279fcb5e29c930,5,2026-06-21T13:46:34.000Z,2026-06-12T00:00:00.000Z,Beautiful!,"Beautiful! 
",true,0,Michelle Morris,6a37cf19da119727339a5dd4,US,1,false,It's wonderful to hear such positive feedback. Thank you for your review.
www.thepearlsource.com,id:6a3707d1283a5bef943e0797,native_id,6a3707d1283a5bef943e0797,5,2026-06-20T23:36:17.000Z,2026-06-20T00:00:00.000Z,The earrings and necklace are beautiful…,The earrings and necklace are beautiful and look exactly as the picture.  Delivery was on time and status communicated throughout.  ,true,0,Carri,6829eb2d5ad6657aa151a875,US,3,false,We're pleased to hear that your purchase looked exactly as pictured and that your order arrived on time. It's also great to know that you felt well informed throughout the process. Thank you for sharing your experience with us.
www.thepearlsource.com,id:6a36f9cfa4c69e029aaabb81,native_id,6a36f9cfa4c69e029aaabb81,3,2026-06-20T22:36:31.000Z,2026-06-18T00:00:00.000Z,Modern Pearl Pendant,I agree with the first review. I would have liked to have a choice of chain lengths. The pendant design is perfect for my outfits. Most pearl pendants are in dainty settings. This one is unique and has a modern look. The pearl was a perfect size and quality. The shipping was incredibly fast. Your  edge on the online market is optional settings and pearl quality choices. This is my second purchase from this site. . Usually I have to take online purchases to the jewler to have the pearl replaced for better quality. Not this time.      ,true,0,Jenna,6a36f9cea71de03ff0943495,US,1,false,"Thank you for your detailed review. We're pleased to hear that you appreciated the modern design, pearl quality, and fast shipping. We also appreciate your feedback regarding chain length options and are glad that your second experience with us was such a positive one. We look forward to welcoming you back again in the future."
www.thepearlsource.com,id:6a36f5c2791e28ced9a7aee8,native_id,6a36f5c2791e28ced9a7aee8,5,2026-06-20T22:19:14.000Z,2026-06-12T00:00:00.000Z,The pearl earrings were elegant but…,The pearl earrings were elegant but simple enough for daily wear. The quality of the pearls was excellent and the price was very reasonable. ,true,0,Lidia  Pousada ,594911580000ff000aa5d784,US,3,false,We're glad to hear that you were pleased with the quality and value of your purchase. Thank you for sharing your experience with us.
www.thepearlsource.com,id:6a36efab86704424a1248812,native_id,6a36efab86704424a1248812,5,2026-06-20T21:53:15.000Z,2026-06-20T00:00:00.000Z,The Pearls seem to make people happy so…,The Pearls seem to make people happy so why not.,true,0,Gregory Yancey,6167a36bcae80900131cd320,US,4,false,Thank you for your review. We're glad to hear that your experience with The Pearl Source was a positive one. We look forward to welcoming you back again in the future.
www.thepearlsource.com,id:6a36e8a88cdfc52f84600446,native_id,6a36e8a88cdfc52f84600446,5,2026-06-20T21:23:20.000Z,2026-06-20T00:00:00.000Z,Great quality,Great quality ,true,0,Yiphua Zhang,6a36e8a719f15e1e727a47c2,US,1,false,We're pleased to hear that you were happy with the quality of your purchase. Thank you for your feedback.
www.thepearlsource.com,id:6a36e537a159d7ba3b8e4ff0,native_id,6a36e537a159d7ba3b8e4ff0,5,2026-06-20T21:08:39.000Z,2026-06-20T00:00:00.000Z,I splurged a little to buy 7mm Akoya…,"I splurged a little to buy 7mm Akoya AAA studs, and I couldn’t be happier with them: the color, the sheen, the 18 kt backings:  these are earrings I will wear and wear and wear, dressed in jeans or a silk suit.",true,0,Lucille Schultz,6a36e5363d358b09235025a4,US,1,false,"We're delighted to hear that you couldn't be happier with your purchase. Knowing that these are earrings you'll enjoy wearing again and again, whether with jeans or a silk suit, is especially rewarding. We hope you enjoy wearing them for years to come."
www.thepearlsource.com,id:6a36dfaa94c022af9d5bf037,native_id,6a36dfaa94c022af9d5bf037,5,2026-06-20T20:44:58.000Z,2026-06-12T00:00:00.000Z,Prompt service,"Prompt service, good customer service, Love their products and they are reasonably priced!
I have purchased several gifts from them.",true,0,Grace Sorg,6a36dfa98c034d1d42c23593,US,1,false,Thank you for your continued support. We're glad to hear that you've had positive experiences with our customer service and products over multiple purchases. We look forward to welcoming you back again in the future.
www.thepearlsource.com,id:6a36db2c233d454dcae941c6,native_id,6a36db2c233d454dcae941c6,5,2026-06-20T20:25:48.000Z,2026-06-13T00:00:00.000Z,This is my second purchase of the pearl…,This is my second purchase of the pearl necklace. We get so many compliments on it. We got one for our daughter-in-law and our future granddaughter in law. They’re beautiful high-quality and we will be purchasing again.,true,0,Cleo Bertisux,6a36db2ca71de0473a9417f4,US,1,false,Thank you for your review. It's wonderful to hear that the necklaces have received so many compliments and that you've returned to purchase them again for your family. We appreciate you sharing your experience with us.
www.thepearlsource.com,id:6a36d9725fc5abf953792e6d,native_id,6a36d9725fc5abf953792e6d,5,2026-06-20T20:18:26.000Z,2026-06-12T00:00:00.000Z,Beautiful product,"Beautiful product, great price, excellent customer service.  My ""go to"" for pearls!",true,0,John GAREY,67587d39eaf8e830b8ff142c,US,4,false,"Thank you for your review. We're delighted to know that we've become your go-to source for pearls. We're glad you've been pleased with our products, pricing, and customer service. Thank you for your continued support."
www.thepearlsource.com,id:6a36d59d0861826d8efff17d,native_id,6a36d59d0861826d8efff17d,5,2026-06-20T20:02:05.000Z,2026-06-20T00:00:00.000Z,Beautiful necklace,"Beautiful necklace, very high quality. Lovely packaging. and fast delivery. ",true,0,alice yao,56d3259f0000ff000a0a2f49,GB,20,false,Thank you for your review. It's wonderful to hear that you were pleased with the quality of your purchase and that it arrived quickly and beautifully presented. Your feedback is greatly appreciated.
www.thepearlsource.com,id:6a36c4725bfc63a826c9c335,native_id,6a36c4725bfc63a826c9c335,5,2026-06-20T18:48:50.000Z,2026-06-20T00:00:00.000Z,You were very efficient in shipping,You were very efficient in shipping. The packaging was beautiful and the pearls were stunning. Exceeded my expectations!,true,0,Robert Hodous,64592a989600510012da7242,US,2,false,We're pleased to hear that the shipping was efficient and that you were impressed with both the packaging and the pearls. Knowing the purchase exceeded your expectations makes this feedback especially meaningful.
www.thepearlsource.com,id:6a36b1d82d66cca82de75b80,native_id,6a36b1d82d66cca82de75b80,5,2026-06-20T17:29:28.000Z,2026-06-12T00:00:00.000Z,Fast  and soon to be my FAVS!,Fast and my one set of pearls arrived quickly!!  Just ordered 4mm 18” Pearls and Pink Tourmalines in between each Pearl!!  It’s coming in about 10 days!!,true,0,Sammye Auman,60c4cdf285a12500195138b0,US,3,false,It's wonderful to hear that your pearls arrived quickly and that you've already placed another order. We hope you enjoy your new purchase when it arrives.
www.thepearlsource.com,id:6a36ae1df39f00cc0fd8a01a,native_id,6a36ae1df39f00cc0fd8a01a,5,2026-06-20T17:13:33.000Z,2026-06-20T00:00:00.000Z,Ease of working through process,"Ease of working through process.  

Disappointed in size of pearls which is on me but some photos on models might have kept me from making this mistake.   just not what I thought I was ordering.",true,0,Paul,5e495adb9ecf740d9b3b2d27,US,3,false,Thank you for your feedback. We're glad to hear that the ordering process was easy to navigate. We appreciate your comments regarding pearl size and product photos and understand how details like these can make a difference when choosing the right piece. Your perspective is truly appreciated.
www.thepearlsource.com,id:6a36a698311de8543c8c4cbc,native_id,6a36a698311de8543c8c4cbc,5,2026-06-20T16:41:29.000Z,2026-06-11T00:00:00.000Z,Easy to view and order,Easy to view and order,true,0,Byrce Vandiver,6a36a697a71de046ef93de19,US,1,false,We're pleased to hear that browsing our selection and placing your order was quick and easy. Thank you for your feedback and support.
www.thepearlsource.com,id:6a369db919d40abfeea1b1d0,native_id,6a369db919d40abfeea1b1d0,5,2026-06-20T16:03:37.000Z,2026-06-19T00:00:00.000Z,The extraordinary quality of the pearls…,The extraordinary quality of the pearls and clasp along with the expedited delivery.,true,0,Patrick ,5eac8e610c79cd42bbc984f0,US,3,false,"We're delighted to hear that you were pleased with the quality of the pearls and clasp, as well as the expedited delivery. Your feedback is truly appreciated."
www.thepearlsource.com,id:6a368538b62c32855980038f,native_id,6a368538b62c32855980038f,5,2026-06-20T14:19:04.000Z,2026-06-20T00:00:00.000Z,Stunning Luxury Gift,"I bought color pearls for my wife 30yrs anniversary, necklace and bracelet. I opened them to check and they look absolutely amazing and the display packaging is also amazing and beautiful design. The pair  look stunning. I've packaged them up again to give to her in Fuerteventura on our anniversary and where we had our honeymoon. Delivery was prompt, couple of days. Hope they last well and she likes them. Thanks to The Pearl Source, highly recommended 👌 ",true,0,John Bergin,51e1113b000064000143a301,GB,36,true,Thank you for sharing your experience. It's wonderful to hear that the necklace and bracelet looked even more beautiful in person and that the presentation exceeded your expectations. Knowing that they were chosen for such a meaningful gift makes your feedback especially appreciated. We hope your wife loves them.
www.thepearlsource.com,id:6a35c2c27f4d7749a2b3144a,native_id,6a35c2c27f4d7749a2b3144a,5,2026-06-20T00:29:22.000Z,2026-06-19T00:00:00.000Z,Nice packaging and fast shipping.,"Nice packaging and fast shipping.

Great quality pearls at affordable / reasonable price.


",true,0,Genuine Pearl Enthusiasts,6a2dabbba71de07f8989d86d,US,2,false,"We're pleased to know that you were happy with the quality of the pearls, the packaging, and the prompt delivery, and that you found them to be a great value. Thank you for sharing your feedback."
www.thepearlsource.com,id:6a35afa4c0f60eebbbc0b732,native_id,6a35afa4c0f60eebbbc0b732,5,2026-06-19T23:07:48.000Z,2026-06-19T00:00:00.000Z,The Pearl Necklace of My Dreams!,Superior quality of many types of pearls. Highly acclaimed pearl jewelry. I bought the pearl pendant of my dreams from The Pearl Source l.,true,0,Carol Peacock,6a35afa38c034d0b66c14750,US,1,false,It's wonderful to know that you found the pearl pendant of your dreams. Thank you for your kind words about the quality of our pearl jewelry. We hope you enjoy wearing it for many years to come.
www.thepearlsource.com,id:6a3593091d690e437a4bcf3d,native_id,6a3593091d690e437a4bcf3d,5,2026-06-19T21:05:45.000Z,2026-06-19T00:00:00.000Z,Beautiful Ring!,"Easy to order on your website, and the product arrived quickly.",true,0,Norma Rodriguez,64dfc450ad2b1c001324b25d,US,2,false,Thank you for your feedback. It's great to hear that ordering on our website was easy and that your ring arrived quickly. We appreciate you taking the time to share your experience.
www.thepearlsource.com,id:6a35896a12986f9cdfff3428,native_id,6a35896a12986f9cdfff3428,5,2026-06-19T20:24:42.000Z,2026-06-12T00:00:00.000Z,Spectacular pieces!,"Gorgeous pieces (even more beautiful in person).
These special pieces arrived on time and were well packed.
Communication was great… quick response time.
A++++++++ I highly recommend this seller!
Thank you for creating such wonderful wearable art🤩",true,0,Sue,6a25c76f8dd5c41b9c998110,US,2,false,"Thank you for sharing such wonderful feedback. It's great to know that the pieces were even more beautiful in person and that your experience, from communication to delivery, was such a positive one. We truly appreciate your recommendation."
www.thepearlsource.com,id:6a35882d5676c3eed826860e,native_id,6a35882d5676c3eed826860e,5,2026-06-19T20:19:25.000Z,2026-06-12T00:00:00.000Z,Item was stunning,Item was stunning!   Prompt mailing. Packing was beautiful.   ,true,0,Diane W,6a35882d6d6d710f4df6f498,US,1,false,"It's wonderful to hear that the item was stunning, arrived promptly, and was beautifully packaged. Thank you for sharing your feedback."
www.thepearlsource.com,id:6a35848eeeb98187a8e0f5ca,native_id,6a35848eeeb98187a8e0f5ca,5,2026-06-19T20:03:58.000Z,2026-06-12T00:00:00.000Z,Lovely,"Lovely, perfect color and size. High Quality.
Very Fast Delivery!!!",true,0,Beth Venuto,6a131411dd910c46ad710c7c,US,1,false,"Thank you for taking the time to leave a review. We're delighted that you were pleased with the color, size, and quality of your purchase, and that it arrived so quickly. Thank you for choosing The Pearl Source."
www.thepearlsource.com,id:6a358468858c604749d54390,native_id,6a358468858c604749d54390,5,2026-06-19T20:03:20.000Z,2026-06-19T00:00:00.000Z,Amazing quality and exceptional…,Amazing quality and exceptional customer service. Thank you!,true,0,Paulami Banerjee,6a358467e33cd1537ca99b8d,US,1,false,Thank you for your kind words. Knowing that you were happy with both the quality of our pearls and the service you received means a great deal to us.
www.thepearlsource.com,id:6a355667b59578ce51556795,native_id,6a355667b59578ce51556795,5,2026-06-19T16:47:03.000Z,2026-06-19T00:00:00.000Z,I ordered items early Monday and had my…,"I ordered items early Monday and had my pearls on Wednesday. Attractive,secure package",true,0,Esther Jankey,5fda2003c839220019eb539a,GB,6,false,Thank you for your review. We're pleased that your pearls arrived so quickly and that you appreciated the secure packaging. Thank you for choosing The Pearl Source.
www.thepearlsource.com,id:6a353f62371a10012cbd984b,native_id,6a353f62371a10012cbd984b,5,2026-06-19T15:08:50.000Z,2026-06-19T00:00:00.000Z,The level of service and speed of…,"The level of service and speed of delivery, very nice earrings.",true,0,David walls,56d9776a0000ff000a0bb353,GB,24,false,"Thank you for your kind words. We're happy to know that you were pleased with the service, prompt delivery, and your earrings. It means a lot to receive such positive feedback."
www.thepearlsource.com,id:6a353e83250eed7ce2933553,native_id,6a353e83250eed7ce2933553,5,2026-06-19T15:05:07.000Z,2026-06-17T00:00:00.000Z,"AAA...QUALITY; SERVICE, DELIVERY ","Wonderful experience with every aspect! Pearls are beautiful, great luster and quality, service was great, and delivery was prompt.",true,0,Donna F,68f079e08fb1d64cb3ff0955,US,2,false,"It's wonderful to know that the beauty and quality of the pearls, along with our service and prompt delivery, contributed to such a positive experience. Your kind words are truly appreciated."
www.thepearlsource.com,id:6a352f92fc7358e8efcf2b9e,native_id,6a352f92fc7358e8efcf2b9e,5,2026-06-19T14:01:22.000Z,2026-06-09T00:00:00.000Z,Fast delivery,"Fast delivery, easy to order, great price quality product. ",true,0,jorge alvarado,671178267a39c6a1fdd42bed,US,1,false,"We're happy to know that the fast delivery, easy ordering process, and value of your purchase stood out to you. Thank you for your kind review."
www.thepearlsource.com,id:6a351a445fb702bb5d49e560,native_id,6a351a445fb702bb5d49e560,4,2026-06-19T12:30:28.000Z,2025-08-06T00:00:00.000Z,love them,love them! kind and sweet service ,false,0,Janice,6a3519afa71de01250923bdc,US,6,false,We're so pleased to know that you love your purchase and enjoyed the service you received. Thank you for taking the time to leave a review.
www.thepearlsource.com,id:6a350c754b773732d6132f13,native_id,6a350c754b773732d6132f13,5,2026-06-19T11:31:33.000Z,2026-06-19T00:00:00.000Z,Beautiful pearls,Bought these pearls for my mums birthday and I know she will love them!! ,true,0,Claire and Rob ,5c096d3b5149eb68ee487103,GB,14,false,What a thoughtful birthday gift. We hope your mum loves the pearls and enjoys wearing them.
www.thepearlsource.com,id:6a35019d8116120a09040007,native_id,6a35019d8116120a09040007,5,2026-06-19T10:45:17.000Z,2026-06-17T00:00:00.000Z,Arrive in mazing packaging,"Arrive in mazing packaging, pearls looks perfect. Wife exited nearly cry. ",true,0,customer,646c879c3ea2510012286a50,GB,4,false,We're so pleased that the pearls and presentation made such a special impression. Hearing how excited your wife was is especially meaningful. We hope she enjoys them for years to come.
www.thepearlsource.com,id:6a346526e376b1b9b04923c3,native_id,6a346526e376b1b9b04923c3,5,2026-06-18T23:37:42.000Z,2026-06-10T00:00:00.000Z,Great gift for my Granddaughter sweet 16thservice and quality pearl bracelet,"Good service and quality pearl bracelet
Double strang silver lock.",true,0,Blanca Morales,6a346526e33cd12ad8a84826,US,1,false,A sweet 16 is such a special occasion. We're so pleased that the bracelet was chosen for your granddaughter's celebration and that you were happy with both its quality and the service you received.
www.thepearlsource.com,id:6a345539cd1ad7d00988d34d,native_id,6a345539cd1ad7d00988d34d,5,2026-06-18T22:29:45.000Z,2026-06-18T00:00:00.000Z,Elegant Pearl Necklace,"The pearls are just gorgeous. This purchase was bittersweet, to wear at our mother’s funeral today.  Classic, timeless and fast delivery! 🤍💜🪽",true,0,Regina Castillo Bates,6a3455385d63d44cd7ba5c8d,US,1,false,We're pleased that the necklace arrived in time and that its classic beauty was appreciated on such a meaningful day. Your review is truly appreciated.
www.thepearlsource.com,id:6a331438e4859d0b3f82b75e,native_id,6a331438e4859d0b3f82b75e,5,2026-06-17T23:40:08.000Z,2026-06-17T00:00:00.000Z,These pearls are so pretty,These pearls are so pretty. I got the freshwater pearls in the pastel colors. I got a 20 inch necklace and a 7 inch bracelet with a magnet closure so I’m able to put them together to make a longer necklace. You can barely see the Sterling silver closures it matches so great. I just love it. They feel so heavy and substantial. ,true,0,Lori Kim,5da63fb7ef6d620e6a601df4,US,2,false,It's wonderful to know how much you're enjoying your pastel Freshwater pearls. We're pleased that the necklace and bracelet work so beautifully together. Your comments about the sterling silver closures and the substantial feel of the pearls are truly appreciated.
www.thepearlsource.com,id:6a32e50c7e30164c8aecd845,native_id,6a32e50c7e30164c8aecd845,5,2026-06-17T20:18:52.000Z,2026-06-10T00:00:00.000Z,The pearls are beautiful and are…,The pearls are beautiful and are presented in a special way. It will make a truly beautiful present. ,true,0,Susan Sparks,58c74de90000ff000a8144e2,US,3,false,Thank you for your review. We're pleased that you appreciated both the beauty of the pearls and their special presentation. Thank you for choosing The Pearl Source.
www.thepearlsource.com,id:6a32b73328d91a954fcd03ad,native_id,6a32b73328d91a954fcd03ad,5,2026-06-17T17:03:15.000Z,2026-04-23T00:00:00.000Z,Pearls are beautiful and shipping was…,Pearls are beautiful and shipping was quick. Packaging looks pretty,true,0,Aruna Balakrishnaraja,6a32b7326d6d71dfaef3640e,US,1,false,"We're delighted that the pearls, quick shipping, and presentation all stood out to you. We truly appreciate your feedback."
www.thepearlsource.com,id:6a321ebd32cd9b03cc27395c,native_id,6a321ebd32cd9b03cc27395c,5,2026-06-17T06:12:45.000Z,2026-06-17T00:00:00.000Z,I couldn't be happier with my purchase,"I couldn't be happier with my purchase! The pearl bracelet is absolutely beautiful, so well made. The packaging was exquisite and made the whole experience feel very special. Delivery was fast, and everything arrived perfectly. Excellent quality and service — I highly recommend this company!",true,0,Kathy,5cde61d934e82919158375f3,AU,4,false,"Knowing that you couldn't be happier with your purchase means a great deal to us. We're delighted that the bracelet, beautiful presentation, and fast delivery helped make the experience so special. Thank you for your recommendation."
www.thepearlsource.com,id:6a31ea1c858df4277b6589d6,native_id,6a31ea1c858df4277b6589d6,5,2026-06-17T02:28:12.000Z,2026-06-12T00:00:00.000Z,Pleasure doing business with The Pearl Source,"Beautiful pearls, fast shipping, and excellent customer service~ 5-stars all the way! ",true,0,JV,68dc93f8412e4c4c0d59d156,US,3,false,"Thank you for your kind words. We're glad to hear that you were pleased with the quality of our pearls, fast shipping, and customer service. We truly appreciate your support."
www.thepearlsource.com,id:6a318d488531356ccdc1b7a8,native_id,6a318d488531356ccdc1b7a8,5,2026-06-16T19:52:08.000Z,2026-06-16T00:00:00.000Z,Very fast delivery,"Very fast delivery. 
Beautiful product",true,0,Linda Rechtsman,6a318d478c034de61cbc2162,CA,1,false,We appreciate your feedback. It's great to know that your order arrived quickly and that you were pleased with your purchase.
www.thepearlsource.com,id:6a3161534db3206fe3fa3c22,native_id,6a3161534db3206fe3fa3c22,5,2026-06-16T16:44:35.000Z,2026-06-04T00:00:00.000Z,Graduation gift,A beautiful necklace that arrived quickly. I was looking for a more modern version of pearls and the Tincup Molly necklace was perfect.,true,0,Cheryl Sheffield,6a3161528c034d4131bbcfb6,US,1,false,Thank you for your review. We're pleased that the Tincup Molly Necklace was the perfect fit for the modern pearl look you had in mind and that it arrived quickly. Thank you for choosing The Pearl Source for such a special occasion.
www.thepearlsource.com,id:6a3137af68b0d8d3f557f03d,native_id,6a3137af68b0d8d3f557f03d,1,2026-06-16T13:46:55.000Z,2026-06-07T00:00:00.000Z,I have already returned the pearl to…,"I have already returned the pearl to you for more than ten days, why haven't you refunded me yet",true,0,fazong ye,6a3137aea71de0a0a98d5cd6,US,1,false,"We appreciate your feedback. We are happy to confirm your refund was processed on June 16th, as your return was delivered back on June 15th."
www.thepearlsource.com,id:6a312aeb6b44a9da7423f8ad,native_id,6a312aeb6b44a9da7423f8ad,5,2026-06-16T12:52:27.000Z,2026-05-28T00:00:00.000Z,A wonderful anniversary gift,"Following some research I sourced some pearl jewellery from here as a 30th wedding anniversary gift. The ordering process was clear and easy to follow with swift and efficient delivery. My wife is delighted with the quality of the pearls. 
I’d happily recommend this company to friends and family. ",true,0,Chris,59391a080000ff000aa144fe,GB,27,false,"We appreciate your thoughtful review. It's wonderful to know that your wife was delighted with the pearls and that the entire experience, from ordering to delivery, went smoothly. Thank you for your recommendation."
www.thepearlsource.com,id:6a3077ec80ed71d42ebb5689,native_id,6a3077ec80ed71d42ebb5689,5,2026-06-16T00:08:44.000Z,2026-06-07T00:00:00.000Z,I was taking a chance selecting…,"I was taking a chance selecting beautiful pearls for myself for my 80th birthday and I want you to know that it did not disappoint at all. The pearls are lovely. The white that I wanted and the length is perfect. It’s it’s everything that I was hoping for thank you so much, Kathy",true,0,Kathy Castaldi Margolis,6519bbed999ec20012f17503,US,2,false,Thank you for sharing your experience. It's wonderful to know that the pearls were everything you had hoped for and that the color and length were just right. We truly appreciate your kind words.
www.thepearlsource.com,id:6a304c8a78c26c9bee5763bf,native_id,6a304c8a78c26c9bee5763bf,5,2026-06-15T21:03:38.000Z,2026-06-07T00:00:00.000Z,The pearls arrive ahead of schedule and…,The pearls arrive ahead of schedule and they are absolutely beautiful 😍 ,true,0,Lisa Spears,6a304c8ae33cd1c7dba30f87,US,1,false,Thank you for your review. We're pleased that your pearls arrived ahead of schedule and that you found them absolutely beautiful. We appreciate your feedback.
www.thepearlsource.com,id:6a3048cd59e7a036bfb13a50,native_id,6a3048cd59e7a036bfb13a50,5,2026-06-15T20:47:41.000Z,2026-06-12T00:00:00.000Z,Both bracelet and necklace are lovely,"Both bracelet and necklace are lovely. Took me some time to figure out the clasp on the necklace!
Very happy with my purchase..
Thank you!",true,0,Virginia Jacobsen,5913d7880000ff000a96d8dd,US,17,false,Thank you for sharing your experience. We're glad to know that you're enjoying both your bracelet and necklace. It means a lot to hear that you're so happy with your purchase.
www.thepearlsource.com,id:6a303ef43ef606a2abf88506,native_id,6a303ef43ef606a2abf88506,5,2026-06-15T20:05:40.000Z,2026-06-12T00:00:00.000Z,Customer Service,Customer Service is top tier. Easy to speak with someone to get your concerns addressed. Great selection of pearl offerings. This is my second time ordering from The Pearl Source and will order again and again! ,true,0,Shawn,6a303ef35d63d455a0b52329,US,1,false,We appreciate your continued trust in The Pearl Source. It's wonderful to know that our customer service team was able to address your concerns and make your experience a positive one. Your support means a great deal to us.
www.thepearlsource.com,id:6a300bb7bda0a6524f1bf712,native_id,6a300bb7bda0a6524f1bf712,4,2026-06-15T16:27:03.000Z,2026-06-08T00:00:00.000Z,Beautiful genuine cultured pearl jewelry,I had a lovely experiene shopping with The pearl source. The have beautiful genuine cultured pearl jewelry and customer service is also responsive and helpful.,false,0,Rosy,6a221175c1f598bb8a1eb5ec,GB,3,false,We appreciate your feedback. We're pleased to know that you enjoyed our cultured pearl jewelry and had a positive experience with our customer service team. Thank you for taking the time to share your thoughts.
www.thepearlsource.com,id:6a2f385b07f14ddb423f69bb,native_id,6a2f385b07f14ddb423f69bb,5,2026-06-15T01:25:15.000Z,2026-06-07T00:00:00.000Z,I found the quality to be what was…,I found the quality to be what was represented and the delivery time was prompt. The product was packaged nicely and made a great presentation. ,true,0,will rhodarmer,6a2f385ae33cd1cc06a1a35c,US,1,false,"Thank you for your review. We're pleased to know that the quality was exactly as represented, your order arrived promptly, and the presentation was well received. Thank you for choosing The Pearl Source."
www.thepearlsource.com,id:6a2f2dc10e2ab64db189ac8d,native_id,6a2f2dc10e2ab64db189ac8d,3,2026-06-15T00:40:01.000Z,2026-06-14T00:00:00.000Z,Smaller than expected and not graduated,Smaller than expected and not graduated,true,0,Ronald Botelho,63a9020390b3dc0013f98fdf,US,8,false,"Hello Ronald,
Thank you for your feedback. We're sorry to hear that the pearls were smaller than expected and did not meet your expectations regarding graduation. Please contact us at help@thepearlsource.com so we can learn more about your experience and work toward a suitable solution.

Best regards,
The Pearl Source"
www.thepearlsource.com,id:6a2f0e81f4b75f6adc319bc2,native_id,6a2f0e81f4b75f6adc319bc2,5,2026-06-14T22:26:41.000Z,2026-06-07T00:00:00.000Z,I recieved the perfect little Akoya…,"I recieved the perfect little Akoya Pearl stud earrings that i ordeeed om time, very well packaged.  The pearls are beautiful, just right for my diamond earring jackets.  Very happy with this purchase and will buy from The Pearl Source again in the future.
",true,0,Nanasnotes,6a2f0e806d6d71acd0eedcec,US,1,false,We're so pleased to hear that your order arrived on time and was beautifully packaged. It's wonderful to know that you were happy with your purchase and plan to shop with The Pearl Source again in the future. Thank you for taking the time to share your experience.
www.thepearlsource.com,id:6a2ef9e1b3753633a66c318f,native_id,6a2ef9e1b3753633a66c318f,5,2026-06-14T20:58:41.000Z,2026-06-07T00:00:00.000Z,Great service and excellent quality,Great service and excellent quality,true,0,Sonya Damewood,6a2ef9e0e33cd1153ca1708c,US,1,false,Thank you for your feedback. It's great to know that both our service and the quality of your purchase made  a positive impression. We appreciate you taking the time to share your experience.
www.thepearlsource.com,id:6a2ef78885a42022b2d2504f,native_id,6a2ef78885a42022b2d2504f,5,2026-06-14T20:48:40.000Z,2026-06-07T00:00:00.000Z,The bracelet is beautiful everything I…,The bracelet is beautiful everything I was hoping for. Thanks,true,0,Diane Walton,6a2ef7888c034d4ab9b8e348,US,1,false,Thank you for your review. We're so pleased to hear that the bracelet was everything you were hoping for. We hope you enjoy wearing it.
www.thepearlsource.com,id:6a2ef43655cafcc6a8b4af57,native_id,6a2ef43655cafcc6a8b4af57,5,2026-06-14T20:34:30.000Z,2026-06-07T00:00:00.000Z,The hardest part of buying the I  was…,The hardest part of buying the I  was deciding what I wanted to buy for my granddaughter’s high school graduation. I bought the double stranded pearls with the gold class. They are absolutely beautiful and I can’t wait to give them to her. I’m sure she’ll enjoy them for many years to come.,true,0,Sarah M,62a22eee9a16c900119d249a,US,2,false,"What a special gift for your granddaughter's graduation. We're so glad the pearls will be part of such an important milestone, and we hope she treasures them for years to come."
www.thepearlsource.com,id:6a2ef08c04eb85956ebc06f2,native_id,6a2ef08c04eb85956ebc06f2,5,2026-06-14T20:18:52.000Z,2026-06-07T00:00:00.000Z,Exactly as promised,Exactly as promised. Communication was accurate.  Pearl is  beautiful. Very happy with purchase,true,0,Teresa,6758c4f2eaf8e86a85ff41dc,US,2,false,It's great to know that your experience was exactly as promised and that our communication was clear and accurate. We're so glad you were happy with your purchase. Thank you for sharing your experience with us.
www.thepearlsource.com,id:6a2ed04d0a3530613e048e10,native_id,6a2ed04d0a3530613e048e10,5,2026-06-14T18:01:17.000Z,2026-06-12T00:00:00.000Z,The pearls arrived spectacularly…,"The pearls arrived spectacularly packaged and they look great on my wife. She has endured some extra stress and I just wanted to make a small gesture to her so that she knows that I have her back. Great product, service, and fast shipping!",true,0,Mark Mandurano,66be85598a6e86a002a91737,US,3,false,"Thank you for your kind words. It's great to know that the pearls arrived beautifully packaged and that you were pleased with the product, service, and fast shipping. We appreciate your feedback."
www.thepearlsource.com,id:6a2e1d912f6cf1e398c4aa8e,native_id,6a2e1d912f6cf1e398c4aa8e,5,2026-06-14T05:18:41.000Z,2026-06-11T00:00:00.000Z,Delivery service is good and the…,Delivery service is good and the quality of the pearl is excellent,true,0,Carol Y,6a2e1d906d6d71217dee1c22,US,1,false,Thank you for your feedback. We're glad you were satisfied with both the delivery service and the quality of the pearls. We appreciate your support.
www.thepearlsource.com,id:6a2e0090f86da23f96247911,native_id,6a2e0090f86da23f96247911,5,2026-06-14T03:14:56.000Z,2026-06-13T00:00:00.000Z,As promised,As promised. Very easy to deal with.,true,0,tom heinsch,60ce16cc132b940019cfd3f0,US,2,false,It's great to know that everything was exactly as promised and easy to deal with. Thank you for your kind feedback.
www.thepearlsource.com,id:6a2de0c5d8d6aa1dbbeff1c8,native_id,6a2de0c5d8d6aa1dbbeff1c8,5,2026-06-14T00:59:17.000Z,2026-06-12T00:00:00.000Z,Great experience and delight with my…,Great experience and delight with my pearls,true,0, Mrs Lisa Graves,5e235cdce5a4c77135836b33,US,4,false,We're so glad you had a great experience and are enjoying your pearls. Thank you for your kind words.
www.thepearlsource.com,id:6a2ddef846240bebb0061938,native_id,6a2ddef846240bebb0061938,5,2026-06-14T00:51:36.000Z,2026-06-06T00:00:00.000Z,Great value and quantity ,My daughter's loved the AAAA 6.5-7mm freshwater pearls. High luster and very round for less than every other company I have found that charge for A - AA quality.,true,0,CARL BRAUN,6998ce5b2dcf0f811df66c62,US,2,false,It's wonderful to know that your daughter loved the pearls. We're glad you were pleased with their quality and value. Thank you for your kind review.
www.thepearlsource.com,id:6a2ddecce37afb593de1e4f2,native_id,6a2ddecce37afb593de1e4f2,5,2026-06-14T00:50:52.000Z,2026-06-09T00:00:00.000Z,The pearl necklace we received was…,The pearl necklace we received was beautiful. the luster was very evident when we opened the box. I would highly recommend this company for quality and service.,false,0,Adrian Davis,6a2ddebfa71de0397d8a023b,SE,1,false,We're so glad the necklace's luster stood out to you when you opened the box. Thank you for recommending The Pearl Source for both quality and service.
www.thepearlsource.com,id:6a2dd429ddeaf39f3bd667aa,native_id,6a2dd429ddeaf39f3bd667aa,5,2026-06-14T00:05:29.000Z,2026-06-05T00:00:00.000Z,Truly the best customer service I have ever received!,"Truly the best customer service I have ever had and the pearls are breathtaking! I purchased my wife her first pearl necklace, bracelet and earrings for her 50th birthday. I selected them separately instead of a set, but didn’t think about them coming in 3 different gift boxes, which would be nice for the Wow effect, but challenging to take on her birthday cruise. I reached out to customer service to see if I could purchase a gift set box so that I could combine everything, and not only did they respond quickly, they also had the gift box in the mail and delivered to me in couple of days, free of charge. And, did I mention that the pearls are BEAUTIFUL! Truly heirloom pieces. Hoping I have “Husband of the Year” in the bag (or should I say “gift box”)… Their dedication to excellence has made The Pearl Source my go-to for every pearl I purchase from here on out. Thank you.",true,0,Chris Thompson,6a2dd4285d63d43a39b2c9f1,US,1,false,"Thank you for your thoughtful review. We're delighted that the pearls, gift box, and customer service all helped make your wife's 50th birthday even more special. Thank you for your generous recommendation and support."
www.thepearlsource.com,id:6a2dd1ef43ae12b451b79e64,native_id,6a2dd1ef43ae12b451b79e64,5,2026-06-13T23:55:59.000Z,2026-06-13T00:00:00.000Z,Knew what I wanted,Knew what I wanted.  Just ordered it no problems.  Received the earrings. Even more BEAUTIFUL than the picture which does not always happen.  Received tons of compliments. ,true,0,cj,6a2dd1ee6d6d715673edf9bf,US,1,false,Thank you for your review. We're glad the ordering process was simple and that the earrings were even more beautiful in person. We hope you continue to enjoy wearing them.
www.thepearlsource.com,id:6a2daf284d003cc352160c0b,native_id,6a2daf284d003cc352160c0b,5,2026-06-13T21:27:36.000Z,2026-06-13T00:00:00.000Z,Delivery was expected and received in 2…,"Delivery was expected and received in 2 days, excellent. The pearls are beautiful and of the best quality. I am so very satisfied with my purchase. All my pearls will be purchased  from The Pearl Source in the future.",true,0,Joanne Humbles,6a2daf285d63d461f1b2aa6e,US,1,false,Thank you for your feedback. We're glad your pearls arrived quickly and that you were pleased with their quality. We truly appreciate your confidence in The Pearl Source and look forward to welcoming you again in the future.
www.thepearlsource.com,id:6a2d9f76328099ab920e584a,native_id,6a2d9f76328099ab920e584a,5,2026-06-13T20:20:39.000Z,2026-06-05T00:00:00.000Z,Gorgeous color and quality!,"Beautiful, quality, well constructed pearl earrings! I ordered the Akoya white pearls and they match my necklace perfectly. Originally ordered the size 6.0-6.5 and they were too small so I replaced with the 8.0-8.5 and they were just right. ",true,0,Heather Eaton,6999c4453cdc4941bec98517,US,2,false,Finding the perfect size can make all the difference. We're glad the 8.0-8.5mm earrings turned out to be just right and that everything worked out perfectly in the end. Thank you for choosing The Pearl Source.
www.thepearlsource.com,id:6a2d47eb86785e9d3df8a611,native_id,6a2d47eb86785e9d3df8a611,5,2026-06-13T14:07:07.000Z,2026-06-12T00:00:00.000Z,My order arrived fast,My order arrived fast.  The neckace is so beautiful.  I also love the packaging.  I bought this as a gift for my friend and I know that she will just love it.,true,0,Debra Clawson,66e1a0e77035ba05b13235b5,US,6,false,We're so glad your order arrived quickly and that you were pleased with the necklace and its presentation. We hope your friend loves her gift as much as you do.
www.thepearlsource.com,id:6a2c623992a7decf63ed8253,native_id,6a2c623992a7decf63ed8253,5,2026-06-12T21:47:05.000Z,2026-06-12T00:00:00.000Z,Pearl Source is now on my go-to list!,"Ordering was easy. The earrings are exactly as described and more beautiful in person, and the presentation is classy. As to the communication and delivery: superb! I will surely be keeping the Pearl Source on my go-to list of businesses.",true,0,Julie Davis,6a2c62386d6d71382becc3fa,US,1,false,Thank you for your wonderful review. We're delighted that the earrings were even more beautiful in person and that you enjoyed a smooth ordering experience. It's especially rewarding to know that The Pearl Source has earned a place on your go-to list. Thank you for choosing The Pearl Source.
www.thepearlsource.com,id:6a2c4dd6a1ee026557bf1446,native_id,6a2c4dd6a1ee026557bf1446,5,2026-06-12T20:20:06.000Z,2026-06-05T00:00:00.000Z,They are the Best,"They are the Best, Customer service is 1st class! I Love my Beautiful Pearls 💕💕",true,0,QueenP,689e82b404313e7bd65536e4,US,2,false,Thank you for your lovely feedback. Knowing that you love your pearls and consider our customer service first class means so much to our team. We appreciate your support.
www.thepearlsource.com,id:6a2c4daa444019a35cf0c37b,native_id,6a2c4daa444019a35cf0c37b,5,2026-06-12T20:19:22.000Z,2026-06-05T00:00:00.000Z,Great information,"Great information, pearl photos exacting, very nice presentation. Look as photographed. Fast delivery. Fair return policy. 
Gift not yet given so can yet give recipient’s remarks.",true,0,John M,6a2c4da98c034d5ab4b6c51e,US,1,false,We're pleased to hear that the pearls arrived exactly as pictured and that you were happy with the presentation. It's also great to know that the delivery process and return policy met your needs. We appreciate you taking the time to leave a review.
www.thepearlsource.com,id:6a2c36a4e90fa904d6d8abf3,native_id,6a2c36a4e90fa904d6d8abf3,5,2026-06-12T18:41:08.000Z,2026-06-07T00:00:00.000Z,Amazing service. Really good quality product.,"Amazing service. I accidently paid twice. The friendly staff picked that up and issued a refund immediately.
Within 3 days, my order arrived at my door in the UK. 
The AAA+ quality pearl necklace is perfect and in an excellent presentation box.
I intend ordering matching ratings.
When these guys advertise that they give excellent customer service, they really mean it.",true,0,John Gowers,59576a990000ff000aaa441d,GB,7,false,"Thank you for such a thoughtful review. We're especially pleased that our team was able to quickly resolve the duplicate payment issue and provide a positive experience throughout the process. It's wonderful to hear that you were happy with the quality of your pearl necklace, its presentation, and the fast delivery to the UK. We look forward to your next order."
www.thepearlsource.com,id:6a2bf10b88e9da58c7fa6c56,native_id,6a2bf10b88e9da58c7fa6c56,5,2026-06-12T13:44:11.000Z,2026-06-03T00:00:00.000Z,Amazing experience,Amazing experience!  I ordered the wrong length for a necklace.  They immediately provided return instructions and quickly sent out the correct item.  Completely my error but they handled it as if it were their own.  Beautiful product and packaging.  5 stars all the way.  Thank you! ,true,0,Timothy MacMillan,5d2a2264f944e32f82c51f6c,US,3,false,"We're so pleased that the necklace exchange process was quick and easy, and that everything worked out smoothly. It's wonderful to hear that you were happy with the product, packaging, and overall experience. We appreciate you taking the time to share your feedback."
www.thepearlsource.com,id:6a2bf029c96f6652bbc6d9b1,native_id,6a2bf029c96f6652bbc6d9b1,5,2026-06-12T13:40:25.000Z,2026-06-12T00:00:00.000Z,Good product,"Good product, speedy delivery.👍",true,0,Customer,5bb51f384de5666d34d23f02,GB,8,false,Thank you for your review. We're glad to hear that you were pleased with the product and the speedy delivery. Thank you for choosing The Pearl Source.
www.thepearlsource.com,id:6a2b87d2494de0c7b18dcdb8,native_id,6a2b87d2494de0c7b18dcdb8,5,2026-06-12T06:15:14.000Z,2026-06-11T00:00:00.000Z,I am absolutely delighted with my purchase ,"I am absolutely delighted with my experience with The Pearl Source.

Their customer service and communication were exceptional from start to finish, making the entire purchasing process easy and enjoyable. My freshwater pearl necklace arrived quickly, was beautifully presented, the quality is stunning, and it looks absolutely amazing when worn.

It is refreshing to deal with a company that takes such pride in both its products and customer care. Thank you for providing such beautiful pieces and for delivering such a fantastic shopping experience. I would happily recommend The Pearl Source to anyone looking for quality pearls and outstanding service.",false,0,Lina Sacco,6247c9bfb4f76f0012ae59a5,AU,3,false,"Thank you for your wonderful feedback. It's incredibly rewarding to know that you enjoyed every part of your experience, from customer service and communication to the quality and presentation of your necklace. We sincerely appreciate your recommendation."
www.thepearlsource.com,id:6a2b2f21ac920b8fe457969b,native_id,6a2b2f21ac920b8fe457969b,5,2026-06-11T23:56:49.000Z,2026-06-11T00:00:00.000Z,The bracelet is perfect and the…,The bracelet is perfect and the customer service is exceptional! Highly recommend!,true,0,Oakville ,5d8921882bfdf5533f29db20,CA,3,false,We're pleased to hear that you found our customer service exceptional and that you love your bracelet. We truly appreciate your recommendation.
www.thepearlsource.com,id:6a2affefc470be272c9e1c8e,native_id,6a2affefc470be272c9e1c8e,5,2026-06-11T20:35:27.000Z,2026-06-03T00:00:00.000Z,Great price,"Great price, fast service and the pearls were a perfect gift",true,0,Tim Riemensnider,6a2affee8c034d1285b52057,US,1,false,We're happy to know the pearls made the perfect gift and that you were pleased with both the value and service. We truly appreciate your support.
www.thepearlsource.com,id:6a2aff5fa534897b54a0b014,native_id,6a2aff5fa534897b54a0b014,5,2026-06-11T20:33:03.000Z,2026-06-04T00:00:00.000Z,Everything I have ordered has been just…,Everything I have ordered has been just as presented.  I am a repeat customer.  A bonus is the beautiful packaging that the jewelry has with it.  ,true,0,JUDITH BROWNE,568e75cb0000ff0001fa29a8,US,5,false,Thank you for your continued support. We're delighted to hear that each purchase has arrived just as presented and that the packaging continues to stand out.
www.thepearlsource.com,id:6a2af252d09caa1b6eb7763a,native_id,6a2af252d09caa1b6eb7763a,5,2026-06-11T19:37:22.000Z,2026-06-06T00:00:00.000Z,The most beautiful pearls,"The most beautiful pearls! Quality, will order another pair soon. Service to us was within 2 days, which is when I needed them for a special event. I am very happy with the purchase!",true,0,Pamela Perez,6a2af2515d63d4d72eafba32,US,1,false,Thank you for your kind words. We're so pleased that the pearls arrived in time for your special event and that you're happy with both the quality and service. We appreciate your support.
www.thepearlsource.com,id:6a29da534f35b383bfeceb50,native_id,6a29da534f35b383bfeceb50,5,2026-06-10T23:42:43.000Z,2026-06-06T00:00:00.000Z,The Pearl Source website was easy to navigate.  There was a beautiful selection of pearls to choose from.,"In looking for a pearl bracelet, the Pearl Source ended up being a great resource in providing quality pearls.  The delivery was fast, the packaging was elegant and the bracelet is absolutely beautiful.",true,0,Marian Masters,637bcd2b8e71c80013b33ba5,US,2,false,"We appreciate your feedback. It's especially nice to hear that you found our website easy to navigate and enjoyed browsing our pearl selection. We're glad your bracelet arrived quickly, was beautifully packaged, and met your expectations in both quality and appearance. Enjoy your new bracelet."
www.thepearlsource.com,id:6a29c51598a2447be647b2fe,native_id,6a29c51598a2447be647b2fe,4,2026-06-10T22:12:05.000Z,2026-06-03T00:00:00.000Z,Just a whisper shy of perfection!,"Service gets a tiny deduction. To be fully transparent, my minor issue appears to be fedex related. This was a college grad gift. I ordered and would have gladly expedited the shipping if I had realized it might not make it as promised. But, the promised delivery date was 2 days before I needed it. The shipment was delayed, likely by Fedex and didn’t arrive when promised. But, the tracking also didn’t update. So, both myself and customer service were left in limbo. The package wound up arriving to my address the afternoon of the graduation ceremony. Two hours away from campus. The graduate left for her trip of a lifetime graduation gift from her parents the next day. Without her gorgeous gift from her godmother (me). Just a disappointing experience for timing only. However, the PearlSource was gracious and went way above and beyond to apologize and offered ways to make it right (including offering to ship a second pair for overnight delivery). I cannot compliment them and their response more favorably! In the end, she will get her gift when she returns and will have a keepsake for hopefully generations to come. The earrings are exquisite! The gift box and just the general presentation is exquisite! They are on par with pricing at chain jewelry stores that don’t offer the same quality and service! If FedEx would have seen this through it would have been a flawless review. I will absolutely order again! I highly recommend the PearlSource for quality, price and customer satisfaction! Just a warning to err on the side of caution if you have a tight turnaround for delivery.",true,0,KathyT,677becaf7022c66ae795544b,US,1,false,"Thank you for taking the time to share your experience. We're sorry the delivery did not arrive as promised and understand how disappointing that must have been for such an important graduation gift. Knowing that our team was able to support you throughout the process and that you were ultimately pleased with the earrings, presentation, and overall experience is especially rewarding.
We hope the earrings remain a meaningful keepsake for years to come."
www.thepearlsource.com,id:6a29a4764eea63f7f8364803,native_id,6a29a4764eea63f7f8364803,5,2026-06-10T19:52:54.000Z,2026-06-10T00:00:00.000Z,well pleased,the black akoya  pearl necklace and matching studs are beautiful! I'm giving them to my wife on June 29th celebrating an hour 54th anniversary. I can't wait to see her reaction and if she likes them as much as I do.,true,0,customer,60d4d2098d6ff90011469840,US,2,false,We're happy to hear that you were pleased with the Black Akoya pearl necklace and matching stud earrings. What a special gift for your wife's 54th anniversary. We hope she loves them just as much as you do and that they make the occasion even more special.
www.thepearlsource.com,id:6a297c9aa5cb4df325d10cd1,native_id,6a297c9aa5cb4df325d10cd1,5,2026-06-10T17:02:50.000Z,2026-05-31T00:00:00.000Z,These are lovely Pearls,"These are lovely Pearls. Very thin chain, but the pearls are top notch. I got the 18” yellow gold filled. I’ll save them for my granddaughter, but I’ll enjoy them for years before they go to her. ",true,0,Pamela Stanley,6a297c996142ada5ec403153,US,1,false,It's wonderful to know that you were pleased with the quality of the pearls. We appreciate your honest feedback regarding the chain and are glad the overall experience left a positive impression. Thank you for sharing your experience with us.
www.thepearlsource.com,id:6a285bb09753b6693a72fb9d,native_id,6a285bb09753b6693a72fb9d,5,2026-06-09T20:30:08.000Z,2026-06-01T00:00:00.000Z,Awesome product and experience. ,"Their website was really easy to navigate, with good pics of the products, which I really appreciate as an older person with bad vision. The description of the products were very detailed and accurate. The delivery was fast and the packaging was outstanding. But what stood to me was the customer service. I was back and forth with emailing them several questions I had and wanted (a different clasp) something they did not offer as an option on their website. They were able to answer all of my questions and make it happen. My wife is very happy to say the least. Would definitely purchase from them again without hesitation.",true,0,Samuel Chin,677d6628058f83287960ae80,US,2,false,Thank you for taking the time to share such detailed feedback. We're glad our team could help with your clasp request and answer your questions throughout the process. It's especially nice to hear that your wife is so happy with her purchase. We look forward to welcoming you back.
www.thepearlsource.com,id:6a282ce69c7111f1944627a8,native_id,6a282ce69c7111f1944627a8,5,2026-06-09T17:10:30.000Z,2026-05-31T00:00:00.000Z,What made my experience great is i gave…,What made my experience great is i gave my wife a three strand set of pearls and she loved them!!!,true,0,Adrien Hebert,6a282ce56142ad17673e7df3,DE,1,false,We're delighted to hear your wife loved her three-strand pearl set. Thank you for sharing your experience with us.
www.thepearlsource.com,id:6a281fb371027005a87f392e,native_id,6a281fb371027005a87f392e,5,2026-06-09T16:14:11.000Z,2026-06-03T00:00:00.000Z,Beautiful jewelry from a great company,"This is my second order and both times, I was floored opening the box.  What wonderful quality.  My wife was even happier than I was.  Fantastic company with fantastic products.  Buy your pearls here.",true,0,Steve,5f495d04a34d3b4e328a608f,US,4,false,We're grateful for your continued trust. It's especially nice to hear that your wife loved the pearls and that your second experience was just as memorable as the first. Your kind words are truly appreciated.
www.thepearlsource.com,id:6a27f77fb2a475728e6a9684,native_id,6a27f77fb2a475728e6a9684,5,2026-06-09T13:22:39.000Z,2026-06-09T00:00:00.000Z,The product and the packing are great,The product and the packing are great. But there were issues with delivery and communication around it. It finally arrived and pleased with the product. ,true,0,Salah K,6753f0d309d403a0855e5719,QA,2,false,"Thank you for sharing your feedback. We're pleased to hear you were happy with the product and packaging. We're sorry there were issues with the delivery and communication surrounding your order, but we're glad everything arrived safely and that you were pleased with the product in the end."
www.thepearlsource.com,id:6a2715498fbe932ef8218191,native_id,6a2715498fbe932ef8218191,5,2026-06-08T21:17:30.000Z,2026-05-31T00:00:00.000Z,The 8mm freshwater pink pearl strand…,The 8mm freshwater pink pearl strand necklace is gorgeous! I bought a pair of the pink pearl earrings to match. The arrived earlier than I anticipated which was a pleasant surprise. They look great with my mother of the groom dress. I can’t wait to wear them. I’m very pleased  and would highly recommend The Pearl Source. ,true,0,Sara Pederson,6a271548dd910cfa52871472,US,1,false,Thank you for your wonderful review. We're delighted you love your 8mm Freshwater Pink Pearl Strand Necklace and matching earrings. It's lovely to know they arrived earlier than expected and pair so beautifully with your mother-of-the-groom dress. We hope you enjoy wearing them on the special day.
www.thepearlsource.com,id:6a2710bcf3cfb5cbe5a4f287,native_id,6a2710bcf3cfb5cbe5a4f287,5,2026-06-08T20:58:04.000Z,2026-05-31T00:00:00.000Z,I bought this for my wife's birthday…,"I bought this for my wife's birthday June 2nd. It's one of her birth stones and I found this company on social media. I did my do diligence to make sure of the legitimacy, quality etc. Everything checked out so I bought a pearl with a rose overtime instead basic white. I'm glad I did. It's beautiful, and the color shows very nicely. The quality is excellent the pendant is sturdy and well constructed. The size is just right too. 8-8.5 mm AA+ quality. Would highly recommend this company and it's products. Will be buying the matching earrings. Delivery was efficient, updates to know where and when delivery is coming. ",true,0,jklem,57d047b10000ff000a42402c,US,4,false,"Thank you for sharing your experience. We’re delighted the rose overtone pearl was the perfect choice for your wife’s birthday and that you were pleased with its color, quality, and craftsmanship. We're also glad the delivery process was smooth and kept you informed every step of the way. Thank you for choosing The Pearl Source, and we look forward to welcoming you back in the future."
www.thepearlsource.com,id:6a27083a9d1a368c030f235a,native_id,6a27083a9d1a368c030f235a,5,2026-06-08T20:21:46.000Z,2026-05-31T00:00:00.000Z,"Stunning,exactly as pictured and the…","Stunning,exactly as pictured and the packaging is beautiful. They are for my Granddaughter's 16 th birthday. Can't wait to see her face.
",true,0,Mabel Debastiani,6a270839c1f5982c4723ad32,US,1,false,Thank you for your lovely review. We're delighted to hear everything arrived exactly as pictured and that you were pleased with the presentation. What a special gift for your granddaughter's 16th birthday. We hope she loves it and that it makes her birthday even more memorable.
www.thepearlsource.com,id:6a26f3899d448b68a536c2a3,native_id,6a26f3899d448b68a536c2a3,5,2026-06-08T18:53:30.000Z,2026-05-16T00:00:00.000Z,Hi luster 9 91/2 pearls are delightful!,Hi luster 9 91/2 pearls are delightful!,true,0,Alice,6a26f3896142ad0b5b3cef66,US,1,false,Nothing makes us happier than knowing you love your pearls. Their luster truly is something special. Thank you for your kind words.
www.thepearlsource.com,id:6a26977019d2bb07545c5a34,native_id,6a26977019d2bb07545c5a34,5,2026-06-08T12:20:32.000Z,2026-06-07T00:00:00.000Z,Glad I’ve found The Pearl Source,"I’m a picky buyer and they do have a really good return policy which allows buyers to shop with confidence especially when not being able to physically see the item before purchase. The PS figured this out which is part of their success over other retailers. Quality and price, unbeatable. Hanadama pearls - absolutely beautiful and worth the extra spend. Super fast Fedex delivery and love how the earring posts are nickel free for sensitive ears. ",true,1,TT2014,5e75789e062aad266eca682c,AU,5,false,"Finding the right pearls is important, especially when shopping online. We're glad our return policy gave you the confidence to shop comfortably and that your Hanadama pearls lived up to your expectations. It's also wonderful to know the nickel-free earring posts and fast delivery made a difference. Thank you for sharing such thoughtful feedback."
www.thepearlsource.com,id:6a25fb0090c2b8014979c996,native_id,6a25fb0090c2b8014979c996,5,2026-06-08T01:13:04.000Z,2026-06-07T00:00:00.000Z,Fast delivery,Fast delivery.  Product was better than I expected. ,true,0,Barbara Moscarillo,6a25faff6142adc76b3ba650,US,1,false,"Fast delivery and a product that exceeded expectations, exactly what we like to hear. Thank you for sharing your feedback."
www.thepearlsource.com,id:6a25cc57583514884ca757aa,native_id,6a25cc57583514884ca757aa,5,2026-06-07T21:53:59.000Z,2026-06-07T00:00:00.000Z,Full information on the product so I…,Full information on the product so I new what I was getting. Fast shipping only took a couple days. The quality was excellent and as soon as my wife put it on she fell in love with it. ,true,1,Donald Ennis,6a25cc568dd5c47c43998619,US,1,false,Knowing your wife fell in love with it the moment she put it on is wonderful. We're glad the detailed product information helped you feel confident in your choice and that the quality made such a great impression.
www.thepearlsource.com,id:6a25c484ece2b40ce399ddd1,native_id,6a25c484ece2b40ce399ddd1,5,2026-06-07T21:20:36.000Z,2026-05-31T00:00:00.000Z,Arrived right on time and the product…,Arrived right on time and the product is worth the price. ,true,1,Refugio Martinez,6a25c4838dd5c42784997dda,US,1,false,It's great to know your order arrived on time and proved to be worth the price. Thank you for your review.
www.thepearlsource.com,id:6a25b6af94f7fbf97c7cdb2f,native_id,6a25b6af94f7fbf97c7cdb2f,5,2026-06-07T20:21:35.000Z,2026-05-31T00:00:00.000Z,There isn’t enough stars to represent…,There isn’t enough stars to represent the ease of ordering and the customer service when there was a little glitch in the shipping. ,true,0,Blake Jones,6a25b6ae8dd5c4bdff996f75,US,1,false,Hearing that five stars aren't enough truly means a lot. We're glad the ordering process was easy and that our team could quickly help when a shipping issue came up. We appreciate your trust and support.
www.thepearlsource.com,id:6a25b6557c194e89b87a492c,native_id,6a25b6557c194e89b87a492c,5,2026-06-07T20:20:05.000Z,2026-05-30T00:00:00.000Z,Perfect birthday gift,"Perfect birthday gift, my girlfriend loved her set.",true,1,Aina Jordan,6305d4ba0b9c240013794b30,US,2,false,Knowing your girlfriend loved her set is wonderful to hear. Thank you for letting us be part of such a special birthday celebration.
www.thepearlsource.com,id:6a2584350e872890c4f9d7cd,native_id,6a2584350e872890c4f9d7cd,5,2026-06-07T16:46:13.000Z,2026-06-06T00:00:00.000Z,Clear communication and beautiful product as promised ,Delivered so quickly. Packaged beautifully. Pearls are stunning. Communication about delivery first rate. ,true,0,Carlos Abril,6a258435c1f59802b021d5b6,US,1,false,"Thank you for sharing your experience. We're happy to hear the delivery was quick, the communication was clear, and that the pearls arrived beautifully packaged. We truly appreciate your kind words."
www.thepearlsource.com,id:6a256d0a6ef1a9a32aae6b1e,native_id,6a256d0a6ef1a9a32aae6b1e,5,2026-06-07T15:07:22.000Z,2026-06-03T00:00:00.000Z,Lovely pearls and arrived very quickly.,Lovely pearls and arrived very quickly.,true,1,Mr Walker,578530960000ff000a313895,FR,21,false,We're glad the pearls arrived quickly and met your expectations. Thank you for your review.
www.thepearlsource.com,id:6a2486887e11966f832b97bf,native_id,6a2486887e11966f832b97bf,4,2026-06-06T22:43:52.000Z,2026-06-06T00:00:00.000Z,Poorly  Packed for Shipping,"I deducted one start because of the way the pearls were found upon arrival. I am very fussy about pearls and did not appreciate the right top clip being open so the entire trip my pearls were rubbing against each other. There needed to be a cushion layer above the pearls to hold them firmly in place to prevent rubbing against the box and each other. Otherwise, the purchase was fine.",true,0,Alisa V. Petrovich,66be9d17d64907a8e956247b,US,1,false,"Hello,
Thank you for taking the time to share such detailed feedback. We're sorry to hear the packaging did not meet your expectations upon arrival. Your comments regarding the clasp and the need for additional cushioning to better protect the pearls during transit will be shared with our team. We're glad the rest of your purchase experience was a positive one.

Best regards,
The Pearl Source"
www.thepearlsource.com,id:6a235f3e94094a483912ea38,native_id,6a235f3e94094a483912ea38,1,2026-06-06T01:43:58.000Z,2026-04-15T00:00:00.000Z,Terrible Company,"This company does not stand by their product. My fiance bought me a very expensive pearl ring and one year later the pearl fell off of the post. I sent it back and  they said that it was fixed and a couple months later it fell off for a second time. I pleaded for them to just replace the ring at this point; but they didn’t.   They guaranteed me for the SECOND time that it wouldn’t happen another time.  I was incredibly lucky that it fell off in front of me both times.  Well, a month ago, it happened again in the middle of a grassy field! This time the pearl was not to be found! They said they would repair  it for $278. Unfortunately, I no longer have the pearl anymore!!!! Not good enough for the third time! Extremely disappointing! I would NEVER recommend this company!!",false,0,jennifer Love,6a235f376142addbc239a57f,US,1,false,"We are truly sorry to hear about the repeated issues with your pearl ring and the frustration this has caused, especially losing the pearl. We understand how disappointing this experience has been. We are committed to improving our product quality and repair processes. We appreciate you bringing this to our attention."
www.thepearlsource.com,id:6a23381ced8b7c15bd3f9c95,native_id,6a23381ced8b7c15bd3f9c95,5,2026-06-05T22:57:00.000Z,2026-06-05T00:00:00.000Z,Arrive super fast quality is amazing,Arrive super fast quality is amazing,true,1,Daniel Dixon,6a23381bc1f5987bc220222d,US,1,false,Thank you for your kind feedback. We're pleased to hear that your order arrived quickly and that you are happy with its quality. We appreciate you taking the time to share your experience.
www.thepearlsource.com,id:6a2334edc40208bf8ca942c9,native_id,6a2334edc40208bf8ca942c9,5,2026-06-05T22:43:25.000Z,2026-05-28T00:00:00.000Z,The shipping was quick,The shipping was quick.  The packaging was very nice.  I got the black freshwater pearls.  I was contemplating between the choker and the princess length.  The princess length was definitely not too long.  The choker must be pretty short.,true,0,Dustin Coffel,5f356a31335acc9b9e9748db,US,2,false,It's wonderful to hear that your order arrived quickly and that you were pleased with the packaging. We're also happy that the princess length worked so well for you. Thank you for taking the time to share your thoughts.
www.thepearlsource.com,id:6a23084f924b771d943b275e,native_id,6a23084f924b771d943b275e,5,2026-06-05T19:33:04.000Z,2026-06-05T00:00:00.000Z,"""A vision of pure elegance","""A vision of pure elegance. The quality is simply superb—marvelous, gorgeous, and possessing a breathtaking luster that has already captured so many compliments. I am truly impressed by The Pearl Source, and I am already looking forward to my next purchase... perhaps a bracelet to match this timeless perfection.""",true,0,ANDRE  MUHAMMAD,551d3b8b0000ff0001b5b2bd,US,3,false,"Thank you for your kind words. Your comments about the quality, luster, and elegance truly mean a great deal to us. Knowing that your purchase has already received so many compliments makes your feedback even more special. We sincerely appreciate your support."
www.shein.com,id:6a6045cdd1d46c9e37f88b9b,native_id,6a6045cdd1d46c9e37f88b9b,1,2026-07-22T06:23:41.000Z,2026-07-22T00:00:00.000Z,Today SHEIN didn’t help us get into our…,"Today SHEIN didn’t help us get into our account, we made a purchase and our account got deleted. We wanted to update our email and instead they sent a link to delete our account. Not to mention we also just bought an order and now we cannot access our account and our order is lost. There has been no refund either. Do not trust Shein",false,0,Devoney Thompson,6a60451b7b418ca75d878cb2,NZ,1,false,"Hello!

We are truly sorry for the unpleasant experience.

In order to better resolve your concerns, we need you to provide specific information, such as your order number. We have sent you an email with the subject ""Request for information about your experience."" Please check your inbox (and spam folder), and reply to that email with the information we need.

Your feedback is our driving force for continuous improvement, and we truly value your opinion. We look forward to providing you with further assistance as soon as we receive your response. :)"
www.shein.com,id:6a6044b3caf0b29695243232,native_id,6a6044b3caf0b29695243232,1,2026-07-22T06:18:59.000Z,2026-06-14T00:00:00.000Z,This year SHEIN HAS BEEN HORRIBLE ,"Received my dress with broken buckle, immediately started the return process with pictures taken within 30mins of receipt and sent them back but they refused to refund or replace the dress.  They refunded 10% of 72 bucks. I would have been better off donating the dress. I'm done! Horrible customer service!",false,0,Prissy,6925307329e25956b3d9a5d4,US,2,false,
www.shein.com,id:6a601efeed5096a0f8d6a7e5,native_id,6a601efeed5096a0f8d6a7e5,1,2026-07-22T03:38:06.000Z,2026-07-21T00:00:00.000Z,Terrible service,SHEIN has deleted my account after I had made a purchase of $127.60 yesterday. They are refusing to accept my proof screenshots and will not send my order I bought. After being a loyal customer for over a decade they have disappointed me today. 1 star review!!!,false,2,Nike Lee Paul,6a601ef57b418c7271877b07,NZ,2,false,"Hello!

We are truly sorry for the unpleasant experience.

In order to better resolve your concerns, we need you to provide specific information, such as your order number. We have sent you an email with the subject ""Request for information about your experience."" Please check your inbox (and spam folder), and reply to that email with the information we need.

Your feedback is our driving force for continuous improvement, and we truly value your opinion. We look forward to providing you with further assistance as soon as we receive your response. :)"
www.shein.com,id:6a600bd6dba9b694a5322611,native_id,6a600bd6dba9b694a5322611,1,2026-07-22T02:16:22.000Z,2026-07-22T00:00:00.000Z,Disappointed and feeling scammed,"I have been a loyal SHEIN customer for over 10 years. I placed an order worth $127.60 and my account was accessed through my phone number. I no longer have access to the old email attached to the account, which I explained to customer service. I have provided proof of payment from my banking app, but I have been unable to access my order details or get a resolution. I’m extremely disappointed that a long-term customer has not been given a reasonable way to verify ownership and receive support",false,1,Nike Lee Paul,67b7eedc3f023fc0b0fc2c32,NZ,3,false,"Hello!

We are truly sorry for the unpleasant experience.

In order to better resolve your concerns, we need you to provide specific information, such as your order number. We have sent you an email with the subject ""Request for information about your experience."" Please check your inbox (and spam folder), and reply to that email with the information we need.

Your feedback is our driving force for continuous improvement, and we truly value your opinion. We look forward to providing you with further assistance as soon as we receive your response. :)"
www.shein.com,id:6a5ffa1b6ba5595b621be562,native_id,6a5ffa1b6ba5595b621be562,1,2026-07-22T01:00:43.000Z,2026-07-14T00:00:00.000Z,SHEIN is fraudulent STAY AWAY!,"This is regarding order number:
[USU18C04R000000N7HH] which I spent the total of $176.69 I'm here to publicly complain and warn people about Shein! As you can see this company is a fraudulent company! My order was marked as delivered to a different city and to a different address. I immediatly contacted usps who conducted an investigation and provided me with a letter to give to shein as proof of the misdelivery that occurred! Literally after I provided the letter shein still deliberately denied my refund for my order. I will have to contact my bank and provide them with screenshots and proof because this is so disgusting to blatantly steal from people like this even with physical letter from the post office. They don't care about you and only want your money! I even showed my mailbox as proof and they deliberately denied it!


",false,0,Cici Nope,6a4b4de65334ac567b11071a,US,2,false,"Hello！
According to the information you provided, we noticed our team has sent a solution regarding your order. Please check your email for updates. If no email was received, it may have been filtered to the spam folder. We hope to hear from you. :)"
www.shein.com,id:6a5fcc8bf827adf148edcdd4,native_id,6a5fcc8bf827adf148edcdd4,1,2026-07-21T21:46:19.000Z,2026-07-21T00:00:00.000Z,First time trying to buy £98 of fashion…,First time trying to buy £98 of fashion my bank steps in and asked are you sure this company not a scam so l stopd payment going through trying to get customer services impossible need to chat to a human being ,false,1,Elizabeth Walters,6a5fcbb7b06fbfb0e4ef65a6,GB,1,false,"Hello!

We are truly sorry for the unpleasant experience.

In order to better resolve your concerns, we need you to provide specific information, such as your order number. We have sent you an email with the subject ""Request for information about your experience."" Please check your inbox (and spam folder), and reply to that email with the information we need.

Your feedback is our driving force for continuous improvement, and we truly value your opinion. We look forward to providing you with further assistance as soon as we receive your response. :)"
www.shein.com,id:6a5f986eca42073f434f9599,native_id,6a5f986eca42073f434f9599,2,2026-07-21T18:03:58.000Z,2026-07-21T00:00:00.000Z,SHEIN offers a huge variety of trendy…,"SHEIN offers a huge variety of trendy clothing at affordable prices, and it's easy to find something that fits your style. However, the quality is inconsistent-some items are great, while others don't match the photos or size guide.",false,0,Albert,6a5f984eb06fbf7198ef11b8,DK,1,false,
www.shein.com,id:6a5f84a4afd78e62ee052c3f,native_id,6a5f84a4afd78e62ee052c3f,3,2026-07-21T16:39:32.000Z,2026-07-02T00:00:00.000Z,Stress Free Returns ,"I would give SHIEN a 3 1/2 if I could. Their clothing is a hit or miss when it comes to quality and size. However, I do appreciate the fact they have a stress free return policy. Even though the return process can be cumbersome, ,I had an issue returning an item using their return label. I contacted customer service via their live chat and provided them with proof . They then were able to provide me with a full refund and did not require me to return the item.  I did not like the fit or quality they made things right with me. I’ll shop SHIEN before I do fashion Nova which has a horrible return policy and inconsistent sizing .Thanks SHIEN for at least trying to do right. ",false,0,Liddy Boo,5f0604213a4857b589f4751c,US,3,false,"Hello!

Thank you for giving us the opportunity to assist you.

I hope my service has contributed to improving your shopping experience at SHEIN.

If you are satisfied with our service, could you please take a moment to rate us and share your experience on Trustpilot?
https://businessapp.b2b.trustpilot.com/reviews/6a5f84a4afd78e62ee052c3f 

Your feedback means a lot to us! We greatly value the opinion of each user and count on your participation!

Thank you! ❤️🌹"
www.shein.com,id:6a5f7111d77c846e60ae9a15,native_id,6a5f7111d77c846e60ae9a15,1,2026-07-21T15:16:01.000Z,2026-07-21T00:00:00.000Z,Don’t order with them,Don’t order with them! They use Speedx which is a highly UNRELIABLE delivery service in which SHEIN will not be able to communicate to if they STEAL YOUR PACKAGES! No one is held accountable!,false,0,Latanya Childress,69837dcde90c6e5db42d37ae,US,3,false,"Hello!

We are truly sorry for the unpleasant experience.

In order to better resolve your concerns, we need you to provide specific information, such as your order number. We have sent you an email with the subject ""Request for information about your experience."" Please check your inbox (and spam folder), and reply to that email with the information we need.

Your feedback is our driving force for continuous improvement, and we truly value your opinion. We look forward to providing you with further assistance as soon as we receive your response. :)"
www.shein.com,id:6a5f6b7c1483acc061a28183,native_id,6a5f6b7c1483acc061a28183,1,2026-07-21T14:52:12.000Z,2026-07-20T00:00:00.000Z,I ordered at shein and the parcel…,I ordered at shein and the parcel marked delivered but I didn't receive it and I contacted shein for help they said they can't help. They are also asked for evidence which I did provide but still deny my refund.,false,0,mchunu Mkhuleko,6a1a282bc1f598d93115ddcb,ZA,3,false,"Hello!

We are truly sorry for the unpleasant experience.

In order to better resolve your concerns, we need you to provide specific information, such as your order number. We have sent you an email with the subject ""Request for information about your experience."" Please check your inbox (and spam folder), and reply to that email with the information we need.

Your feedback is our driving force for continuous improvement, and we truly value your opinion. We look forward to providing you with further assistance as soon as we receive your response. :)"
www.shein.com,id:6a5f5e3e18672d26779ac50a,native_id,6a5f5e3e18672d26779ac50a,3,2026-07-21T13:55:42.000Z,2026-07-02T00:00:00.000Z,I'll take my business elsewhere.,"I like shein's prices and clothing, but unfortunately I will not be ordering from them again. Shein's delivery service sucks, you might get your stuff and you might not. There delivery service delivered my stuff to the wrong address and when I sent them proof with pictures of the wrong address they claimed insufficient proof and refused to refund my money. I can't buy from a company where there delivery service is unaccountable, I don't have money to give away.",false,2,Annie,5743b9a20000ff000a22c9c4,US,3,false,"Hello！

According to the information you provided, we noticed our team has sent a solution regarding your order. Please check your email for updates. If no email was received, it may have been filtered to the spam folder. We hope to hear from you. :)"
www.shein.com,id:6a5f536e4d634111fbf72aac,native_id,6a5f536e4d634111fbf72aac,1,2026-07-21T13:09:34.000Z,2026-07-21T00:00:00.000Z,SHEIN DONT CARE,Brpught from Shein and never had a problem... HOWEVER received my order with 5 items missing. I believe my package had been tampered with as there was sellotape wrapped around the top of the packaging. I informed SHEIN of this and the 5 items that were missing. They had no interest at all and didnt want to know.  Not even an offer of replacing maybe half the missing items ... So disappointed that I will no longer shop from there. ,false,0,Jennifer Campbell,5667de910000ff0001f1a84e,GB,59,false,"Hello!

We sincerely apologize for any inconvenience caused—your experience is incredibly important to us 💝

According to the information you provided, we've identified your inquiry submitted via the SHEIN app and our dedicated support agent is expediting the resolution.We guarantee a clear response within 24 hours, and you can monitor real-time updates anytime in ""Service Records"".

🔹 Steps to Access:
Open SHEIN APP → Tap ""Me"" at bottom → ""Customer Service"" → ""Service Records""

Your feedback lights our path forward—we look forward to assisting you further."
www.shein.com,id:6a5f2bcca3c5402a24c9b204,native_id,6a5f2bcca3c5402a24c9b204,1,2026-07-21T10:20:28.000Z,2026-07-16T00:00:00.000Z,Another scam site exactly like Temu,Another scam site exactly like Temu. I was told I would receive my three free gifts once the order I paid for after it's shipped. And there absolutely no way to gain those gifts I ordered. Another bait and switch site that caused me to do a one star review on Temu and never used them again. I spent a lot of money on Temu and like this site it's getting paid and giving you nothing. Shop at your own risk ,false,0,Bryan Collins,639d15aa9ba6370012fae08b,US,7,false,"Hello!

We are truly sorry for the unpleasant experience.

In order to better resolve your concerns, we need you to provide specific information, such as your order number. We have sent you an email with the subject ""Request for information about your experience."" Please check your inbox (and spam folder), and reply to that email with the information we need.

Your feedback is our driving force for continuous improvement, and we truly value your opinion. We look forward to providing you with further assistance as soon as we receive your response. :)"
www.shein.com,id:6a5f254320c989032cb6104b,native_id,6a5f254320c989032cb6104b,1,2026-07-21T09:52:35.000Z,2026-07-21T00:00:00.000Z,I returned the item(s) according to…,"Business Commitment: Delivery of ordered items, including the right to return items and receive a full refund in accordance with the merchant’s official return policy.

Nature of Dispute and Description of the Issue:

On 24/05/2026, I submitted an official return request within the timeframe permitted by SHEIN's policy. The merchant issued a return request and a pickup label via their designated courier company, HFD 

The package was prepared for pickup on time; however, the courier service acting on behalf of the merchant failed to arrive and never collected the package. As a result, the items remain in my possession.

Attempts to Resolve with the Merchant:

I repeatedly contacted SHEIN's customer support to request a rescheduled pickup or an alternative return label. The merchant refused to provide a solution, disclaimed responsibility for the courier’s failure, and insisted that a refund can only be issued once the items arrive at their warehouse—a condition made impossible solely due to their own courier’s failure. Subsequently, customer support ceased responding, stalled without offering any resolution, and ultimately blocked me from accessing their support channels entirely.

Summary:

I have exhausted all attempts to resolve this directly with the merchant. This constitutes a clear non-delivery/failure of service (loss of return rights guaranteed by contract). I request a chargeback / full refund for this transaction.",false,0,שובל דגמי,6a5f25397b418c378c85f2ef,IL,1,false,"Hello!

We sincerely apologize for any inconvenience caused—your experience is incredibly important to us 💝

According to the information you provided, we've identified your inquiry submitted via the SHEIN app and our dedicated support agent is expediting the resolution.We guarantee a clear response within 24 hours, and you can monitor real-time updates anytime in ""Service Records"".

🔹 Steps to Access:
Open SHEIN APP → Tap ""Me"" at bottom → ""Customer Service"" → ""Service Records"" 

Your feedback lights our path forward—we look forward to assisting you further."
www.shein.com,id:6a5ec7253cf3621b3359d49b,native_id,6a5ec7253cf3621b3359d49b,1,2026-07-21T03:11:01.000Z,2026-07-12T00:00:00.000Z,Very disappointed with my experience,Very disappointed with my experience. This is the third time my SHEIN package has gone missing after placing an order. It is frustrating to keep waiting for items I paid for and then have to deal with missing deliveries. ,false,0,Taboka,68d4da05412e4c9b94528857,US,1,false,"Hello！
According to the information you provided, we noticed our team has sent a solution regarding your order. Please check your email for updates. If no email was received, it may have been filtered to the spam folder. We hope to hear from you. :)"
www.shein.com,id:6a5e94e362b58b1fbb808dec,native_id,6a5e94e362b58b1fbb808dec,1,2026-07-20T23:36:35.000Z,2026-07-20T00:00:00.000Z,They claimed they're gonna give you…,They claimed they're gonna give you five dollars credit if the package doesn't arrive in time but what they do is change the original delivery time and give themselves more time. This has happened to me at least four times.,false,0,Desiree Nickle,64d8348bbb4e710012cd9b02,US,4,false,"Hello!

We are truly sorry for the unpleasant experience.

In order to better resolve your concerns, we need you to provide specific information, such as your order number. We have sent you an email with the subject ""Request for information about your experience."" Please check your inbox (and spam folder), and reply to that email with the information we need.

Your feedback is our driving force for continuous improvement, and we truly value your opinion. We look forward to providing you with further assistance as soon as we receive your response. :)"
www.shein.com,id:6a5e6de9a6752704fe73c4d7,native_id,6a5e6de9a6752704fe73c4d7,1,2026-07-20T20:50:17.000Z,2026-07-20T00:00:00.000Z,Scammers,"Scammers! 
Item never received. 
SHEIN and FedEx agreed that SHEIN made my label incorrect. SHEIN promised a refund but refuse to process it. It has an “error” or is “declined” last minute. Repeated contact of customer service gives me run around and more apologies and promises of refund that never comes. I have tried 4 times to submit a claim and they deny it last minute after admitting fault. This is a scam site. ",false,0,CJ Townsend,63bdd3b64a176f00128c7d5a,US,4,false,"Hello!

We are truly sorry for the unpleasant experience.

In order to better resolve your concerns, we need you to provide specific information, such as your order number. We have sent you an email with the subject ""Request for information about your experience."" Please check your inbox (and spam folder), and reply to that email with the information we need.

Your feedback is our driving force for continuous improvement, and we truly value your opinion. We look forward to providing you with further assistance as soon as we receive your response. :)"
www.shein.com,id:6a5e6245ef25056be81ab953,native_id,6a5e6245ef25056be81ab953,1,2026-07-20T20:00:37.000Z,2026-07-20T00:00:00.000Z,The customer service is appalling,"The customer service is appalling. Impossible to communicate with a human. Plus, they use a terrible delivery company. I have still not received my order.

Re their reply to this review: they sent their email to me from a no-reply account so my reply automatically bounced back. Typically hopeless service. ",false,0,Tim Pain,5f6e1f7d4a9120063a949233,GB,8,false,"Hello!

We are truly sorry for the unpleasant experience.

In order to better resolve your concerns, we need you to provide specific information, such as your order number. We have sent you an email with the subject ""Request for information about your experience."" Please check your inbox (and spam folder), and reply to that email with the information we need.

Your feedback is our driving force for continuous improvement, and we truly value your opinion. We look forward to providing you with further assistance as soon as we receive your response. :)"
www.shein.com,id:6a5e4905b58292e0d6506d70,native_id,6a5e4905b58292e0d6506d70,2,2026-07-20T18:12:53.000Z,2026-07-19T00:00:00.000Z,Disappointed with the delivery,"The clothes took way longer to arrive than I expected. Quality wasn't great either, sadly.",false,0,Marita Derksen,6a3c00fd000ce3741f8e81c7,US,2,false,"Hello!

We are truly sorry for the unpleasant experience.

In order to better resolve your concerns, we need you to provide specific information, such as your order number. We have sent you an email with the subject ""Request for information about your experience."" Please check your inbox (and spam folder), and reply to that email with the information we need.

Your feedback is our driving force for continuous improvement, and we truly value your opinion. We look forward to providing you with further assistance as soon as we receive your response. :)"
www.shein.com,id:6a5e1838861915a8fb540f68,native_id,6a5e1838861915a8fb540f68,1,2026-07-20T14:44:41.000Z,2026-07-19T00:00:00.000Z,Pure junk. Just polluting the planet. ,"I thought as every time I order from Temu they sell my credit card details to criminal's plus nothing has ever worked. 
I ordered 2 neck fans & they both broke within seconds. Literally once I pressed the button the button fell off & the cheap junk just fell apart. I will never use this site ever again. 🤬🤮",false,0,Jeremy Howard,5d233c6631033989f15c58ed,GB,11,false,
www.shein.com,id:6a5dff5005787bcb0a46270e,native_id,6a5dff5005787bcb0a46270e,1,2026-07-20T12:58:24.000Z,2026-06-10T00:00:00.000Z,Bad customer services,Once again I have tried to get an answer regarding my withdrawal that shien have NOT returned.  I have contacted my bank & they definitely have not received the refund.  Shein are not helping sort this matter out. Customer services are an absolute joke giving me the same reply everytime.  Be careful when shopping at shein! I have purchased some lovely items but when you have a problem you can't get help!!,false,0,Sally Gill,6012d1ad819660001b3f5941,GB,3,false,"Hello!

We are truly sorry for the unpleasant experience.

In order to better resolve your concerns, we need you to provide specific information, such as your order number. We have sent you an email with the subject ""Request for information about your experience."" Please check your inbox (and spam folder), and reply to that email with the information we need.

Your feedback is our driving force for continuous improvement, and we truly value your opinion. We look forward to providing you with further assistance as soon as we receive your response. :)"
www.shein.com,id:6a5dfe9f372ff74d7ceffcf7,native_id,6a5dfe9f372ff74d7ceffcf7,1,2026-07-20T12:55:27.000Z,2026-07-13T00:00:00.000Z,This site lies and is annoying with…,This site lies and is annoying with their false advertising for winnings. They claim if you spend an x amount of money you win free items but they never honor it. This is false advertisement and is illegal ,false,0,Amy Sanders,6a5dfe96b06fbfe60eecb962,US,1,false,"Hello！

According to the information you provided, we noticed our team has sent a solution regarding your order. Please check your email for updates. If no email was received, it may have been filtered to the spam folder. We hope to hear from you. :)"
www.shein.com,id:6a5dcef325d3722678e9095b,native_id,6a5dcef325d3722678e9095b,1,2026-07-20T09:32:03.000Z,2026-06-20T00:00:00.000Z,Very bad service 8 July se every 24 hrs…,"Very bad service 8 July se every 24 hrs ke baad refund hojaiga bolte hai shein ke workers lekin unka 24 hrs hota hi nhi .
Itni ghatiya service hai sab chor hai shein me. 
Jhoothe log .
Shein ke chor bande .
Parcel bhi delivery boy leke gaya aur shein ko yeh bhi nhi pta delivery boy kon hai parcel kaha diya .
Chor company faltu company ",false,0,Rehana Ashraf,6a5b87e3b06fbf71a4eaa29b,IN,2,false,"Hello!

We are truly sorry for the unpleasant experience.

In order to better resolve your concerns, we need you to provide specific information, such as your order number. We have sent you an email with the subject ""Request for information about your experience."" Please check your inbox (and spam folder), and reply to that email with the information we need.

Your feedback is our driving force for continuous improvement, and we truly value your opinion. We look forward to providing you with further assistance as soon as we receive your response. :)"
www.shein.com,id:6a5db50b87aa3dcc47d6dc7a,native_id,6a5db50b87aa3dcc47d6dc7a,1,2026-07-20T07:41:31.000Z,2026-07-20T00:00:00.000Z,I do not recommend purchasing from Shein,"I do not recommend purchasing from this site ""Shein"" based on my experience. When I tried to return a product, I had to raise the return request multiple times, but no one came to pick it up. Customer support was also unhelpful—they kept citing ""logistics issues"" without providing a resolution.

This has been one of the most disappointing online shopping experiences I've had. The repeated delays, lack of support, and unresolved return process have been extremely frustrating. Based on my experience, I'd rather shop from physical stores where returns and customer service are more reliable.",false,1,Swe Sahu,6a5db503c2526c7289915245,IN,1,false,"Hello!

We are truly sorry for the unpleasant experience.

In order to better resolve your concerns, we need you to provide specific information, such as your order number. We have sent you an email with the subject ""Request for information about your experience."" Please check your inbox (and spam folder), and reply to that email with the information we need.

Your feedback is our driving force for continuous improvement, and we truly value your opinion. We look forward to providing you with further assistance as soon as we receive your response. :)"
www.shein.com,id:6a5d6a66bff50c2d926ec813,native_id,6a5d6a66bff50c2d926ec813,1,2026-07-20T02:23:02.000Z,2026-07-08T00:00:00.000Z,If I could give zero stars I would,If I could give zero stars I would. Customer service is a joke. My order was delivered on a pathway not at an area at covered porch but in full view of passerby on a main road. Of course it was stolen.i have a box at the front door with a delivery sign. I contacted them and the photo from courier shows where he threw it.i have not had one email or any messages from customer service . Never will I use SHEIN again. Disgusted.,false,0,Liz VanDyken,60b8f67badeb930019d2fdeb,AU,4,false,"Hello!

We are truly sorry for the unpleasant experience.

In order to better resolve your concerns, we need you to provide specific information, such as your order number. We have sent you an email with the subject ""Request for information about your experience."" Please check your inbox (and spam folder), and reply to that email with the information we need.

Your feedback is our driving force for continuous improvement, and we truly value your opinion. We look forward to providing you with further assistance as soon as we receive your response. :)"
www.shein.com,id:6a5d55aa828868f57d04d3a2,native_id,6a5d55aa828868f57d04d3a2,3,2026-07-20T00:54:34.000Z,2026-07-17T00:00:00.000Z,Mixed Feelings.,"I have mixed feelings about Shein. While most of the time the bought products are good, clothing is very hard to buy on there. Sometimes buying size M feels like buying L. I also dislike the way it shows when your package arrives. It gives a very big timeslot. Around 2 weeks most of the time. It also poorly shows where your items are when it is being shipped.

What is good about Shein however, is the store itself. It is easy to understand most things and it has a wide variety of products to choose from. The products are shown well in the pictures most of the time. ",false,0,Artemis R.,697e179be90c6e94e226bf5e,NL,4,false,"Hello!

We are truly sorry for the unpleasant experience.

In order to better resolve your concerns, we need you to provide specific information, such as your order number. We have sent you an email with the subject ""Request for information about your experience."" Please check your inbox (and spam folder), and reply to that email with the information we need.

Your feedback is our driving force for continuous improvement, and we truly value your opinion. We look forward to providing you with further assistance as soon as we receive your response. :)"
www.shein.com,id:6a5d1869846f790c24081132,native_id,6a5d1869846f790c24081132,1,2026-07-19T20:33:13.000Z,2026-07-19T00:00:00.000Z,Useless customer service ,Why oh why can’t SHEIN sort my problem out for me.  Customer service is absolutely useless. They have closed my account now for two months and can’t explain why . Ihave done nothing wrong and only wish to purchase items from them as I have in the past. I have tried and tried to get a resolution from customer service but to no avail.,false,0,Eileen Murray,6a5938fdc2526ce5838d3dd1,GB,2,false,"Hello!

We are truly sorry for the unpleasant experience.

In order to better resolve your concerns, we need you to provide specific information, such as your order number. We have sent you an email with the subject ""Request for information about your experience."" Please check your inbox (and spam folder), and reply to that email with the information we need.

Your feedback is our driving force for continuous improvement, and we truly value your opinion. We look forward to providing you with further assistance as soon as we receive your response. :)"
www.shein.com,id:6a5cab8d85e642126e019333,native_id,6a5cab8d85e642126e019333,2,2026-07-19T12:48:45.000Z,2026-06-26T00:00:00.000Z,Shein isn't what it used to be,"Shein isn't what it used to be, frustrating experience. 

​I’ve been a loyal customer for a long time, but Shein is honestly not what it used to be. Lately, the service has gone downhill completely.
​Inaccurate Stock: I keep finding that products are listed incorrectly regarding their actual availability.
​Shipping & Lost Packages: Delivery times are now painfully long, and to make matters worse, packages frequently get lost in transit.
​Terrible Customer Support: Trying to get help is a nightmare. There is virtually no real customer support anymore.
​No Refunds: If your package goes missing, it is now incredibly difficult to actually get a refund. They make you jump through endless hoops.
​While I still find many items that interest me, the constant headaches mean I will think twice before ordering from them again. Proceed with caution.",false,0,kat_kat,5fafb74fb97938001a1684e5,GR,4,false,"Hello!

We sincerely apologize for any inconvenience caused—your experience is incredibly important to us 💝

According to the information you provided, we've identified your inquiry submitted via the SHEIN app and our dedicated support agent is expediting the resolution.We guarantee a clear response within 24 hours, and you can monitor real-time updates anytime in ""Service Records"".

🔹 Steps to Access:
Open SHEIN APP → Tap ""Me"" at bottom → ""Customer Service"" → ""Service Records""

Your feedback lights our path forward—we look forward to assisting you further."
www.shein.com,id:6a5c542a7653275b3e2ec634,native_id,6a5c542a7653275b3e2ec634,1,2026-07-19T06:35:54.000Z,2026-06-25T00:00:00.000Z,Very poor experience with SHEIN’s…,"Very poor experience with SHEIN’s refund process.

I placed an order in December 2025, but the package never arrived. After reporting the issue, I had to go through a refund process that took almost a month, with several emails, incomplete responses, and repeated requests for information.

From the beginning, I asked for the refund to be issued as SHEIN Wallet credit, because I had already experienced problems with bank refunds before. Later, their support team asked me for an alternative account to process the refund, so I provided my PayPal account.

However, only a small portion of the refund, around USD 15, was sent to PayPal. The rest was sent in several split amounts to my bank account, which was exactly the method I had asked them to avoid.

The biggest issue is that I originally paid for the order in one single transaction, not in separate payments. Therefore, if SHEIN decided to refund the original card, they should have refunded the exact amount corresponding to the original card transaction, not several fragmented amounts. Because of this, my bank is not properly recognizing or releasing part of the refund, since the amounts do not match the original purchase transaction.

This makes the situation even more frustrating. Why ask me where I wanted the refund to be sent if, in the end, they were going to process it however they wanted, without following the refund method I provided?

As a result, after almost a month of emails, claims, and additional paperwork with my bank, I still cannot access a significant part of my money.

This has been a very frustrating and poorly managed refund process. SHEIN should have respected the refund method I requested, or at least processed the refund correctly according to the original transaction.

Unfortunately, based on this experience, I cannot recommend SHEIN’s customer service or refund process.

The report number is: 57232576.",false,0,Carlos Matute,6a16d2f46142adf1f62b1398,VE,4,false,"Hello!
We are truly sorry for the unpleasant experience.
In order to better resolve your concerns, we need you to provide specific information, such as your order number. We have sent you an email with the subject ""Request for information about your experience."" Please check your inbox (and spam folder), and reply to that email with the information we need.
Your feedback is our driving force for continuous improvement, and we truly value your opinion. We look forward to providing you with further assistance as soon as we receive your response. :)"
www.shein.com,id:6a5bf3ead6591756106bc0a1,native_id,6a5bf3ead6591756106bc0a1,1,2026-07-18T23:45:14.000Z,2026-07-04T00:00:00.000Z,EXTREMELY DISAPPOINTED: Month long delays and poor customer service,"I placed an order on July 4, 2026, which had an original delivery window of July 12–19. The order will not arrive by my birthday on July 25, 2026, and is now not expected until as late as August 1—nearly a month after the original date.
I spent over $100 on this order. When I reached out to customer support regarding the significant, unmanaged shipping delays and the missed delivery guarantees, they refused to escalate the issue to a supervisor and only offered me a standard 15% off coupon (requiring a $29+ spend), which is an insulting resolution for such a service failure.
It is unacceptable to treat customers this way when a time-sensitive order is delayed for this long. I will not be shopping with this company again.",false,0,Alyssa Hansen,6a5bf3cfff3db222beb8b2d0,US,1,false,"Hello!

We are truly sorry for the unpleasant experience.

In order to better resolve your concerns, we need you to provide specific information, such as your order number. We have sent you an email with the subject ""Request for information about your experience."" Please check your inbox (and spam folder), and reply to that email with the information we need.

Your feedback is our driving force for continuous improvement, and we truly value your opinion. We look forward to providing you with further assistance as soon as we receive your response. :)"
www.shein.com,id:6a5bf05ec5b78d69f38175db,native_id,6a5bf05ec5b78d69f38175db,1,2026-07-18T23:30:06.000Z,2026-07-16T00:00:00.000Z,I had a poor experience with them after…,"I had a poor experience with them after sending photos and measurements of socks that were misleading in description. The socks advertised said size 39 to 42, which is my size but it could not even go on my foot. They also falsely described them as mid calf but they were instead ankle socks. I will no longer be purchasing from them in future as they refused to take them back and refund me, despite the fact that I was mislead about sizing of the socks.",false,0,Stephanie S,6a5bf041c2526c38a6901bd0,ZA,1,false,"Hello！

According to the information you provided, we noticed our team has sent a solution regarding your order. Please check your email for updates. If no email was received, it may have been filtered to the spam folder. We hope to hear from you. :)"
www.shein.com,id:6a5beffa42a77a9273150c12,native_id,6a5beffa42a77a9273150c12,3,2026-07-18T23:28:26.000Z,2026-07-18T00:00:00.000Z,Grand for basics.,Grand for basics. ,false,0,Hollie,60043c23001c43001961f667,IE,13,false,"Hello,

We are very happy to receive your evaluation, if you are satisfied with us, please feel free to adjust the star rating you think is suitable for our service, thank you! 💖️"
www.shein.com,id:6a5bdea27c34abb97d16c700,native_id,6a5bdea27c34abb97d16c700,1,2026-07-18T22:14:26.000Z,2026-07-18T00:00:00.000Z,Locked account for over 2 months,"I wrote a review the other day and shein replied that it had been resolved. However, that is not the case .  I want to update my experience but sent the reply too soon,  I was wondering whether SHEIN could contact me again so I can explain more.",false,0,Eileen Murray,6a5bde9eff3db23d54b8a073,GB,1,false,"Hello！

According to the information you provided, we noticed our team has sent a solution regarding your order. Please check your email for updates. If no email was received, it may have been filtered to the spam folder. We hope to hear from you. :)"
www.shein.com,id:6a5b9cb4141a4917a3e06ba4,native_id,6a5b9cb4141a4917a3e06ba4,1,2026-07-18T17:33:08.000Z,2026-07-17T00:00:00.000Z,I bought 14 articles and only 4 came,"I bought 14 articles (clothes) and only 4 came. 10 are missing. I contacted support but they keep telling me everything is in order, it's not. I only have 1 tracking code. It's my first time using Shein so I'm not sure if the package has been delivered like this or if it has been tampered with.",false,1,Julia Capanegra,6a5b9bfbc2526c94798fc6a5,AR,2,true,"Hello!

We sincerely apologize for any inconvenience caused—your experience is incredibly important to us 💝

According to the information you provided, we've identified your inquiry submitted via the SHEIN app and our dedicated support agent is expediting the resolution.We guarantee a clear response within 24 hours, and you can monitor real-time updates anytime in ""Service Records"".

🔹 Steps to Access:
Open SHEIN APP → Tap ""Me"" at bottom → ""Customer Service"" → ""Service Records"" 

Your feedback lights our path forward—we look forward to assisting you further."
www.shein.com,id:6a5b94f2c2b8497973543950,native_id,6a5b94f2c2b8497973543950,1,2026-07-18T17:00:03.000Z,2026-07-17T00:00:00.000Z,They only care about our wallets not…,"They only care about our wallets not about us. I wish I could give 0 stars. I have reached out so many times through email, what’s app and chat options.I am having such extreme issues getting my package delivered. I have reached out to SHEIN to no avail as well as reached out to their partnering courier SpeedX and cannot get a real response from a real person. A failed delivery and delivery address update has caused so much anxiety and mental health distress. I’ve been trying to get my issues resolved since May. I will never do business with SHEIN or SpeedX again because they only value their consumers wallets not their quality and loyalty. I will be advocating for my friends, loved ones and social following to not do business with them. It should not be this hard to get my merchandise delivered to me or a refund issued. I would like media coverage about my experiences and have reached out to several entities and garnered response. This is not a singularly issue a lot of people are experiencing issues and we are stronger together.
",false,2,Rem Cee,6a2754c74a5f81876188f3c7,US,8,false,"Hello!

We are truly sorry for the unpleasant experience.

In order to better resolve your concerns, we need you to provide specific information, such as your order number. We have sent you an email with the subject ""Request for information about your experience."" Please check your inbox (and spam folder), and reply to that email with the information we need.

Your feedback is our driving force for continuous improvement, and we truly value your opinion. We look forward to providing you with further assistance as soon as we receive your response. :)"
www.shein.com,id:6a5b91da3e2a32658e6e3bc3,native_id,6a5b91da3e2a32658e6e3bc3,1,2026-07-18T16:46:50.000Z,2026-07-17T00:00:00.000Z,I placed my 1st order from Shein…,I placed my 1st order from Shein recently & received it yesterday. Excitedly when I opened it 4 items( necklaces) were smaller than what was pictured on the models neck. Of course there were no measurements listed either. They barely fit our 8 year old. I was extremely disappointed.Also 1 item was missing from the order so I checked to see if it was coming separately though the website said everything was delivered. It was to be a small gift for a co-worker. Again very disappointed.There was no packing slip to compare what I bought so I’m out of luck. Learned my lesson. Won’t be ordering from Shein again & will tell friends & business associates not to also. Granted my not ordering from them along with 10-12 others isn’t going to make a dent in their business though I also don’t like being scammed. I paid through PayPal and will reach out to them about the missing item. The necklaces are my fault for trusting an AI photo and buying something without a size listed.I’ll continue to stick to purchasing through Temu.   I’ve never had a problem with them. ,false,0,Russell,6877bbbb192bd38a29c473d4,US,3,false,"Hello!

We sincerely apologize for any inconvenience caused—your experience is incredibly important to us 💝

According to the information you provided, we've identified your inquiry submitted via the SHEIN app and our dedicated support agent is expediting the resolution.We guarantee a clear response within 24 hours, and you can monitor real-time updates anytime in ""Service Records"".

🔹 Steps to Access:
Open SHEIN APP → Tap ""Me"" at bottom → ""Customer Service"" → ""Service Records"" 

Your feedback lights our path forward—we look forward to assisting you further."
www.shein.com,id:6a5b7fb46719bb274ce36754,native_id,6a5b7fb46719bb274ce36754,1,2026-07-18T15:29:24.000Z,2026-07-18T00:00:00.000Z,I recently placed an order for 35…,I recently placed an order for 35 items. I received 33 - missing 2 coats and a pair of jeans. I contacted the online call centre and was told to recheck. I I contacted them and confirmed they aren’t in the box all they can say is they were shipped. They are unable to provide proof or and escalation process. The only people you can deal with is the call centre who can’t actually do anything.,false,1,Chantel Harrison,6a5b7fadb06fbf3fd6ea98e4,ZA,1,false,"Hello!

We are truly sorry for the unpleasant experience.

In order to better resolve your concerns, we need you to provide specific information, such as your order number. We have sent you an email with the subject ""Request for information about your experience."" Please check your inbox (and spam folder), and reply to that email with the information we need.

Your feedback is our driving force for continuous improvement, and we truly value your opinion. We look forward to providing you with further assistance as soon as we receive your response. :)"
www.shein.com,id:6a5b58ceeaa7e439f8b7c545,native_id,6a5b58ceeaa7e439f8b7c545,1,2026-07-18T12:43:26.000Z,2026-07-18T00:00:00.000Z,"Lost parcel, endless excuses and terrible customer service","After wasting countless hours contacting both SHEIN and BoxNow, BoxNow finally confirmed that the parcel had already been returned to SHEIN. Only then did SHEIN acknowledge the issue.

What is most disappointing is that I had warned them from the beginning that something was wrong, but they repeatedly dismissed my concerns and kept blaming the carrier instead of investigating.

These items were meant for my son's birthday, and because of their lack of action I was left without them on time. This caused unnecessary stress and frustration that could have been avoided if they had simply listened to their customer.

A company should not be judged by how it performs when everything goes smoothly, but by how it handles problems. In my case, SHEIN failed completely. Instead of taking responsibility, they wasted my time with generic replies and passed the blame to someone else.

I have completely lost confidence in SHEIN's customer service and will seriously reconsider placing any future orders.

Update: SHEIN replied with a generic message stating that a solution had been sent by email. However, this does not address the real issue: my concerns were repeatedly dismissed until BoxNow confirmed that the parcel had already been returned to SHEIN. The refund was never the main issue—the way my case was handled was.",false,1,Chris,62bfe6175eb62f001218a872,GR,7,false,"Hello！

According to the information you provided, we noticed our team has sent a solution regarding your order. Please check your email for updates. If no email was received, it may have been filtered to the spam folder. We hope to hear from you. :)"
www.shein.com,id:6a5b4cea9723ebfdd5b48b3c,native_id,6a5b4cea9723ebfdd5b48b3c,1,2026-07-18T11:52:42.000Z,2026-07-18T00:00:00.000Z,They stole my money ,"I have always been a loyal customer to Shien, consistently shopping but recently I bought very expensive hair extensions which I had to return. It has now been almost 2 months since the return, royal mail has given me proof that the return has been delivered since the 20th of June and yet when I contacted the customer service they kept saying they cannot process the return because ""their warehouse has not processed it"". How is this my fault? Very poor customer service, will never shop and will recommend you not to shop here

The reply underneath is just a waste of time, I have checked it has been 2 days now and there has been no response on my app or any resolution, very poor customer service",false,0,Gurleen Kaur,6a5b4cda236e3d0aeed91623,GB,1,false,"Hello!

We sincerely apologize for any inconvenience caused—your experience is incredibly important to us 💝

According to the information you provided, we've identified your inquiry submitted via the SHEIN app and our dedicated support agent is expediting the resolution.We guarantee a clear response within 24 hours, and you can monitor real-time updates anytime in ""Service Records"".

🔹 Steps to Access:
Open SHEIN APP → Tap ""Me"" at bottom → ""Customer Service"" → ""Service Records"" 

Your feedback lights our path forward—we look forward to assisting you further."
www.shein.com,id:6a5b16cd55b1863edba2fdc1,native_id,6a5b16cd55b1863edba2fdc1,1,2026-07-18T08:02:01.000Z,2026-07-18T00:00:00.000Z,Good day everyone I am a first time…,Good day everyone I am a first time user on SheIn app as I was introduced by friend. I made an order worth about  26 dollars on the SheIn app(36000  naira) only to discover after placing the order that size I picked for an (item) was wrong I took a size M instead of a size XL I tried modifying the order as it had not been shipped I couldn't . I had to contact their customer agent who cancel the item and  the money was refunded to my shein wallet asked me to reorder as the claim the don't modify their orders.  Only to discover that I could no no longer order the item as a ridiculous shipping fee of 35000  naira had been added to an item of 4242 naira. I tried  pleading them to waive off the shipping fee as all the items were supposed to come together the refused and I had already paid the first amount the refused. The can't be trusted as their prices are not consistent with what is written in the app 🥺 I can't ever trust shein again . One Agent went as far cancelling all my orders with me asking him to do so,false,0,Della Obiosio,6a5b16c0c2526c9d468f3d90,NG,1,false,"Hello!

We sincerely apologize for any inconvenience caused—your experience is incredibly important to us 💝

According to the information you provided, we've identified your inquiry submitted via the SHEIN app and our dedicated support agent is expediting the resolution.We guarantee a clear response within 24 hours, and you can monitor real-time updates anytime in ""Service Records"".

🔹 Steps to Access:
Open SHEIN APP → Tap ""Me"" at bottom → ""Customer Service"" → ""Service Records""

Your feedback lights our path forward—we look forward to assisting you further."
www.shein.com,id:6a5aea75cd762c01d79a175e,native_id,6a5aea75cd762c01d79a175e,1,2026-07-18T04:52:37.000Z,2026-07-17T00:00:00.000Z,Don’t recommend,"I ordered a crunchy peanut squishy and instead I got a mini square mochi and then I ordered an coconut oil squishy, but it was a big square mochi I also ordered a cheese Vaseline squishy, but it turned out to be blue paper, not even close to a cheese squishy😤😤😤😤
I do not recommend. I want my money back😭😭😭",false,1,Shakara Anderson,6a5aea347b418c303f81eb89,US,1,false,"Hello!

We are truly sorry for the unpleasant experience.

In order to better resolve your concerns, we need you to provide specific information, such as your order number. We have sent you an email with the subject ""Request for information about your experience."" Please check your inbox (and spam folder), and reply to that email with the information we need.

Your feedback is our driving force for continuous improvement, and we truly value your opinion. We look forward to providing you with further assistance as soon as we receive your response. :)"
www.shein.com,id:6a5a8aaa04f6affba941cc58,native_id,6a5a8aaa04f6affba941cc58,2,2026-07-17T22:03:54.000Z,2026-07-16T00:00:00.000Z,This was one of my more frustrating…Would not order again,"This was one of my more frustrating online shopping experiences recently. The product did not match the description or photos on the website. Sizing was off compared to the chart listed on the product page. The item arrived with visible damage, which was disappointing given the price. Overall the experience felt disorganised from checkout through to delivery. It took several emails before I got a useful response from support. I expected better and came away disappointed.",false,1,Mao Clarkson,6a350818a71de06737921eb6,US,3,false,"Hello!

We are truly sorry for the unpleasant experience.

In order to better resolve your concerns, we need you to provide specific information, such as your order number. We have sent you an email with the subject ""Request for information about your experience."" Please check your inbox (and spam folder), and reply to that email with the information we need.

Your feedback is our driving force for continuous improvement, and we truly value your opinion. We look forward to providing you with further assistance as soon as we receive your response. :)"
www.shein.com,id:6a5a432fb4e89f25c290fe1f,native_id,6a5a432fb4e89f25c290fe1f,1,2026-07-17T16:58:55.000Z,2026-06-10T00:00:00.000Z,I used to highly trust Shein and other…,"I used to highly trust Shein and other online shopping platforms, but honestly, over the last two months, not so much. They are engaging in sketchy practices—or maybe their customer support is just completely irresponsible. Either way, I would advise all users to be extremely careful before making any payments on Shein, specifically Shein US.

Here is what happened:
On June 10, 2026, I placed an order for a total of $496.49 USD. Days passed, and I noticed the order was still marked as ""pending payment,"" and I couldn't even see all the items from my purchase. I contacted support to ask what was going on, and they told me I had to contact my bank because they had no record of any payment related to that order. Even though I sent them proof of payment, they kept insisting they hadn't received anything. I contacted my bank, and they confirmed the payment went through successfully; I could also see it marked as ""completed"" in my banking app.

I went back to Shein support, and this time they told me I should open a dispute/chargeback with my bank since they hadn't received the money. Once I filed the dispute, support suddenly changed their story and said they did see the payment and that it was linked to my order. I told them that was fine and to please just process what I ordered. After some time, they asked me to confirm the payment by uploading the receipt through a link. I did this about 5 times until they finally told me the payment was confirmed.

However, a few days later, I saw the purchase was still pending. I contacted Shein support again, and now they claim that because the payment is under dispute, they cannot process my order. Mind you, it was their own support team that told me to open the dispute in the first place because they claimed they didn't have the money! Now they refuse to process it because of the dispute.

Frustrated but still trying to cooperate, I contacted my bank to cancel the dispute. I was furious, but I honestly thought Shein was trustworthy and wouldn't engage in these kinds of dirty tactics. $496 might be a lot to me, but it's nothing to a massive company like Shein. I didn't think they would ruin their reputation over this amount. They have millions of customers, so losing one means nothing to them, which is exactly why I am leaving this review here—so the rest of you can be aware of this practice.

To make matters worse, every time I contact support now, it feels like they've flagged me as spam. They keep sending automated messages even when I'm supposedly talking to a human, acting as if I'm bothering them. Finally, my bank confirmed that the dispute was officially closed. I contacted support and told them the dispute is closed, so they should either proceed with the order or refund my money. They keep denying it, claiming the dispute is still open. To this day, they tell me the same thing: no refund, no products.

If anyone knows what else I can do so I don't lose my money, I would truly appreciate your help. About 5 days ago, they asked for proof that the dispute was closed. I sent it, and they told me to wait 3 days for their system to update so they could proceed with the refund. Today, they changed their story again, saying it's still open. I honestly don't know what else to do. I am going to keep posting on social media comments to see if anyone else has gone through this and can help me, please.",false,2,Metide Etiene,6a5a431c7b418ce7bc813105,MX,1,false,"Hello!

We sincerely apologize for any inconvenience caused—your experience is incredibly important to us 💝

According to the information you provided, we've identified your inquiry submitted via the SHEIN app and our dedicated support agent is expediting the resolution.We guarantee a clear response within 24 hours, and you can monitor real-time updates anytime in ""Service Records"".

🔹 Steps to Access:
Open SHEIN APP → Tap ""Me"" at bottom → ""Customer Service"" → ""Service Records"" 

Your feedback lights our path forward—we look forward to assisting you further."
www.shein.com,id:6a5a42cc6931b2bd1695ff62,native_id,6a5a42cc6931b2bd1695ff62,5,2026-07-17T16:57:16.000Z,2026-07-17T00:00:00.000Z,This app is the best everything I buy…,This app is the best everything I buy from there. I am satisfied with their clothes last a long time. They also wash well.,false,0,Moonchild,67f5a0ca2076b5558353fba2,US,3,false,
www.shein.com,id:6a5a32b275e72e5ee32a557f,native_id,6a5a32b275e72e5ee32a557f,1,2026-07-17T15:48:34.000Z,2026-07-17T00:00:00.000Z,After waiting more than two weeks for…,"After waiting more than two weeks for my item to ship, I received an email with no explanation that a refund was issued",false,0,ROSS LAPASH,64a4124759f49b0012f0f2d3,US,2,false,"Hello！

According to the information you provided, we noticed our team has sent a solution regarding your order. Please check your email for updates. If no email was received, it may have been filtered to the spam folder. We hope to hear from you. :)"
www.shein.com,id:6a5a1cc767bbbf7050caebe3,native_id,6a5a1cc767bbbf7050caebe3,1,2026-07-17T14:15:03.000Z,2026-07-17T00:00:00.000Z,SHEIN US is so expensive,"SHEIN US is so expensive. The price is double to 5x the prices in other countries. Example the curtain is $33 in shein US and it is sold at $17.30 in another country. A trolley in shein us $51.70 in another country it is $19.19. they are of the same item, same item code, same SKU, same brand. The price in SHEIN US is exclusive of taxes yet. So it is way more expensive.",false,1,Ela,6a5a1cbf7b418c2bf580e545,PH,1,false,"Hello，

We've lowered our prices across a wide range of styles, which means more big savings on summer deals!
Save big on summer outfits, daily essentials, beauty picks, kidswear, home decor, and most everything else at low SHEIN prices.
Whether you've been holding off or just haven't checked in lately, now's the perfect time to find your next summer fit!

Learn more: https://us.shein.com/ark/5065?src_module=topBanner&src_identifier=on%3DIMAGE_COMPONENT%60cn%3Dtopbanner%60hz%3DhotZone_3%60ps%3D1_3%60jc%3DwebLink_https%3A%2F%2Fus.shein.com%2Fark%2F5065&src_tab_page_id=page_activity_factory1748918751573&ici=CCCSN=topBanner_ON=IMAGE_COMPONENT_OI=73137611_CN=ONE_IMAGE_COMPONENT_TI=50000_aod=0_PS=1-3_ABT=0"
www.shein.com,id:6a59e6ad62c4abf369376938,native_id,6a59e6ad62c4abf369376938,1,2026-07-17T10:24:13.000Z,2026-07-17T00:00:00.000Z,Absolutely terrible company,"Absolutely terrible company. Promising free items if you place an order and not fulfilling this. Also I paid an extra £9 for express delivery as needed items sooner. Express delivery isn’t happening so why did I pay the extra. Tried chatting on live chat with the company but they weren’t helpful at all. Be cautious they are very misleading and untrustworthy 
My order number is #GSO18747A000SH0. The delivery date is 22-24 July when I paid for express delivery. Also when I chatted with your live chat they couldn’t help me unless I could provide a screenshot of the free items I’d picked. I hadn’t screenshot it as I believed I would just receive the items without any trouble. 
",false,1,Sgregs ,5e13a68331bb5ae17c96a641,GB,27,false,"Hello！

According to the information you provided, we noticed our team has sent a solution regarding your order. Please check your email for updates. If no email was received, it may have been filtered to the spam folder. We hope to hear from you. :)"
www.shein.com,id:6a597d7302e9b8b1341d3fb5,native_id,6a597d7302e9b8b1341d3fb5,1,2026-07-17T02:55:15.000Z,2026-07-16T00:00:00.000Z,Very poor quality,Very poor quality.  My blouse looked nothing like the photo and was more like a size for a child than a grownup.  Very disappointing.,false,1,Debbie Segich,6a597d697b418cc4d2803d62,US,1,false,"Hello！

According to the information you provided, we noticed our team has sent a solution regarding your order. Please check your email for updates. If no email was received, it may have been filtered to the spam folder. We hope to hear from you. :)"
www.shein.com,id:6a59262bab0b03ccb118cf27,native_id,6a59262bab0b03ccb118cf27,1,2026-07-16T20:42:51.000Z,2026-07-16T00:00:00.000Z,I am extremely disappointed with the…,"I am extremely disappointed with the service I have received.

I returned my package, but it was sent back to me from Dublin by Victoria. I have also been in contact with a human being through the SHEIN chat, but every time I explained the situation, my messages were either ignored or completely misunderstood. It feels like no one is actually reading what I am saying.

I have already provided proof and photos showing exactly what happened. I still have the package, even though I followed the return process correctly. This is completely unacceptable.

I expect this issue to be resolved immediately and my refund to be processed without any further delays. I should not be left with the package because of problems outside of my control. This level of customer service is not acceptable.",false,0,Rosenna n,6a592625c2526c890e8d21e2,DK,1,false,"Hello!

We sincerely apologize for any inconvenience caused—your experience is incredibly important to us 💝

According to the information you provided, we've identified your inquiry submitted via the SHEIN app and our dedicated support agent is expediting the resolution.We guarantee a clear response within 24 hours, and you can monitor real-time updates anytime in ""Service Records"".

🔹 Steps to Access:
Open SHEIN APP → Tap ""Me"" at bottom → ""Customer Service"" → ""Service Records""

Your feedback lights our path forward—we look forward to assisting you further."
www.shein.com,id:6a591de5ead328b603beb749,native_id,6a591de5ead328b603beb749,2,2026-07-16T20:07:33.000Z,2026-06-30T00:00:00.000Z,Done,"OK, so after all of the issues I've had with Shein.  I have decided to shut my account down. Cannot believe all the stress they put me through. For their vendors sending out fake products . took me weeks to get things straightened out. Sending them pictures and videos over and over. Them refusing videos where I could've proven my point very easily. Acting like they never got my videos or pictures . handed off from one customer service person to another.I swore this time if I got a refund, I was done and I am shutting my account down with them. Wish you all the best if you decide to keep ordering from them. (The only reason they're getting two stars is because I got a refund.)  nothing but stress and disappointment with this particular shopping experience.",false,0,Christina Reese,65a9a26a8a2c210012a5db39,US,8,false,"Hello!

We are truly sorry for the unpleasant experience.

In order to better resolve your concerns, we need you to provide specific information, such as your order number. We have sent you an email with the subject ""Request for information about your experience."" Please check your inbox (and spam folder), and reply to that email with the information we need.

Your feedback is our driving force for continuous improvement, and we truly value your opinion. We look forward to providing you with further assistance as soon as we receive your response. :)"
www.shein.com,id:6a590d6fb375c2fdde2b664b,native_id,6a590d6fb375c2fdde2b664b,1,2026-07-16T18:57:19.000Z,2026-07-16T00:00:00.000Z,Do not buy from Shein,Do not buy from Shein! I purchased a bikini which didn't come with the protective sanitary pad. I returned the item and they wouldn't refund me because of this even though they sent it like that. Very disappointed!,false,0,Janine South,5ddaa7a23f49ce81c39c41d6,GB,3,false,"Hello！

According to the information you provided, we noticed our team has sent a solution regarding your order. Please check your email for updates. If no email was received, it may have been filtered to the spam folder. We hope to hear from you. :)"
www.shein.com,id:6a58a84cbb6d7ae3a2e3918f,native_id,6a58a84cbb6d7ae3a2e3918f,1,2026-07-16T11:45:48.000Z,2026-07-15T00:00:00.000Z,Refund issues - beware,"I have ordered from SHEIN a few times, sometimes the material isn’t as advertised, poor quality.
However, I ordered two tankinis, only tried the tops on, both were too tight. So I returned the items, they only refunded one, so after going into chat customer service, they told me the hygiene pad had been removed and so they would not refund me.  I told them I hadn’t even looked at the bottoms, they told me next time pay attention to goods received but no refund.  They only refunded the cheapest tankini, it was an expensive £25 one.  I did say I wouldn’t shop with them again and they just said still no refund… I have deleted my account now, but wanted to make others aware",false,0,Gilliano,5929ffd70000ff000a9d0d97,GB,14,false,"Hello!

We are truly sorry for the unpleasant experience.

In order to better resolve your concerns, we need you to provide specific information, such as your order number. We have sent you an email with the subject ""Request for information about your experience."" Please check your inbox (and spam folder), and reply to that email with the information we need.

Your feedback is our driving force for continuous improvement, and we truly value your opinion. We look forward to providing you with further assistance as soon as we receive your response. :)"
www.shein.com,id:6a5817cb5923d5ef482153b1,native_id,6a5817cb5923d5ef482153b1,1,2026-07-16T01:29:15.000Z,2026-07-15T00:00:00.000Z,Math isn't mathing,"No one really mentions this. But they play around with the numbers a lot. They will offer you a price, then ""fake discount"" it. Go to check out, totally different price. If you take the time do the math. It doesn't add up. The same with Temu. Disappointing 😞 ",false,0,PRECIOUS BERRY,69e1238bc5d694acb66493ae,US,2,false,"Hello!

We are truly sorry for the unpleasant experience.

In order to better resolve your concerns, we need you to provide specific information, such as your order number. We have sent you an email with the subject ""Request for information about your experience."" Please check your inbox (and spam folder), and reply to that email with the information we need.

Your feedback is our driving force for continuous improvement, and we truly value your opinion. We look forward to providing you with further assistance as soon as we receive your response. :)"
www.shein.com,id:6a57a1be52730ca2fd93ed8c,native_id,6a57a1be52730ca2fd93ed8c,4,2026-07-15T17:05:34.000Z,2026-07-15T00:00:00.000Z,EU Warehouse ,"I have never had any problems with Shein, always been a reliable source for different occasions. I was just wondering with the new custom prices and stuff, If i order my basket now will it be here by the 30th of July? All the clothing is from Eu Warehouse and it says on the app it should take up to 4-7 days. Is that reliable information?",false,0,aoibhin brogan,6a57a1b8236e3dcf18d4beba,IE,1,false,
www.shein.com,id:6a579161266f9732cbd5d21e,native_id,6a579161266f9732cbd5d21e,1,2026-07-15T15:55:45.000Z,2026-07-15T00:00:00.000Z,Parcel says delivered but has not been…,"Parcel says delivered but has not been received.

Lack of customer service is a total shambles and very stressful.
My refund got declined because they say I received parcel.  Hence the review I need my refund to be rectified as a matter of urgency.   Thanks 
Hopefully someone will get back to me.
Db",false,0,Debi Bent,62e821c1b6b8ff00124d68ff,GB,12,false,"Hello!
We are truly sorry for the unpleasant experience.
In order to better resolve your concerns, we need you to provide specific information, such as your order number. We have sent you an email with the subject ""Request for information about your experience."" Please check your inbox (and spam folder), and reply to that email with the information we need.
Your feedback is our driving force for continuous improvement, and we truly value your opinion. We look forward to providing you with further assistance as soon as we receive your response. :)"
www.shein.com,id:6a57844954346e386678c507,native_id,6a57844954346e386678c507,1,2026-07-15T14:59:53.000Z,2026-07-15T00:00:00.000Z,Scammers,"Scammers, friend bought and paid for items that were missing from her package, customer service denied everything blamed her and won’t do anything to solve the issue, no refund or re-shipping what she ALREADY PAID FOR.
Scammers and thieves BEWARE AND DO NOT BUY FROM THEM!!!!!!",false,1,Lola Hdh,6a5784457b418c75477d8ea8,IL,1,false,"Hello!

We are truly sorry for the unpleasant experience.

In order to better resolve your concerns, we need you to provide specific information, such as your order number. We have sent you an email with the subject ""Request for information about your experience."" Please check your inbox (and spam folder), and reply to that email with the information we need.

Your feedback is our driving force for continuous improvement, and we truly value your opinion. We look forward to providing you with further assistance as soon as we receive your response. :)"
www.shein.com,id:6a577c2318c870eb3ad7397b,native_id,6a577c2318c870eb3ad7397b,1,2026-07-15T14:25:07.000Z,2026-07-15T00:00:00.000Z,Horrible service,"Horrible service, had ordered a package that arrived missing four items i already paid for, tried to reach the customer service via email and the website, most awful service I have ever encountered, denied everything, robotic responses, DO NOT BUY FROM THEM, these are CROOKS and you will eventually get scammed just like I did.",false,1,Dalia Geries,6a577c1eb06fbf1f1ee5bb00,IL,1,false,"Hello!

We are truly sorry for the unpleasant experience.

In order to better resolve your concerns, we need you to provide specific information, such as your order number. We have sent you an email with the subject ""Request for information about your experience."" Please check your inbox (and spam folder), and reply to that email with the information we need.

Your feedback is our driving force for continuous improvement, and we truly value your opinion. We look forward to providing you with further assistance as soon as we receive your response. :)"
www.shein.com,id:6a575a9cbe59347336ccca11,native_id,6a575a9cbe59347336ccca11,5,2026-07-15T12:02:04.000Z,2026-07-14T00:00:00.000Z,I like what I have order they come at…,I like what I have order they come at it is,false,0,Sophia Balene,6a575a847b418cbc6e7d3e47,ZA,1,false,
www.shein.com,id:6a575880ff3dc962b57b1d1b,native_id,6a575880ff3dc962b57b1d1b,1,2026-07-15T11:53:04.000Z,2026-07-13T00:00:00.000Z,My order GSO18Y420001UXB was supposed…,"My order GSO18Y420001UXB was supposed to be delivered to my home address. However, it was redirected to an InPost locker at ALDI Neston without my consent. I do not drive, and the locker is 21 minutes away by car, making it impossible for me to collect. I have contacted customer support multiple times, and they have failed to resolve this, despite promising me a home delivery. I am requesting a full refund as the service failed to meet the delivery agreement",false,0,Nabila Alami,6065a325e02941001b60c27e,GB,15,false,"Hello!

We sincerely apologize for any inconvenience caused—your experience is incredibly important to us 💝

According to the information you provided, we've identified your inquiry submitted via the SHEIN app and our dedicated support agent is expediting the resolution.We guarantee a clear response within 24 hours, and you can monitor real-time updates anytime in ""Service Records"".

🔹 Steps to Access:
Open SHEIN APP → Tap ""Me"" at bottom → ""Customer Service"" → ""Service Records"" 

Your feedback lights our path forward—we look forward to assisting you further."
www.shein.com,id:6a5706f1c40b0f9328d9a7c8,native_id,6a5706f1c40b0f9328d9a7c8,1,2026-07-15T06:05:05.000Z,2026-07-09T00:00:00.000Z,Paid for an order and had some items…,Paid for an order and had some items accidentally delivered to an old address even after I requested to change the address. They use gofo delivery service( cheap and also horrible) Customer service is unhelpful and will just talk in circles and will do absolutely nothing to fix problems. ,false,0,Elizabeth,69f681bf2c172775337ef14c,US,6,false,"Hello!

We sincerely apologize for any inconvenience caused—your experience is incredibly important to us 💝

According to the information you provided, we've identified your inquiry submitted via the SHEIN app and our dedicated support agent is expediting the resolution.We guarantee a clear response within 24 hours, and you can monitor real-time updates anytime in ""Service Records"".

🔹 Steps to Access:
Open SHEIN APP → Tap ""Me"" at bottom → ""Customer Service"" → ""Service Records""

Your feedback lights our path forward—we look forward to assisting you further."
www.shein.com,id:6a56e63fd03183f6627cae2c,native_id,6a56e63fd03183f6627cae2c,1,2026-07-15T03:45:35.000Z,2026-07-11T00:00:00.000Z,SHEIN uses a courier that fabricates…,"Update 7/15/26 ‼️ They still have not delivered the package. They continue to push the delivery date out further knowing Speedx is falsely claiming no access, failed delivery, and wrong address. They have in the tracking that I need to organize a way to get the package knowing SpeedX has no real customer service. SHEIN still hasn’t taken responsibility when they know it wasn’t delivered on time, there were no delivery attempts, and my correct address is in the system. I will now file a claim with my bank to get a refund. I will not be purchasing anything from this company moving forward. 

.
.
.

SHEIN uses a courier that fabricates delivery data and then uses a legal bot to ignore your request for a refund. I placed an order that was promised for delivery and SHEIN used a third-party courier called SpeedX that systematically falsified the tracking updates. Every morning at 6 AM they send automated alerts claiming a ""failed delivery attempt"" due to a ""wrong address"" or ""no access."" They also tried to claim that nobody was home to accept the package. This is completely false, and the package does not require any type of signature to be delivered. My address is correctly entered inside my profile and perfectly matches my billing. There are no gates, bars, or barriers blocking access to my property, and packages are explicitly instructed to be left on the front porch.When you try to contact SHEIN customer service, an agent named Issa tries to pass the merchant responsibilities onto this third-party courier. SpeedX has no direct customer phone line and their own policy states they do not accept recipient claims. When you try to escalate the matter to SHEIN Legal and their executive team, they route you directly to an automated email bot that repeatedly copies and pastes the exact same generic links to keep you trapped in a customer service loop.They continuously shift the delivery windows to stall while holding your funds. Today was the last day for them to deliver and what they did was extended it to an additional day and they are going to keep trying to push it out. They even tried to say one of the reasons for the failure might be an incorrect address which is false and Issa refuses to refund my money. I have been getting the runaround with SpeedX and people named Julia and Kathy are all emailing but they are all trying to give the runaround.This is a violation of consumer protection laws, including the FTC Mail Order Rule and Unfair and Deceptive Trade Practices Acts. They accept your payment and then cut off all human communication so they do not have to issue a refund. Do not trust this company if your package goes missing because their entire support system is a deceptive. After five years of loyal patronage, I will no longer do business with SHEIN and am immediately initiating a merchant dispute through my financial institution. I possess comprehensive documentation, including chat logs where a customer representative admitted that couriers routinely trigger false system alerts whenever processing high-volume loads. I will allow my bank to recover the funds directly. Prospective consumers should be aware that ordering from this platform carries a substantial risk of non-delivery.",false,0,iambcuzofu,6a52542ad7872a7173eb32be,US,2,false,"Hello!

We sincerely apologize for any inconvenience caused—your experience is incredibly important to us 💝

According to the information you provided, we've identified your inquiry submitted via the SHEIN app and our dedicated support agent is expediting the resolution.We guarantee a clear response within 24 hours, and you can monitor real-time updates anytime in ""Service Records"".

🔹 Steps to Access:
Open SHEIN APP → Tap ""Me"" at bottom → ""Customer Service"" → ""Service Records""

Your feedback lights our path forward—we look forward to assisting you further."
www.shein.com,id:6a56bd16c3fc4a114c31f5b1,native_id,6a56bd16c3fc4a114c31f5b1,1,2026-07-15T00:49:58.000Z,2026-07-14T00:00:00.000Z,Don't expect a refund or replacement,"Don't expect a refund or replacement, no matter what the website says. Highly recommend you shop elsewhere. ",false,1,Matt Williams,69b6b3c9513e81dd09815134,GB,2,false,"Hello!

We are truly sorry for the unpleasant experience.

In order to better resolve your concerns, we need you to provide specific information, such as your order number. We have sent you an email with the subject ""Request for information about your experience."" Please check your inbox (and spam folder), and reply to that email with the information we need.

Your feedback is our driving force for continuous improvement, and we truly value your opinion. We look forward to providing you with further assistance as soon as we receive your response. :)"
www.shein.com,id:6a56abe72f9f56cf16cf17b6,native_id,6a56abe72f9f56cf16cf17b6,1,2026-07-14T23:36:39.000Z,2026-07-14T00:00:00.000Z,I ordered from Shien thinking they were…,"I ordered from Shien thinking they were like Temu. Temu refunds your total amount paid back , so if there’s a quality issue you can return items no problem. Shien is horrible. Only offered partial refund . I ordered a set of two pair of shorts and only received one. And it was terrible quality. Nothing like advertised . Will never order from them again. ",false,0,Karissa Dugas,627a8463ad44e300114df8a9,US,4,false,"Hello!

We are truly sorry for the unpleasant experience.

In order to better resolve your concerns, we need you to provide specific information, such as your order number. We have sent you an email with the subject ""Request for information about your experience."" Please check your inbox (and spam folder), and reply to that email with the information we need.

Your feedback is our driving force for continuous improvement, and we truly value your opinion. We look forward to providing you with further assistance as soon as we receive your response. :)"
www.shein.com,id:6a568ef7f7932e506f28108b,native_id,6a568ef7f7932e506f28108b,1,2026-07-14T21:33:11.000Z,2026-07-14T00:00:00.000Z,Shein is a scam,"Shein wrongfully rejected my refund claiming the hygiene sticker from the swimsuits was removed. However, the items arrived defective! The glue on the hygiene liners were completely dried out, causing it to detach on its own inside the packaging before I even opened it. Under consumer protection laws, I am not responsible for manufacturing defects or poor quality adhesives. And not only they do not adhere to the Law and refund me, they do not even bother to notify me for over a month! They received the package and they didn't even email me to say anything about the refund! Unbelievably awful experience, girls save your money and never buy swimsuits from this scam company!",false,1,Evang,643aa8a93aa5ae00126cc737,GR,6,false,"Hello！

According to the information you provided, we noticed our team has sent a solution regarding your order. Please check your email for updates. If no email was received, it may have been filtered to the spam folder. We hope to hear from you. :)"
www.shein.com,id:6a566ac68d5dd6ee73d82a9c,native_id,6a566ac68d5dd6ee73d82a9c,1,2026-07-14T18:58:46.000Z,2026-07-14T00:00:00.000Z,The quality is terrible and once you…,"The quality is terrible and once you try to get a refund, it’s next to your impossible they locked you out of your account by email and mobile device",false,1,Melissa Handy,6a566abb236e3d5169d32432,CA,1,false,"Hello！

According to the information you provided, we noticed our team has sent a solution regarding your order. Please check your email for updates. If no email was received, it may have been filtered to the spam folder. We hope to hear from you. :)"
www.shein.com,id:6a5643afe40cb3f0e4660546,native_id,6a5643afe40cb3f0e4660546,1,2026-07-14T16:11:59.000Z,2026-07-14T00:00:00.000Z,You’ll never get money back and it’s all trash,"They send you broken stuff and stuff you never ordered, and never give you your money back. You have to dispute it though the bank. It’s really not worth it. and what you do get is such trash never like pictured. ",false,2,xxwolfxx bqdwolf,6817e6e94db5a091d2e8cbd2,US,2,false,"Hello!

We are truly sorry for the unpleasant experience.

In order to better resolve your concerns, we need you to provide specific information, such as your order number. We have sent you an email with the subject ""Request for information about your experience."" Please check your inbox (and spam folder), and reply to that email with the information we need.

Your feedback is our driving force for continuous improvement, and we truly value your opinion. We look forward to providing you with further assistance as soon as we receive your response. :)"
www.shein.com,id:6a562537bff254ed3c46a21c,native_id,6a562537bff254ed3c46a21c,1,2026-07-14T14:01:59.000Z,2026-07-14T00:00:00.000Z,SHEIN refund and return policy is…,"SHEIN refund and return policy is trash. 

Please stop asking for more details when you will do nothing about it. I have provided more details for you. 
You return an item and the warehouse claims not to receive it. How do you make refunds for some items when they were returned together. If you can’t offer free return then say it instead of lies. SHEIN is big time SCAM ",false,2,Lotu Yoma,6a55b7edc2526c11f488531b,GB,3,false,"Hello!

We are truly sorry for the unpleasant experience.

In order to better resolve your concerns, we need you to provide specific information, such as your order number. We have sent you an email with the subject ""Request for information about your experience."" Please check your inbox (and spam folder), and reply to that email with the information we need.

Your feedback is our driving force for continuous improvement, and we truly value your opinion. We look forward to providing you with further assistance as soon as we receive your response. :)"
www.shein.com,id:6a560aafd8ca1d49fbbc2898,native_id,6a560aafd8ca1d49fbbc2898,5,2026-07-14T12:08:47.000Z,2026-07-08T00:00:00.000Z,Great order,Great order - all a perfect fit and so much choice thanks ,false,0,R Buckleigh,67fe4bb1959ac34c292f0860,GB,12,false,
www.shein.com,id:6a55ffb21310603b91f502dc,native_id,6a55ffb21310603b91f502dc,5,2026-07-14T11:21:54.000Z,2026-07-14T00:00:00.000Z,Great,Great! Really good quality clothes. Fast delivery. Very good prices. Easy returns. ,false,0,KLL,6132453b5d0622001360106c,GB,46,true,
www.shein.com,id:6a55bd331fe8edac1d82bc7f,native_id,6a55bd331fe8edac1d82bc7f,1,2026-07-14T06:38:11.000Z,2026-07-14T00:00:00.000Z,I had a very disappointing experience…,"
I had a very disappointing experience with the SHEIN Marketplace seller xiutaoshop168.

The dress had very poor quality, looked cheaply made, and had an unpleasant smell, so I decided to return it immediately. When I opened the package, I found a note from the seller saying that if I returned the dress, I would not be able to get a refund because the seller needed the money for personal expenses and children's items. That is not the customer's responsibility.

I returned the dress after only trying it on once at home. After waiting for a month, I contacted customer service and was told that the seller claimed I had returned the dress dirty. This is completely untrue. I never wore the dress outside or damaged it.

Now I have lost over CAD $300, and despite contacting customer service several times, I still have not received my refund. I trusted SHEIN to protect buyers, but unfortunately that did not happen in my case. Please be careful when purchasing from this seller.",false,1,Manar Alsalem,6a55bc717b418c751f7b105a,CA,1,false,"Hello!

We sincerely apologize for any inconvenience caused—your experience is incredibly important to us 💝

According to the information you provided, we've identified your inquiry submitted via the SHEIN app and our dedicated support agent is expediting the resolution.We guarantee a clear response within 24 hours, and you can monitor real-time updates anytime in ""Service Records"".

🔹 Steps to Access:
Open SHEIN APP → Tap ""Me"" at bottom → ""Customer Service"" → ""Service Records"" 

Your feedback lights our path forward—we look forward to assisting you further."
www.shein.com,id:6a55ac1510cb8edcd3df11bf,native_id,6a55ac1510cb8edcd3df11bf,2,2026-07-14T05:25:10.000Z,2026-07-06T00:00:00.000Z,Returned most items.,"Purchased 5 dresses and a couple of tops and some outdoor items.  All the clothing was horrible material that felt like plastic and had no shape to garments and I read the reviews before ordering, so don't believe the reviews.   The outdoor lights were okay and the patio mat was okay but wasn't the best.   Based on my experience I will never purchase from Shein again.   I sent back all the clothing and they don't give a full refund because of shipping.  Waste of time and money. ",false,0,Sue,6198fcaa3d5afc0012be0385,CA,4,false,"Hello！

According to the information you provided, we noticed our team has sent a solution regarding your order. Please check your email for updates. If no email was received, it may have been filtered to the spam folder. We hope to hear from you. :)"
www.shein.com,id:6a553b68539266cccf6e6b49,native_id,6a553b68539266cccf6e6b49,2,2026-07-13T21:24:24.000Z,2026-07-13T00:00:00.000Z,Shame on you Shein,"For years I have ordered from Shein and had no issues, return policy was great, product was great. But I ordered two items and they said it was delivered and I checked that NO it was NOT delivered, I expected proof of delivery photo to be sent to me- never got. I expected items to be resent-never got. I expected a refund- never got. I never filled out a return for refund as I never got the product. I got busy with life and I sat down today to address this to find out they won't help me as I'm past the date for returns. (2 days) hmm??? I have no return, I have no product and am out 45.00. this is extremely poor customer service, they didn't even offer a credit to my account. ",false,0,Debbie Balmer,6a553b50ff3db2068eb07188,CA,1,false,"Hello！

According to the information you provided, we noticed our team has sent a solution regarding your order. Please check your email for updates. If no email was received, it may have been filtered to the spam folder. We hope to hear from you. :)"
www.shein.com,id:6a5530e6f31dfc373c7f5c8a,native_id,6a5530e6f31dfc373c7f5c8a,1,2026-07-13T20:39:34.000Z,2026-07-13T00:00:00.000Z,I brought a top from this company it…,"I brought a top from this company it has loose stitching and very small I contacted them for an exchange of size... Nothing can be done
.. all they say is return.. the delivery charges I will pay for a faulty good then reorder... Without a compensation good will .. so I will have to spend again on delivery terrible customer service... Waste of my time and money... ",false,0,Rose,5c34df63324370aadfcf9db0,GB,5,false,"Hello!

We are truly sorry for the unpleasant experience.

In order to better resolve your concerns, we need you to provide specific information, such as your order number. We have sent you an email with the subject ""Request for information about your experience."" Please check your inbox (and spam folder), and reply to that email with the information we need.

Your feedback is our driving force for continuous improvement, and we truly value your opinion. We look forward to providing you with further assistance as soon as we receive your response. :)"
www.shein.com,id:6a5518b00026cf9c93c1741e,native_id,6a5518b00026cf9c93c1741e,1,2026-07-13T18:56:16.000Z,2026-07-11T00:00:00.000Z,My orders were not delivered because…no specific reason was given.,"My orders were not delivered because the delivery carrier claimed they couldn't be delivered. I contacted them to verify my address and delivery instructions and said I was always home on the days they said my orders were out for delivery. I contacted Shein and kept getting messages saying my network connection was bad. I just want my refund. What a joke. Beware!
07/13/2026 Received email from Shein telling me to do what I've already done by contacting the carrier and verifying info. I'm not going through that very unsatisfying and useless process again. Shein, send refund and I may edit this review.
07/15/2026 package arrived. Thank you Trustpilot for letting me vent and alert other people about bad customer service. My time and money are better served elsewhere. My Shein account has been deleted.
",false,0,Sharon Lizura,6a55189d236e3db5d6d15327,US,1,false,"Hello！

According to the information you provided, we noticed our team has sent a solution regarding your order. Please check your email for updates. If no email was received, it may have been filtered to the spam folder. We hope to hear from you. :)"
www.shein.com,id:6a54dbe338ea773121f1e3d5,native_id,6a54dbe338ea773121f1e3d5,5,2026-07-13T14:36:51.000Z,2026-07-01T00:00:00.000Z,The best warehouse with good quality,The best warehouse with good quality ,false,0,Mbele Priscy Vee,6a54ca4124460e0023315628,ZA,2,false,
www.shein.com,id:6a54d8e57d6c048b286c2d57,native_id,6a54d8e57d6c048b286c2d57,1,2026-07-13T14:24:05.000Z,2026-05-08T00:00:00.000Z,I haven’t receivd this order…,I haven’t receivd this order GSO15U02W00MGKM despite it showing delivered Im so upset I want a refund ,false,0,Maria Shokoya,60114e587a863f0019edc501,GB,155,false,"Hello！

According to the information you provided, we noticed our team has sent a solution regarding your order. Please check your email for updates. If no email was received, it may have been filtered to the spam folder. We hope to hear from you. :)"
www.shein.com,id:6a5492d08a0ece009268e5b5,native_id,6a5492d08a0ece009268e5b5,1,2026-07-13T09:25:04.000Z,2026-07-12T00:00:00.000Z,Really bad customer service,Really bad customer service. I am disappointed ,false,0,Maria Klaoun,6a5492c9515c4d8154625bc6,GR,1,false,"Hello!

We are truly sorry for the unpleasant experience.

In order to better resolve your concerns, we need you to provide specific information, such as your order number. We have sent you an email with the subject ""Request for information about your experience."" Please check your inbox (and spam folder), and reply to that email with the information we need.

Your feedback is our driving force for continuous improvement, and we truly value your opinion. We look forward to providing you with further assistance as soon as we receive your response. :)"
www.shein.com,id:6a543fc2428257c234395de9,native_id,6a543fc2428257c234395de9,1,2026-07-13T03:30:42.000Z,2026-07-10T00:00:00.000Z,Unacceptable Return Policy: Kept 90% of my refund with fake excuses!,"I returned a $190 clothing item in perfect, unworn condition, but Shein only refunded me $25. They claimed the item was ""defective"" and provided extremely blurry, unconvincing photos alleging there was a ""hair"" and a ""stain"" on it. When I contacted customer service to dispute this ridiculous 90% deduction, the agent (""Iki"") completely ignored my explicit request to speak with a supervisor. Instead, they just gave me a generic, scripted response saying they couldn't process a full refund and ended the resolution process. Withholding $165 for an item returned in its original state is completely unfair and feels like a scam. I will be initiating a chargeback with my bank. Be very careful with their return process—they will find any excuse to keep your money!",false,0,Diyar Altay,6a543fbdd7872a0a23ecc891,US,1,false,"Hello!

We are truly sorry for the unpleasant experience.

In order to better resolve your concerns, we need you to provide specific information, such as your order number. We have sent you an email with the subject ""Request for information about your experience."" Please check your inbox (and spam folder), and reply to that email with the information we need.

Your feedback is our driving force for continuous improvement, and we truly value your opinion. We look forward to providing you with further assistance as soon as we receive your response. :)"
www.shein.com,id:6a543bf3ffcc90c36e82440d,native_id,6a543bf3ffcc90c36e82440d,1,2026-07-13T03:14:27.000Z,2026-07-12T00:00:00.000Z,It’s just a spam,It’s just a spam. It’s expensive to buy one single thing just for it to come 2 weeks later. I’m not getting it SHEIN. The games are just a spam there no free gifts you have to pay anyways.SHEIN please fix your website.,false,0,Maizlyn Fleming,6a543beed7872a8686ecc6c5,US,1,false,"Hello!

We are truly sorry for the unpleasant experience.

In order to better resolve your concerns, we need you to provide specific information, such as your order number. We have sent you an email with the subject ""Request for information about your experience."" Please check your inbox (and spam folder), and reply to that email with the information we need.

Your feedback is our driving force for continuous improvement, and we truly value your opinion. We look forward to providing you with further assistance as soon as we receive your response. :)"
www.shein.com,id:6a5400037780b87268158416,native_id,6a5400037780b87268158416,1,2026-07-12T22:58:43.000Z,2026-07-12T00:00:00.000Z,"""I ordered a car cover 15 days ago and…","""I ordered a car cover 15 days ago and have been waiting for its arrival. The package finally arrived today, and upon opening it, I discovered nothing more than a cheap umbrella inside. This is a blatant scam. I have already contacted my credit card company to initiate a chargeback and reverse the payment. Everyone, please be extremely careful—this seller is a fraud.""",false,0,Mr Kugathasan Kuganesan,5dcec4174fa33c3e1b9da796,GB,19,true,"Hello！

According to the information you provided, we noticed our team has sent a solution regarding your order. Please check your email for updates. If no email was received, it may have been filtered to the spam folder. We hope to hear from you. :)"
www.shein.com,id:6a53e473ea8ecb7f28991b1e,native_id,6a53e473ea8ecb7f28991b1e,1,2026-07-12T21:01:07.000Z,2026-07-08T00:00:00.000Z,NOT GOOD ANYMORE,"I used to love shein but now they hire cheap carriers like Speed X and now the drivers just steal your package and they dont even issue you a refund. YOU HAVE BEEN WARNED

update: it's been 2 weeks and still no fixing. they keep telling ME to contact my carrier. How are YOU going to tell ME to contact the carrier when YOU hired them? I will update this when (IF, which i DOUBT) they will find my package. DO NOT SHOP HERE ANYMORE. ",false,0,bunny,63c0c847dec43600121c5ba4,US,3,false,"Hello!
We sincerely apologize for any inconvenience caused—your experience is incredibly important to us 💝
According to the information you provided, we've identified your inquiry submitted via the SHEIN app and our dedicated support agent is expediting the resolution.We guarantee a clear response within 24 hours, and you can monitor real-time updates anytime in ""Service Records"".
🔹 Steps to Access:
Open SHEIN APP → Tap ""Me"" at bottom → ""Customer Service"" → ""Service Records""
Your feedback lights our path forward—we look forward to assisting you further.
SHEIN"
www.shein.com,id:6a5344bac7c1b52832cd6ab7,native_id,6a5344bac7c1b52832cd6ab7,1,2026-07-12T09:39:38.000Z,2026-07-10T00:00:00.000Z,"Wrong item, return at your own expense","Sent totally different item (instead of pregnancy T-shirt, sent pants). When return application issued, makes  you to return at your own expense. SHEIN Do Not reimburse the costs.",false,0,Egija Stepiņa,6a5344ae515c4dd04f61480f,LV,1,false,"Hello！

According to the information you provided, we noticed our team has sent a solution regarding your order. Please check your email for updates. If no email was received, it may have been filtered to the spam folder. We hope to hear from you. :)"
www.shein.com,id:6a52a2f533b18b4d0706f264,native_id,6a52a2f533b18b4d0706f264,1,2026-07-11T22:09:25.000Z,2026-07-11T00:00:00.000Z,Parcel missing in Evri depot no goods…,"Parcel missing in Evri depot no goods and no refund told I had to wait till
The 15th July then contact them again . 

Refused refund and no goods . Onto a good thing . ",false,1,Shona Garner,6569e825b732390012292f59,GB,24,false,"Hello!

We sincerely apologize for any inconvenience caused—your experience is incredibly important to us 💝

According to the information you provided, we've identified your inquiry submitted via the SHEIN app and our dedicated support agent is expediting the resolution.We guarantee a clear response within 24 hours, and you can monitor real-time updates anytime in ""Service Records"".

🔹 Steps to Access:
Open SHEIN APP → Tap ""Me"" at bottom → ""Customer Service"" → ""Service Records""

Your feedback lights our path forward—we look forward to assisting you further."
www.shein.com,id:6a529b8246ee50d3850faf5d,native_id,6a529b8246ee50d3850faf5d,1,2026-07-11T21:37:38.000Z,2026-07-11T00:00:00.000Z,I returned my package in May and they…,I returned my package in May and they telling me the seller received the wrong package. I ask for evidence and the package has the wrong name and wrong address on it. Shein customer services saying they cannot refund me because I return a wrong package when I did not and the evidence even shows a different person name and address nowhere near where I live so of course the package is wrong its not the one I sent out.   ,false,0,Sam,5cdc9473d7bca40fe67631ad,US,1,false,"Hello!

We sincerely apologize for any inconvenience caused—your experience is incredibly important to us 💝

According to the information you provided, we've identified your inquiry submitted via the SHEIN app and our dedicated support agent is expediting the resolution.We guarantee a clear response within 24 hours, and you can monitor real-time updates anytime in ""Service Records"".

🔹 Steps to Access:
Open SHEIN APP → Tap ""Me"" at bottom → ""Customer Service"" → ""Service Records"" 

Your feedback lights our path forward—we look forward to assisting you further."
www.shein.com,id:6a525006d3ae7e4e641871c3,native_id,6a525006d3ae7e4e641871c3,5,2026-07-11T16:15:34.000Z,2026-07-07T00:00:00.000Z,I am extremely disappointed with the…,"I am extremely disappointed with the level of customer service I have received.

There appears to be no effective way to contact your customer service team, as the chat function does not work.

My order has been with Evri for the past four days. It was due to be delivered four days ago, but it has still not arrived. I have contacted Evri directly, and they have confirmed that they do not know the whereabouts of my parcel.

Unfortunately, this leaves me unable to obtain any meaningful assistance from either the courier or SHEIN.

As the parcel appears to have been lost in transit, I would now like a full refund for my order Order number:
GSO18N18R00MJM6
",false,0,Vivian ,606ac2600994fe0019740243,GB,15,false,"Hello！

According to the information you provided, we noticed our team has sent a solution regarding your order. Please check your email for updates. If no email was received, it may have been filtered to the spam folder. We hope to hear from you. :)"
www.shein.com,id:6a522346604db4cd8d3233c8,native_id,6a522346604db4cd8d3233c8,1,2026-07-11T13:04:38.000Z,2026-07-10T00:00:00.000Z,SHEIN has a bad case of shipping…,"SHEIN has a bad case of shipping whatever they want because they hardly ever ship what you ask for. Or it is what you asked for but the product is so poorly made wth an expensive price tag. I’m not spending my money with them anymore to play the guessing game on if I’m going to get the right product or not. So I will be shopping with Fashion Nova from now on.  

SO YALL WANT MORE INFORMATION? I ordered chlorophyll and yeah, you all sent me kids medicine.",false,1,Yolanda Spence,697bcb83670907d80441bebc,US,6,false,"Hello!

We are truly sorry for the unpleasant experience.

In order to better resolve your concerns, we need you to provide specific information, such as your order number. We have sent you an email with the subject ""Request for information about your experience."" Please check your inbox (and spam folder), and reply to that email with the information we need.

Your feedback is our driving force for continuous improvement, and we truly value your opinion. We look forward to providing you with further assistance as soon as we receive your response. :)"
www.shein.com,id:6a521d9d708fefa40fe53f73,native_id,6a521d9d708fefa40fe53f73,2,2026-07-11T12:40:29.000Z,2026-06-30T00:00:00.000Z,Shein,"Shein, ok if you want cheap clothing made from cheap 100% polyester material, that makes you feel hot. sweaty and scratchy.
Basically you get what you pay for....!",false,0,Michael Thomas,6a3a7d430a188f8e4488519b,GB,1,false,"Hello!

We are truly sorry for the unpleasant experience.

In order to better resolve your concerns, we need you to provide specific information, such as your order number. We have sent you an email with the subject ""Request for information about your experience."" Please check your inbox (and spam folder), and reply to that email with the information we need.

Your feedback is our driving force for continuous improvement, and we truly value your opinion. We look forward to providing you with further assistance as soon as we receive your response. :)"
www.shein.com,id:6a5208818f76088da416b2d5,native_id,6a5208818f76088da416b2d5,1,2026-07-11T11:10:25.000Z,2026-07-11T00:00:00.000Z,Return ,"Hello,

I recently returned several items from order GSO17V581001VTY, and I’m disputing the “Restoration Fees for Defective Products” applied to three of them:

	1.	1 Pair Women’s Fashion Wraparound Glasses (Y2K Music Festival, Black) – price £1.73, deducted £1.56
	2.	Denimoi Bodycon Halter Top (White, 16/XL) – price £6.43, deducted £5.79
	3.	Denimoi Fitted Hollow Eyelet Decor Lace-Up Sleeveless Top (Black, 12/14 L) – price £7.57, deducted £6.81

In total, £14.16 was deducted from my refund of £89.82. These three items were returned unused, unworn, and undamaged. I do not accept that they were “defective” or failed to meet return requirements, and no evidence has been provided to support these deductions.

I am formally requesting:

	•	Clear, itemised photographic evidence showing the specific defect, stain, or damage found on each of these three items
	•	A written explanation of exactly what condition issue was identified for each item
	•	A full reversal of the £14.16 in restoration fees if no valid evidence is provided

I also want to point out an inconsistency: your own Return Policy (Section 8) states that if an item is entirely non-resalable, no refund will be issued at all. In my case, only a small partial amount was refunded on each of these three items, with almost the full value deducted. By your own policy’s logic, this means you have effectively already classified these items as non-resalable — yet you have kept the majority of my money instead of applying the policy correctly, which would mean either a full refund (if resalable) or £0 refund with the item returned to me (if non-resalable). Issuing a near-total deduction while keeping a small partial refund does not match either outcome described in your policy.

Per your own Return Policy, if an item is deemed non-resalable, it is disposed of “unless you instruct us otherwise and agree to pay the cost of its return.” I am formally instructing you not to dispose of these three items. If you are unable to issue a full refund, I request they be returned to me, and I am willing to cover the return shipping cost as per this policy.

However, I want to be clear: since these items were never damaged or used, my primary request remains a full refund. The “return to me” request is a fallback only if you continue to insist these items are non-resalable.

Please note that a fourth item in the same return (Denimoi Zebra Print Top) had £0.00 deducted, which confirms your team is able to assess items fairly when no issue exists — I expect the same standard applied here.

If I do not receive photographic evidence and a satisfactory explanation within a reasonable timeframe, I will escalate this dispute through my card issuer (Visa) as an unauthorised/incorrect deduction, and if necessary to Trading Standards / Citizens Advice.


This is theft, robbery…
Cause why? I would advice anyone reading this not to purchase anything from Shein
Thieves

Order number: GSO17V581001VTY

I look forward to your prompt response with the requested evidence.",false,0,Sophia,6909ee46d1bf9121439c3c56,GB,1,false,"Hello!

We sincerely apologize for any inconvenience caused—your experience is incredibly important to us 💝

According to the information you provided, we've identified your inquiry submitted via the SHEIN app and our dedicated support agent is expediting the resolution.We guarantee a clear response within 24 hours, and you can monitor real-time updates anytime in ""Service Records"".

🔹 Steps to Access:
Open SHEIN APP → Tap ""Me"" at bottom → ""Customer Service"" → ""Service Records"" 

Your feedback lights our path forward—we look forward to assisting you further."
www.shein.com,id:6a51c1ab7aae24524417ecd3,native_id,6a51c1ab7aae24524417ecd3,1,2026-07-11T06:08:11.000Z,2026-07-11T00:00:00.000Z,This company is nothing but a scam im…,This company is nothing but a scam im telling everyone NOT to ever buy you your pos company your just scamming people and taking money from the people not giving a fu#$ about shit scams and fruad. Change promos so you dont have to pay change cloth items to say soemthing else after purchase. Changing prices at check out changing shipping ag check out when it said free shipping over a amount the charge shipping any way this hole company is a scam. DO NOT shop with them at all.,false,1,Wolfe,6a51c17f24460e30462e98de,US,1,false,"Hello!

We are truly sorry for the unpleasant experience.

In order to better resolve your concerns, we need you to provide specific information, such as your order number. We have sent you an email with the subject ""Request for information about your experience."" Please check your inbox (and spam folder), and reply to that email with the information we need.

Your feedback is our driving force for continuous improvement, and we truly value your opinion. We look forward to providing you with further assistance as soon as we receive your response. :)"
www.shein.com,id:6a517930a999bbdc9525cbdf,native_id,6a517930a999bbdc9525cbdf,2,2026-07-11T00:58:56.000Z,2026-07-08T00:00:00.000Z,SHEIN is working to resolve delivery issues ,"

Hi,

GOFO still won’t ring my bell!!!

They leave the package downstairs where someone can steal it.  Please contact them and resolve this for me.  I have tried multiple times to ask them, they say they will ring my bell and they don’t???

My neighbor found the package outside the hallway.  One day one will be stolen.  

Come on!  GOFO clearly has a problem with their delivery people.  Please help.

Brenda

I BLACKLISTED SpeedX.  But SpeedX is still delivering and not ringing my bell!


Brenda soulsistashakti is my SHEIN username 

I have multiple upcoming packages arriving soon for my niece's wedding. They are incredibly important. Please check with GOFO my address in their main system right now and completely erase the 'Do Not Ring Bell' or 'No Access' restriction flag. 

I live on the 3rd floor. The delivery instructions MUST permanently say: 'MUST RING BELL TO DELIVER.' Please confirm this is saved in your master profile for my address - GSU18Q395000HEN and all concurrent other packages that are coming. This is very important.  

EDITED JULY 16, 2026",false,0,Brenda Brewer,60afa0d978030f0019fd4e4f,US,21,true,"Hello！

According to the information you provided, we noticed our team has sent a solution regarding your order. Please check your email for updates. If no email was received, it may have been filtered to the spam folder. We hope to hear from you. :)"
www.shein.com,id:6a510c7391d1be1b519b1a83,native_id,6a510c7391d1be1b519b1a83,1,2026-07-10T17:14:59.000Z,2026-07-10T00:00:00.000Z,Been waiting for a refund 🙄 impossible…,Been waiting for a refund 🙄 impossible to deal ,false,1,ELIDONA KUCO,5ab63e8a4de5666d34550a04,GB,11,false,"Hello!

We are truly sorry for the unpleasant experience.

In order to better resolve your concerns, we need you to provide specific information, such as your order number. We have sent you an email with the subject ""Request for information about your experience."" Please check your inbox (and spam folder), and reply to that email with the information we need.

Your feedback is our driving force for continuous improvement, and we truly value your opinion. We look forward to providing you with further assistance as soon as we receive your response. :)"
www.shein.com,id:6a51022dc0d6d7d6944b23eb,native_id,6a51022dc0d6d7d6944b23eb,4,2026-07-10T16:31:09.000Z,2026-07-08T00:00:00.000Z,Decent customer service and clothing,"I have ordered three things from Shein. The prices are low, as is the quality. However, no one can tell. I spent $16 on a formal gown that would retail for $300 in a store; perfect for a one off event. I returned something and found the process easy and efficient. ",false,0,Pemi,63b2e9d72952e70012716600,US,18,false,
www.shein.com,id:6a50b59cf1120f53112cb4bc,native_id,6a50b59cf1120f53112cb4bc,1,2026-07-10T11:04:28.000Z,2026-05-21T00:00:00.000Z,Toral waste of money,Toral waste of money. It's best to spend more on other websites and ger quality products. Inaccurate websites descriptions on trashy and cheaply made products. They display images that agent accurate to the products.  Legally this is considered a Scam. ,false,1,Simone,5fd439d6f95203001bb8a6b4,US,4,false,"Hello！

According to the information you provided, we noticed our team has sent a solution regarding your order. Please check your email for updates. If no email was received, it may have been filtered to the spam folder. We hope to hear from you. :)"
www.shein.com,id:6a50b5254d2a4d084108af27,native_id,6a50b5254d2a4d084108af27,1,2026-07-10T11:02:30.000Z,2026-07-10T00:00:00.000Z,Deliveries ,"Hello,

I have already contacted the courier directly regarding this matter. The courier confirmed to me that the parcels were delivered to the wrong address, not to me. I have already provided this information to you previously.
If the information already provided is not sufficient for you to process a resolution, then I consider this case closed on your end, and I will proceed to follow up directly with Trading Standards and my bank.
I have also already sent a formal Letter Before Action, which sets out the full details of this matter.

Please note: I have now received multiple messages from your team that are identical or near-identical in content, with no actual progress. I will not be responding to further messages that repeat the same holding response without new information or an actual resolution.

As previously stated, I have given Shein 14 days from 8 July 2026 to resolve this matter. That deadline is 22 July 2026. If this is not resolved by then, I will proceed to escalate this matter through Alternative Dispute Resolution (ADR) and the relevant Ombudsman scheme, as advised.

This is a significant amount of money, and I will not be letting this go.


Tracking numbers: H05LGA0156871657, H023FA1346512411, H023FA1346158205, H022WA0547285373, H023FA1348534130, H023FA1346213467, H022WA0546416636, H023FA1353680314, H05LGA0157108649, H05LGA0154968016, H023FA1354131437",false,0,Tega,69b70e93157f7b6e1f4483c2,GB,10,false,"Hello!

We sincerely apologize for any inconvenience caused—your experience is incredibly important to us 💝

According to the information you provided, we've identified your inquiry submitted via the SHEIN app and our dedicated support agent is expediting the resolution.We guarantee a clear response within 24 hours, and you can monitor real-time updates anytime in ""Service Records"".

🔹 Steps to Access:
Open SHEIN APP → Tap ""Me"" at bottom → ""Customer Service"" → ""Service Records"" 

Your feedback lights our path forward—we look forward to assisting you further."
www.shein.com,id:6a507e3a4465a785a71222a9,native_id,6a507e3a4465a785a71222a9,1,2026-07-10T07:08:10.000Z,2026-07-06T00:00:00.000Z,The product I received (Marvis…,"The product I received (Marvis toothpaste) is crushed and not good for use, no customer service, no one to talk to, I don't recommend you business at all.",false,0,Wameedh Abbas,6a507e1f515c4dbabc5e56a3,US,1,false,"Hello!

We are truly sorry for the unpleasant experience.

In order to better resolve your concerns, we need you to provide specific information, such as your order number. We have sent you an email with the subject ""Request for information about your experience."" Please check your inbox (and spam folder), and reply to that email with the information we need.

Your feedback is our driving force for continuous improvement, and we truly value your opinion. We look forward to providing you with further assistance as soon as we receive your response. :)"
www.shein.com,id:6a505b32bb603583e4e3f2da,native_id,6a505b32bb603583e4e3f2da,1,2026-07-10T04:38:42.000Z,2026-07-09T00:00:00.000Z,SHEIN replied to my Trustpilot review…,"SHEIN replied to my Trustpilot review saying they needed 24 hours to investigate and asked me to check the app for the resolution.

I did exactly that. The “resolution” in the app was simply that their internal investigation concluded that all the missing items were packed and shipped correctly, so they refused to take responsibility and told me to check the package again or contact the courier.

This is completely unacceptable.

Five items were NOT inside the package when I opened it. They did not fall out, they were not misplaced, and I have already checked everything multiple times.

Instead of providing evidence or offering a real solution, SHEIN simply repeated that their warehouse says everything was shipped, which does not prove that I actually received those items.

So please don’t tell me this case is “being resolved.” It has already been answered, and the answer was to deny my claim without solving anything.

I have already opened a dispute with my bank for the missing items and I will also file a complaint with the consumer protection authorities. I will continue updating this review until this issue is resolved properly.

This has been one of the worst customer service experiences I’ve ever had. Buyers should know that if items are missing from their package, SHEIN may simply claim that everything was shipped and leave you without a refund or replacement.",false,0,Stefanía Martínez Veninga,6a505b2724460edc462cd602,AR,1,false,"Hello!

We are truly sorry for the unpleasant experience.

In order to better resolve your concerns, we need you to provide specific information, such as your order number. We have sent you an email with the subject ""Request for information about your experience."" Please check your inbox (and spam folder), and reply to that email with the information we need.

Your feedback is our driving force for continuous improvement, and we truly value your opinion. We look forward to providing you with further assistance as soon as we receive your response. :)"
www.shein.com,id:6a505974649fcd1e862dd08a,native_id,6a505974649fcd1e862dd08a,1,2026-07-10T04:31:23.000Z,2026-07-07T00:00:00.000Z,Worse customer service ever,"Worse customer service ever! The service representative did not listen and ended the chat. They misdelivered my packages by not using the default address i. The system. I provide proof of the default address and screenshots of the order with my default address. I provided Google map screenshots to show my package delivered to an apartment in a different city and was ""recommend to drive an hour to that apartment to get my packages"" this is incorrect and unsafe as the residents are unknown to me.

I needed the items for a work trip and had to order the items elsewhere! Still I was told to provide the photo evidence again because the seller stated the packages were delivered. The delivery was not disputed but where it was delivered was. It is clear Shie. Doesn't value customers and they just want you off the chat. I have deleted my account with the company.

Update 7-13-2026. No email has been received. However all of the information has been provided above.",false,0,Katrina Brittingham,69fb6a285f73f96a5aa4e772,US,4,false,"Hello!

We are truly sorry for the unpleasant experience.

In order to better resolve your concerns, we need you to provide specific information, such as your order number. We have sent you an email with the subject ""Request for information about your experience."" Please check your inbox (and spam folder), and reply to that email with the information we need.

Your feedback is our driving force for continuous improvement, and we truly value your opinion. We look forward to providing you with further assistance as soon as we receive your response. :)"
www.shein.com,id:6a504ac3552f47911a62cfa0,native_id,6a504ac3552f47911a62cfa0,1,2026-07-10T03:28:35.000Z,2026-07-03T00:00:00.000Z,Such a scam I bought a icecream needoh…,Such a scam I bought a icecream needoh and it came and it was nothing like a real one and the shipping  price was 9$!!!!! Outrageous ,false,0,Kaj,6a504aa8515c4d989b5e405b,US,1,false,"Hello!
In order to better resolve your concerns, we need you to provide specific information, such as your order number. We have sent you an email with the subject ""Request for information about your experience."" Please check your inbox (and spam folder), and reply to that email with the information we need.
Your feedback is our driving force for continuous improvement, and we truly value your opinion. We look forward to providing you with further assistance as soon as we receive your response. :)"
www.shein.com,id:6a502e88c098a9809a8e2123,native_id,6a502e88c098a9809a8e2123,5,2026-07-10T01:28:08.000Z,2026-07-09T00:00:00.000Z,shein swim dress,I ordered And just received the swim dress from shein and I am completely thrilled with it it fits perfectly true to size I would say and it's absolutely beautiful very very pleased and the price was awesome,false,0,LORI ,5fc44e57dd303d0019910f49,CA,11,false,
www.shein.com,id:6a4fbcce3d69c14d61f86c34,native_id,6a4fbcce3d69c14d61f86c34,1,2026-07-09T17:22:54.000Z,2026-07-08T00:00:00.000Z,This company is a total rip off on…,"This company is a total rip off on getting you to play their games and if got something worth anything you picked you will not win it, the rules are set up to cost you way more than you can win! I’d avoid them altogether. Not a good experience at all. They reset Happy Harvest and it showed days left for my wife and I to win their prizes and both of us picked pricy items and woke up today to finish the game and they took everything away. Not doing business with cheats. Good luck if you deal with SHEIN 🤬",false,0,mikey ward,6988da9545115d62235be54b,US,4,false,"Hello!

We are truly sorry for the unpleasant experience.

In order to better resolve your concerns, we need you to provide specific information, such as your order number. We have sent you an email with the subject ""Request for information about your experience."" Please check your inbox (and spam folder), and reply to that email with the information we need.

Your feedback is our driving force for continuous improvement, and we truly value your opinion. We look forward to providing you with further assistance as soon as we receive your response. :)"
www.shein.com,id:6a4f92b287162963808b468c,native_id,6a4f92b287162963808b468c,1,2026-07-09T14:23:14.000Z,2026-07-07T00:00:00.000Z,★☆☆☆☆,"★☆☆☆☆

I am extremely disappointed with my experience.

I placed order GSH17V39B000XJ5, but when my package arrived, five items were missing: four Musera sportswear items and one Flora Moment pink and white blanket.

I contacted customer support immediately and provided all the requested information. Instead of resolving the issue, I received repetitive responses and no real solution. I paid for products that I never received, yet SHEIN has refused to issue a refund or adequately investigate what happened.

Because of the lack of assistance, I have already filed a dispute with my bank for the missing items. I will also proceed with a formal complaint through the consumer protection authorities.

I have been a SHEIN customer before, but this experience has completely destroyed my trust in the company. If your package arrives incomplete, don’t expect customer service to take responsibility.

I hope SHEIN reviews my case and finally refunds the items I paid for but never received.


-SHEIN replied to my Trustpilot review saying they needed 24 hours to investigate and asked me to check the app for the resolution.

I did exactly that. The “resolution” in the app was simply that their internal investigation concluded that all the missing items were packed and shipped correctly, so they refused to take responsibility and told me to check the package again or contact the courier.

This is completely unacceptable.

Five items were NOT inside the package when I opened it. They did not fall out, they were not misplaced, and I have already checked everything multiple times.

Instead of providing evidence or offering a real solution, SHEIN simply repeated that their warehouse says everything was shipped, which does not prove that I actually received those items.

So please don’t tell me this case is “being resolved.” It has already been answered, and the answer was to deny my claim without solving anything.

I have already opened a dispute with my bank for the missing items and I will also file a complaint with the consumer protection authorities. I will continue updating this review until this issue is resolved properly.

This has been one of the worst customer service experiences I’ve ever had. Buyers should know that if items are missing from their package, SHEIN may simply claim that everything was shipped and leave you without a refund or replacement.",false,0,Stefania Martinez,64b9da7922461500111bc116,AU,2,false,"Hello!

We sincerely apologize for any inconvenience caused—your experience is incredibly important to us 💝

According to the information you provided, we've identified your inquiry submitted via the SHEIN app and our dedicated support agent is expediting the resolution.We guarantee a clear response within 24 hours, and you can monitor real-time updates anytime in ""Service Records"".

🔹 Steps to Access:
Open SHEIN APP → Tap ""Me"" at bottom → ""Customer Service"" → ""Service Records""

Your feedback lights our path forward—we look forward to assisting you further."
www.shein.com,id:6a4f45168f911f124fcf9f94,native_id,6a4f45168f911f124fcf9f94,1,2026-07-09T08:52:06.000Z,2026-06-26T00:00:00.000Z,I ordered clothes for my child,"I ordered clothes for my child.  It's trendy but it was suppose to be a summer wear which was written,  but clothes material was not clearly mentioned, hence received were bad stuff, not weaeable for a child at all in summers, it is rough, crude and warm in quality. Second,  you deceive with the pictures, and send incomplete Materials, and third , there is no way to communicate you people and if one wants to refund or ask something.  No such platform exist. I have wasted so much money. I wont recommend this at all tbh, disappointed. ",false,0,bisama maryum,6a4f44ee4024a427fe9c0cbe,PK,1,false,"Hello!

We are truly sorry for the unpleasant experience.

In order to better resolve your concerns, we need you to provide specific information, such as your order number. We have sent you an email with the subject ""Request for information about your experience."" Please check your inbox (and spam folder), and reply to that email with the information we need.

Your feedback is our driving force for continuous improvement, and we truly value your opinion. We look forward to providing you with further assistance as soon as we receive your response. :)"
www.shein.com,id:6a4f3fd263e4a0e29bd00f50,native_id,6a4f3fd263e4a0e29bd00f50,1,2026-07-09T08:29:38.000Z,2026-05-28T00:00:00.000Z,Stole my money,"Stole my money. I made two orders, totaling over 200eur. I returned the items in two packages with the return labels they provided and these were successfully delivered 28.5 - it’s now 9.7 and I haven’t received the money back. When I contacted their support, they told me to contact the delivery company, but they have delivered the packages and provided the tracking for this, so the case is closed for them. I lost +200eur and will never order anything again, next will contact my credit card company to dispute the charges ",false,0,Sanna,57ce76aa0000ff000a416d33,NL,16,false,"Hello!

We are truly sorry for the unpleasant experience.

In order to better resolve your concerns, we need you to provide specific information, such as your order number. We have sent you an email with the subject ""Request for information about your experience."" Please check your inbox (and spam folder), and reply to that email with the information we need.

Your feedback is our driving force for continuous improvement, and we truly value your opinion. We look forward to providing you with further assistance as soon as we receive your response. :)"
www.shein.com,id:6a4f3cfed74b1f3461402eda,native_id,6a4f3cfed74b1f3461402eda,1,2026-07-09T08:17:34.000Z,2026-06-12T00:00:00.000Z,Received wrong product,"I ordered running vest but received completely wrong product, so i'am very disappointed and please consider this platform before ordering anything ",false,0,Muhammad Hammad Arshad,6a4f3cf315b72e4040f8f5dc,PK,1,false,"Hello!

We are truly sorry for the unpleasant experience.

In order to better resolve your concerns, we need you to provide specific information, such as your order number. We have sent you an email with the subject ""Request for information about your experience."" Please check your inbox (and spam folder), and reply to that email with the information we need.

Your feedback is our driving force for continuous improvement, and we truly value your opinion. We look forward to providing you with further assistance as soon as we receive your response. :)"
www.shein.com,id:6a4ea31f741ae1f2c382c0b4,native_id,6a4ea31f741ae1f2c382c0b4,1,2026-07-08T21:21:03.000Z,2026-07-07T00:00:00.000Z,Customer service  non existing trying…,"Customer service  non existing trying calling no responce,The issues I have is  that Ireturned an item that was defective  and they marked it as not meeting  their  criteria and refused a 41.48 refund they did refund  the 4.69 item thoughI am trying to connect with shein email don't go through so no idea how to get you more information about it here is my order no. GSH17S14COONV8M if you can read it then you find my review also on your website 
And act accordingly give me my money back",false,0,I Rini,6a4ea3104024a4acc89b870d,CA,2,false,"Hello!

We are truly sorry for the unpleasant experience.

In order to better resolve your concerns, we need you to provide specific information, such as your order number. We have sent you an email with the subject ""Request for information about your experience."" Please check your inbox (and spam folder), and reply to that email with the information we need.

Your feedback is our driving force for continuous improvement, and we truly value your opinion. We look forward to providing you with further assistance as soon as we receive your response. :)"
www.shein.com,id:6a4e54e6940f939d19e7be44,native_id,6a4e54e6940f939d19e7be44,1,2026-07-08T15:47:18.000Z,2026-01-04T00:00:00.000Z,SHEIN stole my money ,"Please costumers, 
I would advise people to stop ordering from SHEIN.
I ordered Two Christmas Trees from them! 
I never received them and SHEIN claims that they were delivered!!
Be careful with the online thieves!!

SHEIN,
You need to stop playing games. I already provided the order number and you said my order already delivered but I never received it!
You are a thief!!
Thank you ",false,0,Ursule Dumornay,6493402d83e73e0012560204,US,4,false,"Hello!

We are truly sorry for the unpleasant experience.

In order to better resolve your concerns, we need you to provide specific information, such as your order number. We have sent you an email with the subject ""Request for information about your experience."" Please check your inbox (and spam folder), and reply to that email with the information we need.

Your feedback is our driving force for continuous improvement, and we truly value your opinion. We look forward to providing you with further assistance as soon as we receive your response. :)"
www.shein.com,id:6a4e0c95b07b2ca1bbfb2d3e,native_id,6a4e0c95b07b2ca1bbfb2d3e,2,2026-07-08T10:38:45.000Z,2026-07-06T00:00:00.000Z,I am very disappointed in Shein,"I am very disappointed in Shein. For years I have purchased goods from them, and unlike all the horror stories, never got incorrect orders, or any other problems. Until my last order. 
I had ordered a large cross silicone mold to make 50 crosses for a wedding, and I recieved a small, different shaped, much cheaper mold. 
My problem lies in that their site is very user-unfriendly when it comes to this type of problem. Returning the smaller mold will cost me a fortune in shipping fees. Getting someone to attend to this is proving to be impossible, as their automated response bot does not have the correct option, and trying to get through to a human is not an option. I have sent 3 messages to their customer services, all to no avail.
 I am under a time constraint here, and am now forced to purchase the mold from the ""other"" site! 
Do better, Shein!!
",false,0,Margi Haarhoff,5deba36b1ef7dc85f2dabf55,ZA,5,false,"Hello！
According to the information you provided, we noticed our team has sent a solution regarding your order. Please check your email for updates. If no email was received, it may have been filtered to the spam folder. We hope to hear from you. :)"
www.shein.com,id:6a4d9f6ab3d3517ac952aa43,native_id,6a4d9f6ab3d3517ac952aa43,5,2026-07-08T02:52:58.000Z,2026-01-15T00:00:00.000Z,Love Shein.,Love Shein.,true,0,Jeannie Pawlowski,63edbb3c8f66370012ad9937,US,4,false,
www.shein.com,id:6a4d7075c225f61d98b935ea,native_id,6a4d7075c225f61d98b935ea,4,2026-07-07T23:32:37.000Z,2026-05-05T00:00:00.000Z,I've had a great experience shopping…,"I've had a great experience shopping with SHEIN. The website is easy to use, there are so many styles to choose from, and the prices are very affordable. My order arrived on time, and everything was well packaged. The clothes matched the descriptions and fit better than I expected. I also liked being able to track my order throughout the delivery process. Overall, I'm very satisfied with my purchase and will definitely shop with SHEIN again. Highly recommended for anyone looking for trendy fashion at reasonable prices!
",false,0,Hudson Reichel,6a4d6127000ce3e008a24f6c,US,3,false,
www.shein.com,id:6a4d6ab40bec251e9b0fb523,native_id,6a4d6ab40bec251e9b0fb523,2,2026-07-07T23:08:04.000Z,2026-06-09T00:00:00.000Z,Where is my refund?,"I sent just about everything back I ordered - either the size was wrong or the fabric quality wasn't good. Worse still - I'm waiting for my refund of over $300 and have been for a month. I've called my bank and they don't have it there yet. So where is it? Every time I try to contact Shein through customer service the page just winds over and over and then I get a - Whoops - something went wrong. Anyone have any ideas how I can get my refund?
",false,0,Deb White,6a4d6a9ab90f9d8239201394,AU,1,false,"Hello!

We are truly sorry for the unpleasant experience.

In order to better resolve your concerns, we need you to provide specific information, such as your order number. We have sent you an email with the subject ""Request for information about your experience."" Please check your inbox (and spam folder), and reply to that email with the information we need.

Your feedback is our driving force for continuous improvement, and we truly value your opinion. We look forward to providing you with further assistance as soon as we receive your response. :)"
www.shein.com,id:6a4d4c4ed8b7c7e546136f71,native_id,6a4d4c4ed8b7c7e546136f71,1,2026-07-07T20:58:22.000Z,2026-07-06T00:00:00.000Z,The quality has gone down quite a lot…,"The quality has gone down quite a lot as compared to a few years ago. I am deeply disappointed with the items I have ordered.
Also, they trick you to pay express shipping as that is their first option and you need to go and change it. When it should be the other way around. 
I initially chose standard shipping and look when I checked my order placed there we go a $26 shipping fee as it is their default option. When they say express, it in not really express when you get it a day or two before the regular shipping period. ",false,0,Neha Sharma,5b844b504de5666d34e104b9,CA,2,false,"Hello!

We are truly sorry for the unpleasant experience.

In order to better resolve your concerns, we need you to provide specific information, such as your order number. We have sent you an email with the subject ""Request for information about your experience."" Please check your inbox (and spam folder), and reply to that email with the information we need.

Your feedback is our driving force for continuous improvement, and we truly value your opinion. We look forward to providing you with further assistance as soon as we receive your response. :)"
www.shein.com,id:6a4d378577fa535f67dba45f,native_id,6a4d378577fa535f67dba45f,1,2026-07-07T19:29:41.000Z,2026-06-29T00:00:00.000Z,I ordered 50 coat hangers and received one.,"I ordered 50 coat hangers and received exactly one — broken one. The product photo clearly shows 50 hangers, which is false advertising, plain and simple. To their credit, they did issue a refund, but kept the shipping charges, which feels like adding insult to injury. Save yourself the hassle and order elsewhere.",false,0,TimeMan,6a4d373b9371bf640a76fc19,US,1,false,"Hello!

We are truly sorry for the unpleasant experience.

In order to better resolve your concerns, we need you to provide specific information, such as your order number. We have sent you an email with the subject ""Request for information about your experience."" Please check your inbox (and spam folder), and reply to that email with the information we need.

Your feedback is our driving force for continuous improvement, and we truly value your opinion. We look forward to providing you with further assistance as soon as we receive your response. :)"
www.shein.com,id:6a4d2a7520db4b5f58cc33d3,native_id,6a4d2a7520db4b5f58cc33d3,1,2026-07-07T18:33:57.000Z,2026-07-07T00:00:00.000Z,Shein your customer service is…,Shein your customer service is absolutely useless the person I was put through to was called West he did not listen to a word I was saying he kept repeating himself im sure it was a robot I felt like he was mocking me ,false,0,Joanne,605fb9742d361e0019c68bee,GB,39,false,"Hello!

We are truly sorry for the unpleasant experience.

In order to better resolve your concerns, we need you to provide specific information, such as your order number. We have sent you an email with the subject ""Request for information about your experience."" Please check your inbox (and spam folder), and reply to that email with the information we need.

Your feedback is our driving force for continuous improvement, and we truly value your opinion. We look forward to providing you with further assistance as soon as we receive your response. :)"
www.shein.com,id:6a4d1fa8eb54cafcd76ca3ce,native_id,6a4d1fa8eb54cafcd76ca3ce,1,2026-07-07T17:47:52.000Z,2026-07-06T00:00:00.000Z,I wish to inform you that SHEIN is…,"I wish to inform you that SHEIN is absolutely a disaster. Do not order from them . I got an order with missing items and that are telling me to check my parcel carefully. Like I’m stupid and   Cannot see the dresses and t shirts that are not in my package . They refuse to help or offer a replacement or refund.
Keep away 
",false,0,Gee,6a4d1f8cb90f9d45ff1f970e,GB,1,false,"Hello!

We are truly sorry for the unpleasant experience.

In order to better resolve your concerns, we need you to provide specific information, such as your order number. We have sent you an email with the subject ""Request for information about your experience."" Please check your inbox (and spam folder), and reply to that email with the information we need.

Your feedback is our driving force for continuous improvement, and we truly value your opinion. We look forward to providing you with further assistance as soon as we receive your response. :)"
www.shein.com,id:6a4d17336031ca923076e1cf,native_id,6a4d17336031ca923076e1cf,1,2026-07-07T17:11:47.000Z,2026-07-07T00:00:00.000Z,Absolutely disgusting DO NOT shop with…,"Absolutely disgusting DO NOT shop with shein
My parcel is missing i have asked for a refund, keep getting told logistics blah blah blah
Told come back tomorrow in which i do just to be told the same thing
Quick enough to take your money but a complete nightmare to get it back
Worse customer service all robots and not real people 
Shein should be ashamed of themselves 
I will be advising anyone and everyone avoid shein at all costs they are an awful company ",false,0,Kim Potten,5ea3d0bc0b753b2aa5f8474d,GB,4,false,"Hello!

We are truly sorry for the unpleasant experience.

In order to better resolve your concerns, we need you to provide specific information, such as your order number. We have sent you an email with the subject ""Request for information about your experience."" Please check your inbox (and spam folder), and reply to that email with the information we need.

Your feedback is our driving force for continuous improvement, and we truly value your opinion. We look forward to providing you with further assistance as soon as we receive your response. :)"
www.shein.com,id:6a4cc25d3fc27caecf7081e3,native_id,6a4cc25d3fc27caecf7081e3,1,2026-07-07T11:09:49.000Z,2026-07-07T00:00:00.000Z,I DO NOT RECOMMEND THIS 😡 I have never…,"I DO NOT RECOMMEND THIS 😡 I have never experienced such stupid and pathetic customer service. It’s infuriating!! For two weeks now, I’ve been trying to explain that I received the package, but not at the address I specified—yet they just don't understand what I'm saying. They keep insisting that the package wasn't lost, that it was delivered!!! I tell them: I’m not saying it wasn't delivered; I’m saying it was delivered to the wrong address!!! I’ve told them this countless times... and they still don't get it. I can't believe real people work in their customer service department; they must be using automated robot responders that spout complete nonsense. THAT’S IT—I AM NEVER BUYING FROM THEM AGAIN...",false,0,Emey M,65c386fb0606b70012264241,LT,7,false,"Hello!

We are truly sorry for the unpleasant experience.

In order to better resolve your concerns, we need you to provide specific information, such as your order number. We have sent you an email with the subject ""Request for information about your experience."" Please check your inbox (and spam folder), and reply to that email with the information we need.

Your feedback is our driving force for continuous improvement, and we truly value your opinion. We look forward to providing you with further assistance as soon as we receive your response. :)"
www.shein.com,id:6a4ca36d4cc5bd069f136d79,native_id,6a4ca36d4cc5bd069f136d79,1,2026-07-07T08:57:49.000Z,2026-07-03T00:00:00.000Z,This company are dishonest,"This company are dishonest, I ordered 20 items fence posts only got 12 damaged box through transaction won’t refund me totally disappointed ",false,0,Carolyn Spence,61f2da64b41a7e0013a9a1a9,GB,23,false,"Hello!

We are truly sorry for the unpleasant experience.

In order to better resolve your concerns, we need you to provide specific information, such as your order number. We have sent you an email with the subject ""Request for information about your experience."" Please check your inbox (and spam folder), and reply to that email with the information we need.

Your feedback is our driving force for continuous improvement, and we truly value your opinion. We look forward to providing you with further assistance as soon as we receive your response. :)"
www.shein.com,id:6a4c0ef65fa2bef588961bb1,native_id,6a4c0ef65fa2bef588961bb1,3,2026-07-06T22:24:22.000Z,2026-07-06T00:00:00.000Z,I've had decent luck with shein,"I've had decent luck with shein. However I wish they would allow you to take your wishlist and break it into categories (I know they have boards to copy the items to, but it doesn't remove that item from the main wishlist, so I'm still having to scroll through almost 2000 things to find anything I haven't been able to categorize yet) I wish it was more like Amazon where if you add something to a list it's only on that SPECIFIC list, not part of a two thousand item list. 

I've had hit and miss with the return/refund policies. I wanted to leave feedback and a suggestion for them but there's no way to do that. Item quality varies and be sure to pay close attention to which options you've selected because sometimes there's an item that says like 0.89 but then you go to the listing and the actual thing you want is like 8 bucks and the listing price was for some random crap like a clear hook or things like that. ",false,0,Jasmine LaFrance,6a4c0eee000ce3127ea08497,US,1,false,"Hello, sorry for any inconvenience.
To protect your privacy, we suggest you contact our customer service through this link: https://us.shein.com/robot?page=navigationBar 
Please type your question directly in the message box to get an answer or solution.
Or you can contact Customer Service by app.
Click ""me""-->support-->customer service-->type your question directly in the message box to get an answer or solution.
If the answers don't match, please go ahead and describe the issue in detail and submit a ticket to get manual service. We'll offer a proper solution for you asap. Thank you and have a nice day!❤️"
www.shein.com,id:6a4b0908d7e4a15b2e5ba641,native_id,6a4b0908d7e4a15b2e5ba641,1,2026-07-06T03:46:48.000Z,2026-07-05T00:00:00.000Z,This is the worst website to even try…,This is the worst website to even try to fiqure out. Very frustrating and constantly get emails with offers that don't exist also they keep updating my delivery times says you get five dollars if it's late but they keep pushing the delivery dates out the worst website ever will never order from them again. I can't even imagine what it be like to try to get a refund or return items do not order from Sheen ever. ,false,3,Denise Clark,6973fdc54698846801718b35,US,3,false,"Hello!

We are truly sorry for the unpleasant experience.

In order to better resolve your concerns, we need you to provide specific information, such as your order number. We have sent you an email with the subject ""Request for information about your experience."" Please check your inbox (and spam folder), and reply to that email with the information we need.

Your feedback is our driving force for continuous improvement, and we truly value your opinion. We look forward to providing you with further assistance as soon as we receive your response. :)"
www.shein.com,id:6a4ad5f920f994c89ba5b86a,native_id,6a4ad5f920f994c89ba5b86a,1,2026-07-06T00:08:57.000Z,2026-06-15T00:00:00.000Z,Shame on Shein!,"Parcel ID: H023FA1321733725
Order ID: GSO1YB14B004475
Order time: 2026-05-15 22:53:12

I wrote a truthful review about Shein on June 16th. An order I had placed had not been received. The delivery company, EVRI, left the parcel on my doorstep without notifying me that they had done so, or indeed, that they even had the package. 
Shein responded on the Trustpilot platform, then Viviana from the company contacted me by email on 18th June, asking that I withdraw my complaint which she wrote is causing a refund that they wanted to sanction, being blocked by PayPal. I contacted PayPal and money being held had been released to Shein the week prior. I was assured that I would receive a refund ""immediately"". Three weeks later, I am still waiting and Viviana is not responding to my emails. How disgraceful! Shein has definitely lost its shine. Their response and promise of a refund was just for show.",false,1,Chrystal Rose,589f0da30000ff000a76524b,GB,33,false,"Hello！

According to the information you provided, we noticed our team has sent a solution regarding your order. Please check your email for updates. If no email was received, it may have been filtered to the spam folder. We hope to hear from you. :)"
www.shein.com,id:6a4ad1177a9ad92b38c8d236,native_id,6a4ad1177a9ad92b38c8d236,1,2026-07-05T23:48:07.000Z,2026-06-03T00:00:00.000Z,The customer service is just awful!,"The customer service is just awful!! I’ve been ordering and playing the puppy keep for years. I don’t have a problem with the merchandise at all. 
I do however have a problem with the Puppy Keep game. Myself and people I had sign up have been ripped off, ignored and sent automated messages. I know how to play the game and they tell me I did something wrong instead of just fixing the problem!! All I asked is for them to give me the prize I picked and not the lousy credit they switched it too. 
Absolutely terrible treatment!!",false,1,Linda,6a4ad0f59371bf66d473c768,US,2,false,"Hello!

We are truly sorry for the unpleasant experience.

In order to better resolve your concerns, we need you to provide specific information, such as your order number. We have sent you an email with the subject ""Request for information about your experience."" Please check your inbox (and spam folder), and reply to that email with the information we need.

Your feedback is our driving force for continuous improvement, and we truly value your opinion. We look forward to providing you with further assistance as soon as we receive your response. :)"
www.shein.com,id:6a4ac0a287d9c0e2a6b9a2e6,native_id,6a4ac0a287d9c0e2a6b9a2e6,1,2026-07-05T22:37:54.000Z,2026-07-01T00:00:00.000Z,Shein will scam you even with evidence!,"This is regarding order 
USU17H43C0000000MDX which I spent $142.12 on!! This order was marked as delivered in a completely different city so I immediatly contacted usps for more information and i was sent a letter from them stating that the package was infact misdelivered to a different city by them by mistake even after providing this evidence and letter to shein!! They have deliberately dragged out this whole process in order to make it impossible to give me my refund! Even during the live chat the ai message wont let me speak with an actual human! They claim they are investigating which is a complete lie they tell all customers that in hopes that you get tired and stop fighting for your money back! but at this point I will file a chargeback and show my bank that shein is the fraudulent one who scams people!
",false,1,Panini,68ffcae9ec11db09df0ee78d,US,7,false,"Hello!

We sincerely apologize for any inconvenience caused—your experience is incredibly important to us 💝

Accoring to the information you provided, we've identified your inquiry submitted via the SHEIN app and our dedicated support agent is expediting the resolution.We guarantee a clear response within 24 hours, and you can monitor real-time updates anytime in ""Service Records"".

🔹 Steps to Access:
Open SHEIN APP → Tap ""Me"" at bottom → ""Customer Service"" → ""Service Records""

Your feedback lights our path forward—we look forward to assisting you further."
www.shein.com,id:6a4a80b60386da0f318a480e,native_id,6a4a80b60386da0f318a480e,1,2026-07-05T18:05:10.000Z,2026-06-30T00:00:00.000Z,I received a different product than the…,"I received a different product than the one I ordered. Can't get a hold of customer service to correct the problem.
Update: I have yet to receive your email. Try again please.",false,0,Lemon pound cake,6a4a80ae000ce3a9f49e87e8,US,1,false,"Hello！
According to the information you provided, we noticed our team has sent a solution regarding your order. Please check your email for updates. If no email was received, it may have been filtered to the spam folder. We hope to hear from you. :)"
www.shein.com,id:6a4a801a98a19c85c4e0932a,native_id,6a4a801a98a19c85c4e0932a,1,2026-07-05T18:02:34.000Z,2026-07-02T00:00:00.000Z,Poor customer service not responding…,Poor customer service not responding and some items have wrong issues careful when you add your money ,false,0,Fawzi Neamatalla,685883544e662d44564b28d3,GB,4,false,"Hello！
According to the information you provided, we noticed our team has sent a solution regarding your order. Please check your email for updates. If no email was received, it may have been filtered to the spam folder. We hope to hear from you. :)"
www.shein.com,id:6a4a1f4893822bd78b24a391,native_id,6a4a1f4893822bd78b24a391,1,2026-07-05T11:09:28.000Z,2026-07-04T00:00:00.000Z,I won a grab a gift and it was…,"I won a grab a gift and it was exchanged to money in my wallet £229 that has to be used in 30 days but they have frozen my account so i cant
 spend it and no explanation why ,,very disappointing.",false,0,Evelyn morgan,6221bdfaa2046900122baa78,GB,2,false,"Hello!

We are truly sorry for the unpleasant experience.

In order to better resolve your concerns, we need you to provide specific information, such as your order number. We have sent you an email with the subject ""Request for information about your experience."" Please check your inbox (and spam folder), and reply to that email with the information we need.

Your feedback is our driving force for continuous improvement, and we truly value your opinion. We look forward to providing you with further assistance as soon as we receive your response. :)"
www.shein.com,id:6a4a1e90af02a11d6c40d8a5,native_id,6a4a1e90af02a11d6c40d8a5,1,2026-07-05T11:06:24.000Z,2026-05-20T00:00:00.000Z,Missing items not received .,"I bought a big order some time ago.
This order came in two lots but I realised certain items were not there 
I went back into Shein and I couldn’t find my order details it will only show a selection of what I ordered. I went into my basket and approx six to seven items are still in my basket. I queried this with them as I paid for the whole order. I received no answer so queried again and then numerous times since
I have still received no communication from them.
As such I will never shop with them again and that was before these new charges, but there is approx €30 sitting in my basket that I never received but paid for. My next step is to report it to my bank. Very disappointed and as it was all holiday stuff I had to replace everything somewhere else. Terrible costumer service.",false,0,Martina Murphy,6775188396e7d4a502d4a6bc,IE,3,false,"Hello！

According to the information you provided, we noticed our team has sent a solution regarding your order. Please check your email for updates. If no email was received, it may have been filtered to the spam folder. We hope to hear from you. :)"
www.shein.com,id:6a49e6098b47efa0c671e03a,native_id,6a49e6098b47efa0c671e03a,1,2026-07-05T07:05:13.000Z,2026-07-05T00:00:00.000Z,Warehouse error & ignored paid guarantee — Order GSH17R33N00NS4B,"Stop writing template messages, give me my money back, I paid for the warranty?!!!


Your employee sent me a so-called ""resolution"" asking me to return the items, but this is NOT a real solution. I specifically paid extra for your Return Assurance / Shipping Guarantee to ensure a hassle-free process, yet your team has created endless problems instead of protecting my purchase. As I already stated, a physical return from Azerbaijan to your Dubai hub is legally and logistically impossible for a private citizen due to strict international customs regulations, regardless of who pays for shipping. Your automated system continues to reject my clear, high-quality photos on a uniform background. Since your team ignores the paid guarantee, refuses to issue a direct refund for your own warehouse error, and offers impossible return options, I have already escalated this to an external consumer protection platform and my next step today is contacting my bank to initiate a forced chargeback. Order GSH17R33N00NS4B requires an immediate manual refund without return!",false,1,Mika Kariz,6a4770389371bf6ac27064ce,AZ,1,false,"Hello!
We sincerely apologize for any inconvenience caused—your experience is incredibly important to us 💝
Accoring to the information you provided, we've identified your inquiry submitted via the SHEIN app and our dedicated support agent is expediting the resolution.We guarantee a clear response within 24 hours, and you can monitor real-time updates anytime in ""Service Records"".
🔹 Steps to Access:
Open SHEIN APP → Tap ""Me"" at bottom → ""Customer Service"" → ""Service Records""
Your feedback lights our path forward—we look forward to assisting you further."
www.shein.com,id:6a47d601c17f279847911b35,native_id,6a47d601c17f279847911b35,1,2026-07-03T17:32:17.000Z,2026-06-25T00:00:00.000Z,Returns policy,"I returned an item costing £6:39 to the company. It was in perfect condition and they gave me a refund of 49pence. I find this totally unacceptable.
While some goods have been fine I have absolutely lost faith with SHEIN and will not be patronising them further.
After further communication with SHEIN I have now received a full refund. Thank you.",false,1,Kath Smart,686eea082824b54d1f34b5f2,GB,5,false,"Hello！
According to the information you provided, we noticed our team has sent a solution regarding your order. Please check your email for updates. If no email was received, it may have been filtered to the spam folder. We hope to hear from you. :)"
www.shein.com,id:6a47c24a6184bb0d1f4d8a19,native_id,6a47c24a6184bb0d1f4d8a19,1,2026-07-03T16:08:10.000Z,2026-06-26T00:00:00.000Z,Horrible customer service ,"As usual, horrible customer service. Didn't answer to my complaint about defective products  and now, after ignoring it for a couple days, they're saying the date for returning expired. I have proof that the hair irons I bought only work when plugged into the cable, without it the battery won't stay charged - I can provide the video. And NO, I haven't received any email from SHEIN with that subject and yes, I've checked my Spam.",false,0,Ana Dudley,64c1cf3158e33b0011321bff,US,10,false,"Hello!

We are truly sorry for the unpleasant experience.

In order to better resolve your concerns, we need you to provide specific information, such as your order number. We have sent you an email with the subject ""Request for information about your experience."" Please check your inbox (and spam folder), and reply to that email with the information we need.

Your feedback is our driving force for continuous improvement, and we truly value your opinion. We look forward to providing you with further assistance as soon as we receive your response. :)"
www.shein.com,id:6a47bc7c8e2c10659f4f45c6,native_id,6a47bc7c8e2c10659f4f45c6,1,2026-07-03T15:43:24.000Z,2026-07-03T00:00:00.000Z,Sometimes it's a great site but…,"Sometimes it's a great sight but sometimes they work with third party.People who take your money and don't want to deliver anything that you really need.Honestly, it's a bad look for their company and they lost a customer.",false,0,Anthony Paolillo,6936f9026148ea3c5ffe7f38,US,7,false,"Hello!

We are truly sorry for the unpleasant experience.

In order to better resolve your concerns, we need you to provide specific information, such as your order number. We have sent you an email with the subject ""Request for information about your experience."" Please check your inbox (and spam folder), and reply to that email with the information we need.

Your feedback is our driving force for continuous improvement, and we truly value your opinion. We look forward to providing you with further assistance as soon as we receive your response. :)"
www.shein.com,id:6a47961475a9f6c40bcbfa6e,native_id,6a47961475a9f6c40bcbfa6e,1,2026-07-03T12:59:32.000Z,2026-07-03T00:00:00.000Z,Be careful,"Be careful. When checking out, add up the items on your calculator as it is a massive difference. My items came to £92.48. However, when checking out it said £109.88?! Check! They are sneaky ",false,0,Martine,59c8d8600000ff000acd311e,IM,10,false,"Hello!

We are truly sorry for the unpleasant experience.

In order to better resolve your concerns, we need you to provide specific information, such as your order number. We have sent you an email with the subject ""Request for information about your experience."" Please check your inbox (and spam folder), and reply to that email with the information we need.

Your feedback is our driving force for continuous improvement, and we truly value your opinion. We look forward to providing you with further assistance as soon as we receive your response. :)"
www.shein.com,id:6a475ae7a4fef8e4b3dcc20f,native_id,6a475ae7a4fef8e4b3dcc20f,1,2026-07-03T08:47:03.000Z,2026-07-02T00:00:00.000Z,Returns process is a scam,"Never had any problems until recently. I ordered several dresses for an event, tried them on, didn’t like them and sent them back. I must’ve tried each dress on for approximately 30 seconds. When I returned them, shein deducted large sums of money for supposedly faulty items. I don’t wear makeup, didn’t try them on near anything which could stain, tried everything on when I wasn’t too warm as to not leave sweat patches. I returned everything in the condition it arrived in, and clearly didn’t wear anything long enough to spot any stains.

One order contained 3 red dresses. The photos of the “damage” for all 3 dresses were the exact same dress 3 times. It is very obvious that they are the same dress, even though anyone with half a brain can see that those dresses were actually completely different shades of red and completely different materials. Customer services have been next to useless.",false,0,HK,5f5e6e3209588e780b27410e,GB,5,false,"Hello!

We sincerely apologize for any inconvenience caused—your experience is incredibly important to us 💝

According to the information you provided, we've identified your inquiry submitted via the SHEIN app and our dedicated support agent is expediting the resolution.We guarantee a clear response within 24 hours, and you can monitor real-time updates anytime in ""Service Records"".

🔹 Steps to Access:
Open SHEIN APP → Tap ""Me"" at bottom → ""Customer Service"" → ""Service Records""

Your feedback lights our path forward—we look forward to assisting you further."
www.shein.com,id:6a47424ccd007885026daf5a,native_id,6a47424ccd007885026daf5a,1,2026-07-03T07:02:04.000Z,2026-05-30T00:00:00.000Z,My experience with SHEIN’s customer…,"My experience with SHEIN’s customer service has been one of the most frustrating I’ve had with any online retailer.

I have tried on multiple occasions to return items, but every time I have contacted customer service, I have been given the impression that the issue would be resolved, only for nothing to happen. I repeatedly had to start the process all over again, explain everything from the beginning, and was passed from one agent to another without anyone actually taking ownership of the problem. After 8 months still not able to return. 

The customer service is incredibly poor. Responses feel scripted, promises are made but never followed through, and there seems to be no accountability whatsoever.

What concerned me most was that when I asked to escalate my complaint, I was told there was no manager I could speak to and no email address where I could submit a formal complaint. I found it unbelievable that a company of this size appears to have no way for customers to escalate unresolved issues.

As a loyal customer, this has been extremely disappointing. I don’t mind when mistakes happen, every company makes them, but what matters is how those mistakes are handled. Unfortunately, SHEIN has failed at every stage. I’ve wasted a huge amount of time chasing something that should have been straightforward.

Until SHEIN invests in competent customer service and a proper complaints process, I would think very carefully before ordering from them again. I won’t be! ",false,0,Kate,69482fdc6148ea3a50132457,GB,3,false,"Hello！

According to the information you provided, we noticed our team has sent a solution regarding your order. Please check your email for updates. If no email was received, it may have been filtered to the spam folder. We hope to hear from you. :)"
www.shein.com,id:6a4735e93477fdef11631f4e,native_id,6a4735e93477fdef11631f4e,1,2026-07-03T06:09:13.000Z,2026-07-03T00:00:00.000Z,Terrible customer service especially Eleanor,"My order was cancelled for unknown reason. They said I did not verify the order to which I did and received a message saying they would call me to verify the information and next thing I knew, the order was revoked and order was cancelled. I contacted customer service who only sent me templated messages, no empathy whatsoever, and she was being sarcastic the whole time. Her name's Eleanor. I asked for a manager to help me with the resolution since she said she's not able to give me the resolution I requested which is a voucher equivalent to what I used since I'm a new user with new device, email, number and even account. She said I don't have the grounds for superior contact. She just brushed me off completely, totally no customer service and she ended the chat abruptly. ",false,0,Gabrielle Marri,6a4735e05334ac7f750d30ce,PH,1,false,"Hello!

We are truly sorry for the unpleasant experience.

In order to better resolve your concerns, we need you to provide specific information, such as your order number. We have sent you an email with the subject ""Request for information about your experience."" Please check your inbox (and spam folder), and reply to that email with the information we need.

Your feedback is our driving force for continuous improvement, and we truly value your opinion. We look forward to providing you with further assistance as soon as we receive your response. :)"
www.shein.com,id:6a470e94bdfd1417a23319e4,native_id,6a470e94bdfd1417a23319e4,1,2026-07-03T03:21:24.000Z,2026-07-03T00:00:00.000Z,Sneaky and insidious,"Really poor standards of product description and pricing transparency. Product quality generally very poor. They also gamify shopping in a really sneaky way, using “coupons” and “promotions” of dubious value to get you to buy more stuff. The whole interface is like a kids’ game, leaving many shoppers vulnerable.",false,0,Arthur,62815a29a85f29001276417e,GB,2,false,"Hello
Thank you for sharing your feedback with us!
We greatly appreciate hearing from our customers and value your suggestion .
We've shared your suggestion with our team for evaluation, as it directly helps us enhance services and improve the experience for all customers.
Thank you once again for your support!"
www.shein.com,id:6a467ac003c84720f94874a4,native_id,6a467ac003c84720f94874a4,1,2026-07-02T16:50:40.000Z,2026-07-02T00:00:00.000Z,If you want a refund? good luck!!! ,"Some lovely items, but if you want a refund, that's a different matter!  I have been on the phone for most of the afternoon between my bank and Shein customer support(there isn't any support) was told to contact STRIPE, who is this? Apparently company who deals with refunds for Shein! Can I get hold of these people? NO!! NOT UNLESS I WANT START UP COMPANY!  NEVER WILL I USE THIS COMPANY AGAIN!! They've lost a very good new customer!! ",false,0,Jill Bryant,67606e24cbf69ae184747cbb,GB,16,false,"Hello!

We sincerely apologize for any inconvenience caused—your experience is incredibly important to us 💝

Accoring to the information you provided, we've identified your inquiry submitted via the SHEIN app and our dedicated support agent is expediting the resolution.We guarantee a clear response within 24 hours, and you can monitor real-time updates anytime in ""Service Records"".

🔹 Steps to Access:
Open SHEIN APP → Tap ""Me"" at bottom → ""Customer Service"" → ""Service Records""

Your feedback lights our path forward—we look forward to assisting you further."
www.shein.com,id:6a4668c05f37c43f20fdddbf,native_id,6a4668c05f37c43f20fdddbf,1,2026-07-02T15:33:52.000Z,2026-07-02T00:00:00.000Z,SHAMEFUL,"I placed an order for au pair of shoes. Promised a delivery within three business days, latest arrival 1st July. Needless to say this did not arrive. Not only has it not arrived. It also has not even shipped yet. So I contacted customer service to cancel this order because now it is too late. The reason for the order will have passed by the time it gets here. It is not an unreasonable request to cancel an order that has not even shipped. Having the displeasure of dealing with your customer service representative and hearing  a lot of apologies and they will expedite the order, they obviously did not understand that I don’t need the order anymore. You haven’t shipped it just cancel it and refund my money. But because you choose not to empower your employees to make any common sense decisions they are unable to complete a simple task. You think it is better to continue with the shipment and then having me refuse it or have to return it and incur more cost is the better and sensible solution. This conversation went in circles to an absurd length and all I got was more apologies and will get it shipped as soon as possible. Obviously, no solution was reached. I am absolutely appalled by the treatment I received and cannot believe that your company operates in this manner. 
*********************************************

UPDATE 

Absolutely useless response from Shein.  They are proceeding to ship this order that I have repeatedly asked to cancel. 

Here is the interesting bit. I ordered a pair of Hoka shoes which they claim to be authentic. 
Because Shein is being so unhelpful, I did some checking.  Here is what I found out. 

SHEIN IS NOT AN AUTHORISED SELLER OF HOKA PRODUCTS. 

(You can check the internet for verification. )

So I believe it is in their best interest to cancel the order.
",false,1,Sandi,5a55ac650000ff000afe254e,GB,131,false,"Hello!

We sincerely apologize for any inconvenience caused—your experience is incredibly important to us 💝

Accoring to the information you provided, we've identified your inquiry submitted via the SHEIN app and our dedicated support agent is expediting the resolution.We guarantee a clear response within 24 hours, and you can monitor real-time updates anytime in ""Service Records"".

🔹 Steps to Access:
Open SHEIN APP → Tap ""Me"" at bottom → ""Customer Service"" → ""Service Records"" 

Your feedback lights our path forward—we look forward to assisting you further."
www.shein.com,id:6a4633ac01b8e581591726ab,native_id,6a4633ac01b8e581591726ab,1,2026-07-02T11:47:24.000Z,2026-06-23T00:00:00.000Z,Absolutely terrible experience with…,"Absolutely terrible experience with SHEIN.

I ordered a bedside crib and received a bookshelf — not once, but TWICE. This is clearly their mistake, yet they expect me to fix it myself by carrying two heavy bookshelves to an Evri drop-off point and printing labels at my own expense.

Customer service has been completely unhelpful. They keep repeating the same response instead of taking responsibility or offering a proper solution. No offer of collection, no accountability — just inconvenience for the customer.

It’s unacceptable to send the wrong items and then expect the customer to do all the work to return them, especially when the items are large and heavy.

I will not be ordering from SHEIN again. Save yourself the hassle and shop elsewhere.
",false,1,Mero kazemi,6a4633329371bf4b6f6ecf95,GB,2,false,"Hello!

We sincerely apologize for any inconvenience caused—your experience is incredibly important to us 💝

Accoring to the information you provided, we've identified your inquiry submitted via the SHEIN app and our dedicated support agent is expediting the resolution.We guarantee a clear response within 24 hours, and you can monitor real-time updates anytime in ""Service Records"".

🔹 Steps to Access:
Open SHEIN APP → Tap ""Me"" at bottom → ""Customer Service"" → ""Service Records""

Your feedback lights our path forward—we look forward to assisting you further."
www.shein.com,id:6a462914e13edf84a8f4dcf6,native_id,6a462914e13edf84a8f4dcf6,1,2026-07-02T11:02:12.000Z,2026-07-02T00:00:00.000Z,complete waste of time because all beautiful designs are made of plastic,"They have vastly beautiful designs and I would love to buy them. But Shein is a complete waste of time: whatever I look up, I scroll down and see: it is made of plastic. why don't these guys understand that European customers are mostly not interested in buying plastic garbage in which people sweat to death is summer??? It would be so easy to do: in the filters, Shein could offer a filter for 100% cotton and another filter for almost all cotton and a little elasthan. Then everyone can find what they want, let that be good materials or let that be plastic...",false,0,Bob,622c6281017be60012994438,CH,20,false,"Hello
Thank you for sharing your feedback with us!
We greatly appreciate hearing from our customers and value your suggestion .
We've shared your suggestion with our team for evaluation, as it directly helps us enhance services and improve the experience for all customers.
Thank you once again for your support!"
www.shein.com,id:6a45835c942ba2e52fd5deb1,native_id,6a45835c942ba2e52fd5deb1,1,2026-07-01T23:15:08.000Z,2026-06-30T00:00:00.000Z,DON’T BUY AT SHEIN!!! ,"Don't buy at SHEIN!! The orders do not arrive complete and when you send the request for clarification they refuse to be responsible, they do not send you the missing products and they do not refund your money. Of our order of 24 products, 7 DID NOT ARRIVE!!! That is, almost a third of our order did not arrive!!! We are very disappointed and we will not buy from SHEIN again!! And I recommend that you don't do it either if you don't want to lose your money!!",false,1,Andrea,6a4582e65334aca13a0b3078,MX,1,false,"Hello！

According to the information you provided, we noticed our team has sent a solution regarding your order. Please check your email for updates. If no email was received, it may have been filtered to the spam folder. We hope to hear from you. :)"
www.shein.com,id:6a457d81e4a9c5c5810f7508,native_id,6a457d81e4a9c5c5810f7508,1,2026-07-01T22:50:09.000Z,2026-06-30T00:00:00.000Z,DONT BUY on SHEIN if you dont want to be scammed.,"Frustration and total disappointment with SHEIN! Of our order of 24 items, 7 did not arrive, we contacted SHEIN and sent video evidence of the incomplete package and even so they do not want to be held responsible, they refuse to send the missing products or to refund the amount of them. DON'T BUY ON SHEIN IF YOU DON'T WANT TO BE SCAMMED!!",false,0,Luis Alonso  Anaya,6a457d5a000ce36246993eb3,MX,1,false,"Hello！

According to the information you provided, we noticed our team has sent a solution regarding your order. Please check your email for updates. If no email was received, it may have been filtered to the spam folder. We hope to hear from you. :)"
www.shein.com,id:6a455028b7a1202ac9820d8c,native_id,6a455028b7a1202ac9820d8c,1,2026-07-01T19:36:40.000Z,2026-05-25T00:00:00.000Z,CHINESE FRAUDS,"DON'T BUY HERE!!! Everything is fine, you buy a lot of stuff for years and then suddenly ... your account is blocked for some unknown reason. Shein claims they can't do anything about it, which is just pathetic 🫣🫣😵😵😳😳 and for me it's a huge problem. I told them to refund my account the equivalent of 691 points that I can't use, but they ignored me and stopped responding to messages. SHAME ON YOU, SHEIN 😡😡🤬🤬

NIE KUPUJCIE TUTAJ!!! Wszystko jest w porządku, kupujesz od cholery rzeczy przez wiele lat i nagle... Twoje konto zostaje zablokowane z nieznanego powodu. Shein twierdzi, że nic z tym nie może zrobić, co jest po prostu żałosne 🫣🫣😵😵😳😳  a dla mnie to ogromny problem. Kazalem im zwrócic na moje konto równowartość 691 punktów, których nie mogę wykorzystać, ale mnie zignorowali i przestali odpowiadać na wiadomości. WSTYDŹ SIĘ, SHEIN 😡😡🤬🤬",false,0,Magda,68089f3c3e76a47066a9e4be,PL,2,false,"Hello!

We sincerely apologize for any inconvenience caused—your experience is incredibly important to us 💝

Accoring to the information you provided, we've identified your inquiry submitted via the SHEIN app and our dedicated support agent is expediting the resolution.We guarantee a clear response within 24 hours, and you can monitor real-time updates anytime in ""Service Records"".

🔹 Steps to Access:
Open SHEIN APP → Tap ""Me"" at bottom → ""Customer Service"" → ""Service Records""

Your feedback lights our path forward—we look forward to assisting you further."
www.shein.com,id:6a450420b9f2fa07de2d8219,native_id,6a450420b9f2fa07de2d8219,1,2026-07-01T14:12:16.000Z,2026-06-23T00:00:00.000Z,Shameful ,"Like many others, I have used SHEIN over the years. Quality is ok and on the odd occasion the quality is good. Often when parcels are received, clothes are marked, creased and if I keep them I wash them straight away. My last order there was a mark on a dress, i returned it immediately. However SHEIN advised they would only offer a partial refund. I explained my case which fell completely on deaf ears. I asked for a breakdown of the refund and on multiple occasions received the same robotic AI response. I am still waiting for the “partial refund”, however I am so angry I have closed my account. Keep the £23.99. I am sure I am not the first or the last. SHEIN shame on you!!! Oh to add insult to injury, my last delivery by EVRI was at 01.30!!!!! Which SHEIN and EVRI thought was acceptable!!!!",false,1,SJ,5f98276b69b270001ab14244,GB,3,false,"Hello！

According to the information you provided, we noticed our team has sent a solution regarding your order. Please check your email for updates. If no email was received, it may have been filtered to the spam folder. We hope to hear from you. :)"
www.shein.com,id:6a44fd572bddaecd9dd8008e,native_id,6a44fd572bddaecd9dd8008e,1,2026-07-01T13:43:19.000Z,2026-06-23T00:00:00.000Z,Absolute Circus – Wasted Over a Week of My Time for Nothing,"I am extremely frustrated and disappointed with Shein’s so-called ""customer service"".
I placed an order more than a week ago. The money was successfully debited from my account. After that, I was forced into an endless verification hell. They kept asking me to send proof of payment again and again — screenshots, transaction records, etc. Every time they replied that the documents were ""unclear"" or ""incomplete"" and sent me new verification links.
I did everything they asked, multiple times. And what was the final result? Today they suddenly informed me that they are issuing a refund.
My question is: Why did you make me waste over a week sending you proof of payment if you could clearly see in your system that the money had already been received? What was the point of all this nonsense?
This is not fraud protection. This is pure disrespect and time-wasting. I had to chase them every single day, send documents repeatedly, and deal with generic replies. Absolutely terrible service.
If something goes wrong with your order at Shein — be prepared for stress, endless requests, and in the end, most likely a refund after wasting your time.
I do not recommend shopping here at all.


UPD: Just received yet another useless canned response from Shein support that has zero connection to reality.
I sent them around 10 different proofs of payment (screenshots of the transaction, bank statements, etc.), all perfectly matching their requirements. The money was clearly received on their end from day one, yet they kept demanding more documents, claiming everything was ""unclear"" or ""incomplete"".
Now they’re refunding the order while pretending they “couldn’t verify authorization.” If the payment went through, what the hell else did they need? This wasn’t security — it was pointless time-wasting and disrespect.
Avoid Shein. The stress isn’t worth it.

",false,0,Anastasia Osadchuk,6a44fd499371bf2f3e6d496c,AM,1,false,"Hello！

According to the information you provided, we noticed our team has sent a solution regarding your order. Please check your email for updates. If no email was received, it may have been filtered to the spam folder. We hope to hear from you. :)"
www.shein.com,id:6a4466c961d289a697df838d,native_id,6a4466c961d289a697df838d,1,2026-07-01T03:00:58.000Z,2026-06-30T00:00:00.000Z,POOR PACKAGING STICKER STUCK,I received a tshirt with the sticker STUCK on it because of poor packaging that got wet in the rain. They hemmed and hawwd blah blah this and that...when they could've just given me a refund for $13 whole dollars...for THEIR Quality Control MisHapp...QR Code was available at UPS...And i needed to go to Post Office then QR Code DISAPPEARED?? Then a return label needed to be printed?? The Post Office do not print labels it was 5 min til closing...too late to go baaaack to UPS to print a label...have to wait until tomorrow...day 3 trying to return a damaged $13 $hirt,false,0,Yvette,5d74665c1cfed0dbe4965919,US,18,false,"Hello！

According to the information you provided, we noticed our team has sent a solution regarding your order. Please check your email for updates. If no email was received, it may have been filtered to the spam folder. We hope to hear from you. :)"
www.shein.com,id:6a444d7a7be33dcd5d9a0011,native_id,6a444d7a7be33dcd5d9a0011,2,2026-07-01T01:12:58.000Z,2026-06-30T00:00:00.000Z,So I probably wouldn’t rate this site…,So I probably wouldn’t rate this site very high even though they sell cheap stuff. My granddaughter has placed so many orders and they always either get canceled or they can’t get delivered and good luck reaching out to customer service through email because they never respond so they’re lucky I gave them a two.,false,0,Lisa Ness,6a444d71b90f9d52e615668a,US,1,false,"Hello!

We are truly sorry for the unpleasant experience.

In order to better resolve your concerns, we need you to provide specific information, such as your order number. We have sent you an email with the subject ""Request for information about your experience."" Please check your inbox (and spam folder), and reply to that email with the information we need.

Your feedback is our driving force for continuous improvement, and we truly value your opinion. We look forward to providing you with further assistance as soon as we receive your response. :)"
www.shein.com,id:6a443917bd32024661bd7476,native_id,6a443917bd32024661bd7476,1,2026-06-30T23:45:59.000Z,2026-06-28T00:00:00.000Z,I believe that Shein has a big problem,"I believe that Shein has a big problem. Refusing to refund me for 3 items, one that was sent back and two others that I wanted to return but was told to keep and they would still give me credit have been deleted or removed from the order. I'm being ghosted! Unbelievable. Chat line is automated so I'm speaking with a robot? I'm angry. ",false,0,Myrna Espinoza Honaryar,69af2b4f157f7ba6f73ba6c9,US,2,false,"Hello!

We are truly sorry for the unpleasant experience.

In order to better resolve your concerns, we need you to provide specific information, such as your order number. We have sent you an email with the subject ""Request for information about your experience."" Please check your inbox (and spam folder), and reply to that email with the information we need.

Your feedback is our driving force for continuous improvement, and we truly value your opinion. We look forward to providing you with further assistance as soon as we receive your response. :)"
www.shein.com,id:6a43d810232fce05f4763a18,native_id,6a43d810232fce05f4763a18,3,2026-06-30T16:52:00.000Z,2026-06-30T00:00:00.000Z,So just putting this out there,"So just putting this out there, ..so I love Shein trendy stylish and affordable clothing! & for yearrs Ive bought a lot of stuff from Shein for myself and my children, on that note i would give SHEIN 4 to 5 stars easily...HOWEVER;  lately on social media sites, (on line in general) I am seeing videos/ &reading feedback from people stating that an abundance of Shein clothing is loaded with really bad toxic chemicals, in which some of these ""toxic"" chemicals wont even wash out ??? 🤔🧐 ... like,  what ????  😳...cmon Shein ? Or someone, PLEASE, tell me isnt so?? ...signed, a very CONCERNED Customer. 😞",false,0,Sunny Sky,66e2515569f189312e5bb597,US,2,false,"SHEIN takes product safety extremely seriously and is committed to offering safe and compliant products to our customers.

All vendors on our platform are required to comply with SHEIN’s code of conduct, safety standards, and all applicable laws. We partner with internationally recognised testing and quality-assurance agencies—including Bureau Veritas, Intertek, QIMA, SGS and TÜV SÜD—to help ensure that non-compliant products do not appear on our site. Where issues are identified, we take immediate action, which can include removing products or off-boarding vendors.

SHEIN additionally conducts randomized testing of products on our sites. If a product is deemed to be a compliance risk, or if any claims are made against a product, it is removed globally from our sites within 24 hours as a matter of caution whilst SHEIN conducts investigations. If non-compliance is verified, we do not hesitate to take appropriate follow-up action.

SHEIN endeavours to work closely with local product safety agencies, monitoring changes and developments of product safety compliance laws and regulations, and continuously invests and optimizes our product compliance processes.

In addtion, SHEIN has strategically invested, to intensify and expand initiatives for compliance management, carrying out millions of product and quality tests within the year."
www.shein.com,id:6a43b8b42198630ee784912a,native_id,6a43b8b42198630ee784912a,2,2026-06-30T14:38:12.000Z,2026-06-30T00:00:00.000Z,Took order but shoes were out of stock.  ,I ordered a hard to locate pair of shoes from Shein.  Within 4 days they reported that the shoes were out of stock and they did not know when they would get more stock.  I am suspicions that taking orders knowing items are out of stock is standard practice for them.  Meanwhile they hold customer money for more than a week.  ,false,0,RC,5ad0b7e34de5666d34538093,US,4,false,"Hello!

We are truly sorry for the unpleasant experience.

In order to better resolve your concerns, we need you to provide specific information, such as your order number. We have sent you an email with the subject ""Request for information about your experience."" Please check your inbox (and spam folder), and reply to that email with the information we need.

Your feedback is our driving force for continuous improvement, and we truly value your opinion. We look forward to providing you with further assistance as soon as we receive your response. :)"
www.shein.com,id:6a437ca41d881a4aa2c012bd,native_id,6a437ca41d881a4aa2c012bd,1,2026-06-30T10:21:56.000Z,2026-06-30T00:00:00.000Z,I have received notification on my…,I have received notification on my shein that I have been refused my refund for X2 black shorts and X1 pack of 3 pair shorts due to item damage or used. I am a customer who purchases regularly for my trips and I have never experienced any issues until this. This is deeply upsetting as I tried one pair of the longline shorts on and a grey pair of the 3 pack which I then simply folded and popped back in their packaging as they sadly didn’t fit. You have sent me images of fibres on the clothing. To be accused of damaging or wearing something is incredibly hurtful and I will be taking the matter further and ending my service as I don’t wish to experience this upset again. ,false,0,Rachel Victoria,68d1c1f67b741c0a639f12c1,GB,3,false,"Hello!

We are truly sorry for the unpleasant experience.

In order to better resolve your concerns, we need you to provide specific information, such as your order number. We have sent you an email with the subject ""Request for information about your experience."" Please check your inbox (and spam folder), and reply to that email with the information we need.

Your feedback is our driving force for continuous improvement, and we truly value your opinion. We look forward to providing you with further assistance as soon as we receive your response. :)"
www.shein.com,id:6a428c363bcd3f06c10cc445,native_id,6a428c363bcd3f06c10cc445,3,2026-06-29T17:16:06.000Z,2026-06-22T00:00:00.000Z,Product was okay quality,"Product was okay quality. Definitely not a long term piece. Dont use your email address, maybe create just for this purpose because Shein definitely sells email addresses out. My spam count went throught he roof after ordering from this vendor.",false,0,njmmjm,62f92d14b642bb0014a6daf3,US,2,false,"SHEIN is committed to providing our customers with quality products and services. We have a set of strict product quality inspection standards and procedures. Our vendors are required to comply with these standards.

SHEIN takes the protection of customer information very seriously, and maintains rigorous internal controls and monitoring systems to safeguard data and prevent unauthorised access. To uphold our commitment to protecting user information, we commit resources and capabilities to maintain strong data security practices.

Our global Privacy Team works to protect the personal data of our customers in line with leading industry practices and applicable regulations. SHEIN has strict security measures in place, including encryption technology, secure data storage, and a secure network system, to protect users' personal information. SHEIN has been certified as compliant with ISO 27001, ISO 27701 and PCI DSS data protection standards."
www.shein.com,id:6a425a79f233962be45a95be,native_id,6a425a79f233962be45a95be,1,2026-06-29T13:43:53.000Z,2026-06-23T00:00:00.000Z,Terrible Service – Wasting My Time for Over a Week!,"I am extremely frustrated and angry with Shein’s customer service.
I placed an order more than a week ago. The money was successfully debited from my card, but the order is still not shipped. Instead, I’m stuck in an endless verification loop.
I have already sent all the required documents and transaction screenshots multiple times in the exact format they requested. Every time they reply with the same generic message: “screenshot is unclear”, “please resubmit via the link”. This is not customer service — this is pure harassment.
Shein has my money but refuses to ship the order. I have to waste my time every single day chasing them. The quality of their service is absolutely terrible.
If you value your time and nerves, I strongly advise you to avoid shopping at Shein.
I will be forced to file a chargeback with my bank and contact consumer protection authorities if my order is not shipped immediately.
------------------------------
I am extremely frustrated and disappointed with Shein’s so-called ""customer service"".
I placed an order more than a week ago. The money was successfully debited from my account. After that, I was forced into an endless verification hell. They kept asking me to send proof of payment again and again — screenshots, transaction records, etc. Every time they replied that the documents were ""unclear"" or ""incomplete"" and sent me new verification links.
I did everything they asked, multiple times. And what was the final result? Today they suddenly informed me that they are issuing a refund.
My question is: Why did you make me waste over a week sending you proof of payment if you could clearly see in your system that the money had already been received? What was the point of all this nonsense?
This is not fraud protection. This is pure disrespect and time-wasting. I had to chase them every single day, send documents repeatedly, and deal with generic replies. Absolutely terrible service.
If something goes wrong with your order at Shein — be prepared for stress, endless requests, and in the end, most likely a refund after wasting your time.
I do not recommend shopping here at all.",false,0,Phill Lime,6a425a705334ac171306d2b1,AM,1,false,"Hello!

We sincerely apologize for any inconvenience caused—your experience is incredibly important to us 💝

Accoring to the information you provided, we've identified your inquiry submitted via the SHEIN app and our dedicated support agent is expediting the resolution.We guarantee a clear response within 24 hours, and you can monitor real-time updates anytime in ""Service Records"".

🔹 Steps to Access:
Open SHEIN APP → Tap ""Me"" at bottom → ""Customer Service"" → ""Service Records"" 

Your feedback lights our path forward—we look forward to assisting you further."
www.shein.com,id:6a424f68c2c58c168508794b,native_id,6a424f68c2c58c168508794b,5,2026-06-29T12:56:40.000Z,2026-06-25T00:00:00.000Z,The product actually matched with he…,"The product actually matched with he photos and that surprised me.
It's not top quality but for the price it's worth it.",false,0,Muzamel,6a3d0cd39371bf2964649290,GB,2,false,
www.shein.com,id:6a423b38c2c42417a693aaf1,native_id,6a423b38c2c42417a693aaf1,1,2026-06-29T11:30:32.000Z,2026-06-25T00:00:00.000Z,SHEIN is the worst place to order ,SHEIN is the worst place to order . A bunch of scammers and fraudsters . I had a package get delivered to the wrong house and since it’s marked delivered SHEIN refuses to do anything listen to me or even accept my proof .. have video footage of that whole day nobody came to my house .. SHEIN is seriously the worst . STEER CLEAR OF SHEIN WORST WEBSITE EVER .. 😐 I spent 408.91 on that app didn’t receive anything .. that was for my birthday trip for Vegas .. I will be filing a police report and contacting a lawyer .. terrible service shitty company ..,false,0,Le Leah,6a423b2bb90f9d4adf126708,US,1,false,"Hello!

We sincerely apologize for any inconvenience caused—your experience is incredibly important to us 💝

Accoring to the information you provided, we've identified your inquiry submitted via the SHEIN app and our dedicated support agent is expediting the resolution.We guarantee a clear response within 24 hours, and you can monitor real-time updates anytime in ""Service Records"".

🔹 Steps to Access:
Open SHEIN APP → Tap ""Me"" at bottom → ""Customer Service"" → ""Service Records""

Your feedback lights our path forward—we look forward to assisting you further."
www.shein.com,id:6a416cbaed870cd7c7d62701,native_id,6a416cbaed870cd7c7d62701,3,2026-06-28T20:49:30.000Z,2026-06-28T00:00:00.000Z,I only shop on SHEIN for my daughter…,"I only shop on SHEIN for my daughter but if it wasn’t for her i wouldn’t, i strongly dislike the fact you order 20 items, and they get delivered 1 item at a time. Pisses me off!",false,0,Carlton Cunningham,6a416cb59371bf0ab268f41c,US,1,false,"Hello!

We are truly sorry for the unpleasant experience.

In order to better resolve your concerns, we need you to provide specific information, such as your order number. We have sent you an email with the subject ""Request for information about your experience."" Please check your inbox (and spam folder), and reply to that email with the information we need.

Your feedback is our driving force for continuous improvement, and we truly value your opinion. We look forward to providing you with further assistance as soon as we receive your response. :)"
www.shein.com,id:6a41134b2d70a4e23183d5cf,native_id,6a41134b2d70a4e23183d5cf,1,2026-06-28T14:27:55.000Z,2026-06-28T00:00:00.000Z,Disgusting,"Disgusting, I ordered a lot of items, missing 2 pairs of shoes and an ankle bracelet , contacted customer support and because their packers and it was ticked off in the sent order note that they were in the package and suggested I check the package again, as if I would miss two pairs of shoes being in package, said they had sent them, nothing they can do, basically implying I was lying, terrible customer service, out of pocket and no items, disgusting, DO NOT SHOP WITH SHEIN ",false,0,Kerry Martin,65eb423aadf25c00123b1341,GB,4,false,"Hello!

We are truly sorry for the unpleasant experience.

In order to better resolve your concerns, we need you to provide specific information, such as your order number. We have sent you an email with the subject ""Request for information about your experience."" Please check your inbox (and spam folder), and reply to that email with the information we need.

Your feedback is our driving force for continuous improvement, and we truly value your opinion. We look forward to providing you with further assistance as soon as we receive your response. :)"
www.shein.com,id:6a40e38fe82645a633683513,native_id,6a40e38fe82645a633683513,3,2026-06-28T11:04:15.000Z,2026-06-19T00:00:00.000Z,I do mostly like the items I have…,"I do mostly like the items I have purchased from Shein. However, their communication can be annoying at times. They are the only company I have come across where, if you check when you are getting your goods, they have a habit of saying ""be patient"". That is a saying we would primarily use for children. Please STOP it Shein.",false,0,WENDY CURTIS,6931db3d00ecba7619789b50,GB,14,false,"Hello!
We are truly sorry for the unpleasant experience.
In order to better resolve your concerns, we need you to provide specific information, such as your order number. We have sent you an email with the subject ""Request for information about your experience."" Please check your inbox (and spam folder), and reply to that email with the information we need.
Your feedback is our driving force for continuous improvement, and we truly value your opinion. We look forward to providing you with further assistance as soon as we receive your response. :)"
www.shein.com,id:6a40e1e0ad563ef40902bad1,native_id,6a40e1e0ad563ef40902bad1,3,2026-06-28T10:57:05.000Z,2026-06-28T00:00:00.000Z,Frustrating customer service!,"Clothes are cheap and good enough, you know what you’re getting etc.

My issue comes from the fact that they use Evri as a courier which typically lose most parcels, I’m now on 6 in a row! You have to experience it to believe it.

Ok, so this isn’t Sheins fault right? Yes and No, they could use alternate couriers or give the option to use alternatives, I’d happily pay more for something to arrive!

The real problem comes from customer services who instant on waiting for the full delivery time before they’ll process a refund, that’s despite sharing emails from Evri acknowledging it’s lost and being out for delivery for a week! Well I’m sorry, but you can cover the entire country in a week so unless it’s being walked here, I struggle to understand why I have to continue waiting! 

I even spoke to a person (supposedly) via chat and after checking photos and details they determined that it’s still in transit! Hmmm AI impersonating people maybe 🤷🏼‍♂️ who knows.",false,0,Hahetukituki,548d93d700006400019d6e3f,GB,13,false,"Hello!
We are truly sorry for the unpleasant experience.
In order to better resolve your concerns, we need you to provide specific information, such as your order number. We have sent you an email with the subject ""Request for information about your experience."" Please check your inbox (and spam folder), and reply to that email with the information we need.
Your feedback is our driving force for continuous improvement, and we truly value your opinion. We look forward to providing you with further assistance as soon as we receive your response. :)"
www.shein.com,id:6a405c78838c3efba92880f5,native_id,6a405c78838c3efba92880f5,1,2026-06-28T01:27:52.000Z,2026-04-14T00:00:00.000Z,Ordered $60 worth merchandise and did…,Ordered $60 worth merchandise and did not receive not even half of my order. They wanted proof i didn’t get the merchandise. No response or anything ,false,0,R DH,6a405c710a188f1bdf8f18e6,US,1,false,"Hello!

We are truly sorry for the unpleasant experience.

In order to better resolve your concerns, we need you to provide specific information, such as your order number. We have sent you an email with the subject ""Request for information about your experience."" Please check your inbox (and spam folder), and reply to that email with the information we need.

Your feedback is our driving force for continuous improvement, and we truly value your opinion. We look forward to providing you with further assistance as soon as we receive your response. :)"
www.shein.com,id:6a4022c7caa214d53faba8a1,native_id,6a4022c7caa214d53faba8a1,1,2026-06-27T21:21:43.000Z,2026-06-16T00:00:00.000Z,Worst company ever,Worst company ever.  I placed an order with them and they claimed that I received the order which I never did and they refused to give me a refund. ,false,0,Carmen Velez,5c3f405d608f08dd15e09611,US,3,false,"Hola:

Lamentamos mucho la experiencia desagradable.

Para poder resolver mejor sus inquietudes, le solicitamos que nos proporcione información específica, como su número de pedido. Le hemos enviado un correo electrónico con el asunto ""Request for information about your experience."". Por favor, revise su bandeja de entrada (y la carpeta de spam) y responda a ese correo con la información solicitada.

Sus comentarios son nuestro motor para la mejora continua y realmente valoramos su opinión. Esperamos poder ayudarle aún más tan pronto como recibamos su respuesta. :)"
www.shein.com,id:6a401907663e803ceb4ca3d7,native_id,6a401907663e803ceb4ca3d7,1,2026-06-27T20:40:07.000Z,2026-06-10T00:00:00.000Z,I have returned 2 packages but muddle…,I have returned 2 packages but muddle the dresses so pack A had B which was the more expensive. They gave me a refund for that dress the cheaper one that was supposed to be in that pack. I returned the cheaper one in pack B which they are saying is the wronge dress.I have tried explaining but they refuse to refund the more expensive dress. All I get is a robot and a robot reply. I am a very unhappy customer and feel cheated.,false,0,Judy Jackson,5a6b925b0000ff000b06ee46,GB,18,false,"Hello！

According to the information you provided, we noticed our team has sent a solution regarding your order. Please check your email for updates. If no email was received, it may have been filtered to the spam folder. We hope to hear from you. :)"
www.shein.com,id:6a3ff356d36f4f387af8cb83,native_id,6a3ff356d36f4f387af8cb83,1,2026-06-27T17:59:18.000Z,2026-06-12T00:00:00.000Z,Very disappointing affiliate experience,"had a bad experience with the SHEIN affiliate program. I completed the required work, but I did not receive the commissions I expected. I contacted support, but my issue remained unresolved. This review reflects my personal experience, and I hope the company improves how it handles affiliate payments and customer support.
12/06/2026",false,0,taha rdt,6a3ff3510a188f24d48eb979,DE,1,false,"Hello!

We are truly sorry for the unpleasant experience.

In order to better resolve your concerns, we need you to provide specific information, such as your order number. We have sent you an email with the subject ""Request for information about your experience."" Please check your inbox (and spam folder), and reply to that email with the information we need.

Your feedback is our driving force for continuous improvement, and we truly value your opinion. We look forward to providing you with further assistance as soon as we receive your response. :)"
www.shein.com,id:6a3fc8eae07ea441e4d9eba4,native_id,6a3fc8eae07ea441e4d9eba4,1,2026-06-27T14:58:18.000Z,2026-06-23T00:00:00.000Z,Order delivered....but stolen!!  No way to contact anyone by phone or through live chat...only tickets!!,"I placed an order with Shein on June 12 & the order was delivered on my front porch in plain view on June 23,2026!  When I got home from work the package was not there....I inquired with my neighbors & the majority were at work & those who were home didn't see anything  so obviously my package was stolen!!! They could've left my package in my rock garden right next to the door behind the plants or thrown over the side fence right next to the rock garden.....but no they left it on the porch in front of the door where it was visible for everyone walking on the sidewalk to see!! I tried every way to contact them...they have no line to call & there's no way you can send an email to actually explain your situation!! They have tickets that you choose from which you click on so I clicked on package was delivered but not recieved!  They sent me a ticket stating ""refund request accepted"" & then they sent me a ticket stating ""refund failed"" because the package was delivered & that I would have to contact the courrier company ""UNI"" (1st time I hear of this company they never delivered to me before) & to send proof that the package was stolen!! First of all its not my responsibility to contact UNI Shein hired them & they work for Shein!!  Second...I don't have cameras in front of my house & if I had seen it being stolen....it wouldn't have been stolen  cause I would've been there to intercept!!  I've ordered many times from Shein & never had a problem....but it was always delivered  by Canada Post!! And the worst part is that if there was someone to talk to I could've told them that I didn't want my money back...I just wanted all the items I ordered to be redelivered for the $149.50 I paid!!  Shein customer service is pathetically horrible....the absolute worse!! You definitely should consider hiring live people to resolve certain issues like mine & many others...so that we don't have to deal with tickets as an option!  Also give the option of where a package should  be deli ered where customers can actually write ex: in the rock garden...over side fence etc...
Its sad really...I ordered alot of stuff from them & was quite pleased, not always but 
most of the time & I've also referred many people to them!! This is the 1st time I encountered a problem & their way of dealing with customers you would think they'd want to keep is judgemental & horrible!! You only screw me over once...if you're going to treat me like a ticket then I will take the necessary measures to get back what belongs to me...I have no order...you don't get to keep my money....it's about principal...how you under value your customers & make them feel like they did something wrong!! Remember they're quick to take your money but if a problem occurs there is absolutely no way to get in touch with them....so buyers  beware only order from reputable companies where they have an excellent customer service in place with live interactions or a telephone line you can call!! 











",false,0,Rosanna DiFilippo,67eb645674626a27bb52b7dd,CA,2,false,"Hello！

According to the information you provided, we noticed our team has sent a solution regarding your order. Please check your email for updates. If no email was received, it may have been filtered to the spam folder. We hope to hear from you. :)"
www.shein.com,id:6a3faadc6337186e740fe343,native_id,6a3faadc6337186e740fe343,1,2026-06-27T12:50:04.000Z,2026-06-19T00:00:00.000Z,"Missing Package, No Refund, Never Again","Shein shipped my package with Evri, but Evri's delivery driver delivered it to an unknown mystery address. They even took a photo of my package stuffed into a letterbox on a front door that is completely different to mine. The package could not be located by Evri or myself, but Shein didn't care and considered the order delivered. Despite the evidence of my incident claim with Evri, Shein refused to refund. I didn't get the items I ordered from Shein and still had to pay the full cost of the order. I will never order from Shein again ever, nor will I ever buy from sellers who ship with Evri.",false,0,Ailis,625688235610220012cb7528,GB,16,false,"Hello！

According to the information you provided, we noticed our team has sent a solution regarding your order. Please check your email for updates. If no email was received, it may have been filtered to the spam folder. We hope to hear from you. :)"
www.shein.com,id:6a3f7cefd8e6c62af682b6dd,native_id,6a3f7cefd8e6c62af682b6dd,1,2026-06-27T09:34:07.000Z,2026-03-19T00:00:00.000Z,Refusing to refund me ,"Awful. I ordered over £75 of stuff I kept getting notifications saying they couldn’t deliver due to abnormal delivery and when I asked at customer service I just kept getting told to wait. when the items were late I did a claim with my bank to get my money bak but unfortunately then the junk from SHEIN arrived so the claim was closed in March!!! I sent some of the items bak that I didn’t like and they received them but refuse to refund me because they say the dispute is ongoing since March.  I have chased up my bank and sent them proof that the dispute was closed in March and they still refuse to refund me   Customer service are awful  

Thanks for ur reply but I won’t hold my breath. I already know what ur going to say, that there is a dispute open but I’ve sent u proof from my bank who say otherwise. As u no disputes take 30 and no longer than 90 days so stop with ur bs",false,0,Robynhoodz,5eb17587cf1437637e974f60,GB,20,false,"Hello!

We sincerely apologize for any inconvenience caused—your experience is incredibly important to us 💝

Accoring to the information you provided, we've identified your inquiry submitted via the SHEIN app and our dedicated support agent is expediting the resolution.We guarantee a clear response within 24 hours, and you can monitor real-time updates anytime in ""Service Records"".

🔹 Steps to Access:
Open SHEIN APP → Tap ""Me"" at bottom → ""Customer Service"" → ""Service Records""

Your feedback lights our path forward—we look forward to assisting you further."
www.shein.com,id:6a3f0be3d36ed7d57fa24f4d,native_id,6a3f0be3d36ed7d57fa24f4d,1,2026-06-27T01:31:47.000Z,2026-06-26T00:00:00.000Z,I placed an order on June 8th,"I placed an order on June 8th, as of today June 26th, I have not received my order. My items were suppose to be shipped to me by June 24th. I purchased this items for a party I was suppose to attend, but I never got the items. Speed X is the worst company to deliver items. I am so upset and I continue to get a chat bot every time I request to speak to someone. I will never order from Shein again",false,0,e nicolee,6a3f0bdb9371bf2825672731,US,1,false,"Hello!

We are truly sorry for the unpleasant experience.

In order to better resolve your concerns, we need you to provide specific information, such as your order number. We have sent you an email with the subject ""Request for information about your experience."" Please check your inbox (and spam folder), and reply to that email with the information we need.

Your feedback is our driving force for continuous improvement, and we truly value your opinion. We look forward to providing you with further assistance as soon as we receive your response. :)"
www.shein.com,id:6a3efd0949f618065f5b1c6b,native_id,6a3efd0949f618065f5b1c6b,1,2026-06-27T00:28:25.000Z,2026-06-27T00:00:00.000Z,4 or 5 days ago i orderd some squishys…,4 or 5 days ago i orderd some squishys like the butter  the cheese and dumplings squishys it came just today and i opened squished for a bit then like after 3 4 hours it broke from the botten and idk what kind of goo came it was rlly disgusting .... and rn the dumpling face just removed but thats not the point from the bottom of the dumpling i noticed a crack from the bottom while i was openig the packet but now it just popped from there.... not good... and the butter one when i opend the packet it looked like it was used bc of the broken parts........... Anyways never ordering from shein ever again!,false,0,Ayeza,6a3efccf000ce346f1922a18,AE,2,false,"Hello!

We are truly sorry for the unpleasant experience.

In order to better resolve your concerns, we need you to provide specific information, such as your order number. We have sent you an email with the subject ""Request for information about your experience."" Please check your inbox (and spam folder), and reply to that email with the information we need.

Your feedback is our driving force for continuous improvement, and we truly value your opinion. We look forward to providing you with further assistance as soon as we receive your response. :)"
www.shein.com,id:6a3efbc976ab44a8d78b2a9f,native_id,6a3efbc976ab44a8d78b2a9f,1,2026-06-27T00:23:05.000Z,2026-06-26T00:00:00.000Z,I ordered 2 gazebos,"I ordered 2 gazebos. 1 was 8ftx8ft the other 8ftx5ft. They sent me one box weight of 40 lbs. Box shows 2 of 2. Contacted customer service and they said everything was in that one box. Paid over $600 and they said they cant help me because it's all in the box. Run away from this company, you cant even call them. ",false,0,Derek W,6a3efbb8b90f9d02d10fe643,CA,1,false,"Hello!

We sincerely apologize for any inconvenience caused—your experience is incredibly important to us 💝

Accoring to the information you provided, we've identified your inquiry submitted via the SHEIN app and our dedicated support agent is expediting the resolution.We guarantee a clear response within 24 hours, and you can monitor real-time updates anytime in ""Service Records"".

🔹 Steps to Access:
Open SHEIN APP → Tap ""Me"" at bottom → ""Customer Service"" → ""Service Records""

Your feedback lights our path forward—we look forward to assisting you further."
www.shein.com,id:6a3edf5083b9a20a8e310c0f,native_id,6a3edf5083b9a20a8e310c0f,1,2026-06-26T22:21:36.000Z,2026-06-21T00:00:00.000Z,Since Shein started using UNIUNI for…,"Since Shein started using UNIUNI for delivery instead of Canada post, receiving orders has been a nightmare. My experience on June 22, 2026 was not palatable. My order no was GSH17706Q0002HN and contained 24 items. I never received the package. In my experience with previous deliveries,  SMS notifications for delivery is sent, the drivers usually knock, request a signature, or hand the package directly to me. None of these occurred in this case. I got just an sms with a photo the package was delivered. The package was not present when I checked around the timeframe. Neighbours did not see any package at my door around the delivery timeframe. I raised up the issue immediately with UNIUNI and escalated to SHEIN. The details of the driver was shielded and my application for refund was rejected. ",false,0,Ola Jumoke,6a3edf4b000ce3b222920cdb,CA,1,false,"Hello！

According to the information you provided, we noticed our team has sent a solution regarding your order. Please check your email for updates. If no email was received, it may have been filtered to the spam folder. We hope to hear from you. :)"
www.shein.com,id:6a3ecc5755637e71a502bc64,native_id,6a3ecc5755637e71a502bc64,5,2026-06-26T21:00:39.000Z,2025-11-07T00:00:00.000Z,Great experience with Shein,"Shein has decent quality clothing at reasonable prices. I'm very happy with most of the items I've purchased. I also feel confident  purchasing from Shein because of their return policy. The few items I needed to return were returned hassle-free, and I appreciate that very much.",true,0,Susan,6a3e64055334acbfea0331ce,US,2,false,
www.shein.com,id:6a3e9ecc6fff4d5d4f849b00,native_id,6a3e9ecc6fff4d5d4f849b00,1,2026-06-26T17:46:20.000Z,2026-06-23T00:00:00.000Z,Paid for order,Paid for order. Saw it was withdrawn from my account and Shein wanted confirmation from me that the funds were withdrawn from my account. They wanted pictures of bank record. Cancelled order. What a joke. ,false,0,James MacColeman,6a3e9ec65334ac010f039c61,US,1,false,"Hello!

We are truly sorry for the unpleasant experience.

In order to better resolve your concerns, we need you to provide specific information, such as your order number. We have sent you an email with the subject ""Request for information about your experience."" Please check your inbox (and spam folder), and reply to that email with the information we need.

Your feedback is our driving force for continuous improvement, and we truly value your opinion. We look forward to providing you with further assistance as soon as we receive your response. :)"
www.shein.com,id:6a3e72b2b40ad055a70750eb,native_id,6a3e72b2b40ad055a70750eb,5,2026-06-26T14:38:10.000Z,2026-06-12T00:00:00.000Z,I just received a co order set from…,I just received a co order set from shein and its……STUNNING!!! Very very happy customer xx,false,0,Lesley,61a9e42b27bea80012277fde,GB,41,true,
www.shein.com,id:6a3e64b3c3ce43a46daff434,native_id,6a3e64b3c3ce43a46daff434,1,2026-06-26T13:38:27.000Z,2026-06-26T00:00:00.000Z,Pulling my hair out!!,"Pulling my hair out!!
 Robot must be replying to my posts, same stock answers? Please get an intelligent human to resolve my issue with my request to return two items. The information you need to expedite the returns and refund are on my previous trust pilot posts. Please don’t tell me again that you have sent me an email resolution, as I have previously explained that the link in the email would not activate the return process.
My order number is: GSO17002S00T0U1",false,0,Ian,58ecfc4a0000ff000a8c0e98,GB,36,false,"Hello！

According to the information you provided, we noticed our team has sent a solution regarding your order. Please check your email for updates. If no email was received, it may have been filtered to the spam folder. We hope to hear from you. :)"
www.shein.com,id:6a3dfcb9e468281ce11d75f5,native_id,6a3dfcb9e468281ce11d75f5,1,2026-06-26T06:14:49.000Z,2026-06-26T00:00:00.000Z,    Refund Policy Is Meaningless,"I am extremely disappointed with SHEIN.

The clothes didn’t fit me, and the press-on nails were too long to use. My refund is only about $35, but the return shipping from Azerbaijan to Dubai costs almost the same amount. This makes the return practically impossible.

I contacted customer support several times, explained my situation, and even asked them to consider an exception. My request was escalated, but I only received the same standard response over and over again.

This experience has completely changed my opinion of SHEIN. I will never order from SHEIN again. From now on, I will choose Temu instead, where I have never had any problems with returns, and where both the prices and customer service are much better.

I am truly disappointed",false,0,Aysel K,6a3dfcb1b90f9da5960e898b,AZ,1,false,"Hello!

We sincerely apologize for any inconvenience caused—your experience is incredibly important to us 💝

Accoring to the information you provided, we've identified your inquiry submitted via the SHEIN app and our dedicated support agent is expediting the resolution.We guarantee a clear response within 24 hours, and you can monitor real-time updates anytime in ""Service Records"".

🔹 Steps to Access:
Open SHEIN APP → Tap ""Me"" at bottom → ""Customer Service"" → ""Service Records""

Your feedback lights our path forward—we look forward to assisting you further."
www.shein.com,id:6a3dc721448878a5860f492e,native_id,6a3dc721448878a5860f492e,1,2026-06-26T02:26:09.000Z,2026-06-25T00:00:00.000Z,MOST DIFFICULT CHECKOUT EVER,MOST DIFFICULT CHECKOUT EVER! VERY STUPID ,false,0,Randy White,64e523a3082f440012e3967a,US,30,true,"Hello!

We are truly sorry for the unpleasant experience.

In order to better resolve your concerns, we need you to provide specific information, such as your order number. We have sent you an email with the subject ""Request for information about your experience."" Please check your inbox (and spam folder), and reply to that email with the information we need.

Your feedback is our driving force for continuous improvement, and we truly value your opinion. We look forward to providing you with further assistance as soon as we receive your response. :)"
www.shein.com,id:6a3db3a825c92e64c87b32bd,native_id,6a3db3a825c92e64c87b32bd,5,2026-06-26T01:03:04.000Z,2026-06-26T00:00:00.000Z,Excellent sevice and pricing,Excellent sevice and pricing. Delivery fast and days before projected time. Goods good quality. Highly recommend this company and will not hesitate to use again. Definitely deserving of the 5 stars given,false,0,Graham Roberts,6a3db398b90f9df4dc0e64b8,NZ,1,false,
www.shein.com,id:6a3d8460df3a3cc60be70c20,native_id,6a3d8460df3a3cc60be70c20,1,2026-06-25T21:41:20.000Z,2026-06-09T00:00:00.000Z,Lost package,"I placed an order that contain an item for a wedding. I was tracking the package and on the day I've received , I've contacted Fedex and the ""Proof of delivery"" was signed by a different person. 
Then I've contacted Shein and I submited a refund form, which apparently was automaticaly approved. After waiting 2 weeks for my refund, I just found out that the request has been denied. I've contacted Shein again, and they said that I should wait another week and see what will happend. So far, nothing...",false,0,R c,5e4d8a476ca71527598021fd,US,2,false,"Hello!

We are truly sorry for the unpleasant experience.

In order to better resolve your concerns, we need you to provide specific information, such as your order number. We have sent you an email with the subject ""Request for information about your experience."" Please check your inbox (and spam folder), and reply to that email with the information we need.

Your feedback is our driving force for continuous improvement, and we truly value your opinion. We look forward to providing you with further assistance as soon as we receive your response. :)"
www.shein.com,id:6a3d1c7ef103b622db84cd53,native_id,6a3d1c7ef103b622db84cd53,1,2026-06-25T14:18:06.000Z,2026-06-12T00:00:00.000Z,"Be AWARE, even brand verified can be fake","I received a cologne (Yves Saint Laurent) that was Brand verified and only $20 cheaper than Wal-Mart. I figured it must be legit, but when I received it…..IT WAS FAKE. When I tried to return it and the let the site know it said this was not a returnable item. Be aware and skeptical. ",false,0,Josh,6a3d1c52000ce35c2d8fbade,US,1,false,"Hello！

According to the information you provided, we noticed our team has sent a solution regarding your order. Please check your email for updates. If no email was received, it may have been filtered to the spam folder. We hope to hear from you. :)"
www.shein.com,id:6a3c67f045628229186574f4,native_id,6a3c67f045628229186574f4,1,2026-06-25T01:27:44.000Z,2026-06-11T00:00:00.000Z,I thought I was ordering embroidered…,"I thought I was ordering embroidered clothing but got printed instead. Granted I should have realized that I couldn’t get embroidery for $35. The clothes were so big they were unwearable. When I reached out to SHEIN they offered a discount on my next purchase because it’s too expensive to ship back. I said I wanted my money back. Crickets. So buyer beware… even though they say you can return products, you can’t. Walmart makes a better product. ",false,0,Elisabeth Wallich,6a3c67dd9371bf13f563fda4,US,1,false,"Hello!

We are truly sorry for the unpleasant experience.

In order to better resolve your concerns, we need you to provide specific information, such as your order number. We have sent you an email with the subject ""Request for information about your experience."" Please check your inbox (and spam folder), and reply to that email with the information we need.

Your feedback is our driving force for continuous improvement, and we truly value your opinion. We look forward to providing you with further assistance as soon as we receive your response. :)"
www.shein.com,id:6a3bf13d3240b734595bef64,native_id,6a3bf13d3240b734595bef64,1,2026-06-24T17:01:17.000Z,2026-06-23T00:00:00.000Z,Everything they advertise is a lie,Everything they advertise is a lie. Every little promo they have just keeps trying to get you to repeatedly share to friends. You can do 50 shares and still keeps popping up share again. False advertising. No matter how many times or people you share to it will not let you get the free items. It is all b******t!!!! ,false,0,Sherry Brock,6a3bf12f0a188facb68a3dab,US,1,false,"Hello
We sincerely apologize for the difficulties you have experienced in the game. Your feedback is extremely valuable to us, and we are committed to taking your suggestions seriously as we work to enhance your gaming experience, making it even more enjoyable and fulfilling.
As you progress, the game’s difficulty may increase to make rewards more meaningful. However, ultimate victory belongs to those who persevere, and the sense of accomplishment becomes even more rewarding and memorable. We firmly believe that your courage and dedication will continue to motivate you—both in the game and in life. You are sure to achieve your own brilliant victories, and we encourage you to keep moving forward!
Thank you very much for your patience and understanding. We remain dedicated to providing you with the highest quality of service."
www.shein.com,id:6a3bbd2dd1f6ce9af3702964,native_id,6a3bbd2dd1f6ce9af3702964,1,2026-06-24T13:19:09.000Z,2026-06-18T00:00:00.000Z,A refund i never received ,"have received emails stating that my refund was approved and processed. However, the order status still shows ""Need Refund"", I have not received the funds, and customer service is now telling me that the refund is still being processed.
Could you please clarify the exact status of my refund?
I've received refund confirmation 5 days ago without receiving any money in my bank account and there's an investigation but with no help.
And the status of the refund in the app is need refund

The worst customer service 
The worst company 
I've been told the refund successfully confirmed which was a lie 
And i don't know how a company could do this to a customer ",false,1,Customer,679d3932ae68df054e54d8ab,GB,14,false,"Hello!

We sincerely apologize for any inconvenience caused—your experience is incredibly important to us 💝

Accoring to the information you provided, we've identified your inquiry submitted via the SHEIN app and our dedicated support agent is expediting the resolution.We guarantee a clear response within 24 hours, and you can monitor real-time updates anytime in ""Service Records"".

🔹 Steps to Access:
Open SHEIN APP → Tap ""Me"" at bottom → ""Customer Service"" → ""Service Records""

Your feedback lights our path forward—we look forward to assisting you further."
www.shein.com,id:6a3b8bd3bb24999fb5b7b6a0,native_id,6a3b8bd3bb24999fb5b7b6a0,4,2026-06-24T09:48:35.000Z,2026-06-21T00:00:00.000Z,Delivery issues ,"Update 6/24:
I called UniUni this morning and I gave delivery instructions to the agent (basically, leave the package, if questions call me at ########)

The packages for both tracking numbers that had alleged failure attempts of delivery were delivered today, 6/24. This is well within my expectations for delivery timing, but what wasn't ok was sending me failure notices 2 days in a row with faulty info (couldn't contact me??) that asked me to contact the delivery company to avoid having item returned to warehouse. All is fine now, but if this happens again, I will report here. For now I am amending my rating higher.

**********************************************

I have placed two fairly large orders. The first one is just beginninig to be fulfilled and already I sense doom in that the delivery company, ), is claiming they cannot make delivery because there is no one home or the recipient is not answering their calls. No one has been to my home, no one has called about this shipment. But a differeent item in the same first order, different tracking number, was delivered without any interaction at 11pm, same day the faulty shipments (2 of them) could not be delivered due to me not being available...which I was.
I sense the delivery company is stalling about the status of delivery and blaming me, the customer, for not being home when in fact I was. I have a very bad feeling about this....
When I called and talked to someone they said they would email me after the call so I could use the link he was sending to add delivery instructions on my orders. No email came in, there is no way I can find on my own to add delivery instructions. And what would I say? Just deliver the package, no special instruction!",false,0,Marta S,5ad0d1c14de5666d346a74e3,US,13,false,"Hello!
We are truly sorry for the unpleasant experience.
In order to better resolve your concerns, we need you to provide specific information, such as your order number. We have sent you an email with the subject ""Request for information about your experience."" Please check your inbox (and spam folder), and reply to that email with the information we need.
Your feedback is our driving force for continuous improvement, and we truly value your opinion. We look forward to providing you with further assistance as soon as we receive your response. :)"
www.shein.com,id:6a3ab53a4c1c8e23d897a4ba,native_id,6a3ab53a4c1c8e23d897a4ba,3,2026-06-23T18:32:58.000Z,2026-06-17T00:00:00.000Z,I've done more than 200 orders with…,"I've done more than 200 orders with them, quality is the worst sometime, but sometimes you get lucky and you get a top notch batch. ",false,0,Fuad,66942d58b8e53d798b9afd06,LB,8,true,"Hello!

We are truly sorry for the unpleasant experience.

In order to better resolve your concerns, we need you to provide specific information, such as your order number. We have sent you an email with the subject ""Request for information about your experience."" Please check your inbox (and spam folder), and reply to that email with the information we need.

Your feedback is our driving force for continuous improvement, and we truly value your opinion. We look forward to providing you with further assistance as soon as we receive your response. :)"
www.shein.com,id:6a3a75dbb5e0d7f8a7225987,native_id,6a3a75dbb5e0d7f8a7225987,1,2026-06-23T14:02:35.000Z,2026-05-22T00:00:00.000Z,Do not order from Shein,"Very difficult to contact Shein or if you do manage to get through on the phone you are cut off or told cannot help. I have contacted by email and via the  App chasing refund since 22nd May 2026.
Refund still not received even with proof of tracking delivery to Sheins Warehouse. Do not order from Shein

 I have lost over 75 euros",false,0,JoM,66eaa969616b7dfcced3096d,CY,4,false,"Hello!

We are truly sorry for the unpleasant experience.

In order to better resolve your concerns, we need you to provide specific information, such as your order number. We have sent you an email with the subject ""Request for information about your experience."" Please check your inbox (and spam folder), and reply to that email with the information we need.

Your feedback is our driving force for continuous improvement, and we truly value your opinion. We look forward to providing you with further assistance as soon as we receive your response. :)"
www.shein.com,id:6a3a6739f5880099c21d378e,native_id,6a3a6739f5880099c21d378e,2,2026-06-23T13:00:09.000Z,2026-06-19T00:00:00.000Z,I purchased a bedframe and headboard…,"I purchased a bedframe and headboard set from vendor “Fengfendadog” & got sent “ Multi collagen, peptide powder, in which by then i just wanted my refund. They refused to give it unless i returned the item, but i dont feel like I should be inconvenienced paying to return this item when the seller do exactly what I purchased. No refund for what i purchased so far & ive been going back & forth with them for a week. Shein is hit or miss!",false,0,Paris Leigh,69d9224b0653b7240a5e2f1c,US,2,false,"Hello!

We sincerely apologize for any inconvenience caused—your experience is incredibly important to us 💝

Accoring to the information you provided, we've identified your inquiry submitted via the SHEIN app and our dedicated support agent is expediting the resolution.We guarantee a clear response within 24 hours, and you can monitor real-time updates anytime in ""Service Records"".

🔹 Steps to Access:
Open SHEIN APP → Tap ""Me"" at bottom → ""Customer Service"" → ""Service Records""

Your feedback lights our path forward—we look forward to assisting you further."
www.shein.com,id:6a3a4ef55cb12ea77f34ab99,native_id,6a3a4ef55cb12ea77f34ab99,4,2026-06-23T11:16:37.000Z,2026-06-23T00:00:00.000Z,Most if what i have bought have been very good…,"Most if what i have bought have been very positive, you get what you pay for to be honest!
Some of the materiel used is not brilliant quality and some totally see through but great for holidays, you have to read the induvidual product reviews..
But overall....GREAT!",false,0,Jules Inch,5c5fef73d2a8698c58d1eeba,GB,3,false,
www.shein.com,id:6a3a2b0c186ddb8879fafa13,native_id,6a3a2b0c186ddb8879fafa13,4,2026-06-23T08:43:24.000Z,2026-06-08T00:00:00.000Z,Shein is a place where I can find…,"Shein is a place where I can find literally everything, and it makes me come back for more and more. I really love their algorithms which work like a third-eye and recommend me what I wanted to search for. At the same time purchasing something from there is like buying a cat in a bag - loads of comments from buyers are a fluke for points and mostly they show only the package or the appearance of the product. It is ok for some types of them, like, home utensils or clothes, but I'd think twice about buying something from facial care  or makeup categories. And yep, you reap what you sow, so even though I love the design of dresses on the pictures, the quality of fabric is sadly low, which is kind of expected due to the pleasant prices.",false,1,Oksana Mikhaylichenko,6a3a253f264c545a877b9a3d,AZ,3,false,
www.shein.com,id:6a39e93b147a069e3518854c,native_id,6a39e93b147a069e3518854c,1,2026-06-23T04:02:35.000Z,2026-06-23T00:00:00.000Z,I did not receive my package but got a…,"I did not receive my package but got a notification on the App that it was delivered. I checked with the courier company DPD South Africa,it also shows my package was delivered and what frustrates me the most is the driver signed my name on it fraud fraud 😑!!! 
This is totally unacceptable 😤!!!! I want my money back what the hell😭",false,0,Londiwe Mgoboza,6a39e931da119718779cb814,ZA,1,false,"Hello！

According to the information you provided, we noticed our team has sent a solution regarding your order. Please check your email for updates. If no email was received, it may have been filtered to the spam folder. We hope to hear from you. :)"
www.shein.com,id:6a39c5d8074a00806adf4d4b,native_id,6a39c5d8074a00806adf4d4b,1,2026-06-23T01:31:36.000Z,2026-06-22T00:00:00.000Z,Price is high.quality very normal or…,"Price is high.quality very normal or low.They just faked they give u more promotions take lots of yr time yr energy, you figured out the items you choosed trurned from $10to 50. And for example the socks maybe u buy it from known company for 8$ in SHEIN u need to pay doubled!",false,0,Elnaz Heidarzadeh,6a39c5c819f15e3d077d13a8,CA,1,false,"Hello!

We are truly sorry for the unpleasant experience.

In order to better resolve your concerns, we need you to provide specific information, such as your order number. We have sent you an email with the subject ""Request for information about your experience."" Please check your inbox (and spam folder), and reply to that email with the information we need.

Your feedback is our driving force for continuous improvement, and we truly value your opinion. We look forward to providing you with further assistance as soon as we receive your response. :)"
www.shein.com,id:6a39b8f9765143f02e0466f2,native_id,6a39b8f9765143f02e0466f2,1,2026-06-23T00:36:41.000Z,2026-06-21T00:00:00.000Z,As a longtime customer--beyond disappointed,"As a longtime customer, I have to say this company is beyond disappointing… I have literally spent thousands of dollars over the years. All of a sudden, approximately five months ago they have blocked my account every time I try to """" unfreeze it I was told there was suspicious activity come to find out there was never any suspicious activity. What happens is when you order bundles of clothing as we all know what are the odds of it fitting so of course you were going to return some of the items which is what I was doing. They decided to simply freeze my account. I have begged and pleaded probably 25 times and every time I submit a ticket or try and get in touch with customer service which we all know it's all AI and there's nobody to actually speak to because they don't even have a customer service number nor do they have a head office with a phone number where you can go complain and ask for help so they ignore you so buyer beware because not only are some of their products arriving damaged. Some items are broken. Some items are not sized properly, the minute you try and send it back they red flag you and then they freeze you out with no explanation. Nobody ever gives you a logical reason or an answer. It's pretty bad when you've been a loyal customer to accompany, but I suppose they must have so many people that one fish in the pond so to speak, they just don't care about even if they let me back on their platform. I won't buy from them just to be treated so poorly for someone who's been as loyal as I haven't spent thousands of dollars it's shameful. Be aware if you make returns you'll get red flag as well.
*******UPDATE!!!*****
This morning I received a notification from SHEIN stating that they had a solution for me… They personally wrote me on my personal email telling me oh we've unblocked and unfrozen your account. It's good to go after spending 45 minutes again today, going back finding all my previous items and put them back in my cart… I went to the checkout and lo and behold. My account is still frozen lol it is so funny how this company plays so many games so because they didn't like my review obviously on Trustpilot because hundreds of thousands of people will look at the reviews, they make it seem like they find a solution. Oh, they become the hero and the minute you read the email and you go try and re-purchase something.… Again, it's just so dishonest they lie about everything. Their customer service is the worst. It's probably AI that's responding to all these complaints about them on Trustpilot… So just so you know nothing has changed. Don't trust them. They'll say anything to try to tease people to get you to go back on Trustpilot to say something in their favor… There's nothing I will ever say in their favor again what a bunch of dishonest, lying people…",false,0,RNGurl,61388b0154b3900013bed7e2,US,6,false,"Hello！

According to the information you provided, we noticed our team has sent a solution regarding your order. Please check your email for updates. If no email was received, it may have been filtered to the spam folder. We hope to hear from you. :)"
www.shein.com,id:6a399abbe007e3623cb79958,native_id,6a399abbe007e3623cb79958,1,2026-06-22T22:27:40.000Z,2026-06-20T00:00:00.000Z,I just can't stand the counterless…,"I just can't stand the counterless message they sent to me every single day after I purchase one time only from them; PLS STOP HARASSMENT . UPDATE: Bc my review is negative about SHEIN , they send me e mail again to threat me to take it off in 2 days, n today i received more than 20 messages for advertisement from SHEIN , PLS stop stop stop harassment. ",false,0,Sha,603e992e697e830019cc95f2,US,8,false,"Hello!

We are truly sorry for the unpleasant experience.

In order to better resolve your concerns, we need you to provide specific information, such as your order number. We have sent you an email with the subject ""Request for information about your experience."" Please check your inbox (and spam folder), and reply to that email with the information we need.

Your feedback is our driving force for continuous improvement, and we truly value your opinion. We look forward to providing you with further assistance as soon as we receive your response. :)"
www.shein.com,id:6a39308314f8be5b00bbaca4,native_id,6a39308314f8be5b00bbaca4,1,2026-06-22T14:54:27.000Z,2026-06-16T00:00:00.000Z,Scam,"So I order form them a lot and then they have this promotion to place an order to receive credit and I did place it right there and I was waiting for the credit never go it when I contacted customer service they pretty much ask me for screenshots of the promotion that I received and  when I provided it they kept making it like oh to qualify you must place an order right away and I try to explain it to them that I did 
But it’s just scam they never gonna get me that I hate when they do that and then you are placing an order thinking you will get some credit and they will not give it to you it’s just away for them to sell you more stuff 
I am not gonna be using them anymore I hate when they lie to me 
",false,0,Shirin,6a393072264c54c8db7a7f39,US,1,false,"Hello!

We sincerely apologize for any inconvenience caused—your experience is incredibly important to us 💝

According to the information you provided, we've identified your inquiry submitted via the SHEIN app and our dedicated support agent is expediting the resolution.We guarantee a clear response within 24 hours, and you can monitor real-time updates anytime in ""Service Records"".

🔹 Steps to Access:
Open SHEIN APP → Tap ""Me"" at bottom → ""Customer Service"" → ""Service Records"" 

Your feedback lights our path forward—we look forward to assisting you further."
www.shein.com,id:6a3916180a05f4deb8b973f3,native_id,6a3916180a05f4deb8b973f3,1,2026-06-22T13:01:44.000Z,2026-06-19T00:00:00.000Z,The case of the missing hangers ,"I ordered five hangers in total for my wedding to be delivered to Greece. Upon arrival, only three out of the five hangers have arrived. 

I have immediately gone to Shein Customer Service where throughout there were no notifications of when agents replied and there were no updates to say that the investigation had been complete and that everything had been accounted for when being packaged. 

This therefore posed the question of where are the two remaining hangers. The service from the customer service team has been disgusting. I have been told on multiple occasions to check the packaging that it came in after it being confirmed that only one package was sent with supposed all items accounted for. I don't know how many more times I can check an empty packet. 

There is still no solution to this as all you can receive is an automated message saying that everything was accounted for at the time of dispatch... ",false,0,Amy,5ddd1814741d5f5df42e6147,GB,2,false,"Hello!

We sincerely apologize for any inconvenience caused—your experience is incredibly important to us 💝

According to the information you provided, we've identified your inquiry submitted via the SHEIN app and our dedicated support agent is expediting the resolution.We guarantee a clear response within 24 hours, and you can monitor real-time updates anytime in ""Service Records"".

🔹 Steps to Access:
Open SHEIN APP → Tap ""Me"" at bottom → ""Customer Service"" → ""Service Records"" 

Your feedback lights our path forward—we look forward to assisting you further."
www.shein.com,id:6a38149c0f72c42b8e23df63,native_id,6a38149c0f72c42b8e23df63,3,2026-06-21T18:43:08.000Z,2026-06-21T00:00:00.000Z,I dislike the items are not what I ask…,"I dislike the items are not what I ask for I got 2 rolls of paper towels only the what was advertised also paper plates was only 20 not 200.. I will not be returning customer. We should be told the quality is no where near what we get its sad
",false,0,Dee,5c0737974ffad03c3285d475,US,5,false,"Hello!

We are truly sorry for the unpleasant experience.

In order to better resolve your concerns, we need you to provide specific information, such as your order number. We have sent you an email with the subject ""Request for information about your experience."" Please check your inbox (and spam folder), and reply to that email with the information we need.

Your feedback is our driving force for continuous improvement, and we truly value your opinion. We look forward to providing you with further assistance as soon as we receive your response. :)"
www.shein.com,id:6a381275a26a160c93127251,native_id,6a381275a26a160c93127251,5,2026-06-21T18:33:57.000Z,2026-06-21T00:00:00.000Z,I am absolutely disgusted by the…,"I would like to thank the customer service team for their support. Although there was an issue with my order, they took the time to review my case and refunded the missing items. I appreciate their help and the way they handled the situation. Thank you for resolving the matter.🙏🏼🙏🏼😇",false,0,Laila Ali,6a38125d264c544352796270,NO,1,false,"Hello！

According to the information you provided, we noticed our team has sent a solution regarding your order. Please check your email for updates. If no email was received, it may have been filtered to the spam folder. We hope to hear from you. :)"
www.shein.com,id:6a37afcab5f83afcd968cd0b,native_id,6a37afcab5f83afcd968cd0b,2,2026-06-21T11:32:58.000Z,2026-06-05T00:00:00.000Z,I'm so afraid to buy items from shein eing…,I'm so afraid to buy items from seeing especially clothes what you buy is not what you get I mean the quality is nothing to write home about u. Can't buy a cloth from shein and not  look like a refugee inside the materials are so cheap and bad the models look fantastic in the cloths and the material looks fabulous only to buy the same cloth and then it so light cheap and u wear once and trow it away ,false,0,Ivy Olu,68417ff48a5375558a5f0d5e,AE,1,false,"Hello!

We are truly sorry for the unpleasant experience.

In order to better resolve your concerns, we need you to provide specific information, such as your order number. We have sent you an email with the subject ""Request for information about your experience."" Please check your inbox (and spam folder), and reply to that email with the information we need.

Your feedback is our driving force for continuous improvement, and we truly value your opinion. We look forward to providing you with further assistance as soon as we receive your response. :)"
www.shein.com,id:6a377d460f4f74d232c0135d,native_id,6a377d460f4f74d232c0135d,1,2026-06-21T07:57:26.000Z,2026-06-21T00:00:00.000Z,Do not trust SHEIN’s promotional games…,"Do not trust SHEIN’s promotional games or ""free gift"" offers. They use deceptive bait-and-switch tactics to trick you into spending money.I was offered a ""free gift"" if I spent $28. Relying on this exact advertisement, I added items to my cart and paid for my $28 order. The moment my payment was processed, the app changed the terms. It suddenly claimed I had to spend another $20 just to get the free gift shipped out.Forcing customers to pay more money to unlock a reward after they already completed a transaction is unfair and dishonest. They hide these rules to trap you into buying more. Save your money and be very careful with their checkout promotions!",false,0,S Wade,66e4b7ab22038d7c60342128,US,3,false,"Hello!

We are truly sorry for the unpleasant experience.

In order to better resolve your concerns, we need you to provide specific information, such as your order number. We have sent you an email with the subject ""Request for information about your experience."" Please check your inbox (and spam folder), and reply to that email with the information we need.

Your feedback is our driving force for continuous improvement, and we truly value your opinion. We look forward to providing you with further assistance as soon as we receive your response. :)"
www.shein.com,id:6a3743cefd1694707c953ea3,native_id,6a3743cefd1694707c953ea3,1,2026-06-21T03:52:14.000Z,2026-06-19T00:00:00.000Z,Very dishonest company,Very dishonest company. Would not process my return even after accepting the product.Customer service mentioned that the returned product did not have tags and I confirmed that the product that was sent to me did not have any tags. The product was returned immediately in condition as received. So dishonest and shameful!,false,0,Nidhi Shrivastava,6a3743c2264c5469b278d6fd,US,1,false,"Hello！

According to the information you provided, we noticed our team has sent a solution regarding your order. Please check your email for updates. If no email was received, it may have been filtered to the spam folder. We hope to hear from you. :)"
www.shein.com,id:6a36f4172e8cdba06e7b5d7f,native_id,6a36f4172e8cdba06e7b5d7f,1,2026-06-20T22:12:07.000Z,2026-06-04T00:00:00.000Z,If I could give a negative review I…,"If I could give a negative review I would. These people do false advertising and that's why their prices are so cheap. You order something , pay for it and wait for it to arrive and then it's not what you wanted . They will give you a refund if you send it back but postage cost more than the product so what's the use. Then you're stuck with the product that  is subpar, not what you ordered or so small it could fit a doll instead of a person. This current order was advertised as 32 MEGA rolls of Cottonelle toilet paper, great price for pictured 32 rolls so I ordered 2.  Low and behold, what I received was 2 packages of Scott skinny 4 rolls. Not mega, not Cottonelle,  not 32 rolls!  8 skimpy rolls.  FAR FROM 32 OR 64!!  I contacted them twice with no reply. I had to go thru Paypal to get any kind of response. To compensate or get a refund I would need to return toilet paper and postage is going to be more than the item.  So, no refund. No making it right.Buyer beware!! I will never order from them again",false,0,"Linda - Clearwater, Fl",54408870000064000190a317,US,35,false,"Hello！

According to the information you provided, we noticed our team has sent a solution regarding your order. Please check your email for updates. If no email was received, it may have been filtered to the spam folder. We hope to hear from you. :)"
www.shein.com,id:6a36f3e84781c784ea7c980d,native_id,6a36f3e84781c784ea7c980d,1,2026-06-20T22:11:20.000Z,2026-06-18T00:00:00.000Z,Want my  FULL refund ,"Ordered a wallet from Shein...first and last time user...and received the wrong one.
Their customer service line just says they can not take the call and hangs up on you... absolutely no customer service.  I want to return and get my money back but am having a very difficult time doing so.  States I will need a return label....but can't get one.  Never again...a company without customer service is not one I will do business with again.

Update:  I was offered a partial refund...which is not acceptable since I was sent the wrong item....so their reply means nothing...just more runaround.  Only a full refund is acceptable....you do not pay yourself for sending the wrong item.",false,0,Sharon,5773dd070000ff000a2d62fa,US,21,true,"Hello！

According to the information you provided, we noticed our team has sent a solution regarding your order. Please check your email for updates. If no email was received, it may have been filtered to the spam folder. We hope to hear from you. :)"
temu.com,id:6a6062f2102d24f3f2599b71,native_id,6a6062f2102d24f3f2599b71,1,2026-07-22T08:28:02.000Z,2026-07-22T00:00:00.000Z,Warning don't buy electronics from temu…,Warning don't buy electronics from temu warranty is a joke.,false,0,Eddy Lampo,640f0befa509580012740432,NL,6,false,
temu.com,id:6a603e1bb675d3b52fc76d39,native_id,6a603e1bb675d3b52fc76d39,2,2026-07-22T05:50:51.000Z,2026-07-21T00:00:00.000Z,I spend and shop a lot on Temu and I’m…,I spend and shop a lot on Temu and I’m constantly getting the run around about my perks (free items) It’s almost seeming scam like!,false,0,Sharon Curtis,6a603e09236e3d51c7de7acf,US,1,true,
temu.com,id:6a6003161731ac2e610870ab,native_id,6a6003161731ac2e610870ab,2,2026-07-22T01:39:02.000Z,2026-07-17T00:00:00.000Z,My shipment was late,"My shipment was late, and I could not receive my bonus items. The spinning of the wheel for free items is wack Stop lying to your. 
Customers",false,0,Brenda,6a6002eec2526c6b9f94b425,US,1,false,"Hello, thank you for shopping with us and we are sorry you are experiencing difficulties with your recent order. Most packages arrive between 7-15 business days. If the tracking status is not updated for 15 days, you can request a full refund and keep your items when they arrive. If your order arrives later than the estimated delivery date, you will receive Temu credits as a sign of appreciation for your patience. Also, thank you for participating in our promotional activities and we are sorry that you are experiencing difficulties with your rewards. Customer satisfaction is of the utmost importance and we are constantly working to improve our service quality. If you need further assistance, please message us through Temu.com or Temu app live chat. Best wishes, Temu team"
temu.com,id:6a5ff8e35ab0bbf36c250e1a,native_id,6a5ff8e35ab0bbf36c250e1a,1,2026-07-22T00:55:31.000Z,2026-07-22T00:00:00.000Z,Ticket ID 1783734920012010,"Ticket ID: 1783734920012010  Ken Novich
I ordered 8 Alfordson Dining Chairs from Temu with confirmation stating Free Delivery. After a couple of weeks, Temu cancelled the order stating “The supplier could not supply”. I figured they were out of stock. I went back online to find a replacement and found the exact same chairs were still being available, so I re-ordered them and received confirmation including Free Delivery. I had paid for both orders and received a credit for the first cancelled order. A couple of weeks passed during which time I had given my old chairs to a charity company. After a couple of weeks, I received the same cancellation for the 2nd order and another refund.
I contacted Alfordson to find out what they had that was similar but was told that they had no record of my name on orders from Temu and that stock was available and still was. As I had disposed of my old chairs, I easily found several other retailers offering the same chairs but instead of Free Delivery, I had to pay $139. I placed an order with BigW and received delivery in 2 days. Temu keep sending me details about how to contact Alfordson, totally ignoring that I have told them that I already have and Temu have not been truthful with me.
I went onto the Temu chat line and complained that since Temu had accepted my order twice with Free Delivery, that they should reimburse me for the delivery charge I had to pay BigW. These so called “Customer Service” staff were next to useless. I spent an hour being passed from one to the other and eventually requested a Supervisor after being told that Alfordson could not deliver as there was an “Anomoly”. Nobody will explain what that means. Since then I have explained the entire fiasco to 5 different supervisors (Augustus, Austin, Alethea, Lily, Emman.)  None of them are prepared to answer my questions…. Do they admit that the orders were never placed? ….Before cancelling them, why could they not contact me? …..Why do they totally ignore what I have written to them and sending a standard computer reply?
They must run a special course on how to be vague and evasive. p.s. They did provide $10 credit for all the inconvenience and a promised 20% discount on my next order. I daresay this offer will probably be cancelled after this review. There are many dates involved so I have just mentioned the last.
",false,0,KEN NOVICH,6a4b3f48b90f9d5a7b1cc717,AU,2,false,
temu.com,id:6a5ff308b76dab22449008c5,native_id,6a5ff308b76dab22449008c5,1,2026-07-22T00:30:32.000Z,2026-07-21T00:00:00.000Z,Not only did he mess up the…, Not only did he mess up the shipment—taking my money under false pretenses—but he still hasn't sent a courier to pick up these useless packages he sent me. I feel sorry for whoever is actually waiting for them—some poor soul who needs them for a camping trip and can't even go without a tent—yet they ended up with me. It’s truly outrageous.,false,0,Alessio Sundas,659bcf702e89520012756855,IT,110,false,"Hello, thank you for reaching out to us. We are sorry for any inconvenience caused. Your case is out of the norm. Customer satisfaction is of the utmost importance and we are constantly working to improve our service quality. Please message us through Temu.com or Temu app live chat by this link: https://share.temu.com/NWGRVrrOSMA. We are eager to help you find a resolution. Best wishes, Temu team"
temu.com,id:6a5fd9110d4f0b32d64a9f70,native_id,6a5fd9110d4f0b32d64a9f70,1,2026-07-21T22:39:45.000Z,2026-07-21T00:00:00.000Z,They don't give you the price for…,They don't give you the price for delivery and are constantly trying to make you buy things via so called 4 free items. It's all meant to confuse but really it's dishonesty designed to make you spend more than you need to. ,false,0,Peter Andrew,685197138a5375be1a6fff6d,GB,3,false,"Hello, thank you for reaching out to us. We are sorry for any inconvenience caused. Customer satisfaction is of the utmost importance and we are constantly working to improve our service quality. If you need further assistance, please message us through Temu.com or Temu app live chat. We appreciate you giving us another chance to serve you. Best wishes, Temu team"
temu.com,id:6a5fd3e839b55261f5790030,native_id,6a5fd3e839b55261f5790030,2,2026-07-21T22:17:44.000Z,2026-07-18T00:00:00.000Z,Very misleading in all ways with discounts and refundcredit ,I’ve been shopping with Temu for long time. But I’ve became so disappointed in every way with Temu.They have taken off the option to reach the customer service with the chat or at  all. There discounts are very very misleading and the pricing changes in cart all time. When you have a credit for items that were defected or etc they don’t actually let you use your credit towards the purchase Ive tried to calculate it over and over again I’m in financing so I know numbers. They always require a minimum of a certain amount to even get these so called discounts they are offering. And dont Let them say arrive in 3-5 days when you pay local shipper that is so bogus. They have become to difficult just like SHEIN which is connected to same company dealings. I think I’m gonna have to make higher complaint. Do better for your customers Temu!! (I had 3 different orders in this one) ,false,0,Ladybug ,5fe8d84e643b8d001ad6b10d,US,4,false,"Hello, thank you for reaching out to us. We are sorry for any inconvenience caused. Customer satisfaction is very important to us, and we are continuously working to improve our service. Thank you for sharing the relevant information, and we have already escalated your issue with the relevant team for further follow-up. If you need any additional assistance, please feel free to message us through Temu.com or the Temu app live chat via this link: https://share.temu.com/NWGRVrrOSMA. We appreciate your patience and understanding. Best wishes, Temu Team"
temu.com,id:6a5fcc882ca262a4fdc266ad,native_id,6a5fcc882ca262a4fdc266ad,1,2026-07-21T21:46:16.000Z,2026-07-21T00:00:00.000Z,They scammed me and I got a two apple…,They scammed me and I got a two apple squishy and they gave me a to apple pin  so pissed off because they gave the right squishy to my sister!!!!! Don’t order from here!!!!!,false,0,Hailey Cervantes,6a5e8128ff3db27728bb4888,US,2,false,
temu.com,id:6a5fc7b893c2b0c4457c6bc4,native_id,6a5fc7b893c2b0c4457c6bc4,1,2026-07-21T21:25:44.000Z,2026-07-21T00:00:00.000Z,Temu are inferior quality and when…,"Temu are inferior quality and when leaving a review about a product, I was told my review was removed due to it being spam. It was a short, honest review. I wonder how many people also have negative reviews removed for this reason. Temu refund speedily for bad quality products. Clothing is hit and miss, the fabrics can often smell chemically and this doesnt always wash out. All in all, most products I have ordered have not as expected and very disappointing. The angel candle holders were plastic, which could be very dangerous if people used a lit candle as opposed to a battery operated tea light.     The tarot and oracle cards are copies of well known Hay House decks such as Doreen Virtue and Rebecca Campbell and AI decks. They dont come in a box with a booklet like the quality hay house products, but in a cardboard sleeve with a qr code to find the meanings. 
I ordered 'genuine' crystals that were plastic coated beads made to look real, and crystal semi precious beads that were glass! The Bra wires are unsafe and go rusty and brittle very quickly, they are not reliable sizing, in comparison to high street bras in the UK. 
Delivery is speedy, around 5-7 days, packed in plastic bags which isnt always enough packaging for the more fragile items, so they can arrive broken or chipped (as in the case of wood effect garden signs). 
",false,0,paula thompson,5a99eebc4de5666d3487c351,GB,7,false,"Hello, thank you for reaching out to us. We are sorry for any inconvenience caused. Customer satisfaction is very important to us, and we are continuously working to improve our service. Thank you for sharing the relevant information, and we have already escalated your issue with the relevant team for further follow-up. If you need any additional assistance, please feel free to message us through Temu.com or the Temu app live chat via this link: https://share.temu.com/NWGRVrrOSMA. We appreciate your patience and understanding. Best wishes, Temu Team"
temu.com,id:6a5fb853dbf82cd3bd6e08b2,native_id,6a5fb853dbf82cd3bd6e08b2,5,2026-07-21T20:20:03.000Z,2026-07-21T00:00:00.000Z,Great and fast delivery 👏 thanks temu…,Great and fast delivery 👏 thanks temu and the nice support ,false,0,Pascu Victor samir,641b2a7c591bdd0012cd1cd0,DK,19,false,"Hello, thank you for shopping with us and sharing your 5-star experience! We are so glad you've been enjoying your experience so far. Customer satisfaction is of the utmost importance and we are constantly working to improve our service quality. If you need any assistance, please message us through Temu.com or Temu app live chat. Best wishes, Temu team"
temu.com,id:6a5fb1c40acdbb536e05493d,native_id,6a5fb1c40acdbb536e05493d,1,2026-07-21T19:52:04.000Z,2026-07-20T00:00:00.000Z,Never get the items you ordered,Never get the items you ordered.   The items that say local are not and actually ship from a foreign country.     This site is not to be trusted and should be shut down ,false,0,Tammy,5ad0cee74de5666d3467ec1c,US,210,false,"Hello, thank you for shopping with us and we are sorry you are experiencing difficulties with your recent orders. You can track your shipping status and see your expected delivery date directly in the Temu app or on Temu.com. If your order arrives later than the estimated delivery date, you will receive Temu credits as a sign of appreciation for your patience. Finally, if your items do not arrive, arrive damaged, or do not match the description or photos, you will be offered a full refund under Temu's Purchase Protection program (https://www.temu.com/temu-purchase-protection.html). Customer satisfaction is of the utmost importance and we are constantly working to improve our service quality. If you need further assistance, please message us through Temu.com or Temu app live chat. We appreciate you giving us another chance to serve you. Best wishes, Temu team"
temu.com,id:6a5fa3be52f8044f30b7973b,native_id,6a5fa3be52f8044f30b7973b,3,2026-07-21T18:52:14.000Z,2026-07-20T00:00:00.000Z,I have bought numerous packages of Temu…,"I have bought numerous packages of Temu items.  Some items are good, some are not.  I have found paper items that are cheaper on Amazon.  Ladies blouses and dresses are mostly made out of polyester.  The t-shirts have been nice.  But you get what you pay for.  Some mechanical items have not worked. Some work great.  I have always been able to get a refund on something I did not like.  The refund is quick.  Shipping is sometimes quick other times really slow. The imitation plant items can be comical compared to the advertised picture as in they do not even come close to being the same. 
I guess one takes a little bit of a gamble with them. ",false,0,Chris,61c8fc810dcc0100121f88f1,GB,3,false,"Hello, thank you for shopping on Temu! Your feedback is extremely valuable to us and we are sorry that you are not satisfied with some of your items. We implement strict policies and control measures to ensure product quality and accurate product descriptions. Temu's Purchase Protection program offers full refunds if your items do not arrive, arrive damaged, or do not match the description or photos (https://www.temu.com/temu-purchase-protection.html). To apply for a refund, login to the Temu app or Temu.com with the account used for your order, open the ""Your orders"" page, and click ""Return/Refund."" For detailed return instructions, please visit https://www.temu.com/return-and-refund-policy.html. You can choose to receive your refund back to your original payment method or as Temu credits. If you need further assistance, please message us through Temu.com or Temu app live chat. Best wishes, Temu team"
temu.com,id:6a5f9dbe5395ee0922f4992b,native_id,6a5f9dbe5395ee0922f4992b,4,2026-07-21T18:26:38.000Z,2026-07-15T00:00:00.000Z,i dislike the website,"i dislike the website, but its a good place to buy stuff.

the website feels like a gambling trap. pop-ups, huge sales, 1cent prices. everything is fake and calculated to lure you into buying tons of stuff you dont need.

on the other hand, when you actually force yourself to use it like the other websites its great. they have real stuff and i have never been scammed once. i even bought a gasoline weed wacker for a crazy low price and everything was received and works OK.",false,0,Francois,6a5f9b08c2526c795094241a,US,6,false,"Hello, thank you for reaching out to us. We are sorry for any inconvenience caused. Customer satisfaction is of the utmost importance and we are constantly working to improve our service quality. We will follow up on this matter. If you need further assistance, please message us through Temu.com or Temu app live chat. We appreciate you giving us another chance to serve you. Best wishes, Temu team"
temu.com,id:6a5f97cb3163040f53e5d02b,native_id,6a5f97cb3163040f53e5d02b,5,2026-07-21T18:01:15.000Z,2026-07-18T00:00:00.000Z,One of the best buying platforms very…,"One of the best buying platforms very versatile products readily available yes the postage is high but I rely on Temu who never rarely let me down up there with the likes of eBay etc……, thank you Temu! ❤️‍🔥",false,0,Lekh BOURI,6a5f9788b06fbf1ea0ef1043,GB,1,true,"Hello, thank you for shopping with us and sharing your 5-star experience! We are so glad you've been enjoying your experience so far. Customer satisfaction is of the utmost importance and we are constantly working to improve our service quality. If you need any assistance, please message us through Temu.com or Temu app live chat. Best wishes, Temu team"
temu.com,id:6a5f832cfbb3c680ac176e58,native_id,6a5f832cfbb3c680ac176e58,3,2026-07-21T16:33:16.000Z,2026-07-21T00:00:00.000Z,I rated this at three stars because…,"I rated this at three stars because every time you try to purchase items, it says free shipping but whenever it comes to tax tax should not be 2.25 it should only be like 55cent but it’s charging me so much more cause I tried to buy just three items and it was supposed to be like 5.09 but it charged me like 7.34 and that would mean the tax is 2.25 and that’s way too much for tax so good luck if you purchase something on this app",false,0,Maleah Pegg,6a5f8324ff3db29c50bc8103,US,1,false,"Hello, thank you for reaching out to us. We are sorry for any inconvenience caused. Customer satisfaction is of the utmost importance and we are constantly working to improve our service quality. If you need further assistance, please message us through Temu.com or Temu app live chat. We appreciate you giving us another chance to serve you. Best wishes, Temu team"
temu.com,id:6a5f6d32618235a8ef346c74,native_id,6a5f6d32618235a8ef346c74,1,2026-07-21T14:59:30.000Z,2026-07-21T00:00:00.000Z,Misleading promises and poor customer support,"

I was contacted by a Speedaf representative and asked to delete my Trustpilot review and tell Temu that my issue had been resolved. In return, I was promised compensation, including a smartwatch.

I later discovered that this promise was not fulfilled. I still have the complete conversation as evidence.

Customers should not be asked to remove honest reviews in exchange for promises that are not kept. I hope Temu investigates this matter.",false,0,Mohamed Ahzid,6a543ad44024a42b65a19434,MA,5,true,"Hello, thank you for reaching out to us. We are sorry for any inconvenience caused. Customer satisfaction is of the utmost importance and we are constantly working to improve our service quality. We will follow up on this matter. If you need further assistance, please message us through Temu.com or Temu app live chat. We appreciate you giving us another chance to serve you. Best wishes, Temu team"
temu.com,id:6a5f5ba3c1e42e67ce181473,native_id,6a5f5ba3c1e42e67ce181473,1,2026-07-21T13:44:35.000Z,2026-07-21T00:00:00.000Z,Didnt receive my 4 free gifts and the…,"Didnt receive my 4 free gifts and the dress i ordered wasnt there. Very dissappointed. Do now will ignore the site
",false,0,Beverley,5d04ba48b43f3e9083438dde,GB,5,false,"Hello, thank you for participating in our promotional activities and we are sorry that you are experiencing difficulties. If you have missing items from your orders, you may apply for a refund by messaging us through Temu.com or Temu app live chat. Simply type ""missing item"" into the chat, select the item from your order that is missing, and follow the directions on the screen to complete your refund application. You can choose to receive your refund back to your original payment method or as Temu credits. Temu credits will appear in your Temu credit balance within 3 minutes and can be used immediately. If you choose to receive your refund back to your original payment method, please allow 5-14 business days for it to appear since timing depends on your financial institution. If you need further assistance, please message us through Temu.com or Temu app live chat. Best wishes, Temu team"
temu.com,id:6a5f5a28a4f6494d43b525ab,native_id,6a5f5a28a4f6494d43b525ab,1,2026-07-21T13:38:16.000Z,2026-07-14T00:00:00.000Z,Appalling dress,"Appalling dress, meant to be sequinned , just a printed poor quality dress straight into charity bag, what a waste of money,  again ! ",false,0,Mrs Edwards,58bd364b0000ff000a7e6fe7,GB,15,false,"Hello, thank you for shopping on Temu! Your feedback is extremely valuable to us and we are sorry that you are not satisfied with some of your items. We implement strict policies and control measures to ensure product quality and accurate product descriptions. Temu's Purchase Protection program offers full refunds if your items do not arrive, arrive damaged, or do not match the description or photos (https://www.temu.com/temu-purchase-protection.html). To apply for a refund, login to the Temu app or Temu.com with the account used for your order, open the ""Your orders"" page, and click ""Return/Refund."" For detailed return instructions, please visit https://www.temu.com/return-and-refund-policy.html. You can choose to receive your refund back to your original payment method or as Temu credits. Temu credits will appear in your Temu credit balance within 3 minutes and can be used immediately. If you choose to receive your refund back to your original payment method, please allow 5-14 business days for it to appear since timing depends on your financial institution. If you need further assistance, please message us through Temu.com or Temu app live chat. Best wishes, Temu team"
temu.com,id:6a5f522bb70c2ece697702c1,native_id,6a5f522bb70c2ece697702c1,1,2026-07-21T13:04:11.000Z,2026-07-21T00:00:00.000Z,Gone down hill,Where do I start was a regular customer.hit and miss with items.some good a lot not so good.the damaged or not as described was always refunded.but lately even when you show clear photos of damage they expect you to return to china so you lose out as some items not worth your time to return.i have received items delivered by land and not one has been delivered without damage.at present waiting for an item that’s been out for delivery with Evri for 5 days day 6 tomorrow as no update again theres clearly a problem and item isn’t coming but can i get a refund sick of hereing we’ve taken a ticket out and we’ve expedited the query 3 times this has been done excuse after excuse stay well clear and save your money as it’s mostly cheap and tachy you also get bombarded with alerts at least 20 times a day.will be shopping else where.,false,0,Dawn Holden,62cbc69e828bbb0012afe39d,GB,11,false,"Hello, thank you for reaching out to us. We are sorry for any inconvenience caused. Customer satisfaction is of the utmost importance and we are constantly working to improve our service quality. We will follow up on this matter. If you need further assistance, please message us through Temu.com or Temu app live chat. We appreciate you giving us another chance to serve you. Best wishes, Temu team"
temu.com,id:6a5f3feedb73429e56f70942,native_id,6a5f3feedb73429e56f70942,1,2026-07-21T11:46:22.000Z,2026-07-21T00:00:00.000Z,Extremely unprofessional.,"Extremely unprofessional.
I ordered a memorial name plate to remember my partner who passed away last year. I ordered this on 11th July 2026. Was due to receive this at my home address in a couple of days. Now they tell me the item is out of stock. How can this be? It was personalised on 11th July and due to be delivered in a couple of days at my home address. 
This is not acceptable to treat a customer like this. Extremely unprofessional. Never will I use these again.",false,3,David Davis,63c0a151dec43600121c4c1f,GB,152,true,"Hello, thank you for reaching out to us. We are sorry for any inconvenience caused. Customer satisfaction is of the utmost importance and we are constantly working to improve our service quality. We will follow up on this matter. If you need further assistance, please message us through Temu.com or Temu app live chat. We appreciate you giving us another chance to serve you. Best wishes, Temu team"
temu.com,id:6a5f32c1bdb428aef6477bf7,native_id,6a5f32c1bdb428aef6477bf7,1,2026-07-21T10:50:10.000Z,2026-07-04T00:00:00.000Z,I ordered a high powered air pump for…,"I ordered a high powered air pump for my car it costs £32.11 this was at the start of July, email after email was sent asking ""Where is my parcel"" finally was told I'd receive it in August between 12th and the 21st as its travelling by road from god knows where, HOPE I don't have any flat tyres before then. This should be told to you when ordering something from Temu as its so deceiving thinking it's coming soon when it absolutely is not.",false,2,James Cooper,6324ad610fb67e00138a2b92,GB,18,false,"Hello, thank you for reaching out and we are sorry that you are experiencing difficulties with your order. Most packages arrive between 7-13 business days.  If the tracking status is not updated for 15 days, you can request a full refund and keep your items when they arrive. If your order arrives later than the estimated delivery date, you will receive Temu credits as a sign of appreciation for your patience. Finally, if your items do not arrive, arrive damaged, or do not match the description or photos, you will be offered a full refund under Temu's Purchase Protection program (https://www.temu.com/temu-purchase-protection.html). Customer satisfaction is of the utmost importance and we are constantly working to improve our service quality. If you need further assistance, please message us through Temu.com or Temu app live chat. We appreciate you giving us another chance to serve you. Best wishes, Temu team"
temu.com,id:6a5f1df583738a0a833c306a,native_id,6a5f1df583738a0a833c306a,1,2026-07-21T09:21:25.000Z,2026-07-21T00:00:00.000Z,Temu asked me to pick six gifts and I,"Temu asked me to pick six gifts and I needed to pay £15 and I didn’t have any money because I bought things yesterday
",false,0,Aurelija Bzozovskaja,6a5f1d5eff3db298bbbbbe42,GB,1,false,"Hello, thank you for participating in our promotional activities and we are sorry that you are experiencing difficulties with your rewards. Customer satisfaction is of the utmost importance and we are constantly working to improve our service quality. Please contact us again through Temu.com or Temu app live chat so we can help you investigate right away. Best wishes, Temu team"
temu.com,id:6a5f0aa3d0ee2ecaee16a258,native_id,6a5f0aa3d0ee2ecaee16a258,2,2026-07-21T07:58:59.000Z,2026-07-21T00:00:00.000Z,The clothes are ok you just have to…,The clothes are ok you just have to really do your research but the promotion crap like get 5 items free is a total joke after spending a tonne of money already to get these items you still have to spend a stack of more money I think in general temu is a money grab and not worth the efforts ,false,1,Kara,68130f6d4db5a0c4abe438ec,AU,6,false,"Hello, thank you for participating in our promotional activities and we are sorry that you are experiencing difficulties with your rewards. Customer satisfaction is of the utmost importance and we are constantly working to improve our service quality. Please contact us again through Temu.com or Temu app live chat so we can help you investigate right away. Best wishes, Temu team"
temu.com,id:6a5f0592b87afb332cf4e579,native_id,6a5f0592b87afb332cf4e579,1,2026-07-21T07:37:22.000Z,2026-07-21T00:00:00.000Z,Waiting too long ,The goods I have received in the past have been good and have arrived quickly.  They seem to have changed couriers and now  get no updates. My parcel arrived in Italy a week ago.  Heard nothing about it since then.  I won’t be using Temu again.  ,false,0,Rita Williamson,5c9e96e111d267773e148436,IT,23,false,"Hello, thank you for reaching out to us. We are sorry for any inconvenience caused. Customer satisfaction is of the utmost importance and we are constantly working to improve our service quality. If you need further assistance, please message us through Temu.com or Temu app live chat. We appreciate you giving us another chance to serve you. Best wishes, Temu team"
temu.com,id:6a5efb51804562999641845d,native_id,6a5efb51804562999641845d,1,2026-07-21T06:53:37.000Z,2026-07-20T00:00:00.000Z,After I received the package I returned…,"After I received the package I returned it it was a small size. They gave me a ticket I took it to UPS and they send it after one week they said they receive it but it’s empty box which was not a box was a package in the return now they’re asking me did you have
(Could you please provide us with a video of the packaging process when you shipped the return package).
Never saw such a thing in my life For 40 to 50 years I never take a picture in UPS and send it to them so funny it’s beyond.
Customerservice they tell me.",false,0,Bruce shakerian,6a51b05e24460e0a822e9143,US,4,false,"Hello, thank you for reaching out to us. We are sorry for any inconvenience caused. Customer satisfaction is of the utmost importance and we are constantly working to improve our service quality. If you need further assistance, please message us through Temu.com or Temu app live chat. We appreciate you giving us another chance to serve you. Best wishes, Temu team"
temu.com,id:6a5eec200f58ea1298fd6ab4,native_id,6a5eec200f58ea1298fd6ab4,1,2026-07-21T05:48:48.000Z,2026-07-15T00:00:00.000Z,TEMU SENT ME BEDBUG INFESTED…,TEMU SENT ME BEDBUG INFESTED CLOTHING!!!! THEY HAVE BIN NOTIFIED AND ARE REFUSING TO TAKE ANY STEPS TO DEAL WITH THIS ISSUE. ,false,0,Ashley,6a5eec11c2526c53bc930edc,CA,1,false,"Hello, thank you for reaching out to us. We are sorry for any inconvenience caused. Customer satisfaction is of the utmost importance and we are constantly working to improve our service quality. If you need further assistance, please message us through Temu.com or Temu app live chat. We appreciate you giving us another chance to serve you. Best wishes, Temu team"
temu.com,id:6a5eda414f0ce8a3a3288208,native_id,6a5eda414f0ce8a3a3288208,1,2026-07-21T04:32:33.000Z,2026-05-13T00:00:00.000Z,have been waiting for my refund for…,"have been waiting for my refund for over two months. Temu’s support team acknowledged that a refund via Fawry was impossible and explicitly requested my CIB Bank Account and Swift Code, which I provided immediately.
​Since then, I have received nothing but automated template responses from agents (like Jae Kim) promising ""internal processing"" without providing any real transaction proof, Swift advice, or ARN. They are completely ignoring my escalation requests to agent Magenus or a supervisor.
​This level of customer service is unacceptable. I demand an immediate human intervention and proof of my bank transfer, or I will proceed with formal international fraud reports via eConsumer.gov.
​Order ID: PO-060-12882713569911644",false,0,tasneem maraie,6a5eda2b7b418c64cd85bf02,EG,1,false,"Hello, thank you for reaching out to us. We are sorry for any inconvenience caused. Customer satisfaction is of the utmost importance and we are constantly working to improve our service quality. We will follow up on this matter. If you need further assistance, please message us through Temu.com or Temu app live chat. We appreciate you giving us another chance to serve you. Best wishes, Temu team"
temu.com,id:6a5ea95ea5badc42bce06ecc,native_id,6a5ea95ea5badc42bce06ecc,1,2026-07-21T01:03:58.000Z,2026-07-04T00:00:00.000Z,I HATE TEMU,I have been a loyal customer with online shopping with TEMU for many years..But now I HATE temu due to my last purchase & the support/help I didn't receive for an item I have ordered/paid for But received totally different item.. Nearly 1 month trying to get help But only received the same automated messages over and over again..I just would like to WARN others that TEMU isn't as good as some feedbackers say ..Be AWARE ,false,1,Kurt Yuksel,64b169e0672f1c00124dde0d,AU,4,false,"Hello, thank you for taking the time to share your feedback. To help us review the matter further, we kindly ask that you complete the Information Request Form we have sent and provide the requested details, such as your order number(typically starting with PO-xxx)  or the email address associated with your Temu account. Once we receive the information, we will review your case and coordinate with the relevant team for further follow-up.If you have any additional questions or need further assistance, please feel free to contact us through the Temu website or the Temu app live chat via this link: https://share.temu.com/NWGRVrrOSMA. Thank you for your time, patience, and cooperation. Best wishes, Temu Team"
temu.com,id:6a5e96fb8b0ea2b884d9a581,native_id,6a5e96fb8b0ea2b884d9a581,1,2026-07-20T23:45:31.000Z,2026-04-11T00:00:00.000Z,My first experience with Temu was disappointing ,"My first experience with Temu was very disappointing. I spent almost €100 on several items, including scissors, tapes advertised as heavy-duty, and an electric nose hair trimmer. Unfortunately, the products I received were of very poor quality and did not match their descriptions.

When I contacted Temu customer service, I was offered a voucher worth less than €2 as compensation, which I did not consider an adequate resolution.

Based on my experience, I recommend that online shoppers exercise caution when buying from Temu and carefully review product ratings and seller feedback before making a purchase. For me, I have found marketplaces like Amazon to be more reliable.
",false,0,Charles Okezie,6a5e92a2ff3db2f6a4bb5f1c,NG,1,false,"Hello, thank you for taking the time to share your feedback. To help us review the matter further, we kindly ask that you complete the Information Request Form we have sent and provide the requested details, such as your order number(typically starting with PO-xxx)  or the email address associated with your Temu account. Once we receive the information, we will review your case and coordinate with the relevant team for further follow-up. If you have any additional questions or need further assistance, please feel free to contact us through the Temu website or the Temu app live chat via this link: https://share.temu.com/NWGRVrrOSMA. Thank you for your time, patience, and cooperation. Best wishes, Temu Team"
temu.com,id:6a5e93cbb9edf27d7fba6177,native_id,6a5e93cbb9edf27d7fba6177,1,2026-07-20T23:31:55.000Z,2026-06-13T00:00:00.000Z,Unresolved Dispute - Tracking #MA020485212227T,"I am writing this review because Temu customer support failed to resolve my issue with order delivered under tracking number MA020485212227T. The items received were incomplete/damaged, and my tickets were closed without a proper refund or response.
I have already tried to resolve this through my bank with no success. I require an immediate intervention from a supervisor to review my order and issue a full refund.
Tracking Number: MA020485212227T
Delivery Carrier: Speedaf Express (Hub Beni Mellal)",false,0,Abdelaziz Moutahir,6865249f4e662d193d58af03,MA,1,false,"Hello, thank you for reaching out to us. We are sorry for any inconvenience caused. Customer satisfaction is very important to us, and we are continuously working to improve our service. Thank you for sharing the relevant information, and we have already escalated your issue with the relevant team for further follow-up. If you need any additional assistance, please feel free to message us through Temu.com or the Temu app live chat via this link: https://share.temu.com/NWGRVrrOSMA. We appreciate your patience and understanding. Best wishes, Temu Team"
temu.com,id:6a5e81149b5a47f65f8092dd,native_id,6a5e81149b5a47f65f8092dd,1,2026-07-20T22:12:05.000Z,2026-07-20T00:00:00.000Z,CxxP,"Once again. Trying to sort out issue. Very poor customer service , not I least bit interested. 

Yes Temu I have been on chat hence Iam here 

Don’t ask for more information as you ignore it. 

This is 100% true ",false,1,Chris ,5bd093654de5666d34a805b8,GB,60,true,"Hello, thank you for reaching out to us. We are sorry for any inconvenience caused. Customer satisfaction is of the utmost importance and we are constantly working to improve our service quality. We will follow up on this matter. If you need further assistance, please message us through Temu.com or Temu app live chat. We appreciate you giving us another chance to serve you. Best wishes, Temu team"
temu.com,id:6a5e7eac5f7c811f5d0aae00,native_id,6a5e7eac5f7c811f5d0aae00,1,2026-07-20T22:01:48.000Z,2026-07-20T00:00:00.000Z,Not worth it,"The longer they stay in America, the more they get corrupted. Prices are no longer shockingly reasonable. They reflect the Americanization of the marketplace here hard to keep track of orders and most of the stuff has turned out be junk, especially recent orders I will not order from them anymore!",false,0,James talley,60d2bc01ba047200194a6c4a,US,6,false,"Hello, thank you for shopping with us and we are sorry you are experiencing difficulties with your recent orders. If your items do not arrive, arrive damaged, or do not match the description or photos, you will be offered a full refund under Temu's Purchase Protection program (https://www.temu.com/temu-purchase-protection.html). We greatly appreciate your feedback and will take it into consideration to improve our logistics experience. If you need further assistance, please message us through Temu.com or Temu app live chat. Best wishes, Temu Team"
temu.com,id:6a5e75cc6cbf2a2d23caaa8b,native_id,6a5e75cc6cbf2a2d23caaa8b,1,2026-07-20T21:23:56.000Z,2026-07-19T00:00:00.000Z,Was emailed with an amazing offer…,"Was emailed with an amazing offer describing any four  items for £0.00I went onto the Temu sight and picked my free items. But at checkout I had to spend a minimum of £15 to receive my free stuff. I added items to my basket and paid the £15. My items I actually purchased come but lo and behold no free items that I’d picked. What a scam. This should be reported to trading standards for misleading customers. 
Shocking!!

",false,0,customer,5f06cf41866c46207e3c24dc,GB,5,false,"Hello, thank you for participating in our promotional activities and we are sorry that you are experiencing difficulties. Customer satisfaction is of the utmost importance and we are constantly working to improve our service quality. Please contact us again through Temu.com or Temu app live chat so we can help you investigate right away. Best wishes, Temu team"
temu.com,id:6a5e67e4f6f61405cc1918ef,native_id,6a5e67e4f6f61405cc1918ef,1,2026-07-20T20:24:36.000Z,2026-07-20T00:00:00.000Z,Stay away from this guys my package…,Stay away from this guys my package been sitting in one spot for 13 days has not moved you call and find out yes I was pissed I used a few choice words then I stopped cuz the person said if keep it up they would hung up and they did and I did not use any choice words after they told me so piss on  temu and the delivery outfit,false,0,Michael Mannstedt,696eadfc469884b2896abc34,US,1,false,"Hello, thank you for taking the time to share your feedback. To help us review the matter further, we kindly ask that you complete the Information Request Form we have sent and provide the requested details, such as your order number(typically starting with PO-xxx)  or the email address associated with your Temu account. Once we receive the information, we will review your case and coordinate with the relevant team for further follow-up. If you have any additional questions or need further assistance, please feel free to contact us through the Temu website or the Temu app live chat via this link: https://share.temu.com/NWGRVrrOSMA. Thank you for your time, patience, and cooperation. Best wishes, Temu Team"
temu.com,id:6a5e6505fd35c8618e0a2fbb,native_id,6a5e6505fd35c8618e0a2fbb,1,2026-07-20T20:12:21.000Z,2026-07-20T00:00:00.000Z,Disgusting non existing service,Disgusting non existing service. My item was 2/5 weeks overdue. All they did was keep feeding me excuses which are a bunch of lies. This is my 5th terrible delivery experience with this crap company. I totally say do not use this rubbish company. Bunch of liars,false,1,Martyn ,5f75cec0fc40c715a2905a34,GB,13,false,"Hello, thank you for reaching out to us. We are sorry for any inconvenience caused. Customer satisfaction is very important to us, and we are continuously working to improve our service. Thank you for sharing the relevant information, and we have already escalated your issue with the relevant team for further follow-up. If you need any additional assistance, please feel free to message us through Temu.com or the Temu app live chat via this link: https://share.temu.com/NWGRVrrOSMA. We appreciate your patience and understanding. Best wishes, Temu Team"
temu.com,id:6a5e61b86bdd0fb4786226e2,native_id,6a5e61b86bdd0fb4786226e2,1,2026-07-20T19:58:16.000Z,2026-07-17T00:00:00.000Z,Ordered set of sheets Queen size,Ordered set of sheets Queen size. Dead bug stuck on sheet in package. YUCK....disgusting.,false,0,Marie Fox,6a5e61afc2526cd5fe9288f7,US,1,false,"Hello, thank you for taking the time to share your feedback. To help us review the matter further, we kindly ask that you complete the Information Request Form we have sent and provide the requested details, such as your order number(typically starting with PO-xxx)  or the email address associated with your Temu account. Once we receive the information, we will review your case and coordinate with the relevant team for further follow-up. If you have any additional questions or need further assistance, please feel free to contact us through the Temu website or the Temu app live chat via this link: https://share.temu.com/NWGRVrrOSMA. Thank you for your time, patience, and cooperation. Best wishes, Temu Team"
temu.com,id:6a5e5d582229da004299fd99,native_id,6a5e5d582229da004299fd99,1,2026-07-20T19:39:36.000Z,2026-07-20T00:00:00.000Z,AVOID BUYING ANYTHING FROM TEMU ,"So I'm back to further add to my review of this company....Temu is by far the worst company in the world for customer service....I've gone through 14 customer service representatives trying to get a cash refund of $80.00, not a credit of this amount so I could buy more defective junk products.....after 14 representatives, 8 were senior customer resolution specialists that give the exact word for word that all of them give....sorry, no refund, however, here's a credit of a few bucks to buy more because I'm a very valuable and loyal customer.....im ashamed for ever being duped into purchasing their junk....and they refuse to give me a return address so I can and will return their defective junk at my expense....BUYER BEWARE, AVOID TEMU AT ALL COST....",false,0,ted long,6a4bb3969371bf0d5d74c9c9,CA,4,false,"Hello, thank you for reaching out to us. We are sorry for any inconvenience caused. Customer satisfaction is of the utmost importance and we are constantly working to improve our service quality. If you need further assistance, please message us through Temu.com or Temu app live chat. We appreciate you giving us another chance to serve you. Best wishes, Temu team"
temu.com,id:6a5e49ad98550807ac1ba8b4,native_id,6a5e49ad98550807ac1ba8b4,1,2026-07-20T18:15:41.000Z,2026-07-18T00:00:00.000Z,A 1 is generous,A 1 is generous. Totally inefficient service and as for their customer service it is a joke. Can’t give you answers or solutions. They are owned by PDD and it is about time they had a good look at the way customers are treated. ,false,0,Norma,5396e2c00000640001787545,GB,126,false,"Hello, thank you for reaching out to us. We are sorry for any inconvenience caused. Customer satisfaction is of the utmost importance and we are constantly working to improve our service quality. If you need further assistance, please message us through Temu.com or Temu app live chat. We appreciate you giving us another chance to serve you. Best wishes, Temu team"
temu.com,id:6a5e499462c981945ac8be95,native_id,6a5e499462c981945ac8be95,1,2026-07-20T18:15:16.000Z,2026-07-20T00:00:00.000Z,sent parcel to wrong address and would…,"sent parcel to wrong address and would not rectify the problem because it had been delivered,usual crappy chinese service,do not waste your money!!!",false,0,MARILYN THORNE,5e679d90dffcf733da883014,GB,15,false,"Hello, thank you for reaching out to us. We are sorry for any inconvenience caused. Customer satisfaction is of the utmost importance and we are constantly working to improve our service quality. If you need further assistance, please message us through Temu.com or Temu app live chat. We appreciate you giving us another chance to serve you. Best wishes, Temu team"
temu.com,id:6a5e48e32f283c3031746cbe,native_id,6a5e48e32f283c3031746cbe,1,2026-07-20T18:12:19.000Z,2026-07-20T00:00:00.000Z,its literally a meme,"why should this get any stars. it is literally a meme.
i know some people that would say ""this is a temu version"" to a rip-off product.",false,0,Musita,6a5e4716c2526c014a9259d5,GB,7,false,"Hello, thank you for your feedback! Temu is an e-commerce company that connects consumers with a network of merchandise partners, manufacturers and brands with the mission to empower consumers to live their best lives. Customer satisfaction is of the utmost importance and we are constantly working to improve our service quality. If you need further assistance, please message us through Temu.com or Temu app live chat. Best wishes, Temu team"
temu.com,id:6a5e3845bddb7af0a5bc3723,native_id,6a5e3845bddb7af0a5bc3723,1,2026-07-20T17:01:25.000Z,2026-07-20T00:00:00.000Z,Date the final straw with Temu,"Date: July 20, 2026
To: Corporate Management & Customer Service Leadership
Subject: Final Resolution and Demand to Cease Contact – Account/Reference No: [Insert Account or Ticket Number if you have one]
Good morning,
I am writing to formally demand an immediate conclusion to the ongoing dispute regarding the incident that began on May 16, 2026. This matter has involved an exhausting amount of back-and-forth communication, conflicting statements from multiple layers of management, and an unacceptable lack of internal alignment on your end—despite the extensive paperwork, proof, and bank statements provided.
Your investigation has established that the carrier took the property in question (the purple quilt). Despite this finding, I have faced continuous, inconsistent demands for more research time and a complete lack of accountability from your team.
Please consider this letter my formal directive to cease and desist all further investigation, collection efforts, or inquiries regarding this matter. It is time for this situation to end.
I am walking away from this dispute under the following strict terms:
Written Confirmation of Conclusion: I require a formal, written statement from management explicitly confirming that this matter is completely closed and that your company will not contact me regarding this issue again.
No False Attribution of Blame: The written confirmation must not state, imply, or suggest that I initiated an improper refund, that I am at fault, or that I caused this situation in any way. I will not accept a narrative that falsely shifts blame onto me to cover up internal or carrier failures.
Rejection of the $3.17 Settlement: The offered amount of $3.17 is entirely unacceptable given the distress and administrative burden this situation has caused. I reject this credit. Please donate that amount to a charity of your choice, as I want no part of it.
I am willing to close this chapter and move forward without further escalating this issue, provided you respect this demand to leave me alone. However, be advised that if I receive a closing statement that falsely accuses me of wrongdoing or attempts to misrepresent the facts, I will immediately hand over all of my documentation—including the extensive proof, timeline of inconsistencies, and contradictory statements from your management team—to outside parties for assistance.
Please issue the required, neutral written confirmation closing this file immediately.
Sincerely,",false,0,Jacqueline Lewis,6676246cd305a1bcc938970b,US,1,false,"Hello, thank you for reaching out to us. We are sorry for any inconvenience caused. Customer satisfaction is of the utmost importance and we are constantly working to improve our service quality. If you need further assistance, please message us through Temu.com or Temu app live chat. We appreciate you giving us another chance to serve you. Best wishes, Temu team"
temu.com,id:6a5e23111d54e324d6f4b573,native_id,6a5e23111d54e324d6f4b573,3,2026-07-20T15:30:57.000Z,2026-07-20T00:00:00.000Z,Temu offers a huge selection of…,"Temu offers a huge selection of products at very low prices, which is its biggest advantage. However, the quality can be very inconsistent—some items are great, while others don't match the photos or descriptions. Shipping was acceptable but took longer than expected. The app is easy to use, but it can feel overwhelming with constant promotions and notifications. Overall, it's okay for inexpensive purchases if you keep your expectations realistic.",false,0,robert,6a5e22d5b06fbf184eed015f,AU,2,false,"Hello, thank you for shopping with us and we are sorry you are experiencing difficulties with your recent orders. You can track your shipping status and see your expected delivery date directly in the Temu app or on Temu.com. If your order arrives later than the estimated delivery date, you will receive Temu credits as a sign of appreciation for your patience. Finally, if your items do not arrive, arrive damaged, or do not match the description or photos, you will be offered a full refund under Temu's Purchase Protection program (https://www.temu.com/temu-purchase-protection.html). Customer satisfaction is of the utmost importance and we are constantly working to improve our service quality. If you need further assistance, please message us through Temu.com or Temu app live chat. We appreciate you giving us another chance to serve you. Best wishes, Temu team"
temu.com,id:6a5e1cf457fb375f3599b381,native_id,6a5e1cf457fb375f3599b381,2,2026-07-20T15:04:52.000Z,2026-07-19T00:00:00.000Z,Disappointed with the quality,"I expected more for the price, but the item arrived with a small defect. Not great.",false,0,Alvena Boyers,6a3da08b0a188f26168c7089,US,2,false,"Hello, thank you for shopping on Temu! Your feedback is extremely valuable to us and we are sorry that you are not satisfied with some of your items. We implement strict policies and control measures to ensure product quality and accurate product descriptions. Temu's Purchase Protection program offers full refunds if your items do not arrive, arrive damaged, or do not match the description or photos (https://www.temu.com/temu-purchase-protection.html). To apply for a refund, login to the Temu app or Temu.com with the account used for your order, open the ""Your orders"" page, and click ""Return/Refund."" For detailed return instructions, please visit https://www.temu.com/return-and-refund-policy.html. You can choose to receive your refund back to your original payment method or as Temu credits. If you need further assistance, please message us through Temu.com or Temu app live chat. Best wishes, Temu team"
temu.com,id:6a5e1053ab9d7104c7027484,native_id,6a5e1053ab9d7104c7027484,1,2026-07-20T14:11:00.000Z,2026-07-04T00:00:00.000Z,Bad products,"The prices are very cheap, but the quality is very poor. Electronic and electrical items are absolutely not recommended...",false,1,Jack Unlimited,6a5e102a236e3d98c4db92ce,CH,1,false,"Hello, thank you for shopping on Temu! Your feedback is extremely valuable to us and we are sorry that you are not satisfied with some of your items. We implement strict policies and control measures to ensure product quality and accurate product descriptions. Temu's Purchase Protection program offers full refunds if your items do not arrive, arrive damaged, or do not match the description or photos (https://www.temu.com/temu-purchase-protection.html). To apply for a refund, login to the Temu app or Temu.com with the account used for your order, open the ""Your orders"" page, and click ""Return/Refund."" For detailed return instructions, please visit https://www.temu.com/return-and-refund-policy.html. You can choose to receive your refund back to your original payment method or as Temu credits. If you need further assistance, please message us through Temu.com or Temu app live chat. Best wishes, Temu team"
temu.com,id:6a5e0e2c0ee563d8524f5ee7,native_id,6a5e0e2c0ee563d8524f5ee7,1,2026-07-20T14:01:48.000Z,2026-07-20T00:00:00.000Z,Here I am again with the MOST NEGATIVE…,"Here I am again with the MOST NEGATIVE REVIEW FOR THE SCAMMERS AT TEMU!!
​A few days ago, I posted a negative review here regarding a freewheel I bought from Temu. Right after installing it, I noticed extreme play/slack and an extremely eccentric, crooked rotation—as if it were an ancient, heavily used freewheel. This is for order number PO-116-13802722611832752.
​In response to my previous NEGATIVE REVIEW, Temu replied asking for order details and requested that I contact Temu Customer Support!
I did exactly that, but you at Temu are literal idiots and scammers. You literally run your customers in circles with your heavy scams, selling LOW-QUALITY AND TERRIBLE MERCHANDISE where every second product ends up straight in the trash bin!
​You know very well that 60% of buyers cannot return products because there are NO COURIER WAREHOUSES in their towns, forcing them to travel to neighboring towns that are quite far away!
You know very well that almost every time YOU REQUIRE A RETURN FOR A CHEAP PRODUCT WORTH AROUND $10, PEOPLE WON'T RETURN IT because the travel expenses are TWICE AS HIGH AS THE PRODUCT'S VALUE!
THAT IS WHY PEOPLE ARE MOSTLY AT A SEVERE LOSS WHEN BUYING YOUR CHINESE TRASH!
​And another huge reality is that in many local stores, you can find the exact same type of products with incomparably better quality for HALF THE PRICE!
​To everyone reading this, I KNOW YOU ARE IN THE SAME SITUATION! I APPEAL TO YOU TO STOP BUYING FROM TEMU IF YOU CARE ABOUT YOUR HEALTH, TIME, AND MONEY!
I HAVE GIVEN UP, AND I AM DELETING MY TEMU PROFILE RIGHT NOW! I WILL NEVER BUY ANYTHING FROM THEM AGAIN!!!",false,0,Petar,6855634cf0e9f3271979fd16,MK,6,false,"Hello, thank you for reaching out to us. We are sorry for any inconvenience caused. Customer satisfaction is of the utmost importance and we are constantly working to improve our service quality. We will follow up on this matter. If you need further assistance, please message us through Temu.com or Temu app live chat. We appreciate you giving us another chance to serve you. Best wishes, Temu team"
temu.com,id:6a5e066da4be2d44332c9375,native_id,6a5e066da4be2d44332c9375,1,2026-07-20T13:28:45.000Z,2026-06-13T00:00:00.000Z,"Return the item, but lost the returned package ","I returned the package, but the package I had lost was over a month ago, and there was no information from it
I have complained to the customer service service three times but nothing has been resolved
They just say hello, sorry, thank you for your patience :) and say hello to a good day and let me report to a higher level, URgen the ticket
It has been more than a month now, and the returned package has not been found, and the money has not been refunded. ",false,0,Linh Tieu,65b6ac783768c40012f3bd92,CA,3,false,"Hello, thank you for reaching out to us. We are sorry for any inconvenience caused. Customer satisfaction is of the utmost importance and we are constantly working to improve our service quality. If you need further assistance, please message us through Temu.com or Temu app live chat. We appreciate you giving us another chance to serve you. Best wishes, Temu team"
temu.com,id:6a5e014ce0a49283f5423da2,native_id,6a5e014ce0a49283f5423da2,1,2026-07-20T13:06:53.000Z,2026-07-20T00:00:00.000Z,Scam company.their policy say to the…,Scam company.their policy say to the delivery guys to leave parcels outside doors this is redicilus.do not waste your money here,false,0,Kejdi Lici,6a3a6fe69371bf0266615484,GB,2,false,"Hello, thank you for reaching out to us. We are sorry for any inconvenience caused. Customer satisfaction is of the utmost importance and we are constantly working to improve our service quality. If you need further assistance, please message us through Temu.com or Temu app live chat. We appreciate you giving us another chance to serve you. Best wishes, Temu team"
temu.com,id:6a5df2c7bee9425b32ca0aca,native_id,6a5df2c7bee9425b32ca0aca,1,2026-07-20T12:04:55.000Z,2026-02-13T00:00:00.000Z,I just have to delete the app,I just have to delete the app. The worst project in recent times,false,0,Okechukwu Anyaneto,65343fd56cdad40012c8976f,NG,1,false,"Hello, thank you for your feedback! Temu is an e-commerce company that connects consumers with a network of merchandise partners, manufacturers and brands with the mission to empower consumers to live their best lives. Customer satisfaction is of the utmost importance and we are constantly working to improve our service quality. If you need further assistance, please message us through Temu.com or Temu app live chat. Best wishes, Temu team"
temu.com,id:6a5de895d351ecfd05ab7ed4,native_id,6a5de895d351ecfd05ab7ed4,1,2026-07-20T11:21:25.000Z,2026-07-20T00:00:00.000Z,Unjustified Affiliate Account Block & Frozen Earned Balanc,"I am extremely disappointed with Temu's Affiliate Program. My account was suddenly blocked without any valid reason, claiming policy violations even though I strictly followed all rules. I never used bots, spam, or improper techniques. 

Most importantly, my legally earned money that was already converted to my available cash balance is now frozen inside the account, and I am completely blocked from withdrawing my funds. Customer support only provides automated responses and refuses to resolve the issue. 

Withholding a user's approved earnings",false,0,Emine Mehemmedli,6a5de8897b418c3a758455dc,AZ,1,false,"Hello, thank you for taking the time to share your feedback. We sincerely apologize for any inconvenience this may have caused. To assist you more efficiently, please complete the Information Request Form with infomation such as your order number (typically starting with PO-xxx) or the email address associated with your Temu account, so we can follow up on your issue and provide further assistance. Thank you for your understanding and support. If you have any other questions or concerns, please message us through Temu.com or the Temu app live chat. We appreciate you giving us another chance to serve you. Best wishes, Temu Team"
temu.com,id:6a5de7769943eaff96861799,native_id,6a5de7769943eaff96861799,1,2026-07-20T11:16:38.000Z,2026-07-20T00:00:00.000Z,Misrepresentation and Abysmal Customer Service,"I am writing this public notice to highlight a severe failure by Temu regarding order fulfilment, consumer rights adherence, and customer support competence. 
I placed an order for a specific item, but the item delivered was entirely different from what was purchased. Upon immediately initiating a refund, I experienced a systemic failure in Temu's dispute resolution process: Deceptive Timelines: The automated system promised a merchant response within 1–3 business days. By the fourth day, no action had been taken. Direct communication with the seller yielded only identical, scripted, and empty promises. Failure to Provide Practicable Return Methods: Customer support insisted on emailing a printable return label. I explicitly informed an agent that I do not own printing facilities, and that the parcel's dimensions exceed my cars capacity. These logistical barriers were completely ignored. 

Evasive Delay Tactics: The resolution window was unilaterally extended from the advertised 1–3 business days to an unacceptable 9 business days. I was rigidly told to wait until 25th July just to contact them again, a tactic clearly designed to dismiss the consumer rather than resolve the issue. Temu’s customer service operates on rigid, automated scripts completely detached from practical problem-solving. A simple error has been dragged out unnecessarily due to corporate incompetence. Potential customers should be heavily cautioned: if your order is incorrect, expect zero meaningful support and exhausting delays. I demand that Temu immediately contact me to arrange a courier collection at their expense—requiring no printed label—and issue a full refund.",false,1,Cameron Abercrombie,6a5de76db06fbffb30ec8c0e,GB,1,false,"Hello, thank you for reaching out to us. We are sorry for any inconvenience caused. Customer satisfaction is of the utmost importance and we are constantly working to improve our service quality. We will follow up on this matter. If you need further assistance, please message us through Temu.com or Temu app live chat. We appreciate you giving us another chance to serve you. Best wishes, Temu team"
temu.com,id:6a5ddb9f56d8e4f622d70c93,native_id,6a5ddb9f56d8e4f622d70c93,1,2026-07-20T10:26:07.000Z,2026-07-20T00:00:00.000Z,Would have given less than 0 if I could…,Would have given less than 0 if I could as the platform tries to scam its customers by sending offers that turn out to be fake when you checkout. 6 items for 0 and in the end you get only 1 cheap item. At checkout the customs duty is deducted but even if you cancel the order with a difference of just 5 minutes they keep the customs charges and refund the actual amount which always expensive. Never ever am I going to order from temu again and don't recommend to other at all.,false,1,Mohib,592c2eef0000ff000a9d7b55,SE,13,false,"Hello, thank you for reaching out to us. We are sorry for any inconvenience caused. Customer satisfaction is of the utmost importance and we are constantly working to improve our service quality. We will follow up on this matter. If you need further assistance, please message us through Temu.com or Temu app live chat. We appreciate you giving us another chance to serve you. Best wishes, Temu team"
temu.com,id:6a5dbd5b772bb632d3a31c0d,native_id,6a5dbd5b772bb632d3a31c0d,2,2026-07-20T08:16:59.000Z,2026-06-19T00:00:00.000Z,Cheap but low quality :(,Cheap but low quality :(,false,1,Alex Piliavsky,63afeb711caa130012d4962d,US,9,false,"Hello, thank you for shopping on Temu! Your feedback is extremely valuable to us and we are sorry that you are not satisfied with some of your items. We implement strict policies and control measures to ensure product quality and accurate product descriptions. Temu's Purchase Protection program offers full refunds if your items do not arrive, arrive damaged, or do not match the description or photos (https://www.temu.com/temu-purchase-protection.html). To apply for a refund, login to the Temu app or Temu.com with the account used for your order, open the ""Your orders"" page, and click ""Return/Refund."" For detailed return instructions, please visit https://www.temu.com/return-and-refund-policy.html. You can choose to receive your refund back to your original payment method or as Temu credits. Temu credits will appear in your Temu credit balance within 3 minutes and can be used immediately. If you choose to receive your refund back to your original payment method, please allow 5-14 business days for it to appear since timing depends on your financial institution. If you need further assistance, please message us through Temu.com or Temu app live chat. Best wishes, Temu team"
temu.com,id:6a5d7625a3307a710cd4531f,native_id,6a5d7625a3307a710cd4531f,1,2026-07-20T03:13:09.000Z,2026-07-19T00:00:00.000Z,I have been getting ma y things I…,"I have been getting ma y things I didn't order. My garage is full.i  have 2 cultivators. 7 office chairs,only ordered 2.Many .other duplicates.  Today I got 6 pillows that I didn't  order.   HELP!!",false,0,Barbara Wedel,6a5d75de7b418c1bc883f62a,US,1,false,"Hello, thank you for reaching out to us. We are sorry for any inconvenience caused. Customer satisfaction is of the utmost importance and we are constantly working to improve our service quality. If you need further assistance, please message us through Temu.com or Temu app live chat. We appreciate you giving us another chance to serve you. Best wishes, Temu team"
temu.com,id:6a5d72713f16700eac74bdd1,native_id,6a5d72713f16700eac74bdd1,1,2026-07-20T02:57:21.000Z,2026-07-18T00:00:00.000Z,Thieves ,"They promise one thing and deliver another. Temu said they were giving me 8 free gifts with purchase. Every time it would get close to completing the percentage that was needed, they would increase the percentage. Not only that, they were charging me without making it to the final purchase kart. And when I realized my bank account was being charged every time I clicked on a product, I tried to reverse it, but they don't have that option. I will never make another purchase with these thieves. Following in trump's footsteps I see. ",false,0,Katherine,6a5d7245c2526c40be9137f7,US,1,false,"Hello, thank you for participating in our promotional activities and we are sorry that you are experiencing difficulties with your rewards. Customer satisfaction is of the utmost importance and we are constantly working to improve our service quality. Please contact us again through Temu.com or Temu app live chat so we can help you investigate right away. Best wishes, Temu team"
temu.com,id:6a5d6f971e5bfc8982e51c9c,native_id,6a5d6f971e5bfc8982e51c9c,1,2026-07-20T02:45:11.000Z,2026-06-25T00:00:00.000Z,very disappointed with the overall experience.,"I am a loyal Temu customer, but my experience has become increasingly disappointing.

My recent orders 
PO-004-12184301901432094 and 
PO-004-01189241119352094 
have once again suffered from long delivery delays. Unfortunately, this is not an isolated incident—it has happened with many of my previous orders as well.

What is even more frustrating is that I have also received damaged items and products that did not match their descriptions. In those cases, I was often required to return the items before receiving a refund, while I have seen many other customers receive refunds or compensation without having to go through the same process.

This inconsistent treatment makes me feel that customers are not treated equally. Loyal customers should not have to repeatedly experience delayed deliveries, damaged or inaccurate products, and a much more difficult refund process than others.
To make matters worse, Temu promised me a 5$ compensation, I accepted the offer, but I never received it. Making promises and then failing to honor them has seriously damaged my trust in Temu's customer service.

I hope Temu will review its customer service policies, ensure fair treatment for all customers, improve delivery reliability, and handle compensation requests consistently. At the moment, I am very disappointed with the overall experience.",false,3,Shop Express,694c23aa3d98f026ce08335c,DZ,1,false,"Hello, thank you for reaching out to us. We are sorry for any inconvenience caused. Customer satisfaction is of the utmost importance and we are constantly working to improve our service quality. If you need further assistance, please message us through Temu.com or Temu app live chat. We appreciate you giving us another chance to serve you. Best wishes, Temu team"
temu.com,id:6a5d58631cf293b68603d192,native_id,6a5d58631cf293b68603d192,1,2026-07-20T01:06:11.000Z,2026-07-14T00:00:00.000Z,SWEATY CARTEL give TEMU a bad name  !!,"This is REALLY not a TEMU issue !
I recently bought a case of 24 cans of COCA COLA Sugarfree 33cl from an AFFILIATED supplier to TEMU called SWEATY-CARTEL. 
The cans were repacked badly in a plain cardboard box which did not protect them !
The order was dropped onto one corner which damaged 11 cans.  I cannot use the ring pull (if still there!) to open these cans !
& because SweatyCartel will NOT accept RETURNS. I have resorted to violence ! 😇
Using a small chisel and hammer … and loads of kitchen towels I have messily managed to get a drink for our family barbecue !!
During this messy time I submitted photos and a video through TEMU of the damaged cans …. 
I HONESTLY EXPECTED TEMU WOULD SUSTAIN THEIR EXCELLENT CUSTOMER SERVICE history with me, and I would be compensated for THE SUPPLY OF DAMAGED GOODS!

BUT NO I AM NOT TO BE REIMBURSED FOR DAMAGED GOODS ……. By the charlatans at SweatyCartel !

I CALL THIS FRAUD AND A RIP OFF !

I will continue to CAUTION customers TO BE AWARE that SWEATY-CARTEL are NOT VERY PROFESSIONAL with no idea of CUSTOMER SEEVICE.

I URGE TEMU to REMOVE SWEATY CARTEL as a supplier of goods via TEMU. 
The TEMU name is dragged down !

✋🏼MEANWHILE BEWARE THEYLL TAKE YOUR MONEY DELIVER DAMAGED GOODS AND NOT REFUND YOU

I BELIEVE THIS IS ILLEGAL .???
",false,0,John J. O'Mara,5f7f74d1198b1000190c80eb,IE,31,true,"Hello, thank you for reaching out to us. We are sorry for any inconvenience caused. Customer satisfaction is of the utmost importance and we are constantly working to improve our service quality. If you need further assistance, please message us through Temu.com or Temu app live chat. We appreciate you giving us another chance to serve you. Best wishes, Temu team"
temu.com,id:6a5d5624ae649912f388ffc1,native_id,6a5d5624ae649912f388ffc1,5,2026-07-20T00:56:36.000Z,2026-07-19T00:00:00.000Z,The reason why I gave them a five is…,"The reason why I gave them a five is because I find them with great customer service and while you’re waiting for your refund to come, they certainly keep you posted",false,0,Mary,6a5adfdf7b418cc0e281e7b9,CA,2,false,"Hello, thank you for shopping with us and sharing your 5-star experience! We are so glad you've been enjoying your experience so far. Customer satisfaction is of the utmost importance and we are constantly working to improve our service quality. If you need any assistance, please message us through Temu.com or Temu app live chat. Best wishes, Temu team"
temu.com,id:6a5d3a18ef7a78ca97cdc828,native_id,6a5d3a18ef7a78ca97cdc828,1,2026-07-19T22:56:56.000Z,2026-07-19T00:00:00.000Z,I don't think it's Temu's fault but I…,"I don't think it's Temu's fault but I don't want to order from Temu right now! 

As long as politicians impose customs duties and import fees—which I consider a penalty, though I don't know what for—I won't be buying anything from Temu anymore. I'm frequently logging in on Temu to find out if the customs duties and import fees still exist.

And €3.- per article is brazen! 

And when people seriously stop buying by Temu then the politicians don't get their money and stop this madness money making, perhaps. ",false,0,Saxoman S,626526f3f452ad0012199ab2,DE,11,false,"Hello, thank you for reaching out to us. We are sorry for any inconvenience caused. Customer satisfaction is of the utmost importance and we are constantly working to improve our service quality. If you need further assistance, please message us through Temu.com or Temu app live chat. We appreciate you giving us another chance to serve you. Best wishes, Temu team"
temu.com,id:6a5d16adbb8df824ed719812,native_id,6a5d16adbb8df824ed719812,1,2026-07-19T20:25:49.000Z,2026-07-19T00:00:00.000Z,I have been waiting for a refund for a…,"I have been waiting for a refund for a long time.
It's now 19 days.",false,0,Avraham,68542c4a4e662d684d475d20,GB,3,false,"Hello, thank you for reaching out to us. We are sorry for any inconvenience caused. Customer satisfaction is of the utmost importance and we are constantly working to improve our service quality. We will follow up on this matter. If you need further assistance, please message us through Temu.com or Temu app live chat. We appreciate you giving us another chance to serve you. Best wishes, Temu team"
temu.com,id:6a5d0c643c08ca2a00d71f20,native_id,6a5d0c643c08ca2a00d71f20,1,2026-07-19T19:41:57.000Z,2026-07-18T00:00:00.000Z,Below standard and not fitting ,"Poor quality and not  fitting on all items
  This is no coincidence.  
I will not order from TEMU again. This is poor poor poor.  
I was not expecting perfection but this is at below standard",false,0,Alicia Perry,69b856db157f7bfced462088,US,2,false,"Hello, thank you for shopping on Temu! Your feedback is extremely valuable to us and we are sorry that you are not satisfied with some of your items. We implement strict policies and control measures to ensure product quality and accurate product descriptions. Temu's Purchase Protection program offers full refunds if your items do not arrive, arrive damaged, or do not match the description or photos (https://www.temu.com/temu-purchase-protection.html). To apply for a refund, login to the Temu app or Temu.com with the account used for your order, open the ""Your orders"" page, and click ""Return/Refund."" For detailed return instructions, please visit https://www.temu.com/return-and-refund-policy.html. You can choose to receive your refund back to your original payment method or as Temu credits. Temu credits will appear in your Temu credit balance within 3 minutes and can be used immediately. If you choose to receive your refund back to your original payment method, please allow 5-14 business days for it to appear since timing depends on your financial institution. If you need further assistance, please message us through Temu.com or Temu app live chat. Best wishes, Temu team"
temu.com,id:6a5d036d2a36d12e46145ffd,native_id,6a5d036d2a36d12e46145ffd,1,2026-07-19T19:03:41.000Z,2026-06-01T00:00:00.000Z,Stop using the spinner to suck  in stupid customers like me,"Stop using the spinner to suck in people. 
This entire enticement is a scam that encourages customers to spend their money to win free items which never happens. You receive your ""order"" for which I had a difficult time recalling that I had ordered. 
Temu also has placed within the items to purchase signs that say ""Check out"" which I purchased, as I believed would take me to the checkout page. But instead I received and was charged for three metal signs that were printed with the words, ""CHECK OUT"". 
I admit that I truly believed that I was earning free prizes for a purchases but was instead charged for any item that I indicated as a choice for a prize. 
I was fooled. And I proved myself a fool for falling for this scam.
June 1st - June 20th (approx dates)
",false,0,Sandy Prator,6a5d035cc2526c18ea90de5d,US,2,false,"Hello, thank you for reaching out to us. We are sorry for any inconvenience caused. Customer satisfaction is of the utmost importance and we are constantly working to improve our service quality. We will follow up on this matter. If you need further assistance, please message us through Temu.com or Temu app live chat. We appreciate you giving us another chance to serve you. Best wishes, Temu team"
temu.com,id:6a5cef6312e11108f397437c,native_id,6a5cef6312e11108f397437c,2,2026-07-19T17:38:11.000Z,2026-07-19T00:00:00.000Z,Sizes were nothing like described in…,"Sizes were nothing like described in size charts with clothes. And what you get is similar to the pic in the ads, but not the same. Clothing also looks like something that came from the dollar store. No issues withe delivery-that was ok.",false,0,Fat Cat,6a5cef5cb06fbf8b7eebbf13,US,1,false,"Hello, thank you for shopping on Temu! Your feedback is extremely valuable to us and we are sorry that you are not satisfied with some of your items. We implement strict policies and control measures to ensure product quality and accurate product descriptions. Temu's Purchase Protection program offers full refunds if your items do not arrive, arrive damaged, or do not match the description or photos (https://www.temu.com/temu-purchase-protection.html). To apply for a refund, login to the Temu app or Temu.com with the account used for your order, open the ""Your orders"" page, and click ""Return/Refund."" For detailed return instructions, please visit https://www.temu.com/return-and-refund-policy.html. You can choose to receive your refund back to your original payment method or as Temu credits. Temu credits will appear in your Temu credit balance within 3 minutes and can be used immediately. If you choose to receive your refund back to your original payment method, please allow 5-14 business days for it to appear since timing depends on your financial institution. If you need further assistance, please message us through Temu.com or Temu app live chat. Best wishes, Temu team"
temu.com,id:6a5ce5fa7348aa285ba19481,native_id,6a5ce5fa7348aa285ba19481,1,2026-07-19T16:58:02.000Z,2026-06-18T00:00:00.000Z,Worst customer service ever,Worst customer service ever!  Sent me a return label without enough postage.  Must be an ongoing thing becauae package is at USPS in TX.  They refuse to make delivery because of the postage due   Temu sent FEDEX label whith USPS tracking as well.  I dropped off at Fedex and they transferred to USPS for final delivery.  All Temu did was check Fedex not USPS tracking.  As far as Temu is concerned despite repeated supporting documents I receive a form email DAILY forr nearly a monrh.  Same exact wordage!  I will never purchase from Temu again.  I had to dispute wirh my credit card!,false,0,T Rob,6a5ce5e37b418c5687837d46,US,1,false,"Hello, thank you for taking the time to share your feedback. To help us review the matter further, we kindly ask that you complete the Information Request Form we have sent and provide the requested details, such as your order number(typically starting with PO-xxx)  or the email address associated with your Temu account. Once we receive the information, we will review your case and coordinate with the relevant team for further follow-up. If you have any additional questions or need further assistance, please feel free to contact us through the Temu website or the Temu app live chat via this link: https://share.temu.com/NWGRVrrOSMA. Thank you for your time, patience, and cooperation. Best wishes, Temu Team"
temu.com,id:6a5cd11464ebbb5bb14856d0,native_id,6a5cd11464ebbb5bb14856d0,1,2026-07-19T15:28:52.000Z,2026-07-19T00:00:00.000Z,Tempted Excuses Malfunction Useless,"Generous at x1 star goods go missing you get a refund only to be a credit to spend on Temu,customer service is awful talking to a robot,can’t understand the simplest of explanations endless pointless offers and to cap it all they use EVRI avoid this app at all times even Turpin (the highwayman) wore a mask!!!!",false,0,Kevin Wild,5d29dbb5ee24f80c3273d56f,GB,53,false,"Hello, thank you for taking the time to share your feedback. To help us review the matter further, we kindly ask that you complete the Information Request Form we have sent and provide the requested details, such as your order number(typically starting with PO-xxx)  or the email address associated with your Temu account. Once we receive the information, we will review your case and coordinate with the relevant team for further follow-up. If you have any additional questions or need further assistance, please feel free to contact us through the Temu website or the Temu app live chat via this link: https://share.temu.com/NWGRVrrOSMA. Thank you for your time, patience, and cooperation. Best wishes, Temu Team"
temu.com,id:6a5cc124e169125ca81faab8,native_id,6a5cc124e169125ca81faab8,3,2026-07-19T14:20:52.000Z,2026-07-09T00:00:00.000Z,The products are cheap and does not…,"The products are cheap and does not last longer and I think this company  cheating the consumers of the these cheap items , some that turn it not real silver or gold!!!!!!!!!",false,0,ZEYNEP DAVIS,6a5cbffd7b418c19218356a1,US,4,false,"Hello, thank you for reaching out and we are sorry that you are not satisfied with your items. Temu works with a network of merchandise partners, manufacturers, brands to curate and deliver quality, affordable products. We implement strict policies and control measures to ensure product quality and accuracy of product descriptions. If you are not satisfied with any items you receive, you may apply for a refund within 90 days of purchase. Temu's Purchase Protection program offers full refunds if your items do not arrive, arrive damaged, or do not match the description or photos (https://www.temu.com/temu-purchase-protection.html). To apply for a refund, login to the Temu app or Temu.com with the account used for your order, open the ""Your orders"" page, and click ""Return/Refund."" For detailed return instructions, please visit https://www.temu.com/return-and-refund-policy.html. If you need further assistance, please message us through Temu.com or Temu app live chat. Best wishes, Temu team"
temu.com,id:6a5c9831019b2e786f103444,native_id,6a5c9831019b2e786f103444,1,2026-07-19T11:26:09.000Z,2026-07-19T00:00:00.000Z,Useless app and customer service ,"Useless customer service run by AI bots. Even when they write they’ll get a human, you end up with another AI bot pretending to be a human.

",false,0,Felix Børgesen,5433b90700006400018eb0d9,DK,38,false,"Hello, thank you for reaching out to us. We are sorry for any inconvenience caused. Customer satisfaction is of the utmost importance and we are constantly working to improve our service quality. If you need further assistance, please message us through Temu.com or Temu app live chat. We appreciate you giving us another chance to serve you. Best wishes, Temu team"
temu.com,id:6a5c87715b99fe1fbe9eba0c,native_id,6a5c87715b99fe1fbe9eba0c,1,2026-07-19T10:14:41.000Z,2026-07-03T00:00:00.000Z,The worst ever experience with Temu,"The worst ever experience with Temu. Ordered a sofa that never arrived and then was sent back. I have been chasing a refund for two weeks and they keep saying they will get back to me. I think I have been scammed but luckily I protected my payment through PayPal. Everyone has been so unhelpful, it has caused me financial stress and stress in general. Even the courier lied and said it was on the drivers van being delivered to me. Also do not let Yodel ship your parcels.",false,0,Cherelle,64d8cc01bb4e710012cddd64,GB,10,false,"Hello, thank you for reaching out to us. We are sorry for any inconvenience caused. Customer satisfaction is very important to us, and we are continuously working to improve our service. Thank you for sharing the relevant information, and we have already escalated your issue with the relevant team for further follow-up. If you need any additional assistance, please feel free to message us through Temu.com or the Temu app live chat via this link: https://share.temu.com/NWGRVrrOSMA. We appreciate your patience and understanding. Best wishes, Temu Team"
temu.com,id:6a5c83436ecd59cc69b930ea,native_id,6a5c83436ecd59cc69b930ea,1,2026-07-19T09:56:51.000Z,2026-07-19T00:00:00.000Z,Order PO-014-07555660607353189 Misappropriation of the buyer's money and a deceptive product warranty!,"Order PO-014-07555660607353189
 I’ve contacted them before and was told I’d get a reply, but they are just lying to mislead people! It’s been ages with no response regarding my open ticket—just bots in the chat—and they haven't even answered the complaint I filed with the BBB. They are scammers; I returned the item, and I have photos and video from the warehouse showing it was accepted and that it matched the product shown in the instruction manual—proving I’m right! Yet, no one is refunding my money or taking responsibility!!!! I am giving the company one last chance to issue a refund, or else I will sue them for misappropriation of funds, fraud, and violation of consumer rights!!! It’s been 10 days since the incident!",false,1,Dilara Abduraqimova,6a59dee7ff3db25380b64c5f,AZ,1,false,"Hello, thank you for reaching out to us. We are sorry for any inconvenience caused. Customer satisfaction is very important to us, and we are continuously working to improve our service. Thank you for sharing the relevant information, and we have already escalated your issue with the relevant team for further follow-up. If you need any additional assistance, please feel free to message us through Temu.com or the Temu app live chat via this link: https://share.temu.com/NWGRVrrOSMA. We appreciate your patience and understanding. Best wishes, Temu Team"
temu.com,id:6a5c83210806310733a9ba17,native_id,6a5c83210806310733a9ba17,1,2026-07-19T09:56:17.000Z,2026-07-19T00:00:00.000Z,Price Adjusment....,"I am very unhappy with my recent experience. I applied for a price adjustment because the price of my item dropped within the 30-day window. I provided clear proof, but the system refused it anyway( PO-141-09566580859513363-D01)

Instead of a proper refund, I was given a standard coupon that expires in just a few days. I do not want to be forced to make another purchase under a strict time limit just to receive credit that I am rightfully owed under your price adjustment policy.

Do not rely on Temu’s ""30-day price adjustment policy."" Even if you have clear screenshot proof that the price dropped, their automated system will likely refuse it—even if you have clear proof. If you go to the chat box to complain, they will not give you your money back. Instead, they close your support ticket and give you a standard coupon onto your account.
Here is the catch: The coupon expires in just a few days.

EDIT: To Temu BOT, please do not ask for order number with a mail, read it in this post. Your automated, canned responses do not address my issue and offer no real assistance.",false,1,Petra ,5d1a0d27a9030c1ddd2ba66b,NL,6,false,"Hello, thank you for reaching out to us. We are sorry for any inconvenience caused. Customer satisfaction is very important to us, and we are continuously working to improve our service. Thank you for sharing the relevant information, and we have already escalated your issue with the relevant team for further follow-up. If you need any additional assistance, please feel free to message us through Temu.com or the Temu app live chat via this link: https://share.temu.com/NWGRVrrOSMA. We appreciate your patience and understanding. Best wishes, Temu Team"
temu.com,id:6a5c70f0af7511ec0294b075,native_id,6a5c70f0af7511ec0294b075,1,2026-07-19T08:38:41.000Z,2026-07-09T00:00:00.000Z,Because you can't give no stars,"Because you can't give no stars. Twice my card details have been copied. With hundreds of pounds been spent in Manchester and London with in two week. I got my new card Friday, by Tuesday I had to block my second card. I had only used it on temu. Which was local sellers. What a shady site. DON'T USE THIS SITE. THEY SELL OR COPIED YOUR BANK DETAILS ",false,0,Sarah Peart,67b1bccd1e09b47a0f14c49f,GB,3,false,"Hello, thank you for taking the time to share your feedback. We sincerely apologize for any inconvenience this may have caused. To assist you more efficiently, please complete the Information Request Form with infomation such as your order number (typically starting with PO-xxx) or the email address associated with your Temu account, so we can follow up on your issue and provide further assistance. Thank you for your understanding and support. If you have any other questions or concerns, please message us through Temu.com or the Temu app live chat. We appreciate you giving us another chance to serve you. Best wishes, Temu Team"
temu.com,id:6a5c5419ccd7cba3ad2f7db2,native_id,6a5c5419ccd7cba3ad2f7db2,1,2026-07-19T06:35:37.000Z,2026-07-18T00:00:00.000Z,Worst place to shop ever!,Worst place to shop ever!! They give you a tracking number tou can't even track and then when you ask them they have no idea where your item/s are!! Do NOT  BUY with them... I will be returning my items if they ever get here!! ,false,0,Blank Blank,6a5c5412ff3db20a34b8de0c,US,1,false,"Hello, thank you for reaching out to us. We are sorry for any inconvenience caused. Customer satisfaction is of the utmost importance and we are constantly working to improve our service quality. We will follow up on this matter. If you need further assistance, please message us through Temu.com or Temu app live chat. We appreciate you giving us another chance to serve you. Best wishes, Temu team"
temu.com,id:6a5c3d7dea8e67ba02af9ccc,native_id,6a5c3d7dea8e67ba02af9ccc,1,2026-07-19T04:59:09.000Z,2026-07-18T00:00:00.000Z,I was hacked by temu and my Apple…,I was hacked by temu and my Apple credit card I’m hoping that the DOJ goes after them ,false,0,Mary Rich,6a5c3d717b418c6f07830196,US,1,false,"Hello, thank you for taking the time to share your feedback. We sincerely apologize for any inconvenience this may have caused. To assist you more efficiently, please complete the Information Request Form with infomation such as your order number (typically starting with PO-xxx) or the email address associated with your Temu account, so we can follow up on your issue and provide further assistance. Thank you for your understanding and support. If you have any other questions or concerns, please message us through Temu.com or the Temu app live chat. We appreciate you giving us another chance to serve you. Best wishes, Temu Team"
temu.com,id:6a5c30067dfcc3300440c7fa,native_id,6a5c30067dfcc3300440c7fa,1,2026-07-19T04:01:42.000Z,2025-08-05T00:00:00.000Z,They said I received my package ,"They said I received my package 
9200190377915313770831 
Devil Ray Shape Hot Tub Absorber 

It Says delivered in mailbox August 5th which i never got it! They said the time has expired and I paid for the item and everything. I have paid alot on temu and usually never complain but them saying I received an item from which it never came just really irritates and pisses me off! I paid for it and I at least should get my refund or my item that I paid for!!!!!!!!! TEMU IS PATHETIC.  I WILL NEVER PURCHASE ANYTHING FROM THIS FAKE ASS SITE AGAIN!! ",false,1,Niki Hornish,6a5c2ffcc2526c641d903e60,US,1,false,"Hello, thank you for reaching out to us. We are sorry for any inconvenience caused. Customer satisfaction is of the utmost importance and we are constantly working to improve our service quality. We will follow up on this matter. If you need further assistance, please message us through Temu.com or Temu app live chat. We appreciate you giving us another chance to serve you. Best wishes, Temu team"
temu.com,id:6a5c2b886f6dc0fdbc020697,native_id,6a5c2b886f6dc0fdbc020697,1,2026-07-19T03:42:32.000Z,2026-07-03T00:00:00.000Z,DO NOT ORDER FROM TEMU,"I ordered a blouse and two pairs of shoes based on Facebook ads.  Facebook is now getting sued because they make a ton of money from fraudulent companies.  Anyway, the shirts had no tags and the shoes were made of plastic. I threw it all away. Returns require ""tags"" which were nonexistent. DO NOT ORDER FROM TEMU.",false,1,I was robbed,6a5c29eeb06fbf3f9eeb30d6,US,2,false,"Hello, thank you for reaching out to us. We are sorry for any inconvenience caused. Customer satisfaction is of the utmost importance and we are constantly working to improve our service quality. We will follow up on this matter. If you need further assistance, please message us through Temu.com or Temu app live chat. We appreciate you giving us another chance to serve you. Best wishes, Temu team"
temu.com,id:6a5c2a762f0955b77c3540b4,native_id,6a5c2a762f0955b77c3540b4,1,2026-07-19T03:37:58.000Z,2026-07-16T00:00:00.000Z,I ordered 4 shirts $73  and got nothing…,"I ordered 4 shirts $73  and got nothing I'm waiting for a refund  but it takes too long. If i have to ill take legal action against Temu
Never again
",false,1,Dionysios Lazanis,66dbe125193b7202673f341e,CA,2,false,"Hello, thank you for reaching out to us. We are sorry for any inconvenience caused. Customer satisfaction is of the utmost importance and we are constantly working to improve our service quality. We will follow up on this matter. If you need further assistance, please message us through Temu.com or Temu app live chat. We appreciate you giving us another chance to serve you. Best wishes, Temu team"
temu.com,id:6a5c21f43b2843262f45685d,native_id,6a5c21f43b2843262f45685d,1,2026-07-19T03:01:40.000Z,2026-07-18T00:00:00.000Z,Very shady practices when using your…,"Very shady practices when using your returned credit to purchase something else from them. They have one price while selecting the item but they increase the price when checking out, which really doesn't give your money/credit back. Just shady! Once I receive my items from them with their pretend return/credit of my refund, I most likely want shop with them anymore or my daughters and friends and associates once I inform them of their shady refund practices.",false,1,Brenda Johnson,62047dd308903800132b6fa3,US,3,false,"Hello, thank you for reaching out to us. We are sorry for any inconvenience caused. Customer satisfaction is of the utmost importance and we are constantly working to improve our service quality. We will follow up on this matter. If you need further assistance, please message us through Temu.com or Temu app live chat. We appreciate you giving us another chance to serve you. Best wishes, Temu team"
temu.com,id:6a5c1ae496a7f0fd25a39d11,native_id,6a5c1ae496a7f0fd25a39d11,1,2026-07-19T02:31:32.000Z,2026-07-15T00:00:00.000Z,Dissatisfied ,"Temu said I could get 8 free gifts.  I put 8 gifts in the cart, and I found out later that they put the free gifts on my charge card without my permission. I am warning you all if you open your Temu app and it says you have free gifts, please disregard it because you will pay for it. ",false,1,Mary Swann,62f114a2911739001395eaba,US,3,false,"Hello, thank you for participating in our promotional activities and we are sorry that you are experiencing difficulties with your rewards. Customer satisfaction is of the utmost importance and we are constantly working to improve our service quality. Please contact us again through Temu.com or Temu app live chat so we can help you investigate right away. Best wishes, Temu team"
temu.com,id:6a5c00d7abdd1446a1cec3d4,native_id,6a5c00d7abdd1446a1cec3d4,1,2026-07-19T00:40:23.000Z,2026-07-18T00:00:00.000Z,I've given this company 5 chances to…,"I've given this company 5 chances to get an order correct. I've received damaged items,late deliveries, and haven't received any of the free items I was entitled too. And chose. I've been in contact with several people from Temu. No help at all. This is a scam company. BEWARE TEMU",false,0,Juzme Lewis,69b1deee513e81784f7c54ab,CA,6,false,"Hello, thank you for reaching out to us. We are sorry for any inconvenience caused. Customer satisfaction is of the utmost importance and we are constantly working to improve our service quality. We will follow up on this matter. If you need further assistance, please message us through Temu.com or Temu app live chat. We appreciate you giving us another chance to serve you. Best wishes, Temu team"
temu.com,id:6a5bfee732042a63233da2a8,native_id,6a5bfee732042a63233da2a8,1,2026-07-19T00:32:07.000Z,2026-06-13T00:00:00.000Z,I ordered 3 items on June 13th that…,"I ordered 3 items on June 13th that have never been delivered. I have sent numerous emails along with screenshots of my order on the temu app, a copy of the payment but they refuse to reimburse me.",false,1,Mina Ouanani,6a5bfec2c2526ce72b9026be,ES,1,false,"Hello, thank you for reaching out to us. We are sorry for any inconvenience caused. Customer satisfaction is of the utmost importance and we are constantly working to improve our service quality. We will follow up on this matter. If you need further assistance, please message us through Temu.com or Temu app live chat. We appreciate you giving us another chance to serve you. Best wishes, Temu team"
temu.com,id:6a5bf1bdd74f211e2e61f7df,native_id,6a5bf1bdd74f211e2e61f7df,1,2026-07-18T23:35:57.000Z,2026-06-24T00:00:00.000Z,Temu = FRAUD,"Temu = FRAUD! 
Beyond selling cheap, low-quality products, Temu’s aggressive and misleading marketing tactics feel like dealing with a professional con artist. Recently, Temu sent me a promotion claiming I could select up to eight free gifts. Curious to see whether the offer was legitimate, I decided to test it. 
I carefully selected eight items that were advertised as free and added one additional item priced at approximately $17. After completing the purchase and placing the order, I waited to see if the promotion would be honored. 
The result? I received only the one item that I actually paid for. 
None of the eight supposedly ""free"" items ever arrived. Whether through fine print, hidden conditions, or intentionally confusing marketing, the end result was the same: the advertised free gifts never materialized. To me, this experience was the very definition of deceptive advertising—promising customers something valuable to entice a purchase, then failing to deliver on that promise. 
If a company advertises free products to convince customers to place an order, those products should actually show up. Based on my experience, Temu's promotion created the expectation that I would receive eight free gifts, yet only the paid item was delivered. I came away feeling misled, disappointed, and far less trusting of any future promotions they advertise. 
Call to Action: Consumers Deserve Better

Consumers should not have to navigate confusing promotions, hidden conditions, or marketing campaigns that create unrealistic expectations. If you've had a similar experience, don't simply write it off as the cost of doing business. Document what was advertised, save screenshots, keep your order confirmations, and speak up. 
Consider sharing your experience through consumer review platforms and, where appropriate, reporting potentially misleading advertising practices to consumer protection agencies. Companies should be held accountable when their marketing creates expectations that are not fulfilled. The more consumers report questionable practices, the easier it becomes for regulators to identify patterns and protect the public from deceptive marketing tactics. 
Transparency, honesty, and accountability should be the standard—not the exception. If enough consumers demand fair treatment and accurate advertising, companies will be forced to compete based on trust and value rather than confusion and gimmicks. 
Buyer beware: If an offer sounds too good to be true, take screenshots, read the fine print carefully, and keep records of everything. My experience serves as a reminder that ""free"" offers are not always what they appear to be, and consumers must remain vigilant to protect themselves from potentially deceptive marketing practices.
",false,1,Alex Siu,6a5bf1b4ff3db25616b8b128,US,1,false,"Hello, thank you for participating in our promotional activities and we are sorry that you are experiencing difficulties with your rewards. Customer satisfaction is of the utmost importance and we are constantly working to improve our service quality. Please contact us again through Temu.com or Temu app live chat so we can help you investigate right away. Best wishes, Temu team"
temu.com,id:6a5bcd5e121764d95a8cb633,native_id,6a5bcd5e121764d95a8cb633,1,2026-07-18T21:00:46.000Z,2026-07-18T00:00:00.000Z,Keep clear of TEMU.,"
I have been placing orders with this company for some time now but I am not receiving any part of the order.I can’t get in touch with them to complain and all the time the money is being taken,I advise don’t deal with them they are con merchants.",false,0,FRED SMITH,5fb81369b1fed7001cccf1d8,GB,7,false,"Hello, thank you for reaching out to us. We are sorry for any inconvenience caused. Customer satisfaction is of the utmost importance and we are constantly working to improve our service quality. We will follow up on this matter. If you need further assistance, please message us through Temu.com or Temu app live chat. We appreciate you giving us another chance to serve you. Best wishes, Temu team"
temu.com,id:6a5bc97caa3810e22bca2bb3,native_id,6a5bc97caa3810e22bca2bb3,4,2026-07-18T20:44:12.000Z,2026-07-01T00:00:00.000Z,I mostly LOVE Temu,"I mostly LOVE Temu. I have ordered from them at least 10 times, several items in each order such as specialty papers, crafting & sewing tools and supplies, little amethyst crystals with points, fairy garden accessories, terrarium accessories like stones & long tweezers, a small wooden cabinet  & recently ordered a few plus size clothing items like cotton tops. I've been really happy with almost every single item I've received. One thing I received- a little fairy garden item that cost a dollar was broken but everything else is the same items/quality I get on amazon only for much less. Crafting is my therapy and I love making personalized gifts for friends & family & things are more affordable on Temu. 
The thing I HATE about Temu is their scammy messages about choosing free gifts & getting free credit. I've never received a single free gift even though I wasted time choosing. It was just a trick to get me to make another purchase. I ignore those messages completely now. They need to stop doing that!",false,0,Laurel,65b1923aa08def00135c92b0,US,8,false,"Hello, thank you for shopping with us and sharing your 4-star experience! We are happy that you are pleased with your items. Your feedback is extremely valuable to us as we constantly strive to improve our service quality. If you need any assistance, please don't hesitate to message us through Temu.com or Temu app live chat. Best wishes, Temu team"
temu.com,id:6a5bc84eec9da76d3415ab77,native_id,6a5bc84eec9da76d3415ab77,1,2026-07-18T20:39:10.000Z,2026-07-18T00:00:00.000Z,"I purchased a MZk 40V 16"" Elecetric…","I purchased a MZk 40V 16"" Elecetric Mower on 4/15/26 which arrived approx. 5 days later. I unpacked in and plugged the batteries in as instructed. I used it a couple days later and have only used it 3 times since it was received. Last week I charged the batteries and installed them in the machine. The machine ran for 2-3 minutes then died. I recharged the batteries but they were clearly defective and would not run the machine. I contacted TEMU customer service via a chat. After many questions were answered and repeated I was told I needed to speak to an electric mower technician. This was confusing when it was clear I had defective batteries. i was sent a link to continue to speak to the ""electric mower technician"". The link was to take my credit card information and pay $5.00 to continue with supposedly getting help. I read further that the link, if I completed the form, could then continue to bill my card $65.00 per month IF I didn't cancel the service. WHAT!!!!! I tried to reopen the chat with customer service and it would not respond. 
TEMU clearly did not want to stand by the cheap, defective JUNK they sell. Shame on TEMU!!!!'
I will never, ever use TEMU again. Amazon from here on out.",false,0,Joe,6a5bc81e7b418c672982b4e4,US,1,false,"Hello, thank you for reaching out to us. We are sorry for any inconvenience caused. Customer satisfaction is of the utmost importance and we are constantly working to improve our service quality. We will follow up on this matter. If you need further assistance, please message us through Temu.com or Temu app live chat. We appreciate you giving us another chance to serve you. Best wishes, Temu team"
temu.com,id:6a5bc3e8ba35c9f26c69aa78,native_id,6a5bc3e8ba35c9f26c69aa78,1,2026-07-18T20:20:24.000Z,2026-07-18T00:00:00.000Z,Let down,"I have bought a lot from Temu and spent quite a bit with them however this time the service from them is very very poor.
Item was just dumped on doorstep and left there. we were not home and it has been stolen. So I have paid for item that I did not receive, I understand that it is not the sellers fault and the fault is with the delivery company EVRI, however my contract is with the seller and not Evri, If Temu and sellers wish to use Evri that is up to them however they should make sure that Evri is doing what it is meant to and deliver items to customer. Not just dump them and go.
No help from TEMU
Order ID: PO-210-02213488069750023
This is the second time a parcel has been left in an unsafe place and stolen, first was not temu but was delivered by Evri.",false,0,dave,5490b92200006400019e21c6,GB,58,false,"Hello, thank you for reaching out to us. We are sorry for any inconvenience caused. Customer satisfaction is of the utmost importance and we are constantly working to improve our service quality. We will follow up on this matter. If you need further assistance, please message us through Temu.com or Temu app live chat. We appreciate you giving us another chance to serve you. Best wishes, Temu team"
temu.com,id:6a5bc1046a265287231447a7,native_id,6a5bc1046a265287231447a7,1,2026-07-18T20:08:04.000Z,2026-07-18T00:00:00.000Z,Lousy,"Extremely poor quality and even worse product description.  Try somewhere else.
",false,0,Doug Zimmerman,6a5bc0b3b06fbf808ceae2eb,US,1,false,"Hello, thank you for shopping on Temu! Your feedback is extremely valuable to us and we are sorry that you are not satisfied with some of your items. We implement strict policies and control measures to ensure product quality and accurate product descriptions. Temu's Purchase Protection program offers full refunds if your items do not arrive, arrive damaged, or do not match the description or photos (https://www.temu.com/temu-purchase-protection.html). To apply for a refund, login to the Temu app or Temu.com with the account used for your order, open the ""Your orders"" page, and click ""Return/Refund."" For detailed return instructions, please visit https://www.temu.com/return-and-refund-policy.html. You can choose to receive your refund back to your original payment method or as Temu credits. Temu credits will appear in your Temu credit balance within 3 minutes and can be used immediately. If you choose to receive your refund back to your original payment method, please allow 5-14 business days for it to appear since timing depends on your financial institution. If you need further assistance, please message us through Temu.com or Temu app live chat. Best wishes, Temu team"
temu.com,id:6a5bb9583eb77aaea905e026,native_id,6a5bb9583eb77aaea905e026,1,2026-07-18T19:35:20.000Z,2026-07-15T00:00:00.000Z,So far I cannot give you any higher…,"So far I cannot give you any higher than one star, and that's only because we are still communicating after 3 day I still cannot get a resolution to send back
 the $193 battery powered lawn mower, claiming they cannot find my purchase,  it appears once you have bought something they could care less, I may need to report to the U.S. better business bureau? And the same lawn mower was listed for $135!",false,0,Joe Cannestra,6a5bb91eb06fbf1043eadb15,US,1,false,"Hello, thank you for reaching out to us. We are sorry for any inconvenience caused. Customer satisfaction is of the utmost importance and we are constantly working to improve our service quality. We will follow up on this matter. If you need further assistance, please message us through Temu.com or Temu app live chat. We appreciate you giving us another chance to serve you. Best wishes, Temu team"
temu.com,id:6a5b9d69471ffdf6d0396bdd,native_id,6a5b9d69471ffdf6d0396bdd,1,2026-07-18T17:36:09.000Z,2026-07-15T00:00:00.000Z,Every time it says oh we will give you…,Every time it says oh we will give you 8 items free or 400.00 credit it doesn't. Be careful with this company they are tricky. Read the fine print careful.  I have made my last purchase from temu. Only because the tricky marketing . It should be transparent.  Ive bought 3 things with the expectations I would get the 8 products I spent 30 minutes to pick and never got 1 free gift. Its a scam. No more customer. ,false,0,Darrell Lawrence,6a5b9d507b418c836a8285e7,US,1,false,"Thank you for your interest in Temu's promotional activities! We understand that you may have questions about our promotions. Please rest assured that all our promotions are fair and transparent. Detailed rules and conditions can be found on each promotion page, which you can access at any time. If you have any questions or need further clarification, please feel free to contact us for assistance via the following link: https://www.temu.com/support-center.html. Sincerely, The Temu Team"
temu.com,id:6a5b9c4071692425d7f59f22,native_id,6a5b9c4071692425d7f59f22,1,2026-07-18T17:31:12.000Z,2026-07-16T00:00:00.000Z,Beware of temu,"Temu is shady, they have too many price changes. There products are very cheaply made. Their coupons are a scam in itself, only a small amount of the coupon goes towards the product. They have an ice scraper for your auto listed at 82.00 , you can buy it anywhere for 7.99. they have multiple prices for the same items. Products that are advertised free on app are unavailable.you are better off buying these same items from Wal Mart, you will get better quality and a better price. Temu gives all complainants a meaningless apology and how customer service means everything, it is all BS, if they truly cared, they would work with the customer towards a satisfactory solution. Buyer beware ",false,0,James Finucane,67b4bd731e09b4ba0917f6fb,US,3,false,"Hello, thank you for reaching out to us. We are sorry for any inconvenience caused. Customer satisfaction is of the utmost importance and we are constantly working to improve our service quality. We will follow up on this matter. If you need further assistance, please message us through Temu.com or Temu app live chat. We appreciate you giving us another chance to serve you. Best wishes, Temu team"
temu.com,id:6a5b95188a3731f757323884,native_id,6a5b95188a3731f757323884,5,2026-07-18T17:00:40.000Z,2026-07-18T00:00:00.000Z,Order arrived today less than a week…,"Order arrived today less than a week after ordering.
Had a problem with 2 items, but as always Temu quick to sort issue and refund in account in less than 2 minutes",false,0,B Martin,53f50b03000064000185d558,GB,69,false,"Hello, thank you for shopping with us and sharing your 5-star experience! We are so glad you've been enjoying your experience so far. Customer satisfaction is of the utmost importance and we are constantly working to improve our service quality. If you need any assistance, please message us through Temu.com or Temu app live chat. Best wishes, Temu team"
temu.com,id:6a5b8e1b7e319b9103d3cf46,native_id,6a5b8e1b7e319b9103d3cf46,1,2026-07-18T16:30:51.000Z,2026-07-17T00:00:00.000Z,I ordered a wig and just received it,"I ordered a wig and just received it. Looks nothing like Pic at all!!!!
Very disappointed and will never order from here again!!!!",false,0,Melissa Bjerke,6783f5de9b3c6243d826f17b,US,2,false,"Hello, thank you for shopping on Temu! Your feedback is extremely valuable to us and we are sorry that you are not satisfied with some of your items. We implement strict policies and control measures to ensure product quality and accurate product descriptions. Temu's Purchase Protection program offers full refunds if your items do not arrive, arrive damaged, or do not match the description or photos (https://www.temu.com/temu-purchase-protection.html). To apply for a refund, login to the Temu app or Temu.com with the account used for your order, open the ""Your orders"" page, and click ""Return/Refund."" For detailed return instructions, please visit https://www.temu.com/return-and-refund-policy.html. You can choose to receive your refund back to your original payment method or as Temu credits. Temu credits will appear in your Temu credit balance within 3 minutes and can be used immediately. If you choose to receive your refund back to your original payment method, please allow 5-14 business days for it to appear since timing depends on your financial institution. If you need further assistance, please message us through Temu.com or Temu app live chat. Best wishes, Temu team"
temu.com,id:6a5b7838757398516ab22133,native_id,6a5b7838757398516ab22133,1,2026-07-18T14:57:28.000Z,2026-07-18T00:00:00.000Z,Check Adding Total of Cart ,"Why is it, when I add up the items in cart, my sum is always $20ish dollars less than check out price? 
I have asked 'customer service' several times, but get the game where they don't understand my question, therefore you never get an answer.
BE AWARE AT CART & CHECKOUT THAT FIGURES ADD UP CORRECTLY.
Another beef is farmland. I have been at 99.9% forTWO YEARS & whole game for almost FOUR YEARS. I'll be dead before I receive any free gift. Won't even have enough 'water' to earn plastic flowers for my grave.

Did get a reply from Temu asking me to complete the a form so they could look into matter. Will update when I hear more ",false,0,J,6462e69aef90f4001237f894,AU,10,false,"Hello, thank you for taking the time to share your feedback. To help us review the matter further, we kindly ask that you complete the Information Request Form we have sent and provide the requested details, such as your order number(typically starting with PO-xxx)  or the email address associated with your Temu account. Once we receive the information, we will review your case and coordinate with the relevant team for further follow-up. And we are sorry that you are experiencing difficulties with your rewards. Customer satisfaction is of the utmost importance and we are constantly working to improve our service quality. Please contact us again through Temu.com or Temu app live chat so we can help you investigate right away. Best wishes, Temu team"
temu.com,id:6a5b758001d034327099567a,native_id,6a5b758001d034327099567a,5,2026-07-18T14:45:52.000Z,2026-07-18T00:00:00.000Z,Most of time items are good quality for…,Most of time items are good quality for the moneyeven if you have to wait a while on delivery. If you have an issue with anything customer service are really good. ,false,0,ann copland,698dbb97e90c6efae3396819,GB,6,false,"Hello, thank you for shopping with us and sharing your 5-star experience! We are so glad you've been enjoying your experience so far. Customer satisfaction is of the utmost importance and we are constantly working to improve our service quality. If you need any assistance, please message us through Temu.com or Temu app live chat. Best wishes, Temu team"
temu.com,id:6a5b6baf3c8ea114f6102591,native_id,6a5b6baf3c8ea114f6102591,1,2026-07-18T14:03:59.000Z,2026-06-30T00:00:00.000Z,I have purchased quite a lot from this…,"I have purchased quite a lot from this company, but this time i have waited absolutely ages for my package, so i will not be ordering again.",false,0,Lisa Robinson,6862e91f8a5375300782363f,GB,6,false,"Hello, thank you for shopping with us and we are sorry you are experiencing difficulties with your recent orders. Most packages arrive between 7-13 business days.You can track your shipping status and see your expected delivery date directly in the Temu app or on Temu.com. If the tracking status is not updated for 15 days, you can request a full refund and keep your items when they arrive. If your order arrives later than the estimated delivery date, you will receive Temu credits as a sign of appreciation for your patience. Finally, if your items do not arrive, arrive damaged, or do not match the description or photos, you will be offered a full refund under Temu's Purchase Protection program (https://www.temu.com/temu-purchase-protection.html). Customer satisfaction is of the utmost importance and we are constantly working to improve our service quality.  If you need further assistance, please message us through Temu.com or Temu app live chat. We appreciate you giving us another chance to serve you. Best wishes, Temu team"
temu.com,id:6a5b5d0f2335f1c4917d3a53,native_id,6a5b5d0f2335f1c4917d3a53,1,2026-07-18T13:01:35.000Z,2026-07-18T00:00:00.000Z,Temu😱 ,"The products on Temu are great, but TEMU are shockingly bad. Especially CS getting the simplist issue sorted will take hours or even weeks. Today I contacted 4 operators, Eden Clarke, Meepo, Asa Wetjen, and Ashley White (not real names) Each and every one of them went out of thier way to obstruct me, resulting in hours of wasted time with no resolution. This is how they deal with customer problems, waste your time until you go away. Now it is beginning to be possible buy direct from agents in China, anything is better than dealing with Temu.
Temu's reply show you how little they care, do they even read our comments? ",false,1,Ron Allen,5b9fc68d4de5666d34c1b36a,GB,138,false,"Hello, thank you for taking the time to share your feedback. To help us review the matter further, we kindly ask that you complete the Information Request Form we have sent and provide the requested details, such as your order number(typically starting with PO-xxx)  or the email address associated with your Temu account. Once we receive the information, we will review your case and coordinate with the relevant team for further follow-up. If you have any additional questions or need further assistance, please feel free to contact us through the Temu website or the Temu app live chat via this link: https://share.temu.com/NWGRVrrOSMA. Thank you for your time, patience, and cooperation. Best wishes, Temu Team"
temu.com,id:6a5b5b4dbcd42a673128056c,native_id,6a5b5b4dbcd42a673128056c,1,2026-07-18T12:54:05.000Z,2026-07-18T00:00:00.000Z,Temu offered 4 free articles and one…,"Temu offered 4 free articles and one purchase indicated that a Chainsaw charged and a hose free.
 Then next email the hose was billed separately and both appeared on my bank statement minutes ago.
That,of course was only one fraud.
Do not ever believe that this shit Chinese company will ever give anything free.  
I will never use this fraudulent company again.",false,0,JOHN COURTIER,6375d5615d8b960012945ff4,AU,4,false,"Hello, thank you for participating in our promotional activities and we are sorry that you are experiencing difficulties with your rewards. Customer satisfaction is of the utmost importance and we are constantly working to improve our service quality. Please contact us again through Temu.com or Temu app live chat so we can help you investigate right away. Best wishes, Temu team"
temu.com,id:6a5b3d445ad13f0ae24a5bb3,native_id,6a5b3d445ad13f0ae24a5bb3,1,2026-07-18T10:45:56.000Z,2026-07-18T00:00:00.000Z,I returned a bbq on 16 June and it cost…,"I returned a bbq on 16 June and it cost with delivery cost £94 .

Its not the first time this has happened on a higher cost item 

I Have proof of delivery to the address they gave me and receipt of the cost of return ",false,0,Steph Dennis,668f88132343962c22136144,GB,3,false,"Hello, thank you for reaching out to us. We are sorry for any inconvenience caused. Customer satisfaction is of the utmost importance and we are constantly working to improve our service quality. We will follow up on this matter. If you need further assistance, please message us through Temu.com or Temu app live chat. We appreciate you giving us another chance to serve you. Best wishes, Temu team"
temu.com,id:6a5b29a19c2e4fca53950c44,native_id,6a5b29a19c2e4fca53950c44,1,2026-07-18T09:22:09.000Z,2026-07-18T00:00:00.000Z,Scamming promotions ,"Temu notify me of a promotion going on which states that purchase 2 items and then pick free 8 items. Come to find out it was just a scam to get me purchase the two items but will not receive any 8 items for free.
Scam.. scam .. scam",false,0,Thomas Frimpong,6596e0ff8d1a620011cb6f4e,US,2,false,"Hello, thank you for participating in our promotional activities and we are sorry that you are experiencing difficulties with your rewards. Customer satisfaction is of the utmost importance and we are constantly working to improve our service quality. Please contact us again through Temu.com or Temu app live chat so we can help you investigate right away. Best wishes, Temu team"
temu.com,id:6a5b070283a739aa3b163fe7,native_id,6a5b070283a739aa3b163fe7,1,2026-07-18T06:54:34.000Z,2026-07-17T00:00:00.000Z,"Temu Repeatedly cancelling legitimate paid orders under the vague excuse of ""unusual activity""","I used Temu several times last year and placed around five orders without a single issue. This year has been a completely different experience.

In January, I placed an order and paid through PayPal. A few hours later, Temu cancelled it, claiming there was an issue with my payment method. I accepted it as a one-time mistake.

Three days ago, I decided to give Temu another chance. This time I paid with my bank card through PayPal. The order remained in processing for three days, so I naturally expected it to ship. Instead, Temu cancelled it again and gave me the exact same excuse:

> ""Refund automatically issued by Temu due to unusual activity. It needs to be processed by your financial institution.""

This explanation makes no sense. I use the same bank card and the same PayPal account on Amazon, AliExpress, eBay, and many other online marketplaces. I have placed hundreds of orders over the years without a single payment issue. The problem is clearly not my payment method.

The worst part is that Temu waits days before cancelling the order, wasting customers' time while they expect their package to be shipped. If there is truly a payment problem, why not reject the order immediately instead of leaving it in processing for days?

This has been an incredibly frustrating experience. From my perspective, ordering from Temu has become a waste of time. Repeatedly cancelling legitimate paid orders under the vague excuse of ""unusual activity"" without providing any meaningful explanation is unacceptable. Unless Temu fixes this issue and improves its verification process, I won't be ordering from them again, and I cannot recommend the platform based on my recent experience.
",false,0,Mira,6a5b06667b418c5aa281f4cd,MA,1,false,"Hello, thank you for reaching out to us. We are sorry for any inconvenience caused. Customer satisfaction is of the utmost importance and we are constantly working to improve our service quality. We will follow up on this matter. If you need further assistance, please message us through Temu.com or Temu app live chat. We appreciate you giving us another chance to serve you. Best wishes, Temu team"
temu.com,id:6a5adf9d8e2982dbc206e5d1,native_id,6a5adf9d8e2982dbc206e5d1,1,2026-07-18T04:06:21.000Z,2026-04-18T00:00:00.000Z,I bought a coded angle grinder it was…,I bought a coded angle grinder it was delivered no problem the problem was with angle grinder itself there an on off switch wich stayed on even when you left go of the switch wich if im not mistaken is a must by uk standards so my advice is read the small print very carefully ,false,0,Darren Shaky Shakeshaft,6a07518962191471706aa792,GB,5,false,"Hello, thank you for reaching out to us. We are sorry for any inconvenience caused. Customer satisfaction is of the utmost importance and we are constantly working to improve our service quality. If you need further assistance, please message us through Temu.com or Temu app live chat. We appreciate you giving us another chance to serve you. Best wishes, Temu team"
temu.com,id:6a5ac542ce25ea3fa778c9eb,native_id,6a5ac542ce25ea3fa778c9eb,2,2026-07-18T02:13:54.000Z,2026-07-16T00:00:00.000Z,I have purchased a lot of stuff on…,I have purchased a lot of stuff on Teemu they said I have credit I go to pull the credit and they want me to purchase more things then you spin a wheel and more b******* comes out it's all bull--- I do not want to reply from Timo they will just come up with some b******* they read off a computer that's made by AI,false,0,michael gallo,5abbdea74de5666d346c1474,US,8,false,"Hello, thank you for participating in our promotional activities and we are sorry that you are experiencing difficulties with your rewards. Customer satisfaction is of the utmost importance and we are constantly working to improve our service quality. Please contact us again through Temu.com or Temu app live chat so we can help you investigate right away. Best wishes, Temu team"
temu.com,id:6a5ac25994a465f3fa0d75ea,native_id,6a5ac25994a465f3fa0d75ea,1,2026-07-18T02:01:29.000Z,2026-07-16T00:00:00.000Z,This site are scam for  any customers,This site are scam for  any customers offering  free gifts  never arrived ,false,0,Honorio Saenz,6a5ac248b06fbf3240ea10d9,US,1,false,"Hello, thank you for participating in our promotional activities and we are sorry that you are experiencing difficulties with your rewards. Customer satisfaction is of the utmost importance and we are constantly working to improve our service quality. Please contact us again through Temu.com or Temu app live chat so we can help you investigate right away. Best wishes, Temu team"
temu.com,id:6a5ac1ec154014c940097b43,native_id,6a5ac1ec154014c940097b43,1,2026-07-18T01:59:41.000Z,2026-01-01T00:00:00.000Z,Prices increase on checkout. Disintegrating small rubbish bags.  ,"Temu check out increased prices.I didn’t realise on checkout that roll of cupboard liners had tripled to $11.  The rubbish bags I ordered were extremely poor quality. I bought terrible rubbish and waste bags that on arrival fell apart. The large size was small for Australia and NZ. They were a total waste of money. Double check what you buy.  My purchases ended up costing three times as much and there was also a shipping cost. I complained and they gave $20 of short dated coupons to use, I didn’t use them in time though. ",false,0,Margaret Symons,5eb5c1528f25b9a36d50e88b,NZ,34,true,"Hello, thank you for reaching out to us. We are sorry for any inconvenience caused. Customer satisfaction is of the utmost importance and we are constantly working to improve our service quality. We will follow up on this matter. If you need further assistance, please message us through Temu.com or Temu app live chat. We appreciate you giving us another chance to serve you. Best wishes, Temu team"
temu.com,id:6a5ab3a35e37a8c1d8b576a8,native_id,6a5ab3a35e37a8c1d8b576a8,3,2026-07-18T00:58:43.000Z,2026-07-17T00:00:00.000Z,I think we all know about Temu,"I think we all know about Temu, motto being..YOU GET WHAT YOU PAY FOR!! I use Temu. A LOT!! And I dont do cheap and nasty, l like good quality clothing and ANYTHING I buy to be of good quality. But the main stream of their fashion, clothing lines are so hit and miss. Its a shame because they repeatedly have a good design and on the website the clothing looks stunning good spec. It took me about 6 months to start to realize that poor quality was the NORM. But having said that it draws you in, it's like being in a massive giant shopping mall, with no ending.!!!  But I have lessened the amount significantly of the amountof money I  spend on their clothing. Refunds are given quickly, easy to order, but the delivery is very long. My delivery on average have taken 16 days. And I have ordered multiple  multiple times. It is a great shopping line to have and use if you are shopping on a very tight budget. Everything is affordable. But quality needs to be more effective.",false,0,Beverley Osbourne,64804ac82bad3e0012bf9864,GB,63,false,"Hello, thank you for reaching out to us. We are sorry for any inconvenience caused. Customer satisfaction is of the utmost importance and we are constantly working to improve our service quality. We will follow up on this matter. If you need further assistance, please message us through Temu.com or Temu app live chat. We appreciate you giving us another chance to serve you. Best wishes, Temu team"
temu.com,id:6a5ab35e7b751d53d3296f6a,native_id,6a5ab35e7b751d53d3296f6a,2,2026-07-18T00:57:34.000Z,2026-07-17T00:00:00.000Z,Disillusionment,"I have become very disillusioned with Temu as have many other people I have heard of who have stopped buying. There were so many times over the last 6 months I went to buy something only to be met with extremely aggressive marketing methods to make me buy things I don't want and distracted me from the things I want. The 6 items free lotto is a complete joke. When you start to go through the process of it, hours on down the line you are trying to find some piece of rubbish with inflated prices just to get the one thing you would have bought in the first place for a good price. Temu - please stop this. You might think we're stupid and engage in this trickery but people are wising up to it and have stopped buying. You dont care - eh? Well, you've lost me many times (a good customer) and about 20 people I have spoken to within the last couple of weeks - they are just saying they can't be bothered any more. Its wearisome and we don't have time to spend hours sifting through things. A points system - yes, where if you buy, you gain credits, but that lottery where if you buy one item at £16 then that is 12% or whatever - the way you have it listed is ridiculous. The tactic of creating confusion to make people panic buy - we're long past it. Please step up and make your sales straightforward - no more messing around. After that, if you do this, I'll be raising my review up to 5 stars again because I love Temu products.",false,0,Jay Girl,603beb97f560680019db9155,GB,5,false,"Hello, thank you for participating in our promotional activities. Customer satisfaction is of the utmost importance and we are constantly working to improve our service quality. Please contact us again through Temu.com or Temu app live chat so we can help you investigate right away. Best wishes, Temu team"
temu.com,id:6a5a9cd6d6da86f3b31ac837,native_id,6a5a9cd6d6da86f3b31ac837,2,2026-07-17T23:21:26.000Z,2026-07-17T00:00:00.000Z,Temu tends to carry better quality and…,"Temu tends to carry better quality and reasonably priced Chinese goods. Their agents deliver fairly rapidly and reliably, although their tracking is nowhere near as good as Aliexpress or Amazon.

However, the website and app advertise various rebates and discounts (pending credits) that aren't real even if you complete purchases within the time limits. This is made to look like an annoying game. However, the rewards are not actually issued. Temu also aggressively spams you on communication channels, including WhatsApp.

If it wasn't for this deception, I would rank this site much higher but, I will avoid in the future because of this.",false,0,David,68bd584211121e3e4a6ab97e,CA,5,false,"Hello, thank you for participating in our promotional activities and we are sorry that you are experiencing difficulties with your rewards. Customer satisfaction is of the utmost importance and we are constantly working to improve our service quality. Please contact us again through Temu.com or Temu app live chat so we can help you investigate right away. Best wishes, Temu team"
temu.com,id:6a5a9535b3bf9ea613945e4c,native_id,6a5a9535b3bf9ea613945e4c,1,2026-07-17T22:48:53.000Z,2026-05-27T00:00:00.000Z,No refund for 5/27 and 6/7/26,Ordered 2 items only received one  the order included laundry mat and scale did not receive the scale and paid for it in full. No return for the item not received. Also charged $30.41 for a capri pants that was $16.49. ,false,0,Chicago,58de80070000ff000a8833c0,US,3,false,"Hello, thank you for reaching out to us. We are sorry for any inconvenience caused. Customer satisfaction is of the utmost importance and we are constantly working to improve our service quality. If you need further assistance, please message us through Temu.com or Temu app live chat. We appreciate you giving us another chance to serve you. Best wishes, Temu team"
temu.com,id:6a5a8c0d6c4a18827c1cad01,native_id,6a5a8c0d6c4a18827c1cad01,1,2026-07-17T22:09:49.000Z,2026-04-06T00:00:00.000Z,on the ads it says free stuff for new…,on the ads it says free stuff for new users and when you use it it ask you make a purchase to get the prize like buy 200 dollars worth of stuff to get 100 dollars worth of prize,false,0,Nick jime,6a5a8c05236e3ddfe9d89380,US,1,false,"Hello, thank you for participating in our promotional activities and we are sorry that you are experiencing difficulties with your rewards. Customer satisfaction is of the utmost importance and we are constantly working to improve our service quality. Please contact us again through Temu.com or Temu app live chat so we can help you investigate right away. Best wishes, Temu team"
temu.com,id:6a5a8b4f3ed9aa1f20571893,native_id,6a5a8b4f3ed9aa1f20571893,5,2026-07-17T22:06:39.000Z,2026-07-17T00:00:00.000Z,Thanks for showing us how marked up other sellers charge us.,"Temu is what it is, you just have to diligently choose products and check prices before checking out.  It's not Nordstrom or Costco where the customer is always right.  But if you play the game that their website is, you can pay 10-20c on the dollar for items of acceptable quality. The 10day shipping is the price you pay for 75% discounts, if you want it sooner pay more in USA. The website has taught me the incredible markup Americans pay over here for many times the exact same thing. So thank you TEMU,  it's cheap and fun to browse and search price differentials on your site. 
Steve ",false,0,Tight Wad,643c49ba63d39c001548fb02,US,4,false,"Hello, thank you for shopping with us and sharing your 5-star experience! We are happy that you are pleased with your items. Your feedback is extremely valuable to us as we constantly strive to improve our service quality. If you need any assistance, please don’t hesitate to message us through Temu.com or Temu app live chat. Best wishes, Temu team"
temu.com,id:6a5a6856ff8396ec6122aae1,native_id,6a5a6856ff8396ec6122aae1,2,2026-07-17T19:37:26.000Z,2026-07-06T00:00:00.000Z,I have used Temu for the last few years…,"I have used Temu for the last few years and appreciate some products are rubbish however some are excellent value but beware of free gifts  pick 4 as requested and after checkout its down to 2,  delivered none its a con pure and simple.",false,0,Peter Nicholson,644e6875192d6f00137abaaa,GB,2,false,"Hello, thank you for participating in our promotional activities and we are sorry that you are experiencing difficulties with your rewards. Customer satisfaction is of the utmost importance and we are constantly working to improve our service quality. Please contact us again through Temu.com or Temu app live chat so we can help you investigate right away. Best wishes, Temu team"
temu.com,id:6a5a5ed04d6aed60530d6d46,native_id,6a5a5ed04d6aed60530d6d46,1,2026-07-17T18:56:48.000Z,2026-07-17T00:00:00.000Z,They send you all these alleged pop-ups…,"They send you all these alleged pop-ups that ur eligible for free items , so you pick the Free items then it says with a $10 minimum. So.I picked out  more items . I never received the items I chose that Temu said I won
Just now pop ups saying Im eligible for 4 items at a slashed 99%   I picked yhem out - says you need a $15 minimum- I pick out the $15 - when I go and chk out - the 4 items I chose are Not there .  
Same as the free 8 items - received the thd items it said for the minimum , but not the others 
So they don't all these flashing and WoW you just Won. And then Oh with a minimum of $20. Minimum  of $25
Minimum of.$15. .  I.havent ordered from Temu in months and it was because of this issue ",false,0,Barbara Donlin,5f8b5c2e2d1fd60019b20cb3,US,2,false,"Hello, thank you for participating in our promotional activities and we are sorry that you are experiencing difficulties with your rewards. Customer satisfaction is of the utmost importance and we are constantly working to improve our service quality. Please contact us again through Temu.com or Temu app live chat so we can help you investigate right away. Best wishes, Temu team"
temu.com,id:6a5a5993514248d8f2943a8d,native_id,6a5a5993514248d8f2943a8d,2,2026-07-17T18:34:27.000Z,2026-07-17T00:00:00.000Z,Misleading company,Most goods wrongfully described .Some of poor quality .Offers they make you for credit refund badly discibed. Offers are misleading .i am closing my app .with them ,false,1,Lenny Longstaff,56b4800e0000ff000a0334fd,GB,41,false,"Hello, thank you for shopping on Temu! Your feedback is extremely valuable to us and we are sorry that you are not satisfied with some of your items. We implement strict policies and control measures to ensure product quality and accurate product descriptions. Temu's Purchase Protection program offers full refunds if your items do not arrive, arrive damaged, or do not match the description or photos (https://www.temu.com/temu-purchase-protection.html). To apply for a refund, login to the Temu app or Temu.com with the account used for your order, open the ""Your orders"" page, and click ""Return/Refund."" For detailed return instructions, please visit https://www.temu.com/return-and-refund-policy.html. You can choose to receive your refund back to your original payment method or as Temu credits. If you need further assistance, please message us through Temu.com or Temu app live chat. Best wishes, Temu team"
temu.com,id:6a5a58d5f60708b8ee3f8f5e,native_id,6a5a58d5f60708b8ee3f8f5e,1,2026-07-17T18:31:18.000Z,2026-07-17T00:00:00.000Z,Temu is seemingly a legal thief,"Subject: FORMAL COMPLAINT AND ULTIMATUM: Defective Goods and Refund Refusal – Order PO-116-16131796060791030 and PO-116-17506070528631030 2 orders come together 
To whom it may concern,I am writing  a formal complaint regarding my latest 2 orders, received today, and to issue a final demand for a full refund. Temu is operating under unacceptable business practices that border on systemic consumer fraud. This is the final transaction I will ever conduct with your company.The products delivered to me are entirely unusable. They are defective, structurally damaged, unglued, and heavily scratched. Furthermore, the solar lights do not function at all. I have already provided clear photographic evidence of these defects through your chat support, yet your department has unlawfully denied my refund.
Your demand that I return these items is physically and financially absurd. Fulfilling this request requires me to drive over 200 kilometers to the nearest return point. This shifts the financial and logistical burden of your damaged inventory onto me, the consumer. Additionally, given the automated, dismissive nature of your customer support, I have zero confidence that your inspection team would process a refund honestly upon receipt.Your quality standard is non-existent, and your customer service agents operate like automated robots, offering repetitive, unhelpful scripts. My previous correspondence from a few days ago was completely ignored.Let me be entirely clear: I do not accept your apologies. I demand an immediate and full refund to my original payment method.
If this matter is not resolved within 48 hours, I will take the following legal and regulatory actions:Consumer Protection Authorities: I will file official complaints with relevant international consumer protection agencies and market inspectorates.Financial Escalation: I will contact my bank immediately to initiate a formal chargeback dispute for receiving fraudulent/damaged goods, exposing your merchant account to penalties.Public Exposure: I will publish the photographic evidence of your damaged goods alongside this correspondence across major public forums and review platforms to warn other consumers.I will not drop this matter, and I will pursue every available legal avenue until my funds are returned.Do not reply with generic templates. Issue the refund immediately.
and refund , not only for this, refund for all orders that you denied!!!! I have another review, for other order before couple days that you ignore.
  Temu is seemingly a legal thief",false,0,g.sh,619bfafc9435030012fcfd0b,MK,5,false,"Hello, thank you for reaching out to us. We are sorry for any inconvenience caused. Customer satisfaction is of the utmost importance and we are constantly working to improve our service quality. We will follow up on this matter. If you need further assistance, please message us through Temu.com or Temu app live chat. We appreciate you giving us another chance to serve you. Best wishes, Temu team"
temu.com,id:6a5a3eae450cf7fd92c09e0a,native_id,6a5a3eae450cf7fd92c09e0a,1,2026-07-17T16:39:42.000Z,2026-07-16T00:00:00.000Z,I've learned my lesson,"I've learned my lesson, never again will I purchase ANY product for Temu.
The products I've received, is nothing like what's projected on the website, the sizes are off, the material is super inferior, puls it takes forever for this shit to be delivered. 
Total false advertising. 
I'm not even going to bother trying to return the crap, I'll just drop everything off at a goodwill store. 
",false,2,Eric John,64a19d87b731ef00129a58cd,CA,1,false,"Hello, thank you for shopping on Temu! Your feedback is extremely valuable to us and we are sorry that you are not satisfied with some of your items. We implement strict policies and control measures to ensure product quality and accurate product descriptions. Temu's Purchase Protection program offers full refunds if your items do not arrive, arrive damaged, or do not match the description or photos (https://www.temu.com/temu-purchase-protection.html). To apply for a refund, login to the Temu app or Temu.com with the account used for your order, open the ""Your orders"" page, and click ""Return/Refund."" For detailed return instructions, please visit https://www.temu.com/return-and-refund-policy.html. You can choose to receive your refund back to your original payment method or as Temu credits. If you need further assistance, please message us through Temu.com or Temu app live chat. Best wishes, Temu team"
temu.com,id:6a5a3b88fcff87aa574e907f,native_id,6a5a3b88fcff87aa574e907f,1,2026-07-17T16:26:16.000Z,2026-07-10T00:00:00.000Z,Rubbish jigsaws ,"Just bought 4 jigsaws , one had box broken, can return, however , son in law gravely ill and cannot get to shop s9 stuck with it . The pieces are nearl6 as thin as paper , they bend and do not stay together, absolute rubbis( , not recomm3nde , never again ",false,0,Analize OBrien,69e6551f0d82984efa6837e3,GB,10,false,"Hello, thank you for reaching out to us. We are sorry for any inconvenience caused. Customer satisfaction is of the utmost importance and we are constantly working to improve our service quality. If you need further assistance, please message us through Temu.com or Temu app live chat. We appreciate you giving us another chance to serve you. Best wishes, Temu team"
temu.com,id:6a5a3976ec57557a002ba4a5,native_id,6a5a3976ec57557a002ba4a5,1,2026-07-17T16:17:26.000Z,2026-07-03T00:00:00.000Z,Ordered a dash cam,"Ordered a dash cam, it came but it was not like the picture, the mount was tiny and the power cord sticks up past the mount. It's unusable. Now whether it is TEMU and/or the seller, they denied a full refund. I tried the return feature as they claim every order gets free returns. 
That also isn't there, it says I have to pay for shipping it back, and ""you CAN get refunded for shipping"" not you will.

They allow the ""sellers"" to discontinue the item, this item was sometime between the order date of 9th to arrival date of 15th of July, so no reviews can be read for this listing. Then the seller just relists the exact same item/s again with no reviews using the same pictures. I took a video of this, as you can see what other items the same ""seller"" lists.

Be careful what you spend there and the  ""Star"" seller reviews. This seller is supposedly #8 on the ""Star"" list and they will do nothing about anything, like the false advertisement they put up and the fact I cantt use this. 

Also I suspect the item had been a return, as the main screen had no protective film on it and looks scratched.

After some further digging the ""seller"" is listing different cameras using the same 5 lens picture and I see one of their ads for a lower lens camera that has the same mount I got.

More info 7-18-26, I had made an order for a phone case in June 6-14-26 that I had to send back, I was sent a case that wasn't for my phone model. 

I made 2 new orders a month later 7-9-26 the same day, another phone case and the dash cam. They did not come together. For some reason when I try to use the return this item, it only pops up with one option. That I need to pay to send it back..
""Send by yourself You can be reimbursed
Use a prepaid return method to send back your items. After sending them back, add the package's tracking information.""

The request I made for  full refund was denied by the seller. It was about the time I tried to make a negative review on it, and saw it was discontinued ""This item details are unavailable. Your review of this item can still be found in Your profile"". Meaning no one else will see my review. It's not on their store profile either that I can see.

I did another return request but the same single option comes up. So, I canceled the request again.

The seller is ""B Car Electron"". If you look at them, they have other dash cam items using the exact same picture this did, as the picture on my order shows. If you go to the see more link a few times, there are different pictures of this camera that shows the type of mount I got. So it is not discontinued under the other pictures.

If you could just send me a different mount that would be ok..

7-18-26, I get an email saying they have read this review and ask for more information, that needs to be done in 3 days, which I've added and the order number, plus this lame cookie cutter reply to this post. They have the order number and my name. Further assistance??? I've had no assistance, I'm not going back to the robot chat again and explain it all again and again so Temu can end up pushing store credit. It's not that difficult to see in the mounting picture I attached to their site review and the robots chat of what was sent vs what was shown on the picture. They really need email instead of their dumb virtual robot chat too. I'm done wasting my time.....I'm sticking to my 1 rating, I would do 0 if it were an option...",false,0,tom jones,64fffbcf3f3eb30013eddef4,US,4,false,"Hello, thank you for reaching out to us. We are sorry for any inconvenience caused. Customer satisfaction is of the utmost importance and we are constantly working to improve our service quality. If you need further assistance, please message us through Temu.com or Temu app live chat. We appreciate you giving us another chance to serve you. Best wishes, Temu team"
temu.com,id:6a5a1f53783c036d1b714830,native_id,6a5a1f53783c036d1b714830,1,2026-07-17T14:25:55.000Z,2026-07-17T00:00:00.000Z,BEWARE INFLATED CUSTOMS IMPORT DUTY,"Reading the small print it appears to say that €3 is added to every item for customs duty.

Therefore a small low value item can escalate by 300-400% in price.

Given they know what they will add it is very evasive to still show the pre duty cost not the final cost and only add a lump figure at checkout which with my multi items was around double expectation.

I have no idea of each items full cost and probably would have deleted all low value items after the reality check.

Fortunately my gym shirts, shorts and gloves were a good saving so it’s not the overall value that worries me.  The misrepresentation does.

I have paid customs on many cross border items and there is no way the total import duty for one small bag valued at about €109 should be €44 without an actual customs validation receipt.

BEWARE INFLATED CUSTOMS CHARGES

EDIT:

You have requested specific details of my purchase in relation to a generic statement.

All you need to justify is the €3 charge on for instance 5 items I bought between €0.66 and €0.96 which appear to have gone from about €4 total to €19.

“Import charges:     43,56€

For orders shipped from outside the EU with a value of €150 or less, Temu will charge import charges of €3 per different item in the order, plus applicable VAT. For this purpose, the same items will be counted only once.”

How does the import duty on a €0.66 item get charged at €3 and where is the proof that Spanish Customs made that charge.

Vague non specific information which in my opinion from paying no more than €7 on any other item I have received across Spains EU border makes it seem like profit inflation not a genuine fee. 

Please provide proof customs charge a minimum per item fee of €3 or the truth will be obvious.

EDIT AND RESPONSE

It is clear that you do not want to answer my question for everyone to read.  That tells everyone all they need to know about the mythical Customs duty of in my case up to 5x the item value.

Sellers of small value items will see sales evaporate once customers notice this obvious back door inflation so well done damaging their small income as I am sure they won’t be getting the money.

Given Customs fees are paid by the recipient receiving the parcel once Spanish Customs assess the individual parcel it is also illogical to put a guessed fee on each item.

I will not be speculating with any small cost items as whilst I was happy to bin the “junk” I am not willing to pay a premium now to do so.

",false,0,OMG,5b5041d74de5666d34e21665,GB,172,false,"Hello, thank you for reaching out to us. We are sorry for any inconvenience caused. Customer satisfaction is of the utmost importance and we are constantly working to improve our service quality. If you need further assistance, please message us through Temu.com or Temu app live chat. We appreciate you giving us another chance to serve you. Best wishes, Temu team"
temu.com,id:6a59d864f59e6f6248a0fea7,native_id,6a59d864f59e6f6248a0fea7,1,2026-07-17T09:23:16.000Z,2026-07-15T00:00:00.000Z,The items I purchased (2 pairs of shorts),"The items I purchased (2 pairs of shorts) in good faith expecting them to be of suitable quality.
The items were not 32 inch requested they were 34 inch.
Very thin material and no lining plus poorly made.
The photos and write up didn’t mention these points, but looked really good on the models.
Very disappointing please do not use this site for clothing, cheap and not good.
AS 15th July 2026",false,1,Mrs Anita Smyth,557bce510000ff0001c5a7a5,GB,68,false,"Hello, thank you for shopping on Temu! Your feedback is extremely valuable to us and we are sorry that you are not satisfied with some of your items. We implement strict policies and control measures to ensure product quality and accurate product descriptions. Temu's Purchase Protection program offers full refunds if your items do not arrive, arrive damaged, or do not match the description or photos (https://www.temu.com/temu-purchase-protection.html). To apply for a refund, login to the Temu app or Temu.com with the account used for your order, open the ""Your orders"" page, and click ""Return/Refund."" For detailed return instructions, please visit https://www.temu.com/return-and-refund-policy.html. You can choose to receive your refund back to your original payment method or as Temu credits. If you need further assistance, please message us through Temu.com or Temu app live chat. Best wishes, Temu team"
temu.com,id:6a59d35c68767f3b1ffe6938,native_id,6a59d35c68767f3b1ffe6938,1,2026-07-17T09:01:48.000Z,2026-06-17T00:00:00.000Z,Temu is scamming EU consumers,"Temu is scamming EU consumers. I have been trying to return a faulty item for over a month, but instead of providing a reasonable return option, they issued a shipping label for a carrier that does not operate in my area. They are effectively forcing me to travel 99 km each way just to return a defective product.

Customer support has been extremely frustrating. Agents take 5–10 minutes to respond, then immediately ask if I’m still there. If I do not reply instantly, they close the chat and disconnect the conversation. I have spent an average of two hours per day dealing with support, with no resolution.

When I requested copies of my chat transcripts to provide to my bank as evidence of the dispute, I was told that Temu does not provide chat transcripts. This makes it very difficult for customers to document their interactions and seek assistance through their payment provider.

My experience has been that Temu’s return process is unnecessarily difficult, customer service is ineffective, and consumer rights are not being respected. I would strongly advise EU consumers to be cautious before purchasing from this platform.",false,0,myview,5c16e0681f403db4ac9a261f,IE,63,false,"Hello, thank you for reaching out to us. We are sorry for any inconvenience caused. Customer satisfaction is of the utmost importance and we are constantly working to improve our service quality. If you need further assistance, please message us through Temu.com or Temu app live chat. We appreciate you giving us another chance to serve you. Best wishes, Temu team"
temu.com,id:6a596c7f3e7eb4ef4b57a164,native_id,6a596c7f3e7eb4ef4b57a164,1,2026-07-17T01:42:55.000Z,2026-07-16T00:00:00.000Z,Your site is a scam it's sad that your…,Your site is a scam it's sad that your allowed to do any business in Canada or in any country peoplesfinances is not a game we are trying to get good deals on thing that we can't afford with our current world e live in and what your doing is just self serving you should be ashamed ,false,0,Micheal Caissie,698e4b6ae90c6e99d83a6fff,CA,3,false,"Hello, thank you for reaching out. Temu is an e-commerce company that connects consumers with a network of merchandise partners, manufacturers and brands with the mission to empower consumers to live their best lives. Customer satisfaction is of the utmost importance and we are constantly working to improve our service quality. If you need further assistance, please message us through Temu.com or Temu app live chat, we are happy to address any questions you may have. Best wishes,Temu Team"
temu.com,id:6a59665990d6a06ec87cb61d,native_id,6a59665990d6a06ec87cb61d,4,2026-07-17T01:16:41.000Z,2026-07-16T00:00:00.000Z,Most products from temu are of good…,Most products from temu are of good quality at an affordable price while some products are cheaply made at best.,false,0,Russell Mitchell,6a0bc38862191489036f01c6,US,4,false,"Hello, thank you for shopping with us and sharing your 4-star experience! We are glad you found some items you love. Temu's Purchase Protection program offers full refunds if your items do not arrive, arrive damaged, or do not match the description or photos (https://www.temu.com/temu-purchase-protection.html). To apply for a refund, login to the Temu app or Temu.com with the account used for your order, open the ""Your orders"" page, and click ""Return/Refund."" You can choose to receive your refund back to your original payment method or as Temu credits. Temu credits will appear in your Temu credit balance within 3 minutes and can be used immediately. If you choose to receive your refund back to your original payment method, please allow 5-14 business days for it to appear since timing depends on your financial institution. If you need further assistance, please message us through Temu.com or Temu app live chat. Best wishes, Temu team"
temu.com,id:6a5960a5c7c4b0577f899a00,native_id,6a5960a5c7c4b0577f899a00,1,2026-07-17T00:52:21.000Z,2026-05-21T00:00:00.000Z,95 percent of the things I bought…,"95 percent of the things I bought either don't work or mess up within days 
",false,1,Nate Peatman,6a59609b7b418c21e18028fb,US,1,false,"Hello, thank you for shopping on Temu! Your feedback is extremely valuable to us and we are sorry that you are not satisfied with some of your items. We implement strict policies and control measures to ensure product quality and accurate product descriptions. Temu's Purchase Protection program offers full refunds if your items do not arrive, arrive damaged, or do not match the description or photos (https://www.temu.com/temu-purchase-protection.html). You may be asked to send the item back before your refund can be issued. To apply for a refund, login to the Temu app or Temu.com with the account used for your order, open the ""Your orders"" page, and click ""Return/Refund."" For detailed return instructions, please visit https://www.temu.com/return-and-refund-policy.html . You can choose to receive your refund back to your original payment method or as Temu credits. Temu credits will appear in your Temu credit balance within 3 minutes and can be used immediately. If you choose to receive your refund back to your original payment method, please allow 5-14 business days for it to appear since timing depends on your financial institution. If you need further assistance, please message us through Temu.com or Temu app live chat. Best wishes, Temu team"
temu.com,id:6a594c9a27716fecd2fb8a63,native_id,6a594c9a27716fecd2fb8a63,1,2026-07-16T23:26:50.000Z,2026-07-06T00:00:00.000Z,Their shipping is horrible.,"Their shipping is horrible.. I have been waiting since July 6 for one order and July 7th for another. Then they wanna give you a a slap in face coupon for $5.00 to buy something else. I have spent a lot of money and had a lot of patience with them but, when something says ships out in 2 or 3 days not sure about you but, I expect that also don't believe the local warehouse bull. That's not true either. I have been waiting on a local warehouse should mean it's coming from the USA not China that's not true. Sorry but, I am finished after I get these items. Its not worth the wait. Great prices but, not worth it to me. ",false,0,Steven,6881548765125e335a276dc2,US,2,false,"Hello, thank you for shopping with us and we are sorry you are experiencing difficulties with your recent orders. Temu is an e-commerce company that connects consumers with a network of merchandise partners, manufacturers and brands with the mission to empower consumers to live their best lives. We work with reliable logistics partners to ensure that your order is delivered reliably and efficiently. Most packages arrive between 7-15 business days. You can track your shipping status and see your expected delivery date directly in the Temu app or on Temu.com. If the tracking status is not updated for 15 days, you can request a full refund and keep your items when they arrive. If your order arrives later than the estimated delivery date, you will receive Temu credits as a sign of appreciation for your patience. Finally, if your items do not arrive, arrive damaged, or do not match the description or photos, you will be offered a full refund under Temu's Purchase Protection program (https://www.temu.com/temu-purchase-protection.html). Customer satisfaction is of the utmost importance and we are constantly working to improve our service quality. If you need further assistance, please message us through Temu.com or Temu app live chat by this link: https://share.temu.com/NWGRVrrOSMA. Best wishes, Temu team"
temu.com,id:6a5943636b1c0dc005d4c4c5,native_id,6a5943636b1c0dc005d4c4c5,1,2026-07-16T22:47:31.000Z,2026-07-16T00:00:00.000Z,Temu trusted?,"I bought a lot of stuff  from Temu. At beginning, they seems OK.  But now they used cheating method. If you have 10 items in cart, toral might be 100 dollars. when you paid 100 dollars, thw items only got three items checked out. Othe 7 got leftbout. Yiday, I picked 5 items 32 dollars, It even not tell me total, Just asked me click ""pay"". Fortunately, I have known so I put the bad credit card number so it would not went through.  You sell things, at least you need to give the total.  No more temu! No trust!",false,0,Shawn Hallis,6a59435b236e3d8906d6f7bc,US,1,false,"Hello, thank you for reaching out to us. We are sorry for any inconvenience caused. Customer satisfaction is of the utmost importance and we are constantly working to improve our service quality. If you need further assistance, please message us through Temu.com or Temu app live chat by this link: https://share.temu.com/NWGRVrrOSMA. We appreciate you giving us another chance to serve you. Best wishes, Temu team"
temu.com,id:6a58eee72b2ca42d33ec3a36,native_id,6a58eee72b2ca42d33ec3a36,3,2026-07-16T16:47:03.000Z,2026-06-14T00:00:00.000Z,Price changes whilst purchase (not an…,"Price changes whilst purchase (not an issue, small changes), delivery date from 2 days local warehouse changes to over a month. Half of the products are of poor quality. The free gifts are not free, as you will spend over your budget, yet can't reach the level after purchases that you may not require. Once I receive my final orders, which changed from local delivery to land delivery taking over a month, hopefully delete the app for good ",false,0,Mo,67b22492d7c7290bdd1b789c,GB,5,false,"Hello, thank you for participating in our promotional activities and we are sorry that you are experiencing difficulties. We implement strict policies and control measures to ensure product quality and accurate product descriptions. You can track your shipping status and see your expected delivery date directly in the Temu app or on Temu.com. Temu's Purchase Protection program offers full refunds if your items do not arrive, arrive damaged, or do not match the description or photos (https://www.temu.com/temu-purchase-protection.html). To apply for a refund, login to the Temu app or Temu.com with the account used for your order, open the ""Your orders"" page, and click ""Return/Refund."" For detailed return instructions, please visit https://www.temu.com/return-and-refund-policy.html. You can choose to receive your refund back to your original payment method or as Temu credits. Temu credits will appear in your Temu credit balance within 3 minutes and can be used immediately. If you choose to receive your refund back to your original payment method, please allow 5-14 business days for it to appear since timing depends on your financial institution. If you need further assistance, please message us through Temu.com or Temu app live chat. Best wishes, Temu team"
temu.com,id:6a58a684a76a9b3bd7905f93,native_id,6a58a684a76a9b3bd7905f93,1,2026-07-16T11:38:12.000Z,2026-07-16T00:00:00.000Z,Been robbed THREE times by Temu ,"Been robbed THREE times by Temu , stolen orders Temu dont care , speak to customer service.... they still dont care 


£140 in items stolen n not refunded 


DO NOT USE TEMU unless you wanna lose money 

Awful quality items n parcels stolen 
Refunds refused

Amazing company 


Tenure you are truly shockingly bad ",false,0,Ashley,5c25f52dd47ece66b55c718e,GB,39,false,"Hello, thank you for reaching out to us. We are sorry for any inconvenience caused. Customer satisfaction is of the utmost importance and we are constantly working to improve our service quality. We will follow up on this matter. If you need further assistance, please message us through Temu.com or Temu app live chat. We appreciate you giving us another chance to serve you. Best wishes, Temu team"
temu.com,id:6a5895f795801340052c2868,native_id,6a5895f795801340052c2868,1,2026-07-16T10:27:35.000Z,2026-06-20T00:00:00.000Z,Temu does not understand  the UK laws…,Temu does not understand  the UK laws and consumer rights act 2015 ,false,1,Martin drummond,6a31c6346d6d71370cf25006,GB,4,false,"Hello, thank you for reaching out to us. We are sorry for any inconvenience caused. Customer satisfaction is of the utmost importance and we are constantly working to improve our service quality. For quick answers to common questions, you can visit our Help Center at https://www.temu.com/support-center.html . If you need further assistance, please message us through Temu.com or Temu app live chat by this link: https://share.temu.com/NWGRVrrOSMA. We appreciate you giving us another chance to serve you. Best wishes, Temu Team"
temu.com,id:6a5883a75a455d2b650f6139,native_id,6a5883a75a455d2b650f6139,1,2026-07-16T09:09:27.000Z,2026-05-30T00:00:00.000Z,Don’t waste your money,"I strongly advise to shop elsewhere. 
I am extremely disappointed with my experience.

My order was marked as delivered, but I never received it. Despite providing evidence that the parcel was not in my possession, my concerns were repeatedly dismissed rather than properly investigated.

What is most frustrating is the complete failure to deal with my complaint in a timely and professional manner. Communication has been slow, responses have been generic, and there has been little effort to resolve the issue.

Under UK consumer law, the seller is responsible for ensuring that goods are delivered to the customer. Simply stating that a parcel was delivered is not enough when the customer has not received it. Instead of accepting responsibility and working towards a fair resolution, the company has failed to meet its obligations.

I expected much better customer service and a prompt resolution.  Instead, I have been left out of pocket and forced to spend significant time pursuing a matter that should have been resolved quickly.

Based on my experience, I would not recommend this company. Poor customer service, failure to resolve a legitimate non -delivery claim, and a lack of accountability have made this an extremely frustrating experience.",false,0,Martina,570177d10000ff000a141681,GB,26,true,"Hello, thank you for reaching out to us. We are sorry for any inconvenience caused. Customer satisfaction is very important to us, and we are continuously working to improve our service. Thank you for sharing the relevant information, and we have already escalated your issue with the relevant team for further follow-up. If you need any additional assistance, please feel free to message us through Temu.com or the Temu app live chat via this link: https://share.temu.com/NWGRVrrOSMA. We appreciate your patience and understanding. Best wishes, Temu Team"
temu.com,id:6a58635b7c5b2ea98b40d184,native_id,6a58635b7c5b2ea98b40d184,5,2026-07-16T06:51:39.000Z,2026-07-15T00:00:00.000Z,Always loved buying from this site,Always loved buying from this site! Low prices and lots of goodies keep at it!! ,false,0,Justice,6a5860c2c2526c6e8c8be577,CA,4,false,"Hello, thank you for shopping with us and sharing your 5-star experience! We are happy that you are pleased with your items. Your feedback is extremely valuable to us as we constantly strive to improve our service quality. If you need any assistance, please don’t hesitate to message us through Temu.com or Temu app live chat. Best wishes, Temu team"
temu.com,id:6a585b84ed3549f11de1a702,native_id,6a585b84ed3549f11de1a702,1,2026-07-16T06:18:13.000Z,2026-06-02T00:00:00.000Z,I bought a XL size jacket from tamu,"I bought a XL size jacket from tamu. It was almost medium size which wouldn't fit. Email them after a long time they send me a return postal ticket. I put the jacket into a bag and send it back to them. Ist more than one month they have not refunded the money. 
Also border water hit bottle from them. It was said that it is a stainless steel bottle but after months the shiny part is gone and there's a plastic everywhere. So don't waste your money and time Tamu is rubbish. 

** I have contacted Temu many times but they just want to take your money. One of my friend give me warning abut temu but I didn't listen to him.  
I'm always buying my stuff from eBay and Amazon since last 30 years and I never had any issue. You know why because one is a Swiss company and other one is an American company. 
I didn't know that Temu was a Chinese company otherwise I would never have bought anything from them. ",false,0,Rakesh Sharma,640d83b49f110c0016f9232d,AU,2,false,"Hello, thank you for reaching out to us. We are sorry for any inconvenience caused. Customer satisfaction is of the utmost importance and we are constantly working to improve our service quality. If you need further assistance, please message us through Temu.com or Temu app live chat. We appreciate you giving us another chance to serve you. Best wishes, Temu team"
temu.com,id:6a58531624c9c0f674cdaef9,native_id,6a58531624c9c0f674cdaef9,1,2026-07-16T05:42:14.000Z,2026-07-15T00:00:00.000Z,Customer service sucks,Customer service is pure trash I didn’t receive my package they sent a pic saying I did and that was not my building it was a totally different building but they would not hive me a refund their delivery through speedy is some people who can’t speak English or read obviously I will not be ordering from them anymore their pure trash ,false,0,Nette,6032e83273fb940019d9062f,US,7,false,"Hello, thank you for reaching out to us. We are sorry for any inconvenience caused. Customer satisfaction is of the utmost importance and we are constantly working to improve our service quality. If you need further assistance, please message us through Temu.com or Temu app live chat. We appreciate you giving us another chance to serve you. Best wishes, Temu team"
temu.com,id:6a5820d60f80135a489d1690,native_id,6a5820d60f80135a489d1690,1,2026-07-16T02:07:50.000Z,2026-07-04T00:00:00.000Z,I was trick into ordering a couple of…,I was trick into ordering a couple of things to get free gifts. I canceled my account and I'm not getting the products I ordered. And now they tell me they can't refund my money.  Is that not stealing.  Very bad customer service and a terrible company ,false,0,Franklin Norton,6a5820c9ff3db2094eb458ae,US,1,false,"Hello, thank you for reaching out to us. We are sorry for any inconvenience caused. Customer satisfaction is of the utmost importance and we are constantly working to improve our service quality. We will follow up on this matter. If you need further assistance, please message us through Temu.com or Temu app live chat. We appreciate you giving us another chance to serve you. Best wishes, Temu team"
temu.com,id:6a582076ce234927ad64ddcd,native_id,6a582076ce234927ad64ddcd,1,2026-07-16T02:06:14.000Z,2026-07-16T00:00:00.000Z,Got lured again ,"Again . I was told got 9 free gift.. keep luring me into prefer things .. step by step. Give me 2 cheapest gift and then want me to spend more buying before another gift… exactly like the last times. I am going to go complain to fair trading.. your free gift is not free and want to spend more money. Very bad business approach.I am not happy, as it make me look stupid
Regards
Ling Choon Lim",false,0,Choon,633bcfb298bda500122f57ca,MY,3,false,"Hello, thank you for participating in our promotional activities and we are sorry that you are experiencing difficulties with your rewards. Customer satisfaction is of the utmost importance and we are constantly working to improve our service quality. Please contact us again through Temu.com or Temu app live chat so we can help you investigate right away. Best wishes, Temu team"
temu.com,id:6a581f53dca19d8b5c62ecdf,native_id,6a581f53dca19d8b5c62ecdf,5,2026-07-16T02:01:23.000Z,2026-07-14T00:00:00.000Z,I love TEMU,"I have had excellent experiences with TEMU.  One needs to pay attention to ALL the information in the product description.  Most clothing is polyester and because the items are coming from the Orient, if you are North American or European, for goodness sake look at the measurements to ensure you buy the correct size.  If you are ordering a product that is normally 4 or 5 times less than you would pay in other countries, then expect a lower quality product: that's just common sense.  If you are getting a bargain, but not a steal, then you are likely going to get a good quality item.  If you pay attention and think, you will likely have a good experience. If multiple sellers have the ""same"" item, again read the whole description; the items may not actually be the same.
Whenever I have had a bad experience, it has usually been my fault.  I've forgotten to measure something, or I've forgotten to read the description, but TEMU has always made me whole, either with store credit, refund, or reshipment of the item.  Generally it is not worth my while to send an item back, so if it usable I donate it.  
TEMU will give store credit for late items.  Remember that items delivered outside of China are delivered by local delivery services, the name of which is given at the top of your invoice page.  Be aware that Local Warehouse does not mean local to your city, or even the same country - at least not necessarily.  Local may mean on the same continent.  
Always contact TEMU to explain your issue.  Their customer service is excellent and they will try to resolve your issue.",false,0,Julie,658c9b7bcf28b200125a18e5,CA,4,false,"Hello, thank you for shopping with us and sharing your 5-star experience! We are happy that you are pleased with your items. Your feedback is extremely valuable to us as we constantly strive to improve our service quality. If you need any assistance, please don’t hesitate to message us through Temu.com or Temu app live chat. Best wishes, Temu team"
temu.com,id:6a58122089008cc861d0d101,native_id,6a58122089008cc861d0d101,1,2026-07-16T01:05:04.000Z,2026-07-10T00:00:00.000Z,I place an order in the amount in it…,"I place an order in the amount in it was 67,00 dollars Temu got from card 71.000 dollars and return two of the items that I bought to the cart saying that it was no enough money I. Never again shop in this site 😡",false,0,Sylvia,67e19c58b9204d65c45f923a,US,1,false,"Hello, thank you for contacting us. At Temu, we have always been transparent about any fees charged. In addition to the item price, certain charges may apply in accordance with local regulations or policy requirements, such as taxes or other mandatory fees. All applicable charges are clearly displayed before payment and can be reviewed in your order confirmation email or receipt. If you have any questions about the order amount, please feel free to contact us via Temu.com or Temu app live chat and provide your order details. We will assist with verification and be happy to provide further support. Best wishes, Temu team"
temu.com,id:6a5811569b44dd5dcddc8e33,native_id,6a5811569b44dd5dcddc8e33,1,2026-07-16T01:01:42.000Z,2026-07-07T00:00:00.000Z,Not happy with the products I've gotten…,Not happy with the products I've gotten from them.very poor quality from clothes to bowls.i wanted to try them.i did.never again.im trying to get a refund on a defective product they sent me what a nightmare. Stay away from them,false,0,Patrick Richard,6a581138b06fbf4560e6b308,US,1,false,"Hello, thank you for shopping on Temu! Your feedback is extremely valuable to us and we are sorry that you are not satisfied with some of your items. We implement strict policies and control measures to ensure product quality and accurate product descriptions. Temu's Purchase Protection program offers full refunds if your items do not arrive, arrive damaged, or do not match the description or photos (https://www.temu.com/temu-purchase-protection.html). You may be asked to send the item back before your refund can be issued. To apply for a refund, login to the Temu app or Temu.com with the account used for your order, open the ""Your orders"" page, and click ""Return/Refund."" For detailed return instructions, please visit https://www.temu.com/return-and-refund-policy.html . You can choose to receive your refund back to your original payment method or as Temu credits. Temu credits will appear in your Temu credit balance within 3 minutes and can be used immediately. If you choose to receive your refund back to your original payment method, please allow 5-14 business days for it to appear since timing depends on your financial institution. If you need further assistance, please message us through Temu.com or Temu app live chat. Best wishes, Temu team"
temu.com,id:6a57d7ce4b95512cd18c722c,native_id,6a57d7ce4b95512cd18c722c,5,2026-07-15T20:56:14.000Z,2026-07-15T00:00:00.000Z,I’ve tried Temu a few times and was…,"I’ve tried Temu a few times and was pleasantly surprised. My order arrived faster than expected (around 10 days), and most of the products matched their descriptions. The prices are significantly lower than on other platforms. By entering the code tas97834 in the search bar with my first order, I even received a small free gift, which was a nice bonus. Overall, it was a good experience, and I’ll definitely order again.",false,0,John,6a57d757b06fbf9cbfe66a9d,GB,1,false,"Hello, thank you for shopping with us and sharing your 5-star experience! We are happy that you are pleased with your items. Your feedback is extremely valuable to us as we constantly strive to improve our service quality. If you need any assistance, please don’t hesitate to message us through Temu.com or Temu app live chat. Best wishes, Temu team"
temu.com,id:6a57d354dc07c1f129e8c67d,native_id,6a57d354dc07c1f129e8c67d,1,2026-07-15T20:37:08.000Z,2026-07-15T00:00:00.000Z,Stay away from this company,"Stay away from this company. They intentionally make their ordering system very confusing so that you make a mistake in ordering items. 
They make money when you returned the items that you didn't order.",false,1,Khanh Nguyen,5f5c26e8ec01bb47860cbf0f,CA,6,false,"Hello, thank you for reaching out to us. We are sorry for any inconvenience caused. Customer satisfaction is of the utmost importance and we are constantly working to improve our service quality. We will follow up on this matter. If you need further assistance, please message us through Temu.com or Temu app live chat. We appreciate you giving us another chance to serve you. Best wishes, Temu team"
temu.com,id:6a57cc8ad3f90e8a3f75f03c,native_id,6a57cc8ad3f90e8a3f75f03c,5,2026-07-15T20:08:10.000Z,2026-07-15T00:00:00.000Z,I love Temu,"I love Temu. You know what you're getting and you know that you have to wait for delivery but with those prices, who could complain!",false,0,Miss Kelly,5bd2fa060f43eb05236eefe4,GB,18,false,"Hello, thank you for shopping with us and sharing your 5-star experience! We are happy that you are pleased with your items. Your feedback is extremely valuable to us as we constantly strive to improve our service quality. If you need any assistance, please don’t hesitate to message us through Temu.com or Temu app live chat. Best wishes, Temu team"
temu.com,id:6a57bbcdfb893c9e717e0bdc,native_id,6a57bbcdfb893c9e717e0bdc,1,2026-07-15T18:56:45.000Z,2026-07-15T00:00:00.000Z,"Denying to pay out a refund of about 10 items without explanation, while Temu is keeping the items? Plus subtracting a zillion coupons I didn't know existed.  Absolute pure robbery","I just saw that lots of items that i have returned have been denied for a refund. I am not happy with this, as i now not only don’t have the items anymore (which i nonetheless really wanted to return as they were so low quality), I also have actually paid for these items. Why were all these items denied a refund, while I still paid for them? On top of that, I learned that when submitting my items for a return, a million coupons were substracted which meant that instead of returning items with a total value of almost 140.-, i was granted 95,- due to all these coupon subtractions. And now i’m learning it’s only 70,- something euros that I'm getting back, while you are keeping all the items! Absolutely ridiculous and unacceptable, never seen anything like this in my life. Genuine pure robbery. No wonder your overall Trustpilot score is so low. I will definitely think twice before ever ordering with Temu again   ",false,1,Claire,5b72bbc34de5666d34efc3cb,PT,11,true,"Hello, thank you for reaching out and we are sorry for the inconvenience. Please note that the refund amount may differ from the item’s original price, as it takes into account sales taxes, shipping, and any coupons and credits used. We offer a free first-time return for each order. If you have previously made a free return for this order, additional return packages will have a shipping fee deducted from your refund. You can find the return shipping details in our app or website https://www.temu.com/return-and-refund-policy.html. If you need further assistance, please message us through Temu.com or Temu app live chat by this link: https://share.temu.com/NWGRVrrOSMA. We appreciate you giving us another chance to serve you. Best wishes, Temu Team"
temu.com,id:6a57acbf5d2bb769c186a3c8,native_id,6a57acbf5d2bb769c186a3c8,1,2026-07-15T17:52:31.000Z,2026-07-15T00:00:00.000Z,"Temu is just every other poor app, just with gambling added into it. ","Temu is just every other poor app, it's basically the same as Wish.com but with basically just a gambling aesthetic. Do not use this website or app, it's bait and switch, sure you get free stuff- but it's not really free stuff. You have to pay money on other items indirectly to ""lower"" the money left required to get your 0.01 cent phone! Yet, let's say you do fill out all the goals. Your order will more than likely be canceled stating ""security issues"" even though it's all throughout the app systems that even led you to get there. But, here is the trick. The other items you paid for to get your 1 cent item aren't cancelled, and if you contact support. They are useless and tell you what you already know, and if you ask for something other than ""security issues"", it's just stated again, just in different wording. 

I'll say it once again, do not buy from Temu. 

As for Temu's parent company, PDD Holdings, which has a long history of intense controversy, legal battles, and regulatory scrutiny regarding data security and corporate fraud. Cybersecurity experts, international regulators, and investor groups have repeatedly flagged the company for deceptive and suspicious practices. Take your business someplace else.",false,1,Anonymous,694b402a6148ea42a116ccf8,US,6,false,"Hello, thank you for participating in our promotional activities and we are sorry that you are experiencing difficulties with your rewards. In addition, Temu is an e-commerce company that connects consumers with a network of merchandise partners, manufacturers and brands with the mission to empower consumers to live their best lives. With our strict privacy policy and proprietary data protection system, you can trust Temu to keep your information safe. All of our payment links are PCI-certified and we work with major payment providers like Visa, Mastercard, Paypal, Apple Pay, Google Pay, and more to protect your financial data. Customer satisfaction is of the utmost importance and we are constantly working to improve our service quality. Please contact us again through Temu.com or Temu app live chat so we can help you investigate right away. Best wishes, Temu team"
temu.com,id:6a5798c722ac3e605942ccd6,native_id,6a5798c722ac3e605942ccd6,2,2026-07-15T16:27:19.000Z,2026-06-30T00:00:00.000Z,Three dresses ordered only one any…,"Three dresses ordered only one any good. Two so cheap and nasty. The photographer makes a brilliant job, nothing like what arrives in post. Be careful what you order ! ",false,1,Elaine,537edaec0000640001751a6d,GB,38,false,"Hello, thank you for shopping on Temu! Your feedback is extremely valuable to us and we are sorry that you are not satisfied with some of your items. We implement strict policies and control measures to ensure product quality and accurate product descriptions. Temu's Purchase Protection program offers full refunds if your items do not arrive, arrive damaged, or do not match the description or photos (https://www.temu.com/temu-purchase-protection.html). To apply for a refund, login to the Temu app or Temu.com with the account used for your order, open the ""Your orders"" page, and click ""Return/Refund."" For detailed return instructions, please visit https://www.temu.com/return-and-refund-policy.html. You can choose to receive your refund back to your original payment method or as Temu credits. If you need further assistance, please message us through Temu.com or Temu app live chat. Best wishes, Temu team"
temu.com,id:6a5795e8531d4b917d8aa88e,native_id,6a5795e8531d4b917d8aa88e,1,2026-07-15T16:15:04.000Z,2026-07-15T00:00:00.000Z,You get what you pay for. Disappointing.,"All I can say is that the clothing items I ordered must be very photographic.
They looked nothing like what I ordered.
Cheap and under sized.
First and last order.
I’m getting bombarded with emails from Temu, offering me 4 free gifts plus more recently my money back as a reward.
No thanks.
I haven’t contacted Temu regarding my goods.
Once bitten, twice shy.
I will donate the clothing to a charity shop.
Items shipped from China, and took an inordinate time to arrive.

Edit. Temu want to identify myself by quoting order number and name & address.
If I don’t do this Trustpilot treats it as a fake review.
I know that my review disappears at the slightest excuse.
Details given as requested.
",false,1,anothermoan,4f638f660000640001160550,GB,81,false,"Hello, thank you for shopping on Temu! Your feedback is extremely valuable to us and we are sorry that you are not satisfied with some of your items. We implement strict policies and control measures to ensure product quality and accurate product descriptions. Temu's Purchase Protection program offers full refunds if your items do not arrive, arrive damaged, or do not match the description or photos (https://www.temu.com/temu-purchase-protection.html). To apply for a refund, login to the Temu app or Temu.com with the account used for your order, open the ""Your orders"" page, and click ""Return/Refund."" For detailed return instructions, please visit https://www.temu.com/return-and-refund-policy.html. You can choose to receive your refund back to your original payment method or as Temu credits. If you need further assistance, please message us through Temu.com or Temu app live chat. Best wishes, Temu team"
temu.com,id:6a578fb124e7cf5fd842f383,native_id,6a578fb124e7cf5fd842f383,1,2026-07-15T15:48:33.000Z,2026-04-14T00:00:00.000Z,TEMU NEVER GAVE ME MY FULL…,TEMU NEVER GAVE ME MY FULL REFUND!BEWARE OF TEMU,false,0,Wynter Morris,6a578e8d7b418c0c1d7da542,US,1,false,"Hello, thank you for reaching out to us. We are sorry for any inconvenience caused. Customer satisfaction is of the utmost importance and we are constantly working to improve our service quality. If you need further assistance, please message us through Temu.com or Temu app live chat. We appreciate you giving us another chance to serve you. Best wishes, Temu team"
temu.com,id:6a578a610149d9e907b826b3,native_id,6a578a610149d9e907b826b3,3,2026-07-15T15:25:53.000Z,2026-02-05T00:00:00.000Z,Love the quality of the items delivered…,Love the quality of the items delivered to me and it was also delivered in time. Temu is now my store for all purchases ,false,0,Salem,6a53ae8d4024a43df9a11d13,NG,2,false,"Hello, thank you for your feedback! Temu is an e-commerce company that connects consumers with a network of merchandise partners, manufacturers and brands with the mission to empower consumers to live their best lives. Customer satisfaction is of the utmost importance and we are constantly working to improve our service quality. If you need further assistance, please message us through Temu.com or Temu app live chat. Best wishes, Temu team"
temu.com,id:6a5789ca5bf885453924524b,native_id,6a5789ca5bf885453924524b,1,2026-07-15T15:23:22.000Z,2026-07-15T00:00:00.000Z,Scammers ,They say u win for this or that and u never win what you pick out they tell you to pick 8 free things and then after u do when they tell you u get a bonus u pick out the last gift and boom they pick out 2 of what u picked and send that to u ... No u don't even get to pick what they send to you! This site is trash and needs to be shut down money grabbing crap site! ,false,1,Janet,6a5789baff3db21badb370a8,US,1,false,"Hello, thank you for participating in our promotional activities and we are sorry that you are experiencing difficulties with your rewards. Customer satisfaction is of the utmost importance and we are constantly working to improve our service quality. Please contact us again through Temu.com or Temu app live chat so we can help you investigate right away. Best wishes, Temu team"
temu.com,id:6a5788758ee340881aec8996,native_id,6a5788758ee340881aec8996,3,2026-07-15T15:17:41.000Z,2026-07-15T00:00:00.000Z,Fed up,I have shopped with Temu often but have rarely got the offers. They need to stop this method of getting people to buy because it is misleading and confusing.,false,0,Loretta Cooper,605e0663a42b24001a4daf54,GB,9,false,"Hello, thank you for participating in our promotional activities and we are sorry that you are experiencing difficulties with your rewards. Customer satisfaction is of the utmost importance and we are constantly working to improve our service quality. Please contact us again through Temu.com or Temu app live chat so we can help you investigate right away. Best wishes, Temu team"
temu.com,id:6a577c043da935c10ab330e0,native_id,6a577c043da935c10ab330e0,1,2026-07-15T14:24:36.000Z,2026-07-15T00:00:00.000Z,I bought 37 items before travelling,"I bought 37 items before travelling, paying a big amount, to be fair,. They arrived on time, but each one of them was a big disappointment!! QUALITY IS THE WORST! FABRIC SEE THROUGH! WON'T PAY 5 DHS FOR! ",false,1,yasmine asal,64e30ac70324ac0013f0ecb7,AE,2,false,"Hello, thank you for shopping on Temu! Your feedback is extremely valuable to us and we are sorry that you are not satisfied with some of your items. We implement strict policies and control measures to ensure product quality and accurate product descriptions. Temu's Purchase Protection program offers full refunds if your items do not arrive, arrive damaged, or do not match the description or photos (https://www.temu.com/temu-purchase-protection.html). To apply for a refund, login to the Temu app or Temu.com with the account used for your order, open the ""Your orders"" page, and click ""Return/Refund."" For detailed return instructions, please visit https://www.temu.com/return-and-refund-policy.html. You can choose to receive your refund back to your original payment method or as Temu credits. Temu credits will appear in your Temu credit balance within 3 minutes and can be used immediately. If you choose to receive your refund back to your original payment method, please allow 5-14 business days for it to appear since timing depends on your financial institution. If you need further assistance, please message us through Temu.com or Temu app live chat. Best wishes, Temu team"
temu.com,id:6a57718900a68f8a04962cfb,native_id,6a57718900a68f8a04962cfb,1,2026-07-15T13:39:53.000Z,2026-07-12T00:00:00.000Z,Very misleading promotions and a…,"Very misleading promotions and a deliberately confusing shopping experience. I placed an order because Temu clearly showed I had claimed 6 free gifts, but later 4 of them were removed without any explanation.

The shopping screen feels intentionally cluttered to distract customers from what's actually being added or removed from their order. You might fool people once, but once they realize what's happening, you lose their trust. I won't be ordering from Temu again.",false,1,fikret kucukkaya,6a509ae5515c4d16005e6bab,GB,2,false,"Hello, thank you for participating in our promotional activities and we are sorry that you are experiencing difficulties with your rewards. Customer satisfaction is of the utmost importance and we are constantly working to improve our service quality. Please contact us again through Temu.com or Temu app live chat so we can help you investigate right away. Best wishes, Temu team"
temu.com,id:6a576bb091e274b0ed36daf3,native_id,6a576bb091e274b0ed36daf3,1,2026-07-15T13:14:56.000Z,2026-07-08T00:00:00.000Z,Cannot comment on the products as I did…,"Cannot comment on the products as I did not receive any of the items 
According to Temu they were delivered on the 8th of July accompanied by a photo of the door they left them at After 7 phone calls,2 hours on the phone sent a photo of my door completely different 
Denied my refund 
I would advise never buy from Temu very bad company and customer services are a joke ",false,1,Brian Wilson,6a576ba6b06fbfd9e8e59b18,GB,1,false,"Hello, thank you for reaching out to us. We are sorry for any inconvenience caused. Customer satisfaction is of the utmost importance and we are constantly working to improve our service quality. We will follow up on this matter. If you need further assistance, please message us through Temu.com or Temu app live chat. We appreciate you giving us another chance to serve you. Best wishes, Temu team"
temu.com,id:6a576436123927f97917ff80,native_id,6a576436123927f97917ff80,1,2026-07-15T12:43:02.000Z,2026-02-28T00:00:00.000Z,Temu extremely dangerous item,"This situation is completely unacceptable. Eight months ago, I acquired a glass saucepan that subsequently shattered on my hob, resulting in damage to the hob and a personal injury. Despite this, the item continues to be sold to consumers, posing a significant safety risk. My requests for compensation have been disregarded, and I have been repeatedly misled, with only a refund for the saucepan being offered. Consequently, I have reported this matter to Trading Standards. This is an absolute disgrace! Regarding your response you are lying yet again ! You have refused to deal with this faulty item however you offered a refund for the ilegal item you are STILL SELLING !  YOUR ITEM SHATTERD ON MY STOVE !,LOOK AT YOUR FEEDBACK ON YOUR TEMU REGARDING THE ITEM ! IM NOT THE ONLY ONE !I AM TAKING LEGAL ACTION AGAINST YOU ! I HAVE PHOTOS,EMAILS AND PHOTOS OF OTHER CUSTOMERS COMPLAINTS AND THERE PHOTOS OF THE DANGEROUS ITEM ! ",false,1,Mrs Smith,6051d58f4b4782001a8d2cdd,GB,50,false,"Hello, thank you for reaching out to us. We are sorry for any inconvenience caused. Customer satisfaction is of the utmost importance and we are constantly working to improve our service quality. We will follow up on this matter. If you need further assistance, please message us through Temu.com or Temu app live chat. We appreciate you giving us another chance to serve you. Best wishes, Temu team"
temu.com,id:6a57620f9bf6d4be602427f8,native_id,6a57620f9bf6d4be602427f8,1,2026-07-15T12:33:51.000Z,2026-05-06T00:00:00.000Z,not on time long wait,they are never arrive on time those coocookossss!!!!!!!!,false,0,Michael Meloby,6a564610ff3db2b145b1bf1d,GB,2,false,"Hello, thank you for your feedback and we are sorry for the inconvenience. Customer satisfaction is of the utmost importance and we are constantly working to improve our service quality. You can track your shipping status and see your expected delivery date directly in the Temu app or on Temu.com. If your items do not arrive, arrive damaged, or do not match the description or photos, you will be offered a full refund under Temu's Purchase Protection program (https://www.temu.com/temu-purchase-protection.html). To apply for a refund, login to the Temu app or Temu.com with the account used for your order, open the ""Your orders"" page, and click ""Return/Refund"". If you need further assistance, please message us through Temu.com or Temu app live chat. We appreciate you giving us another chance to serve you. Best wishes, Temu team"
temu.com,id:6a575939fe59b85f7c419a39,native_id,6a575939fe59b85f7c419a39,1,2026-07-15T11:56:09.000Z,2026-05-31T00:00:00.000Z,I would give these no stars if there…,I would give these no stars if there was one bought  items in 31st may and still haven't  received  them spent over £200 and everytime i contacted temu is either  a robot or when you do get a reply  its in transit  please wait  i have also contacted  them by email  and still nobody  wants to help you well its not good enough  soon as items do come  i will be sending  them back as i i have had to buy again  as i need these to finish  jobs and also deleting the app and won't be buying  from the again  they also offer me 20% of my next £20.00 order why the hell would  I spend more  money  when iv not received  my items since may 😅 🙃 I have been on live chat over 2hrs a day and still not got anywhere it does say when ordering from temu  dont receive  after 30days money back  guarantee we'll believe  me there not interested ,false,1,Louise Burrows,5e6667c21c7f4fc3584b229c,GB,11,false,"Hello, thank you for reaching out to us. We are sorry for any inconvenience caused. Customer satisfaction is of the utmost importance and we are constantly working to improve our service quality. We will follow up on this matter. If you need further assistance, please message us through Temu.com or Temu app live chat. We appreciate you giving us another chance to serve you. Best wishes, Temu team"
temu.com,id:6a5755e8a47b25170345d3b5,native_id,6a5755e8a47b25170345d3b5,1,2026-07-15T11:42:00.000Z,2026-07-15T00:00:00.000Z,Now there is a €3 tax on each item Temu…,"Now there is a €3 tax on each item Temu has become expensive. If Temu had a filter for EU Warehouse, we would shop with them. They don't and you only find out if there is an import tax when you are at checkout. Lack of transparency means adiós to Temu and I cannot justify paying €185 for an order that was €133 before the import tax.",false,2,Beamsley,59405dd00000ff000aa365c9,GB,36,false,"Hello, thank you for reaching out to us. We are sorry for any inconvenience caused. Customer satisfaction is of the utmost importance and we are constantly working to improve our service quality. We will follow up on this matter. If you need further assistance, please message us through Temu.com or Temu app live chat. We appreciate you giving us another chance to serve you. Best wishes, Temu team"
temu.com,id:6a575150496f8ddcc6be07b0,native_id,6a575150496f8ddcc6be07b0,1,2026-07-15T11:22:24.000Z,2026-07-15T00:00:00.000Z,Misrepresenting delivery dates,"Misrepresenting delivery dates!  Recently purchased some stuff on Temu, they mislead by saying it'll be delivered to the country of destination within short time, quoting 3 to 5 business days, but in reality they are misleading, misrepresenting, masking the actual delivery date. Temu is a joke, a gimmick, a scam of a company. 

Edit: Temu wants purchase order number. I suspect that all I'll get is a standard response. Temu find it hard to be honest with customers about deliver dates. Temu needs to read carefully what's been said. 1 order placed, Temu split into 2 packages, one just delivered, why didn't both package get delivered at the same time?",false,1,Saleem Mirza,60cf1861457fec001cf1599a,GB,12,false,"Hello, thank you for shopping with Temu. Your feedback is extremely valuable to us. To ensure transparency regarding delivery times, you can view the percentage of orders delivered within the expected timeframe for each product on the product details page. Please note that the estimated delivery time displayed on the product page is based on broader historical platform data. After your order is placed and shipped, the expected delivery date will be updated more accurately based on your order details, such as the quantity of items purchased, your delivery address, and the shipping method. You can track your shipping status and view the updated delivery estimate directly in the Temu app or on Temu.com. If your order arrives later than the estimated delivery date, you will receive Temu credits as a token of appreciation for your patience. Finally, if your items do not arrive, arrive damaged, or do not match the description or photos, you will be offered a full refund under Temu’s Purchase Protection program (https://www.temu.com/temu-purchase-protection.html). If you need any assistance, please don’t hesitate to contact us through the Temu app or Temu.com live chat. Best wishes, Temu Team."
temu.com,id:6a5742d86d1705fee8306e7f,native_id,6a5742d86d1705fee8306e7f,1,2026-07-15T10:20:40.000Z,2026-06-20T00:00:00.000Z,Do not order,"Do not order, I received 14 items and have been trying to return. They will not send me free returns label & only offered me like 1 tenth of what I paid. Total scam. Received a light which took 3months to arrive and you would need a hotel as it is so big, no normal sized home could carry it off. Completely disgusted at loosing so much money and left with stuff no good to me.

Asking for more information but can't give order no for 14 items that were delivered in one package, your company has spilt them into about 10different order numbers. I have spent approximately 6 hours online chat trying to get 1 return label and they are not providing and as I can't give 1 order number nothing been done.",false,1,Nici,57ae54bf0000ff000a3a5f91,GB,15,false,"Hello, thank you for reaching out to us. We are sorry for any inconvenience caused. Customer satisfaction is of the utmost importance and we are constantly working to improve our service quality. We will follow up on this matter. If you need further assistance, please message us through Temu.com or Temu app live chat. We appreciate you giving us another chance to serve you. Best wishes, Temu team"
temu.com,id:6a573880c9e1576c520ee924,native_id,6a573880c9e1576c520ee924,3,2026-07-15T09:36:32.000Z,2026-06-09T00:00:00.000Z,Warehouse confirmed delivery with a…,"Warehouse confirmed delivery with a…
Warehouse confirmed delivery with a photo, but Temu refuses to refund my money!
I am extremely disappointed with Temu's customer service. I returned multiple items together in one package. Temu's warehouse successfully received the package and even sent me an official automated photo confirming delivery. In that photo, ALL my returned items are clearly visible inside the opened box.However, the system only processed a refund for one item, and Temu is now claiming that the other items were ""not sent."" Even after escalating this issue to higher supervisors and showing them their own warehouse photo as physical proof, they still refuse to issue my refund. This is an absolute scam and merchant fraud.My Order ID is [PO-010-00986395223672921]. If this issue is not resolved and my money is not refunded immediately to my Temu Credit Balance, I will file an official complaint with the Better Business Bureau (BBB) and initiate a Chargeback dispute through my bank using the warehouse photo as legal evidence. Fix this now!",false,0,Lilit,6a552938b06fbf7c85e2bb55,AM,2,false,"Hello, thank you for reaching out to us. We are sorry for any inconvenience caused. Customer satisfaction is of the utmost importance and we are constantly working to improve our service quality. If you need further assistance, please message us through Temu.com or Temu app live chat. We appreciate you giving us another chance to serve you. Best wishes, Temu team"
temu.com,id:6a5715adebf45194bcc2b4da,native_id,6a5715adebf45194bcc2b4da,1,2026-07-15T07:07:57.000Z,2026-05-01T00:00:00.000Z,Temu lies about issuing a refund,Temu lies about issuing a refund. The bank knows nothing about it. I´ve been waiting for weeks for my 50 dollars. Never again!,false,1,Paulina Michalak,68cbed877e13692027486144,AT,2,false,"Hello, thank you for reaching out to us. We are sorry for any inconvenience caused. Customer satisfaction is of the utmost importance and we are constantly working to improve our service quality. We will follow up on this matter. If you need further assistance, please message us through Temu.com or Temu app live chat. We appreciate you giving us another chance to serve you. Best wishes, Temu team"
temu.com,id:6a570cb1fc7eec95c686245c,native_id,6a570cb1fc7eec95c686245c,1,2026-07-15T06:29:37.000Z,2026-07-08T00:00:00.000Z,​I ordered and paid for three items,"​I ordered and paid for three items, but when the package arrived, it contained only one. I paid in full (cash on delivery), but Temu failed to deliver the rest of my order.
​I have contacted customer support multiple times with evidence, but they keep repeating useless automated templates, claiming they ""cannot do anything for me."" This is unacceptable and violates EU consumer rights. I want either the missing items delivered immediately or a full refund for the undelivered products.
​Order ID: PO-053-05166624174713029",false,2,Jakub,6a570c8a7b418cf5c07cde52,CZ,1,false,"Hello, thank you for reaching out to us. We are sorry for any inconvenience caused. Customer satisfaction is of the utmost importance and we are constantly working to improve our service quality. We will follow up on this matter. If you need further assistance, please message us through Temu.com or Temu app live chat. We appreciate you giving us another chance to serve you. Best wishes, Temu team"
temu.com,id:6a56e38ceb85a8bca721b1e8,native_id,6a56e38ceb85a8bca721b1e8,1,2026-07-15T03:34:04.000Z,2026-06-29T00:00:00.000Z,Terrible customer service/ sales gimmicks ,"Terrible customer service! Shipping takes forever even if it says local warehouse.  Package shipping is awful, no protection around products.  Some items are very cheaply made. Refunds are difficult to get. They mislead you saying pick free gifts but you have to buy minimum dollar order then they ship your order with 1 of the upto 8 free picks, then you have to go back the next day to purchase more to get the next gift. It's a racket.  Do your self a favor and don't buy anything from them. ",false,0,Rob Ogram,6a383074da119767f59aba83,US,2,false,"Hello, thank you for reaching out to us. We are sorry for any inconvenience caused. Customer satisfaction is of the utmost importance and we are constantly working to improve our service quality. We will follow up on this matter. If you need further assistance, please message us through Temu.com or Temu app live chat. We appreciate you giving us another chance to serve you. Best wishes, Temu team"
temu.com,id:6a56e09cadc3ae15abc4cf2d,native_id,6a56e09cadc3ae15abc4cf2d,1,2026-07-15T03:21:32.000Z,2026-07-14T00:00:00.000Z,From Fun Shopping to Frustrating Guesswork,"What Happened to Temu?

This is my second review in less than two weeks, and I have to ask: What is going on with Temu?

At this point, the lack of transparency and integrity is becoming extremely concerning.

I recently purchased a jumper but decided to return it because the material was much heavier than expected and unsuitable for the summer months. I was perfectly happy to send it back. Instead, Temu refunded my money and told me to keep the item.

As a result, I received an $11 credit on my account. When I later attempted to use that credit toward another purchase, spending more than the credit amount and expecting to pay only a few dollars out of pocket, the checkout process became confusing and frustrating. 

The system showed that my $11 credit had been applied, yet I was still being charged more than $17 in additional fees and unexplained charges. The entire transaction felt misleading and unnecessarily complicated.

Unfortunately, this is just one example of a growing problem. Temu's constant ""Win Free Gifts,"" ""Claim $100 Credits,"" and similar promotional pop-ups have become overwhelming, misleading, and downright annoying. What once felt like a fun and affordable shopping experience now feels like a game designed to confuse customers.

Shopping on Temu should not require customers to act like private investigators just to understand pricing, credits, and checkout charges.

There was a time when I genuinely enjoyed recommending Temu to friends and family. Today, I find myself questioning almost every offer, promotion, and transaction before placing an order.

Temu needs to do better. Customers deserve transparency, honesty, and a straightforward shopping experience—not confusion disguised as savings.",false,0,Deborah Amelia Sauls,6a4cf714b90f9df5a41f4103,US,2,true,"Hello, thank you for reaching out to us. We are sorry for any inconvenience caused. Customer satisfaction is of the utmost importance and we are constantly working to improve our service quality. We will follow up on this matter. If you need further assistance, please message us through Temu.com or Temu app live chat. We appreciate you giving us another chance to serve you. Best wishes, Temu team"
temu.com,id:6a56b7dc3235a0b841380c44,native_id,6a56b7dc3235a0b841380c44,1,2026-07-15T00:27:40.000Z,2026-07-11T00:00:00.000Z,I was to get ( X ) amount of money if I…,"I was to get ( X ) amount of money if I spent the amount they flashed in big numbers on the screen. That never happened. I even spent $12.00 more than they asked me too. Then customer service said I had to spend ( X ) amount more to recieve that promotion.  I open the app and IMMEDIATELY i'm attacked by the these spinning wheels & IRRITATING FAST PACED POP- UPS saying I won. 
I rejected the offers and EVENTUALLY made it back to the shopping page. I bought 2 more items & spent another $41.00 and I STILL HAVEN'T RECIEVED MY $100.00 VOUCHER NOR DID I GET ANY OF THE FREE OR DISCOUNTED ITEMS THAT I WAS SUPPOSED TO GET. I was given a $10 store credit that I haven't used yet. Make A long story short--- THERE ARE NO FREE ITEMS OR BIG SAVINGS ON TEMU. ITS  A SCAM. THERE IS NO WAY OF STICKING WITH ONE PROMOTION.
THEY DO THIS PURPOSELY. IN THE END I PAYED THE SAME AMOUNT IF MONEY I WOULD HAVE PURCHASING THE ITEMS ON AMAZON -- ALSO WITH AMAZON I WOULD HAVE RECIEVED MY ORDERS WITHIN 48 HOURS  INSTEAD OF BEING FORCED TO WAIT A WEEK AND A HALF. ",false,0,Dion Anthony,66516cc0a38c0a4213842732,US,27,false,"Hello, thank you for your interest in Temu's promotional activities! We understand that you may have questions about our promotions. Please rest assured that all our promotions are fair and transparent. Detailed rules and conditions can be found on each promotion page, which you can access at any time. Rest assured that as long as you complete the task according to the instructions on the page, we will issue the corresponding reward. For more information about Temu’s promotional activities and related terms, you may find the details helpful on this page: https://www.temu.com/support/c2/promos-f-58.html . If you have any questions or need further clarification, please feel free to contact us for assistance via the following link: https://share.temu.com/NWGRVrrOSMA . Sincerely, Temu Team"
temu.com,id:6a56acca1b97b24431bc5015,native_id,6a56acca1b97b24431bc5015,1,2026-07-14T23:40:26.000Z,2026-07-14T00:00:00.000Z,I've always been told growing up,"I've always been told growing up, you get what you pay for! Unfortunately, that's me feelings about temu! There are several different issues ""they"" need to address! The damn, pop ups, ads, crap, while trying to look at their site, is a psin in the ass! This is one way, people can get trapped, clicking all theses widows in front of you and it's ""NOT COOL"" and my main reason for not liking this site! Also, there's, always, a catch 22.....buy something to get something, not only do you have to wait a while for del, the items are not anywhere where, ""they"" portray! I think I've had my share of this questionable, busy...uncomfortable site to browse!!! I don't want a refund. I just want everyone to know! I'll bite the dust on this order and others!!!",false,0,Christina Edwards,67b34a457aaff468e608b02e,US,14,false,"Hello, thank you for reaching out to us. We are sorry for any inconvenience caused. Customer satisfaction is of the utmost importance and we are constantly working to improve our service quality. If you need further assistance, please message us through Temu.com or Temu app live chat. We appreciate you giving us another chance to serve you. Best wishes, Temu team"
temu.com,id:6a56a3dae9bc2b05eb684231,native_id,6a56a3dae9bc2b05eb684231,1,2026-07-14T23:02:19.000Z,2026-07-14T00:00:00.000Z,IVE HAD ENOUGH OF AN APPAULING EXPERIENCES & SERVICES!,"What went wrong!  I had an issue with an InPost delivery driver, he decided he 'Couldn't find my adress!'  The company made all the usual excuses, as per their, lets just palm the customer off with the same sickly, dire-tribe like, Temu's Customer Services tries on its customers!!  So I asked if he can't find my adress, the courier [FROM INPOST] he/she has a mobile phone there is a free Sat-Nav available on Google or Waze, its simple as that!!  You use your intelligence!  
So now my expected delivery, which we waited in for was taken back to the depot!! [BECAUSE THE INPIST COURIER COULD NOT FIND MY ADRESS!] I have to wait until...'They  [InPost] find an alternative courier to deliver the parcel.
I, AS THE CUSTOMER SHOULD NOT BE CONTACTING THE COURIER! THAT IS WHY TEMU HAS CUSTOMER SERVICES!  THEY SHOULD BE DOING THIS, BUT THEY DON'T! THEY DO TELL LIES & HALF TRUTHS & MISLEAD THE CUSTOMER INTO BELIEVING THEY HAVE JUST MOVED MOUNT EVEREST, WHEN IN AFFECT THEY HAVE DONE NOTHING EXCEPT EMPTY, PLATITUDES!!
Instead they promise you they are doing this, that & the other for you, when they are clearly not doing anything at all!   
They AVOID answering your questions, they DEFLECT you with automated responses which only requires them to use one finger to press an on screen button!!  Then they are either dealing with other customers simultaneously or ignoring you & chatting with nearby colleages as there are extremely long pauses! And I mean extremely long indeed!!  Then they press that 'automated text button again!'  This is the lowest form of CS I have ever experienced, I will go as far as stating categorically... THIS IS NOT CUSTOMER SERVICE AT ALL.'
They are deliberately geared TO NOT HELP YOU IN THE LEAST, THEY MIGHT AS WELL BE NON-EXISTANT!! But to cause you as much irritation as possible in order for you to give-up with them and go away, makes their life easy!  
I requested they block InPost for the very reason's I have explained above!!  
PLUS INPOST also has a terrible, ineffectual CS too! And those guys are RUDE & OBTUSE beyond belief!! 
I repeatedly requested Temu's CS rep. to block InPost from my account.  The rep.  ignored my requests completely.
Ive just had enough of Temu's appauling way in which they treat their customer's.. Plus refusing to BLOCK InPost from delivering any of my parcels!!
So enough is enough!! 
I have pram that was due for delivery on Monday its now Tuesday, InPost are still stating that 'they are looking for an available courier to deliver the parcel!!  What a joke.  You order off Temu from a Local seller that provides next day delivery and inpost is not only letting those sellars down that provide that quick local service but us customers too!  That is why we use 'Local' sellers to get goods faster than shipping direct from China!  But because of InPost's lack of available, literate, couriers then we the customer are not getting the service of next day or the two-day delivery window.
InPost should not be given any business at all with any reputable company as they are swamped and unable to meet the hugh demands of a modern delivery service!!   
So just up the road from where I live is a InPost delivery & sorting centre & my pram instead of being delivered is languashing there until they can find someone to deliver it!!  Wowww! The very company the BBC caned!! & they state they are a fantastic delivery company, well they are not!!
My husband said he will drive me there to the InPost centre to collect my parcel (pram)  in person!!  
So now AFTER REPEATED REQUESTS, TEMU REFUSES TO BLOCK INPOST FROM MY ACCOUNT & STOP THEM DELIVERING MY PARCELS, So my only other viable  option left open to me is to vote with my feet, walk-away from Temu,  stop shopping with them altogether!
I have about 4 deliveries outstanding (due), thankfully only one is with that awful InPost and then I am closing my account with Temu!

I will no longer put up with a rude, ineffectual company that has no regard for its customer's! their Customer Services,  constant lying as they  don't care about their customer's in the least, rather they want our cash but provide no experience when it comes to accountability towards customers.
So Temu enjoy your relationship with that diabolical, ineffectual InPost.. I am finished with your company once the last of my orders come through!
If anyone wants to know more about InPost then the BBC has done a really transarent article of just how bad they are, plus on-line complaints on Redit & FB & Vinted amongst just three of many complaints such as mine.  
I refuse to deal or accept such a diabolucal, non- existant CS such as Temu who refuses to take accountability towards its customers in a transparent  honest way..  Ohh, but they take our money quick enough.. but not any longer.
GOOD BYE, TO NON-EXISTANT CUSTOMER SERVICES  & GOOD BYE, TO INPOST TOO!!
BUYER  BE WARNED!!

",false,0,Angela Thompson,69b5c418c9f176cbe4d86945,GB,14,true,"Hello, thank you for shopping with us and we are sorry you are experiencing difficulties with your recent orders. If your items do not arrive or arrive damaged, you will be offered a refund under Temu's Purchase Protection program (https://www.temu.com/temu-purchase-protection.html). We greatly appreciate your feedback and will take it into consideration to improve our logistics experience. For information about shipping, please refer to our Shipping Information page: https://www.temu.com/shipping-info.html . If you need further assistance, please message us through Temu.com or Temu app live chat. Best wishes, Temu Team"
temu.com,id:6a56a2503d619e7a2cb4379b,native_id,6a56a2503d619e7a2cb4379b,1,2026-07-14T22:55:44.000Z,2026-07-08T00:00:00.000Z,Scammed me ,"I am so mad at temu. I have spent alot of money on this app. Never had am issue. Til middle of may. I bought shelves that are suppose to hold mugs. Way to small, these shelves where not cheap. So I wanted to return them. Which was fine I got everything downloaded label etc. Well I get to canada post. The label fradulant. So i get ahold of temu. Two weeks back and forth because they would give me another label, or new method to send back. Finally the guy goes just cancel it and then send in for a new return. I was fuming that all it took. So I did, I had another order that I had to return four other things. So I sent them back all on one package. As requested by them. This was June 13th. Last Wednesday july 8th. They canceled the return. Everything is gone off the app. The label, the sent everything. I no longer have the recipt from fedex. Cause well it was sent back. Now they are telling me, the wont refund me cause they cant find the package. That there is no proof I sent it back. Their system messed up.  Not once but twice. I will never ever purchase from these guys again. I also have contacted my lawyer, who is going to contact whale Co. Who runs temu. Worst company ever, loyal customers are nothing to them. I have been annoyed by them for awhile. This is over the top. Watch out for temu, its all good. Til is really bad ",false,0, Duquette,5f905d823932cf0019ead8ca,CA,2,false,"Hello, thank you for taking the time to share your feedback. To help us review the matter further, we kindly ask that you complete the Information Request Form we have sent and provide the requested details, such as your order number(typically starting with PO-xxx)  or the email address associated with your Temu account. Once we receive the information, we will review your case and coordinate with the relevant team for further follow-up. If you have any additional questions or need further assistance, please feel free to contact us through the Temu website or the Temu app live chat via this link: https://share.temu.com/NWGRVrrOSMA. Thank you for your time, patience, and cooperation. Best wishes, Temu Team"
temu.com,id:6a56979e8ec2030fa0da34d8,native_id,6a56979e8ec2030fa0da34d8,1,2026-07-14T22:10:06.000Z,2026-07-14T00:00:00.000Z,Very disappointing experience,"Very disappointing experience. The tracking system is confusing and unreliable. It showed that my package had departed the transit airport, but at the same time displayed a message saying it was still waiting for a flight due to limited flights. The information is contradictory and leaves customers with no idea where their package actually is. On top of that, the delivery is much slower than expected. Temu needs to improve both its shipping process and the accuracy of its tracking updates. Customers deserve clear, consistent information instead of conflicting messages.",false,0,Matei Pop,6a569797c2526ce83589be18,CH,1,false,"Hello, thank you for shopping with us and we are sorry you are experiencing difficulties with your recent orders. We greatly appreciate your feedback and will take it into consideration to improve our logistics experience. For information about shipping, please refer to our Shipping Information page: https://www.temu.com/shipping-info.html . If you need further assistance, please message us through Temu.com or Temu app live chat. Best wishes, Temu Team"
temu.com,id:6a5693ad57de110e7ff04092,native_id,6a5693ad57de110e7ff04092,1,2026-07-14T21:53:17.000Z,2026-07-09T00:00:00.000Z,I would give no stars if possible.,"I would give no stars if possible.

I was sent the wrong colour item, returned it using the returns label they emailed me.  This was scanned in at my local Everi returns shop but has now been lost in transit.
Temu will not refund the money, have escalated the case and then closed it without resolving the issue.

Beware not as good as they make out they are.  

There’s obviously a reason their items are cheap.",false,0,Mrs Smith,6a569392b06fbf58a2e4b287,GB,2,false,"Hello, thank you for reaching out to us. We are sincerely sorry for the inconvenience caused to you. Customer satisfaction is of the utmost importance and we are constantly working to improve our service quality. We will follow up on this matter. If you need further assistance, please message us through Temu.com or Temu app live chat. We appreciate you giving us another chance to serve you. Best wishes,Temu Team"
temu.com,id:6a5685bd22f1f08650fc3cef,native_id,6a5685bd22f1f08650fc3cef,1,2026-07-14T20:53:49.000Z,2026-07-12T00:00:00.000Z,smartphone with no smartphone but two apples.,I purchased a smartphone xiomi poco c85 only to receive a box with two apples seller even sent screenshot saying we've sent you an empty box I sent screenshot proof to temu and I gave negative feedback but temu rejected however 26 people said it's helpful before temu took review down there were 5 other people got scammed beware of buying from temu ,false,0,JASON DALTON,664485825e09ff3c7f262cbd,GB,5,false,"Hello, thank you for reaching out to us. We are sorry for any inconvenience caused. Customer satisfaction is of the utmost importance and we are constantly working to improve our service quality. If you need further assistance, please message us through Temu.com or Temu app live chat. We appreciate you giving us another chance to serve you. Best wishes, Temu team"
temu.com,id:6a5676540deab66d79068e0d,native_id,6a5676540deab66d79068e0d,5,2026-07-14T19:48:04.000Z,2026-07-14T00:00:00.000Z,Buy your stuff and pay,"Buy your stuff and pay, all free credits and gimmicks are a scam. ",false,2,JD _ATL,6a56764bb06fbffa24e4840a,US,1,false,"Hello, thank you for shopping with us and sharing your 4-star experience! Your feedback is extremely valuable to us as we constantly strive to improve our service quality. If you need any assistance, please don't hesitate to message us through Temu.com or Temu app live chat. Best wishes, Temu team"
temu.com,id:6a56716bf122027257b59c20,native_id,6a56716bf122027257b59c20,1,2026-07-14T19:27:07.000Z,2026-07-14T00:00:00.000Z,Temu…,"I placed an order in May and 2 months later they had lost tracking and offered a refund which I accepted. It is unacceptable to wait this long and not receive an order. I will delete the Temu app and will stick to eBay in future.
",false,0,customerJohn R,5db70f992d7a9a446fda52cd,GB,45,false,"Hello, thank you for reaching out to us. We are sorry for any inconvenience caused. Customer satisfaction is of the utmost importance and we are constantly working to improve our service quality. If you need further assistance, please message us through Temu.com or Temu app live chat. We appreciate you giving us another chance to serve you. Best wishes, Temu team"
temu.com,id:6a566e53ac781f46940e0cb4,native_id,6a566e53ac781f46940e0cb4,1,2026-07-14T19:13:55.000Z,2026-07-12T00:00:00.000Z,If I could give zero stars I would!!,"If I could give zero stars I would!!! Let us begin with clothing. What you receive is hardly what is displayed on their site. The fabric is inferior. The flow of the garment is misleading. The fit is often off, particularly with regards to length. They are either entirely too short and or is not as full or flowing as is depicted in the photo. 
Other items such as jewelry. Earrings are much smaller than shown in pictures. So misleading. Art… much smaller and shorter than what is photographed. I purchased images which were displayed behind a sofa seemingly filled the wall just as you would have it. They appeared to be 24 maybe 30 inches in the picture. Upon arrival they were 10 to 12 inches. If you place them behind the sofa on the wall, you would never see them!!!
Your order seldom arrive together returning them is a nightmare. Their Bogus credit plan where you earn points to be applied to your purchase. Makes no sense at all. I ordered from them 02 years ago so disappointed. After two years I stumbled upon the site again saw a couple items that were appealing and just as it was two years ago, junk!!! I would dare say save your money. Shame on Temu and shame on the powers that be that allow them to get away with this. Misrepresentation of products, keeping inferior fabrics products, and not resembling photos.",false,0,Cher,69c783ba07ee8a615105c540,US,2,false,"Hello, thank you for shopping on Temu! Your feedback is extremely valuable to us and we are sorry that you are not satisfied with some of your items. We implement strict policies and control measures to ensure product quality and accurate product descriptions. Temu's Purchase Protection program offers full refunds if your items do not arrive, arrive damaged, or do not match the description or photos (https://www.temu.com/temu-purchase-protection.html). To apply for a refund, login to the Temu app or Temu.com with the account used for your order, open the ""Your orders"" page, and click ""Return/Refund."" For detailed return instructions, please visit https://www.temu.com/return-and-refund-policy.html. You can choose to receive your refund back to your original payment method or as Temu credits. If you need further assistance, please message us through Temu.com or Temu app live chat. Best wishes, Temu team"
temu.com,id:6a5667a53abba7b8d73aadf6,native_id,6a5667a53abba7b8d73aadf6,3,2026-07-14T18:45:25.000Z,2026-07-14T00:00:00.000Z,"Deceptive they make you believe they value You  as a customer then screw you. Fake reimbursement, fake everything","They send a pop up that your a valued customer, and they would like you to enjoy full reimbursement, you spin the wheel I got $100. You pick items and then the full reimbursement is BS. My total was $124. So it’s not free. I thought they offered reimbursement because I recently spent almost $300. I’m not very happy either temu. What I would like is my money back !!! And to cancel what I picked.",false,0,June Distefano,6a566654236e3d3a28d31bd9,US,1,false,"Hello, thank you for participating in our promotional activities and we are sorry that you are experiencing difficulties with your rewards. Customer satisfaction is of the utmost importance and we are constantly working to improve our service quality. Please contact us again through Temu.com or Temu app live chat so we can help you investigate right away. Best wishes, Temu team"
temu.com,id:6a5663330fe1009c42d670b1,native_id,6a5663330fe1009c42d670b1,1,2026-07-14T18:26:27.000Z,2026-07-14T00:00:00.000Z,Absolute joke ,"Absolute joke . Every single denture product is fake ,all off them .even  worst is that temu knows about it and still selling it . Avoid like a plague!!
Now they asked me about order numbers which I sent it to them one of them I put this twice and both arrived the same package and same crap. Product unusable I would’ve been better off if I cut teeth out of Barbie doll and  put it in my mouth. they know perfectly well all others as they call it ,similar product denture Product are fake and unusable!!!
I suspected standard pointless reply means nothing. fact, stays fact you selling
Fake Product lying about it and selling the fake product, which is all your website and you don’t bother.",false,0,Giorgi ,6094fd41beb8b700194a7c22,GB,3,false,"Hello, thank you for reaching out to us. We are sorry for any inconvenience caused. Customer satisfaction is of the utmost importance and we are constantly working to improve our service quality. If you need further assistance, please message us through Temu.com or Temu app live chat. We appreciate you giving us another chance to serve you. Best wishes, Temu team"
temu.com,id:6a565d62f0e4255f9ef944fe,native_id,6a565d62f0e4255f9ef944fe,1,2026-07-14T18:01:39.000Z,2026-07-14T00:00:00.000Z,I have received all  an order and ALL sizes are wrong. ,"I have received an order and only 1 item is a small. an ordered. 2 items are xxlarge and 1 is large. I ordered all mediums. I am furious. I want this made right. 
The order # PO211-1366961
Patricia Pieczynski 
601 Agnew Road 
Pittsburgh, Pennsylvania 15227 USA. 
",false,0,Patricia Piecynski,62570eefa6051a00129f0f3e,US,11,false,"Hello, thank you for reaching out and we are sorry that you are experiencing difficulties with your order. If you received the wrong items, you may apply for a refund by messaging us through Temu.com or Temu app live chat. Simply type ""wrong item"" into the chat, select the item from your order that is wrong, and follow the directions on the screen to complete your refund application. You can choose to receive your refund back to your original payment method or as Temu credits. If you need further assistance, please message us through Temu.com or Temu app live chat so we can help you. Best wishes, Temu team"
temu.com,id:6a5646456eb27231786034d6,native_id,6a5646456eb27231786034d6,1,2026-07-14T16:23:01.000Z,2026-07-13T00:00:00.000Z,Bad practice by Temu,"I have been a  very good customer of Temu, never had a problem that wasn’t sorted straight away. However my last experience has left a sour taste.
I ordered a ladies Jacket size 16 and some pegs to make up minimum order. Jacket arrived  a very small parcel. Very badly creased and sleeves were very wide and long.
Asked for return. Was offered 84p + £11, as I thought, credit. Turned out it was a coupon and only 3 days shelf life! I made my order up to £15, and kept getting message, had to add more for free delivery over £15. Ended up £26 and I decided, I wasn’t happy about the situation at all. So I have  cancelled the whole order. 
Normally you would get a credit, never heard of Coupon which expires in 3 days.
So Temu, I shall give the jacket to Charity and I have lost my just on £12. But you have lost a ver valued customer, 
I am extremely disappointed with the situation . 

Update, Temu sent message on  Trustpilot after my review. Said they would look into it. Advised me to contact Customer Service Bot. Did this got no joy. Was supposed then to pass me on to agent. After trying to explain through messages the problem I was told to give order number. It meant coming off the chat and getting the Order number. Told them this. After 30 minutes I’ve given up. My time is not being wasted on Temu any more. Terrible company when things go wrong.

Still waiting for Temu to contact me. Have sent order number, email etc. They are all talk. Nobody has contacted me. Just beware of their stupid offers. They don’t exist. Extremely dissatisfied by Temu. Be warned!",false,0,Carol Walton,65da095637f5ce00121f1243,GB,2,false,"Hello, thank you for reaching out to us. We are sorry for any inconvenience caused. Customer satisfaction is of the utmost importance and we are constantly working to improve our service quality. We will follow up on this matter. If you need further assistance, please message us through Temu.com or Temu app live chat. We appreciate you giving us another chance to serve you. Best wishes, Temu team"
temu.com,id:6a56462dc40bf3ded1eafec0,native_id,6a56462dc40bf3ded1eafec0,4,2026-07-14T16:22:37.000Z,2026-07-14T00:00:00.000Z,Temu ,Temu is a bit hit and miss depending on what you buy. Some are from a local warehouse and are delivered within a few days. Otherwise it's shipped from china. I must say I've been lucky as temu respond to me quickly.,false,0,Jan B,66289bbae7c8e4001225bf99,GB,10,false,"Hello, thank you for shopping with us and sharing your 4-star experience! We are happy that you are pleased with your items. Your feedback is extremely valuable to us as we constantly strive to improve our service quality. If you need any assistance, please don’t hesitate to message us through Temu.com or Temu app live chat. Best wishes, Temu team"
temu.com,id:6a56435f5ea3e9c7d5388c94,native_id,6a56435f5ea3e9c7d5388c94,2,2026-07-14T16:10:39.000Z,2026-07-08T00:00:00.000Z,I have given this a 2 star review…,"I have given this a 2 star review because I have not been unhappy with Temu's service until recently. I was dubious initially about shopping from Temu as had heard that they sell customers data to 3rd parties, still not had evidence of this in the 2 years I have been shopping with them, but my recent experience has now made me decide not to continue giving them my custom.  A package I ordered was delivered to someone elses property by the courier. I asked for a refund, but was denied it twice. Temu and the seller consistently said the package had been delivered. This disagreement between us has now lasted over a week and in that time, I have pointed out to Temu and the seller that the pinpointed GPS location from the couriers scanner does not match the location of my property. I have yet to see if they accept this as they have refused to accept all previous denials that the package has been delivered to my property. So I will not give Temu my custom again. 
And this is what I have just read on another customers review - if your items do not arrive, arrive damaged, or do not match the description or photos, you will be offered a full refund under Temu's Purchase Protection program - they have twice refused to refund me for an undelivered parcel but expect me to go round to neighbours houses asking if they have it.",false,0,Lost Soul,5ef499030010b7a2b820c906,GB,7,false,"Hello, thank you for reaching out to us. We are sorry for any inconvenience caused. Customer satisfaction is of the utmost importance and we are constantly working to improve our service quality. We will follow up on this matter. If you need further assistance, please message us through Temu.com or Temu app live chat. We appreciate you giving us another chance to serve you. Best wishes, Temu team"
temu.com,id:6a5641349dd9b9c184f1bc19,native_id,6a5641349dd9b9c184f1bc19,1,2026-07-14T16:01:25.000Z,2026-07-13T00:00:00.000Z,TEMU HAS TO BE THE DODGIEST FIRM EVER,TEMU HAS TO BE THE DODGIEST FIRM ON EARTH WITH THEIR FAKE PROMOTIONS AND WEB SITES THAT DRAW YOU IN. WOULDN'T TOUCH THEM WITH A BARGE POLE. ,false,1,STEVE DENYER,5a9faf1d4de5666d34a9b886,GB,98,true,"Hello, thank you for participating in our promotional activities and we are sorry that you are experiencing difficulties. Customer satisfaction is of the utmost importance and we are constantly working to improve our service quality. Please contact us again through Temu.com or Temu app live chat so we can help you investigate right away. Best wishes, Temu team"
temu.com,id:6a563d70dafe1addb017e058,native_id,6a563d70dafe1addb017e058,2,2026-07-14T15:45:20.000Z,2026-07-14T00:00:00.000Z,Shame...…,I bought a lot but now I saw that these shipmentcosts almost double the price of my order. Stopped now and removed the app.,false,2,E.v.Wittmarschen,5afd133d4de5666d342251ca,NL,21,false,"Hello, thank you for reaching out to us. We are sorry for any inconvenience caused. Customer satisfaction is of the utmost importance and we are constantly working to improve our service quality. We will follow up on this matter. If you need further assistance, please message us through Temu.com or Temu app live chat. We appreciate you giving us another chance to serve you. Best wishes, Temu team"
temu.com,id:6a562cca489cc22c24f83339,native_id,6a562cca489cc22c24f83339,1,2026-07-14T14:34:18.000Z,2026-07-14T00:00:00.000Z,Allways less than you think,Allways less than you think. Nearly allways something wrong with the order or missing or damaged items. This time it was «Preorder». Pretty fed up with their moresales loops. ,false,0,Erik Kildeberget,61f58235cd80d90012f91f05,NO,49,false,"Hello, thank you for shopping on Temu! Your feedback is extremely valuable to us and we are sorry that you are not satisfied with some of your items. We implement strict policies and control measures to ensure product quality and accurate product descriptions. Temu's Purchase Protection program offers full refunds if your items do not arrive, arrive damaged, or do not match the description or photos (https://www.temu.com/temu-purchase-protection.html). To apply for a refund, login to the Temu app or Temu.com with the account used for your order, open the ""Your orders"" page, and click ""Return/Refund."" For detailed return instructions, please visit https://www.temu.com/return-and-refund-policy.html. You can choose to receive your refund back to your original payment method or as Temu credits. Temu credits will appear in your Temu credit balance within 3 minutes and can be used immediately. If you choose to receive your refund back to your original payment method, please allow 5-14 business days for it to appear since timing depends on your financial institution. If you need further assistance, please message us through Temu.com or Temu app live chat. Best wishes, Temu team"
temu.com,id:6a562c1f3baab506b1240680,native_id,6a562c1f3baab506b1240680,1,2026-07-14T14:31:27.000Z,2026-07-01T00:00:00.000Z,Don’t recommend temu to anyone shipping…,"Don’t recommend temu to anyone shipping very bad quality stuff, they though the parcel out side and I don’t found it and Temu doesn’t care about the customer, i asked for refund I don’t got any response or refund ",false,0,Nada Kassim,60d9a0a56e6a850012285e1d,GB,18,false,"Hello, thank you for reaching out to us. We are sorry for any inconvenience caused. Customer satisfaction is of the utmost importance and we are constantly working to improve our service quality. We will follow up on this matter. If you need further assistance, please message us through Temu.com or Temu app live chat. We appreciate you giving us another chance to serve you. Best wishes, Temu team"
temu.com,id:6a5626a31fadefe57f5f54e2,native_id,6a5626a31fadefe57f5f54e2,1,2026-07-14T14:08:03.000Z,2026-06-09T00:00:00.000Z,Never ever buy form this company,Never ever buy form this company.  Many of the items are not as described. They won’t refund you even when the items a faulty. They asked me to take a mattress that is not fit for purpose to the post office to return it them so the could inspect it. The mattress is stained does not fit the bed and is lumpy  they will not refund me. I cannot post a mattress and they know that. They really shouldn’t be allowed yo trade,false,0,Veronica Lloyd,652d706e6de86a0011df4899,GB,4,false,"Hello, thank you for reaching out to us. We are sorry for any inconvenience caused. Customer satisfaction is of the utmost importance and we are constantly working to improve our service quality. We will follow up on this matter. If you need further assistance, please message us through Temu.com or Temu app live chat. We appreciate you giving us another chance to serve you. Best wishes, Temu team"
temu.com,id:6a562673116bd6c073709fb5,native_id,6a562673116bd6c073709fb5,1,2026-07-14T14:07:15.000Z,2026-07-11T00:00:00.000Z,I am very disappointed with Temu's…,"I am very disappointed with Temu's customer service. I provided all the information requested regarding my refund, but instead of investigating my case properly, I kept receiving automated responses asking for the same evidence again and again. My concern was never genuinely addressed, and I feel like my case was not taken seriously. As a customer, I expected better support and a fair resolution. Unfortunately, this experience has made me lose confidence in the platform.",false,1,ZANA HOXHA,68387f29f0e9f316a35af901,BE,3,false,"Hello, thank you for reaching out to us. We are sorry for any inconvenience caused. Customer satisfaction is of the utmost importance and we are constantly working to improve our service quality. We will follow up on this matter. If you need further assistance, please message us through Temu.com or Temu app live chat. We appreciate you giving us another chance to serve you. Best wishes, Temu team"
temu.com,id:6a5606b76310d0631d1cfb26,native_id,6a5606b76310d0631d1cfb26,1,2026-07-14T11:51:51.000Z,2026-07-12T00:00:00.000Z,Awful site ,Better shop from a descent site as those people never help you with any faulty product and will lose your money and that’s all ,false,0,customer,5a8c89cff675864e5604ebd5,GB,59,true,"Hello, thank you for reaching out to us. We are sorry for any inconvenience caused. Customer satisfaction is of the utmost importance and we are constantly working to improve our service quality. We will follow up on this matter. If you need further assistance, please message us through Temu.com or Temu app live chat. We appreciate you giving us another chance to serve you. Best wishes, Temu team"
temu.com,id:6a56014c15c478455cb7de25,native_id,6a56014c15c478455cb7de25,1,2026-07-14T11:28:44.000Z,2026-07-14T00:00:00.000Z,I have been with Temu for a few years…fake ads for free items. ,"I have been with Temu for a few years but I really am just so sick of wasting my time with their rewards, free items (absolutely not free) and pop ups. I know I should just delete the app and shop using the Shein app. Anyway don’t fall for the free stuff and waste your time spinning a wheel or whatever. ",false,0,Alma Lopez,6a5601417b418c04747b5f86,US,1,false,"Hello, thank you for participating in our promotional activities and we are sorry that you are experiencing difficulties with your rewards. Customer satisfaction is of the utmost importance and we are constantly working to improve our service quality. Please contact us again through Temu.com or Temu app live chat so we can help you investigate right away. Best wishes, Temu team"
temu.com,id:6a55fd4929b9547bbcab81be,native_id,6a55fd4929b9547bbcab81be,2,2026-07-14T11:11:37.000Z,2026-07-13T00:00:00.000Z,Site very good but let down none stop…,Site very good but let down none stop by royal mail and evri on delivery will now stop ordering as feed up staying in on delivery date and not turning up,false,0,Paul Deamer,66784e02db858745bf19f9fd,GB,96,false,"Hello, thank you for shopping with us and we are sorry you are experiencing difficulties with your recent orders.  Temu is an e-commerce company that connects consumers with a network of merchandise partners, manufacturers and brands with the mission to empower consumers to live their best lives. You can track your shipping status and see your expected delivery date directly in the Temu app or on Temu.com. If your order arrives later than the estimated delivery date, you will receive Temu credits as a sign of appreciation for your patience. Finally, if your items do not arrive, arrive damaged, or do not match the description or photos, you will be offered a full refund under Temu's Purchase Protection program (https://www.temu.com/temu-purchase-protection.html). Customer satisfaction is of the utmost importance and we are constantly working to improve our service quality. If you need any assistance, please don't hesitate to message us through Temu.com or Temu app live chat. Best wishes, Temu team"
temu.com,id:6a55f3e9936d8999f0f40caf,native_id,6a55f3e9936d8999f0f40caf,1,2026-07-14T10:31:37.000Z,2026-07-14T00:00:00.000Z,Absolute bastards,Absolute bastards. They suck you in with the free items and then automatically check you out of the transaction totally over $100. Then you request the order we cancelled and the only give you a credit or you have to wait 12 business days for a refund in cash. Do not get sucked into using them. They are the subject of many relationship problems worldwide!,false,0,Neil Hoskins,6a55f3d3ff3db23767b11f0c,AU,1,false,"Hello, thank you for reaching out to us. We are sorry for any inconvenience caused. Customer satisfaction is of the utmost importance and we are constantly working to improve our service quality. We will follow up on this matter. If you need further assistance, please message us through Temu.com or Temu app live chat. We appreciate you giving us another chance to serve you. Best wishes, Temu team"
temu.com,id:6a55ebd210f523b2a9cac9d8,native_id,6a55ebd210f523b2a9cac9d8,1,2026-07-14T09:57:06.000Z,2026-07-11T00:00:00.000Z,I was tricked in the buying items,I was tricked in the buying items. The adds to spin to win money or credits...I fell for that. Almost none of the items would accept a cancelation reply. Which in turn left me basically broke. The only positive thing I will say is that 2 of the items that would not cancel arrived early & are of good quality. My advice is be really careful. ,false,0,parfaye,6a55ebc0ff3db2593bb1115d,US,1,false,"Hello, thank you for participating in our promotional activities and we are sorry that you are experiencing difficulties with your rewards. Customer satisfaction is of the utmost importance and we are constantly working to improve our service quality. Please contact us again through Temu.com or Temu app live chat so we can help you investigate right away. Best wishes, Temu team"
temu.com,id:6a55d69cbef2f3562cdbd2cf,native_id,6a55d69cbef2f3562cdbd2cf,1,2026-07-14T08:26:36.000Z,2026-07-14T00:00:00.000Z,Temu shame on you,"I used the mobile phone to just check what is on offer. It came up as items that you left in check out. I had already purchased these items before, so no need to repurchase. Before I could check anything else I pressed 1 item and before I knew what was going on, it was already being processed to pay pal. I immediately made contact with pay pal to refund $93.00 then I contacted Temu for refund. This is not working out well. Now I need to wait for up to months for refund. Using the mobile was not a good idea as it doesnt give you access to anything else but puchase this and that. Its very hard to communicate or access your full account details on the phone, so I got scammed that way. Temu this is unacceptable. ",false,0,ellies whelson,5f937f253f2167001918f535,AU,4,false,"Hello, thank you for reaching out to us. We are sorry for any inconvenience caused. Customer satisfaction is of the utmost importance and we are constantly working to improve our service quality. We will follow up on this matter. If you need further assistance, please message us through Temu.com or Temu app live chat. We appreciate you giving us another chance to serve you. Best wishes, Temu team"
temu.com,id:6a557439012246e5e7d9eee9,native_id,6a557439012246e5e7d9eee9,3,2026-07-14T01:26:49.000Z,2026-07-13T00:00:00.000Z,I ordered a set of five glass…,"I ordered a set of five glass containers for $51.00


The tops have a ring ""seal"" which comes out and was hard to replace.
I have now done it and will use them

",false,0,Heather,67d3e84159be0436e090cd22,AU,4,false,"Hello, thank you for shopping on Temu! Your feedback is extremely valuable to us and we are sorry that you are not satisfied with some of your items. We implement strict policies and control measures to ensure product quality and accurate product descriptions. Temu's Purchase Protection program offers full refunds if your items do not arrive, arrive damaged, or do not match the description or photos (https://www.temu.com/temu-purchase-protection.html). You may be asked to send the item back before your refund can be issued. To apply for a refund, login to the Temu app or Temu.com with the account used for your order, open the ""Your orders"" page, and click ""Return/Refund."" For detailed return instructions, please visit https://www.temu.com/return-and-refund-policy.html . You can choose to receive your refund back to your original payment method or as Temu credits. Temu credits will appear in your Temu credit balance within 3 minutes and can be used immediately. If you choose to receive your refund back to your original payment method, please allow 5-14 business days for it to appear since timing depends on your financial institution. If you need further assistance, please message us through Temu.com or Temu app live chat. Best wishes, Temu team"
temu.com,id:6a554e2db72826478c33bc95,native_id,6a554e2db72826478c33bc95,1,2026-07-13T22:44:29.000Z,2026-07-12T00:00:00.000Z,"I love this site. DONT EVER BUY SSD DRIVES, NFG","This is an update since they gave me a url to respond to them, same shit..(((((((((Talking to someone again who knows nothing. They gave me money back for4 ssd drives, not the 8. Thing is I buy 8 of them and keep them stocked up for when i have customers. They might be in my closet for 6 months.But they wont give you money back even if they havent been used. So i buy 8 ssd drives every single one is bad, no serial numbers on the chips. So i charge a customer 3 hundred to put new op and fix up laptops. @ months later i had 5 customers who brought me back their computers because the hard drives failed. Now i have to refund 1500.00 to customers and i might get 150.00 back from Temu, not a good deal for me. They let anyone sell these ssd drives, they need to be held responsible for letting them sell shit. (( I will continue to buy things on Temu, just never again will i buy a ssd, or any usb drives. Don't ever take any chances on things like this . Now they will reply and give me a url to respond and same shit again will be a circle jerk talking to someone who know nothing",false,0,scott H,644b2082192d6f001378e325,US,3,false,"Hello, thank you for reaching out to us. We are sorry for any inconvenience caused. Customer satisfaction is of the utmost importance and we are constantly working to improve our service quality. If you need further assistance, please message us through Temu.com or Temu app live chat by this link: https://share.temu.com/NWGRVrrOSMA . We appreciate you giving us another chance to serve you. Best wishes, Temu Team"
temu.com,id:6a554ca4267d8443cda086ff,native_id,6a554ca4267d8443cda086ff,1,2026-07-13T22:37:56.000Z,2026-07-13T00:00:00.000Z,Misleading deals,"The free items or discount deals are always in items you dont want, never just off your basket. When you do buy it doesnt tell you if you get the free item or not. Just a cin.
Prefer shein due to this. Misleading freebeeies. ",false,0,Daniella Smith,5af2bd074de5666d34848d29,GB,11,false,"Hello, thank you for your interest in Temu's promotional activities! We understand that you may have questions about our promotions. Please rest assured that all our promotions are fair and transparent. Detailed rules and conditions can be found on each promotion page, which you can access at any time. Rest assured that as long as you complete the task according to the instructions on the page, we will issue the corresponding reward. For more information about Temu’s promotional activities and related terms, you may find the details helpful on this page: https://www.temu.com/support/c2/promos-f-58.html . If you have any questions or need further clarification, please feel free to contact us for assistance via the following link: https://share.temu.com/NWGRVrrOSMA . Sincerely, Temu Team"
temu.com,id:6a5534cf730d328b509c828d,native_id,6a5534cf730d328b509c828d,1,2026-07-13T20:56:15.000Z,2026-06-12T00:00:00.000Z,I’ve waited for a small plastic shelf…,I’ve waited for a small plastic shelf and it’s still not here after a month it’s gone round Europe and still hasn’t come.,false,0,Philomena ,5e4bcacd7168c042564e3576,GB,7,false,"Hello, thank you for shopping with us and we are sorry you are experiencing difficulties with your recent orders. You can track your shipping status and see your expected delivery date directly in the Temu app or on Temu.com. If your order arrives later than the estimated delivery date, you will receive Temu credits as a sign of appreciation for your patience. Finally, if your items do not arrive, arrive damaged, or do not match the description or photos, you will be offered a full refund under Temu's Purchase Protection program (https://www.temu.com/temu-purchase-protection.html). Customer satisfaction is of the utmost importance and we are constantly working to improve our service quality. If you need any assistance, please don't hesitate to message us through Temu.com or Temu app live chat. Best wishes, Temu team"
temu.com,id:6a55342f0c51801161ba97f9,native_id,6a55342f0c51801161ba97f9,1,2026-07-13T20:53:35.000Z,2025-07-14T00:00:00.000Z,Products are counterfeit ,"Oh, I'm just writing this to let everyone who even goes to your Temu website to order whatever item they may want thinking they're getting something for very little money. Maybe think that it's the same quality. People spend a little bit more at a place, that really has the actual product, because everything that you order from Temu is counterfeit. Knockoffs. Ohh, and another thing to the American people, coming from China!! People wake up!! 

Dear Temu team this is the reason why I wrote this review and I verified it by calling the company itself. I don't have the purchase order number or remember the date that it was purchased. But I found out it's not authentic, and it's not real. Here's the reason why I wrote what I did.

  Authentic Browning knives feature a 3-digit model number on the back of the blade. They generally do not use a code of two letters and two numbers on the blade.“If you open the blade there might be some numbers on it that could indicate a model number of sorts but odds are that it's not in production”Reddit · r/knifeclub · 1 year agoTo identify if your knife is authentic, check these details on the blade:3-Digit Model Number: Authentic folding and fixed-blade knives list a 3-digit model number (such as \(111\), \(345\), etc.) on the reverse side of the blade.Steel Type: You may see numbers indicating the steel grade (e.g., \(440\) or \(8Cr13MoV\)), rather than a production date code.“Other numbers stamped on the blade that start with DA or SPG indicate that the knife is fake.”BrowningCounterfeit pieces often omit the authentic 3-digit model code or use incorrect stamps, such as ""DA"" or ""SPG"".If you want, you can tell me the numbers stamped on your blade or describe the knife handle and logo, and I can help you identify the specific model.How can I tell an authentic Browning knife from a counterfeit?To verify if a knife is authentic, you can check the following: * **Distributor** Make sure you are purchasing the knife from an approved Browning distributor. ...BrowningWhat Those Random Numbers and Letters on a Knife Blade MeanMar 6, 2024 — The information you can glean from knife stamps doesn't stop there either. Many producers also identify the steel they used to create the knife right on the bla...Gear PatrolBrowning Black Label Battle Bowie Knife ReviewJul 29, 2024 — That's a pretty common steel in bigger blades like machetes. The G10 version gets listed with either 8Cr13MoV or a 440 steel without a specified grade (although...Nothing But KnivesBrowning Joint Venture KnifeModel - BR0011. 3.5 inch closed. 2.5 inch satin finish 8Cr13MoV stainless drop point blade. Stainless bolster(s). Inlay shield. Clam packed.GoogleHello, Can you please help me to identify models and years of these ...Dec 4, 2023 — Hello, Can you please help me to identify models and years of these 2 knives? I know the brown is 345 but I cannot figure out the year. The other is unclear bec...Facebook·Morakniv Fans Sverige    ",false,0,James Staney,635de1e41f22fa00126ae3b6,US,14,false,"Hello, thank you for your feedback. Temu is committed to protecting intellectual property rights and has strict policies against the listing or sale of products that violates any third-party's trademark, copyright or patent rights. Please click https://www.temu.com/intellectual-property-complaint.html for intellectual property issues. Our dedicated team will investigate and respond quickly by removing or disabling access to any infringing material. Customer satisfaction is of the utmost importance and we are constantly working to improve our service quality. If you need any further assistance, please contact us again through Temu.com or Temu app live chat so we can help resolve your issue. Best wishes, Temu team"
temu.com,id:6a5521147ac4041ccdd184cc,native_id,6a5521147ac4041ccdd184cc,1,2026-07-13T19:32:04.000Z,2026-07-12T00:00:00.000Z,I had a very disappointing experience…,"I had a very disappointing experience with Temu’s customer service.

I received a package addressed to my name and my address, but the contents were completely different from the items I ordered. None of the products matched my order.

I contacted customer support multiple times, provided clear photos of all the incorrect items, the shipping label, and all the requested evidence. I also made it clear that I was happy to return every single item because they were not the products I purchased.

Despite all the evidence, my refund request was rejected four times. Every response I received was a generic template saying that, after reviewing my case, they could not approve my request. They never explained why the items I received were considered correct, nor did they address the evidence I submitted.

I wasn’t trying to keep the wrong items for free—I simply wanted either the products I actually paid for or a refund. Instead, I was left with products I never ordered and no meaningful support from Temu.

This has been one of the most frustrating customer service experiences I have ever had. I cannot recommend buying from Temu if something goes wrong with your order, as resolving the issue appears to be extremely difficult.",false,0,Maite Zubizarreta Arambarri,6569e7f6ff4b9d00121b7b27,CH,3,false,"Hello, thank you for reaching out to us. We are sorry for any inconvenience caused. Customer satisfaction is of the utmost importance and we are constantly working to improve our service quality. If you need further assistance, please message us through Temu.com or Temu app live chat. We appreciate you giving us another chance to serve you. Best wishes, Temu team"
temu.com,id:6a5510d73efcd03056fbcf49,native_id,6a5510d73efcd03056fbcf49,1,2026-07-13T18:22:47.000Z,2026-07-13T00:00:00.000Z,This is horrible service I canceled a…,"This is horrible service I canceled a order 10 min after placing it it said refund sent 2 day later said I can't cancel because they shipped it any i called in 4 times because they keep moving my refund date
 this is unacceptable it doesn't take no other company almost a month to refund you not only that  none of the clothes look like the picture I'll never order from them again ",false,0,Dre,69bb3c0e2c70369ee172a1d5,US,2,false,"Hello, thank you for shopping on Temu! Your feedback is extremely valuable to us and we are sorry that you are not satisfied with some of your items. We implement strict policies and control measures to ensure product quality and accurate product descriptions. Temu's Purchase Protection program offers full refunds if your items do not arrive, arrive damaged, or do not match the description or photos (https://www.temu.com/temu-purchase-protection.html). To apply for a refund, login to the Temu app or Temu.com with the account used for your order, open the ""Your orders"" page, and click ""Return/Refund."" For detailed return instructions, please visit https://www.temu.com/return-and-refund-policy.html. You can choose to receive your refund back to your original payment method or as Temu credits. If you need further assistance, please message us through Temu.com or Temu app live chat. Best wishes, Temu team"
temu.com,id:6a550bf3de2d252e4ba70233,native_id,6a550bf3de2d252e4ba70233,1,2026-07-13T18:01:55.000Z,2026-06-26T00:00:00.000Z,​⚠️ MAJOR SAFETY VIOLATION & FRAUD: Temu promotes fire hazards and breaks EU law!,"​DO NOT TRUST THIS PLATFORM! I ordered an electric scooter (Order ID: PO-163-19632490947191156) which arrived completely defective, with a dead battery and BMS system.

​Under EU Directive 2019/771, I am legally entitled to a full refund. Instead of complying with the law, Temu's customer support (agents Sienna and Wren) committed a severe, dangerous safety breach: they repeatedly DEMANDED that I perform a manual, homemade technical repair on a damaged, hazardous lithium-ion battery. They are literally instructing consumers to cause short-circuits, house fires, or explosions just to avoid giving a refund!

​When I refused to put my home and family at risk, their automated system locked me into an illegal loophole, refusing the full refund and trying to force a miserable €46.65 partial compensation.

​This is a rogue company operating with illegal bot loops that violate EU consumer rights and safety regulations. Formal charges have already been filed with the European Commission (DSA VLOP breach), the European Consumer Centre (CEC), and the Portuguese Economic & Safety Authority (ASAE) for public safety endangerment.

​Issue my full refund immediately. Order PO-163-19632490947191156",false,0,Joana Montaneles,6a550ae1ff3db2a3d2b01a07,PT,1,false,"Hello, thank you for reaching out to us. We are sorry for any inconvenience caused. Customer satisfaction is of the utmost importance and we are constantly working to improve our service quality. If you need further assistance, please message us through Temu.com or Temu app live chat. We appreciate you giving us another chance to serve you. Best wishes, Temu team"
temu.com,id:6a55037087a99d24bb705d62,native_id,6a55037087a99d24bb705d62,1,2026-07-13T17:25:36.000Z,2026-07-01T00:00:00.000Z,Buyer Beware,"Buyer Beware: I place minimum orders to meet the free shipping requirement. Their service has been good regarding shipping time and refunds. However, each time I placed an order via Temu's website, my credit card would have an additional charge from a foreign company. The amounts are under $50 so some people may miss them. My payment would be through Paypal's site which means that they are not as safe as I thought they were.
As a result, each time, I need to cancel my existing credit card and wait for a new credit card to be issued by the bank.  
I will be cancelling my registration with Temu as I find it high risk to miss on a billing on an order I did not place as well as too much of a hassle to have to cancel my credit card and await a new one - each time i want to place a small order via temu",false,0,BF,67dc845889153fa16e1c7e0a,IL,2,false,"Hello, thank you for reaching out and we are sorry that you are experiencing this. If you believe your card information has been stolen, please contact your bank immediately and consider reporting the incident to your local authorities. We also encourage you to carefully review all possible situations—both online and offline—where your card information may have been compromised. For further assistance, please visit the following page and submit as much information as possible using the options at the bottom of the page so we can investigate and help resolve the issue: https://www.temu.com/support/c3/unknown-charges-f-56-s-1005.html . Thank you for your understanding. Best wishes, Temu team"
temu.com,id:6a5502604b09d78b7cff06b9,native_id,6a5502604b09d78b7cff06b9,2,2026-07-13T17:21:04.000Z,2026-04-26T00:00:00.000Z,Poor Quality,The products were cheap and came within a week or two but the quality of the products were even CHEAPER than the price tag on them which I did not think was possible.,false,0,Hamza Bahadir,6a55025624460e618a31cc25,CA,1,false,"Hello, thank you for shopping on Temu! Your feedback is extremely valuable to us and we are sorry that you are not satisfied with some of your items. We implement strict policies and control measures to ensure product quality and accurate product descriptions. Temu's Purchase Protection program offers full refunds if your items do not arrive, arrive damaged, or do not match the description or photos (https://www.temu.com/temu-purchase-protection.html). To apply for a refund, login to the Temu app or Temu.com with the account used for your order, open the ""Your orders"" page, and click ""Return/Refund."" For detailed return instructions, please visit https://www.temu.com/return-and-refund-policy.html. You can choose to receive your refund back to your original payment method or as Temu credits. If you need further assistance, please message us through Temu.com or Temu app live chat. Best wishes, Temu team"
temu.com,id:6a54effa3edf0ea6912aa434,native_id,6a54effa3edf0ea6912aa434,1,2026-07-13T16:02:34.000Z,2026-07-01T00:00:00.000Z,They are a scam with their prizes,"They are a scam with their prizes. I was promised eight items. The rules were not on that page. Now they’re telling me I can’t get those eight items. I’ve been trying to talk to somebody within the last three weeks. It’s just a runaround game that they’re playing with me they never want to talk to their customers. Their business is just horrible the way they run it. I don’t think you should run a business like that. I think if a customer has a concern, you should be able to talk to somebody. Thank you so much, Tami.",false,0,Tami Rosengrant,6a54eff44024a40e7ea28235,US,1,true,"Hello, thank you for participating in our promotional activities and we are sorry that you are experiencing difficulties with your rewards. Customer satisfaction is of the utmost importance and we are constantly working to improve our service quality. Please contact us again through Temu.com or Temu app live chat so we can help you investigate right away. Best wishes, Temu team"
temu.com,id:6a54d28601a31f55e1df4174,native_id,6a54d28601a31f55e1df4174,1,2026-07-13T13:56:54.000Z,2026-07-11T00:00:00.000Z,2x Cost for EU customers,"I used to love temu! Used them for years, great customer service and products.

I placed an order yesterday and they charged me 2x the amount without notice or disclosing this before I paid. 

This will be my last order with them. 

The same products are cheaper in stores. Their recent price increases were already questionable. Now with the extra tariffs in EU. Simply not worth it.",false,0,Happy Mum!,56b3ba1d0000ff000a031285,NL,50,true,"Hello, thank you for reaching out to us. We are sorry for any inconvenience caused. Customer satisfaction is of the utmost importance and we are constantly working to improve our service quality. We will follow up on this matter. If you need further assistance, please message us through Temu.com or Temu app live chat. We appreciate you giving us another chance to serve you. Best wishes, Temu team"
www.aliexpress.com,id:6a60632935dc592d81aa7686,native_id,6a60632935dc592d81aa7686,1,2026-07-22T08:28:57.000Z,2026-07-20T00:00:00.000Z,They send broken electronics to Europe…,"They send broken electronics to Europe and then ask you to pay for return! They do not want to send your money back or deliver a good item!
They are scammers!
 
Stop buying from China and Aliexpress if you don't want to waste your money.

I will do my best to expose your scams on all social media platforms so that people will no longer be scammed by you.
",false,0,Alin,621b91aa8283ee001211c772,RO,3,false,
www.aliexpress.com,id:6a605e812dcda3ab857b0414,native_id,6a605e812dcda3ab857b0414,1,2026-07-22T08:09:05.000Z,2026-07-22T00:00:00.000Z,Yet again,"Yet again, these clowns request the same old 'more info'. How many time do I have to supply this before it gets registered with them? I WILL NOT go away until I get a reason why my parcel got returned to sender AFTER I had received courier assurance that they would be delivering to me.
For clarity, here is my order number: 3064925096519051",false,0,Angryoap,5eff1bde82e34152eeca7604,GB,101,false,
www.aliexpress.com,id:6a60578817d52c83e9585ae2,native_id,6a60578817d52c83e9585ae2,1,2026-07-22T07:39:20.000Z,2026-07-22T00:00:00.000Z,Avoid like the plague faulty item…,Avoid like the plague faulty item returned but will not pay full refund and it takes way too long in the first place...I bought boot liner fir car that was stained and poorly finished and they agreed full refund but never actually paid it  they took money off for return.   Be very wary of this company,false,0,Glen Robertson,5776ab1a0000ff000a2e15a6,GB,13,false,
www.aliexpress.com,id:6a604d6a17f60947f8ce77fa,native_id,6a604d6a17f60947f8ce77fa,1,2026-07-22T06:56:10.000Z,2026-07-22T00:00:00.000Z,They refuse to delete and remove my account.,"I recently made a purchase through Aliexpress, as I always do, but unfortunately this time the products arrived completely damaged and unusable due to poor packaging by the seller.
When I contacted Aliexpress to resolve the problem, they only refunded me 10% of the amount paid, meaning I lost my money.
In short, I trusted Aliexpress and this time I was left without money and without the product.
Avoid buying from Aliexpress; if something goes wrong, they will go against the buyer, always protecting dishonest sellers.
To make matters worse, I requested the cancellation and closure of my Aliexpress account, which was denied.
I am here now to report my case so that the same thing does not happen to other people.
I also want to emphasize to Aliexpress that for 50 SEK, you lost a customer who spent much more than that per month.
Aliexpress, please cancel my account and delete it!",false,0,MLQ,66e26c6269f18960115bbe2e,SE,9,false,
www.aliexpress.com,id:6a6049d96c42d12cadb0300a,native_id,6a6049d96c42d12cadb0300a,1,2026-07-22T06:40:57.000Z,2026-06-16T00:00:00.000Z,Item not as ordered,"I ordered a dress to be made from a company called Fatapaese. I said all along for the dress to be made out of crepe. I said this right from the beginning the dress was to be Crepe and beaded lace. 
I got imitation silk and plain lace.
Not once was imitation silk even mentioned. 
The first dress they lied to me about it saying it had been made and shipped. That was a lie. They admitted they should have told me the truth.
So I sent the specifications of the picture which always said crepe and beaded lace. 
There were no live videos and photos of the making of the dress.
They showed me a picture right at the end and I had no idea it was not crepe and beaded lace.
I have the whole transcript from beginning to end. I only ever mentioned crepe and beaded lace. The picture was shown and shipped at the same time. I said to them I only want the dress if it's in crepe and beaded lace. They led me to believe this was what I was getting. Not once did imitation silk get mentioned. 
It was only when I received the dress I knew the material was incorrect.
So I opened a dispute saying item not as ordered.
Ali Express did not care. Although I provided all the transcript that said a crepe dress and beaded lace they did not care and ruled in favour of the seller.
$277 it cost me for a dress I did not order in the material they made it in.
PayPal did not want to know either because they don't cover customised dresses. Although the item was not as described. 
Don't trust the sellers or Ali Express. They do as they please and there is no protection for the buyer. 
This was a dress for my daughter's wedding.
I had already had 2 other dresses made by another company that were the wrong size and they got away with that too. They were Charmant Wedding Stire Don't trust them. They can make inferior products and get away with it.i paid over $600 for nothing. I cannot wear any of the dresses because they were made incorrectly. Ali Express say this is ok.
Pay more and go local. ",false,0,Deb,65ea5af61b0fea0012598cfa,AU,8,false,
www.aliexpress.com,id:6a6049c6cc15fb39dad9881f,native_id,6a6049c6cc15fb39dad9881f,1,2026-07-22T06:40:38.000Z,2026-07-21T00:00:00.000Z,The seller is just rude,"The seller is just rude! And he’s sympathizing with my bad experience! I haven’t encountered anything like this in a long time. You only see this with inexperienced sellers or scammers!
How much information can be transmitted?  Two months of negotiations, AliExpress played the role of a benefactor, but the seller did not sell the product, but pushed it (he applied a vague and concrete description of the product, but an expanded one, and after the order and payment, the initial description of the product changed to another, as in a fairy tale!).  It's not decent!
When returning the goods from Lithuania, the Chinese customs stopped the Chinese returned goods without explanation. AliExpress does nothing to release and refund the money for the goods. So AliExpress feeds the goods to the Chinese customs, probably they do not have enough salary!
Such cheap and two-faced people simply need to be avoided! The laws here are only in concepts, not in action.
",false,0,Alex,6a5f682dff3db22591bc48ed,LT,1,false,
www.aliexpress.com,id:6a6028b86b3ad954fe28529c,native_id,6a6028b86b3ad954fe28529c,1,2026-07-22T04:19:36.000Z,2026-07-04T00:00:00.000Z,Poor after-sales support when a defective product is delivered,"I purchased a hair brush through AliExpress and unfortunately received a defective product.

I understand that manufacturing defects can happen with any company. My disappointment is not with the defect itself, but with how AliExpress handles these situations.

The only solutions offered were:

accept a small partial refund and keep a defective product; or
package the item myself, travel to a post office, and complete the entire return process in order to receive a full refund.

The issue is not the product's value (around US$10). The issue is the principle.

As a good-faith customer, I fulfilled my part of the contract: I selected the product, paid for it, and waited for delivery. The defective product was entirely the seller's responsibility. Nevertheless, AliExpress transferred the burden of solving the problem to me, requiring me to spend my own time and effort on a return process that I never agreed to when I made the purchase.

When everything goes well, delivery is made to my home. When something goes wrong because of the supplier, I'm expected to become part of their reverse logistics operation.

I find this policy unfair and contrary to what good customer service should look like. I expected AliExpress to take responsibility for resolving a problem it caused, instead of transferring the inconvenience to the customer.

I hope the company reviews this policy and adopts a more customer-friendly approach in cases where defective products are delivered.",false,1,Leandro Barcelos,6a60281dff3db2a5f6bd54c5,BR,1,true,
www.aliexpress.com,id:6a5fecb597253282f9720fd4,native_id,6a5fecb597253282f9720fd4,1,2026-07-22T00:03:33.000Z,2026-07-22T00:00:00.000Z,ESTAFA !!!!!!,IMPOSIBLE CANJEAR LOS DIAMANTES POR PREMIOS,false,0,ALFREDO,615b7900d4899a0012a00881,ES,103,true,"Estimado cliente:
Gracias por contactarnos y agradezco sinceramente su paciencia mientras trabajamos para resolver este asunto.
Para continuar, le recomiendo que se comunique directamente con su representante de servicio al cliente asignado. Ellos son quienes mejor pueden ayudarle con su caso específico y le guiarán durante el proceso. Por favor, asegúrese de proporcionar cualquier evidencia o documentación relevante que respalde su situación; esto nos ayudará a comprender mejor el problema y encontrar una solución más eficiente.
Tenga la seguridad de que estamos comprometidos a ayudarle y garantizar una resolución justa. Su satisfacción es importante para nosotros y haremos todo lo posible para atender sus inquietudes.
Gracias por su comprensión y cooperación.
Saludos cordiales,
Equipo de Servicio al Cliente de AliExpress"
www.aliexpress.com,id:6a5fb13761c18aa5465259ce,native_id,6a5fb13761c18aa5465259ce,2,2026-07-21T19:49:43.000Z,2026-07-21T00:00:00.000Z,Long delivery and many bad stuff to…,"Long delivery and many bad stuff to buy, but there you can meet a really rare peace of cake !",false,0,Bia,6a5fb11dc2526c8d4b944a11,NL,1,false,"Dear Customer,
We are very sorry to hear that you have encountered an issue. This is not the experience we want for our customers. We'd love to look into this case and see how we can help. To help us better understand your experience, please add details like order number or email through the Request Information form that we sent you.
Best regards,
AliExpress Customer Service Team"
www.aliexpress.com,id:6a5f997de40c97d73f5f8209,native_id,6a5f997de40c97d73f5f8209,1,2026-07-21T18:08:29.000Z,2026-06-26T00:00:00.000Z,WORST refund process,"WORST refund process.  I bought 2 identical pairs of shoes, just in different sizes.  Neither fit and had to be returned.  Even though both pairs arrived to me TOGETHER, AliExpress made me return them separately (even though I began the return process at the same time).  I chatted with AA to express my concerns that separating the two pairs of shoes might cause return delivery issues, especially since AA had me return one pair via Fed Ex and the other pair via USPS.  My concerns turned out to be valid.  One return pair of shoes was received by AA and they refunded me.  However, AA claimed they did not receive the other pair.  Like I said, they should not have been returned separately since I received them together originally.  I had ample documentation from USPS stating that the items was delivered to the Linwood, NJ post office AND that the item was actually picked up by an individual.  As directed by AA, I even had my USPS receipt stamped with the USPS official seal and signed by USPS staff.  I had at least 3 disputes over this and at least 3 trips to USPS.  I sent AA reasonable proof that the item was in fact returned to the post office AND picked up by an individual.  It was not good enough for AA to refund me a crummy $11.82!  The would NOT have happened if AA permitted me to return both pairs together, just like they were delivered to me originally.  I have had to return many things over the years to Temu, Shein, Walmart, Amazon, Etsy, and Ebay and I have never dealt with such impossible requests.  Although the AliExpress chat teams have been professional and empathetic, I felt like they ""yessssed"" me to death, but did nothing.  I deactivated my AliExpress account and will NEVER do business with AA again.",false,1,customer,6101c6c1f148210013a0cec9,US,2,false,"Dear Customer,
We are very sorry to hear that you have encountered an issue. We are taking steps to address this matter for you. However, we noticed that your account appears to be deactivated.
To ensure we can assist you properly, please provide a valid email address by filling out the Request Information form. Once we receive your updated contact information, we will promptly follow up with you via email.
Thank you for your cooperation, and we apologize for any inconvenience caused. Please don’t hesitate to reach out if you have any further questions or need additional assistance.
Best regards,
AliExpress Customer Service Team"
www.aliexpress.com,id:6a5f85fb1e4dbfec86fd3e3a,native_id,6a5f85fb1e4dbfec86fd3e3a,1,2026-07-21T16:45:15.000Z,2026-07-20T00:00:00.000Z,THEY BLAMED MY EMAIL. THEIR SERVER CAUSED IT,"AliExpress publicly asked me to update my email because they cannot reach me. Their own mail server has been rejecting all connections for weeks. I have the bounce logs. They cannot reach me because of them. They are asking me to fix it

This is not a communication failure on my end. I have submitted my contact information and responded to every request through the ""Request Information"" form more than 40 times over the course of this case. Each time, I receive an identical automated message claiming my email could not be confirmed, followed by another request to resubmit the same information.

This is not a technical issue. It is a pattern designed to generate the appearance of non-response while the protection window runs out. I have screenshots and timestamps of every submission, and this correspondence is being added to the case file already submitted to my bank as part of the chargeback proceeding.

I am not resubmitting my contact information a 41st time. My email is on file and has been on file since my first submission. If AliExpress is unable to locate it, that is an internal system failure, not a failure of communication on my part.",false,1,Mykola Aleksandrov,69dbb6869478c6ed29dcc31f,UA,30,false,"Dear Customer,
I have noticed that your dedicated customer service representative is currently handling your case. Due to the complexity of the situation, it may take a bit longer to resolve. However, I have already urged them to respond to your email as soon as possible.
Please continue to communicate with your dedicated customer service via email for further updates.
Thank you for your understanding, and we appreciate your cooperation.
Best regards,
AliExpress Customer Service Team"
www.aliexpress.com,id:6a5f4aadcfd4e9e09b6a1e08,native_id,6a5f4aadcfd4e9e09b6a1e08,1,2026-07-21T12:32:13.000Z,2026-07-21T00:00:00.000Z,Never mind,"Never mind. I have already found the function in the app, but there is no free return shipping available, even though it was heavily promised. My order is not worth paying the return shipping costs at all.

However, you are clearly misleading your customers, and I do not intend to order anything from your website again.

Thanks for nothing.",false,1,Customer,6a5f4a62b06fbf5ea2ee6e67,DE,1,false,"Dear Customer,
We are truly sorry for the inconvenience you’ve experienced regarding your return. Please accept our heartfelt apologies for any frustration this may have caused. We have promptly begun looking into the issue you reported and will reach out to you via email as soon as we have updates.
Kindly take a moment to check your inbox regularly, as we will be sending important updates there. Your patience and understanding during this time mean a great deal to us, and we deeply appreciate your cooperation.
If you have any further concerns or questions, please don’t hesitate to let us know.
Warm regards,
AliExpress Customer Service Team"
www.aliexpress.com,id:6a5f370b419f3c9f1e4f78b6,native_id,6a5f370b419f3c9f1e4f78b6,1,2026-07-21T11:08:27.000Z,2026-07-15T00:00:00.000Z,Everything automatic. Impossible to contact  assistence directly,"An email notifies me that my item, which came from Germany, was delivered to me, but I never received it. The courier tells me it was delivered to a different person, at a different address, but the tracking code is the same. It's practically impossible to find a way to communicate directly with AliExpress—unless you speak perfect Russian, Spanish, or English—or to send a direct message explaining what happened. Everything happens automatically. I will never buy from this platform again.",false,1,grandpa,6a5f35cac2526c71e493587f,IT,1,false,"Dear Valued Customer,
We sincerely apologize for the inconvenience caused by delivering your package to the wrong address. We understand how frustrating and disappointing this must be, and we deeply regret any trouble this has caused you.
Please rest assured that we are taking this matter very seriously and are actively investigating the issue to determine where things went wrong. Our team is working diligently to resolve this as quickly as possible and ensure that such errors do not occur again.
We will keep you updated via email regarding the progress of our investigation and any further actions we take to address this matter. Your patience and understanding during this time are greatly appreciated, and we are committed to ensuring your satisfaction.
Thank you for your continued trust and support. Please keep an eye on your inbox for our updates, and feel free to reach out if you have any further questions or concerns.
Best regards,
AliExpress Customer Service Team"
www.aliexpress.com,id:6a5f334f0c2b23893ce9ba21,native_id,6a5f334f0c2b23893ce9ba21,1,2026-07-21T10:52:31.000Z,2026-07-04T00:00:00.000Z,A month of broken promises over a return shipping refund,"I’ve been going in circles with AliExpress support for over a month now, and I’m writing this because at this point nothing else has worked.

The short version: I returned an item and paid for the return shipping myself, on the express understanding that it would be refunded. That wasn’t me assuming anything. Before the package even reached the seller, support told me in chat to keep the proof of payment because the shipping would be refunded once the return was complete. The return form in the app said the same. And the shipping cost was almost as much as the item itself, so if anyone had told me it was on me, I’d never have sent it back. It wouldn’t have been worth it.

Then it just became a wall.

July 7, they confirmed in writing: the shipping fee would be refunded based on the receipt. July 8, I sent the receipt, and there’s a logged reply on their side proving it. July 9, they closed the case saying they never got a valid response. That’s simply not true, and their own system shows it.

After that their escalation team offered a coupon as the refund format, and confirmed it twice, once on July 14. Issued within 1 to 5 business days if I replied within 24 hours. I replied on July 15, inside their own deadline. The coupon never showed up in my account. Not once. What I got instead was another email telling me no refund was possible at all.

So they promised, ignored my reply, closed the case for “silence,” then offered a coupon themselves, I accepted, and now it’s suddenly impossible. Every step of that is documented in their own emails.

What actually gets me isn’t even the money. It’s the lying. Different agents, same recycled lines, and a written promise from their own senior team that they’re now pretending never happened. A month of that.

If you’re reading this while deciding whether to buy from them: keep every screenshot, don’t trust a verbal or chat promise, and know that “we’ll refund it” can quietly turn into “policy says no” the moment the item’s back with the seller.

I still just want the coupon they already promised me in writing. That’s all.",false,2,Evgeniia Nesterenko,6a5f3348c2526c0984935453,ES,1,false,"Dear valued customer,
First and foremost, please allow us to extend our deepest apologies for the inconvenience you’ve experienced regarding your refund shipping fee. It is truly unacceptable that this issue has occurred, and we are heartbroken to think that it may have caused you any frustration or disappointment. Your satisfaction means everything to us, and we cannot express enough how sorry we are for falling short of your expectations.
We are currently investigating this matter with the utmost urgency and care, as we want nothing more than to resolve this for you swiftly and fairly. You can expect an email update very soon detailing the progress, and we kindly ask you to keep an eye on your inbox in case further communication is needed.
Thank you so much for bringing this to our attention, and please rest assured that we will do everything in our power to make things right for you. We truly value your patience and understanding during this time.
Warm regards,
AliExpress Customer Service Team"
www.aliexpress.com,id:6a5f2e08aa3f476343515fd6,native_id,6a5f2e08aa3f476343515fd6,1,2026-07-21T10:30:00.000Z,2026-06-27T00:00:00.000Z,Package has been returned a month ago,"Package has been returned a month ago. I have no refund, their ""senior team"" respond always the same. ""to wait for 2 days"". scam platform. do not buy anything there. ",false,1,Michał Franko,6a5f2dfc7b418c53cc860283,PL,1,false,"Dear Customer,
We deeply regret the inconvenience caused by the delay in receiving your refund after returning the goods. Rest assured, we have taken immediate action to investigate the issue you raised. You can expect an email from us with updates, and we will ensure this thread reflects the latest developments. Please keep an eye on your email for our response.
Thank you for your trust and understanding.
Best regards,
AliExpress Customer Service Team"
www.aliexpress.com,id:6a5f14a6214fc8a68da1b69b,native_id,6a5f14a6214fc8a68da1b69b,1,2026-07-21T08:41:42.000Z,2026-07-21T00:00:00.000Z,They are protecting their scammer…,They are protecting their scammer seller.,false,1,corrbenik,6a5f14987b418cce1085de2f,AU,1,false,"Dear Customer,
We are truly sorry for the inconvenience caused.
We value your feedback and would like to learn more about your issue in order to assist you effectively. To help us fully understand your situation, we kindly ask you to complete the ""Information Request Form"" that we have sent to you. Please provide details such as your order number(s) or email.
Your cooperation will greatly help us resolve this matter more efficiently.
Thank you for your understanding and support.
Best regards,
AliExpress Customer Service Team"
www.aliexpress.com,id:6a5efc51473b35d9af952d6b,native_id,6a5efc51473b35d9af952d6b,2,2026-07-21T06:57:53.000Z,2026-07-20T00:00:00.000Z,3 different orders,"3 different orders
1) Fabric- advertised as silk- received, very pretty but definitely synthetic.  
2) piece of furniture- measured against dimensions provided, very specific- received item a different larger size, it wouldnt fit in the space. Returned, after unimpressive interactions w the resolutions process, got refund but not for $40 postage i paid. 
3) skincare product, again, a favorite product, received wrong product- same brand just not what i ordered- they are still advertising the correct one. I dont want a refund, i dont want to send it back to get ripped off for postage, want what I ordered!!! The Chat is next to useless, lots of words and promises, not backed up by actual process, repeat yourself endlessly, get sent a label I have to go to Officeworks to print off, go to post office. 
",false,1,Gill Fraser,6a5efc4ac2526c4f83931683,AU,1,false,"Dear Customer,
Thank you for bringing this matter to our attention. We sincerely apologize for the inconvenience you have experienced.
We would like to inform you that we are actively looking into the issue you reported. However, as the investigation is still ongoing, we have not yet reached a conclusion or sent you an update. Rest assured, once we have a solution or further information, we will notify you immediately via email. Please keep an eye on your inbox for our response.
If you have any additional questions or require further assistance in the meantime, please don’t hesitate to contact us.
Best regards,
AliExpress Customer Service Team"
www.aliexpress.com,id:6a5ee0c018d8fef939ef8788,native_id,6a5ee0c018d8fef939ef8788,1,2026-07-21T05:00:17.000Z,2026-07-21T00:00:00.000Z,SCAMI EXPRESS.,"SCAMI EXPRESS.
630 million fine from Europe for illegal trading.
A 3 euro tariff for every item under 150 euro has also been imposed. 

Your finished.  

Copy and paste replies to problems that you never fix. 

No deliveries 
No refunds
No apologies 
You are a corrupt fraudulent company 

And you've been found out. 
Never again will I purchase through this system 
Representative best to handle the case. BULL
Activity looking into the issue BULL
We are working on this complicated issue BULL
We care about our customers BULL
We've been trying to contact you via email BULL


YOU ARE LIARS AND CHEATS. YOU ARE GETTING WHAT YOU DESERVE. 

Take your one star review.  Until you actively fix the issues,    You know what they are, I'm going to continue reviewing you for another  year.   


YOU ARE CHEATING CUSTOMERS,SHAME ON YOU.",false,1,Mark Leadbetter,5aaee12e4de5666d344950e0,IE,307,false,"Dear Customer,
We sincerely apologize for the inconvenience you’ve experienced regarding the non-receipt of your package. We have already initiated an investigation into this matter and will respond to you via email with updates. Additionally, we will keep this thread updated as progress unfolds. Please be sure to check your inbox regularly for our communication.
Thank you for your patience and cooperation.
Best regards,
AliExpress Customer Service Team"
www.aliexpress.com,id:6a5ec071067960e1f42582db,native_id,6a5ec071067960e1f42582db,1,2026-07-21T02:42:25.000Z,2026-06-18T00:00:00.000Z,Wrong item sent.The below is a copy of…,"Wrong item sent.The below is a copy of our correspondence. 6 weeks later no refund and won't communicate 

This error is entirely our fault, and I respect
whatever decision you make. I will process a
50% refund right away.
'lease send me your order number, thank
you.
7:11 pm
UIuer 0Z122ou74/000/ 17. 0IueI
shipped Inbox
FESTOOL 202314 & 203974 PCB c...
1 item from AliExpress
Dispatched
Order number
8212260947568717
K
Track parcel
View order
View item
Based on 2 emails
Correct?
AlExpress
AliExpress
to me v
9
June
Unsubscribe
AliExpress
Fast delivery
Free returns
Thank you
7:12 pm y/
l've already processed the refund, and the
platform will complete it shortly
7.27


BUYER BEWARE",false,1,keith lamert,69376218d7ccaa6c7663ce2b,AU,6,false,"Dear Customer,
Thank you for bringing this matter to our attention. We sincerely apologize for the inconvenience you have experienced.
We would like to inform you that we are actively looking into the issue you reported. However, as the investigation is still ongoing, we have not yet reached a conclusion or sent you an update. Rest assured, once we have a solution or further information, we will notify you immediately via email. Please keep an eye on your inbox for our response.
If you have any additional questions or require further assistance in the meantime, please don’t hesitate to contact us.
Best regards,
AliExpress Customer Service Team"
www.aliexpress.com,id:6a5eb69cbf5c9e7854034a81,native_id,6a5eb69cbf5c9e7854034a81,1,2026-07-21T02:00:28.000Z,2026-05-02T00:00:00.000Z,AliExpress hit with $629 million EU…,"AliExpress hit with $629 million EU fine over sales of illegal, counterfeit products 

NO SURPRISE THERE, TOTAL SCAMMERS",false,1,gregam,6149f130bea97200139cca92,GB,12,false,"Dear Customer,
Thank you for your patience. I have noticed that your dedicated customer service representative is currently handling your case. Due to the complexity of the situation, it may take a bit longer to resolve. However, I have already urged them to respond to your email as soon as possible.
Please continue to communicate with your dedicated customer service via email for further updates.
Thank you for your understanding, and we appreciate your cooperation.
Best regards,
AliExpress Customer Service Team"
www.aliexpress.com,id:6a5e9526712defc6dc3bc422,native_id,6a5e9526712defc6dc3bc422,1,2026-07-20T23:37:42.000Z,2026-07-20T00:00:00.000Z,I get an email with a great offer log…,"I get an email with a great offer log in and the price goes from £9.15 to£30.57 apart from that the last order was supposed to within seven days was over a month late , don't touch with a barge pole'
 I can't reply with an order number because I never fell for the con , often things look like a good deal until you click on the link and the item shown in the offer doesn't exist",false,1,graham h palmer,53838fa7000064000175b135,GB,68,false,"Dear Customer,
We are truly sorry for the inconvenience caused.
We value your feedback and would like to learn more about your issue in order to assist you effectively. To help us fully understand your situation, we kindly ask you to complete the ""Information Request Form"" that we have sent to you. Please provide details such as your order number(s) or email.
Your cooperation will greatly help us resolve this matter more efficiently.
Thank you for your understanding and support.
Best regards,
AliExpress Customer Service Team"
www.aliexpress.com,id:6a5e6dcc36ee65160c13d647,native_id,6a5e6dcc36ee65160c13d647,1,2026-07-20T20:49:48.000Z,2025-11-25T00:00:00.000Z,This was a thoroughly unpleasant experience involving outright deception,"This was a thoroughly unpleasant experience involving outright deception.
I bought a JBL speaker on AliExpress (order 3064127943454575) and received a crude counterfeit. The seller claimed it was the ""Hong Kong version."" I opened a dispute, and AliExpress ruled that I would get a refund upon returning the item. I shipped the item back at my own expense. Afterward, AliExpress changed its decision and demanded proof that the item was counterfeit—proof I no longer had, since I had already sent the speaker back. As a result, I was cheated out of both the cost of the speaker and the return shipping fees. To top it off, they completely removed the order and the associated correspondence from my purchase history.",false,1,Олександр Орехов,6a5e69b57b418c941b854e73,UA,1,false,"Dear Customer,
We sincerely apologize for any inconvenience you have experienced regarding your return and the lack of a refund. We have already begun investigating the issue you reported. You will receive a response from us via email, and we will keep this thread updated with the latest progress. Please be sure to check your inbox regularly for updates.
Thank you for your understanding and cooperation.
Best regards,
AliExpress Customer Service Team"
www.aliexpress.com,id:6a5e4fe140395f96bac89205,native_id,6a5e4fe140395f96bac89205,2,2026-07-20T18:42:09.000Z,2026-07-16T00:00:00.000Z,Disappointing Experience Overall,"I had high hopes for my latest order, but it fell short. The delivery took longer than expected, arriving almost two weeks late. Though the item was okay, the sizing was off, much smaller than described. I’m not sure if I’ll order again after this letdown.",false,1,Scarlett Delhierro,6a3a32bf19f15e426e7d5167,FR,1,false,"Dear Customer,
We are truly sorry for the inconvenience caused.
We value your feedback and would like to learn more about your issue in order to assist you effectively. To help us fully understand your situation, we kindly ask you to complete the ""Information Request Form"" that we have sent to you. Please provide details such as your order number(s) or email.
Your cooperation will greatly help us resolve this matter more efficiently.
Thank you for your understanding and support.
Best regards,
AliExpress Customer Service Team"
www.aliexpress.com,id:6a5e44be61c4584ec77ac7a9,native_id,6a5e44be61c4584ec77ac7a9,1,2026-07-20T17:54:38.000Z,2026-07-18T00:00:00.000Z,Avoid like the plague!,"Avoid like the plague!

We had a projector off them been working well for the past year until a couple of days ago it started to melt and almost burned our house down

I told Alliexpress and they wanted me to get an Independent verification that cost £500!!! I pointed this out to them then they ignored me after that
They won’t accept responsibility 
I’m glad we got it in time before it caused damage 


Please avoid ",false,1,Katie,56ebded40000ff000a0fc9fb,GB,22,false,"Dear Customer,
We sincerely apologize for the inconvenience caused by the product you received that is not functioning as expected. We have already begun investigating the issue and will provide you with updates via email as soon as possible. Please keep an eye on your inbox for further communication.
If you have any additional details or supporting information regarding the issue, please feel free to share it with us through this email thread or via our Help Center. Your cooperation and patience throughout this process are greatly appreciated.
Thank you for bringing this matter to our attention, and we apologize once again for any frustration this may have caused.
Best regards,
AliExpress Customer Service Team"
www.aliexpress.com,id:6a5e43240251956e7c6ebe37,native_id,6a5e43240251956e7c6ebe37,1,2026-07-20T17:47:48.000Z,2026-07-20T00:00:00.000Z,Do not trust AliExpress,"Do not trust AliExpress, even if the product is sold under their ""Choice"" program which claims to guarantee a premium experience and free returns. It is a complete scam.

They try to save their public image by replying to Trustpilot reviews, pretending they want to help and asking you to send further email evidence. But it is just a PR stunt to look good in public. I did exactly what they asked: I replied to their specific customer care email within hours, providing a public Google Drive link containing clear video evidence of the transit damage and photos proving the item is a total counterfeit (the seller listed a generic mosquito racket as an original LENOVO product, which doesn't even exist). 

The result? Exactly the same automated, copy-paste rejection. They completely ignored the irrefutable evidence, refused the refund, and told me to contact the seller. This seller has literally mocked me in chat with smiling emojis because they know they are fully protected by AliExpress to scam international buyers.

Even though the product was sold with a ""Free Return"" guarantee, AliExpress tried to force me to pay 150 CHF for international shipping from Switzerland to China out of my own pocket for a broken, fake 29 CHF item. 

Order ID: 3072847636215035

AliExpress absolutely does not care about its customers. They pretend to look helpful in public review replies, but privately they protect scammers and break their own contract terms. I am currently finalizing a formal fraud chargeback with my Swiss bank to get my money back by force. Avoid this platform at all costs!
",false,1,Mauro Bruno,5fb8f2f7b65d930019faa4c7,IE,6,false,"Dear Customer,
Thank you for bringing this matter to our attention. We sincerely apologize for the inconvenience you have experienced.
We would like to inform you that we are actively looking into the issue you reported. However, as the investigation is still ongoing, we have not yet reached a conclusion or sent you an update. Rest assured, once we have a solution or further information, we will notify you immediately via email. Please keep an eye on your inbox for our response.
If you have any additional questions or require further assistance in the meantime, please don’t hesitate to contact us.
Best regards,
AliExpress Customer Service Team"
www.aliexpress.com,id:6a5e3d71ce4e88665f048d05,native_id,6a5e3d71ce4e88665f048d05,1,2026-07-20T17:23:29.000Z,2026-07-20T00:00:00.000Z,Awful!,"If I could give 0 I would. Awful experience buying from them. Bought a lot of Lego type items for a present, two were missing pieces so couldn’t carry on building, trying to return these and get money back has been horrendous! So seller wouldn’t co operate so I filed a dispute with PayPal. Eventually the buyer said I could return, wouldn’t send me a label so I’ve had to return myself costing £27 per parcel. At present the parcels are stuck in customs and only the addressee can release them which they won’t do so basically I’ve lost my money. PayPal won’t refund cos the parcels haven’t reached the recipient. Really really avoid not a good company  ",false,1,Julie,63297af83b45b20012133322,GB,5,false,"Dear Customer,
We are very sorry to hear that you have encountered an issue. This is not the experience we want for our customers. We'd love to look into this case and see how we can help. To help us better understand your experience, please add details like order number or email through the Request Information form that we sent you.
Best regards,
AliExpress Customer Service Team"
www.aliexpress.com,id:6a5e33c0193c0559b25f0893,native_id,6a5e33c0193c0559b25f0893,1,2026-07-20T16:42:08.000Z,2026-07-16T00:00:00.000Z,Do not buy from AliExpress. They are scammers.,"Order Number: 3074651372177941 
I am extremely disappointed with AliExpress.
I ordered 6 items, but my package arrived with only 5. The missing item was the 2pcs Broom-Dustpan set. I contacted customer service and requested either a replacement or a refund, but they refused both.
I also noticed that the missing item is out of stock, which makes me believe this is the real reason it was never included in my package. Despite this, AliExpress still refuses to take responsibility or issue a refund.",false,1,Ana Sainz,6a5e2e06c2526c482c922749,GB,1,false,"Dear Customer,
We are so so sorry to hear that your order didn’t arrive complete, this is NOT the experience we want for you! You deserve nothing less than perfection, we feel absolutely terrible about this!  
Rest assured, we are treating this matter with the utmost urgency! Our team is already hard at work investigating what went wrong, and we’re determined to get to the bottom of this as soon as possible. As soon as we have any updates, we’ll be sure to send them straight to your inbox, you won’t miss a single step of our process. So please, keep an eye on your email (and maybe even your spam folder) to stay in the loop.
If you have any more questions or need further assistance, please don’t hesitate to reach out we’re always here to help.
Warm regards,
AliExpress Customer Service Team"
www.aliexpress.com,id:6a5dfd652c9d65eb4844d9b2,native_id,6a5dfd652c9d65eb4844d9b2,1,2026-07-20T12:50:13.000Z,2026-07-20T00:00:00.000Z,"Advertised at £0.99, Charged £7.45","I am very disappointed with my experience. As a new customer, I was offered a welcome gift for the MicroSHIFT M25-6 Right Twist Shifter at £0.99. However, when I went to checkout, the price changed to £7.45. This felt misleading and left me feeling deceived. If you advertise a welcome gift at a specific price, it should be honoured at checkout. I hope AliExpress addresses this issue and provides a better experience for new customers.",false,1,Nirbhay Patel,6a25a9708dd5c48589996229,GB,2,false,"Dear Customer,
We are very sorry to hear that you have encountered an issue. This is not the experience we want for our customers. We'd love to look into this case and see how we can help. To help us better understand your experience, please add details like order number or email through the Request Information form that we sent you.
Best regards,
AliExpress Customer Service Team"
www.aliexpress.com,id:6a5def2b3a556324351d3ccf,native_id,6a5def2b3a556324351d3ccf,1,2026-07-20T11:49:31.000Z,2026-07-08T00:00:00.000Z,Aliexpress  refund system& courier,"The courier company used left my package under the car in driveway in the night . 
When I got the email that the package had been delivered,  I saw it in the morning only to find that the package was not there.
Could not understand why it was left outside under car , which shows there is someone indoors , why not ring the door bell.
I applied for a refund as goods not received,  that's where it became difficult,  had to apply and appeal as they refused a refund at least 3 or / 4 times . They had a picture of the package left under car , a screen shot of the chat with the courier advising to get in touch with the courier.
Finally got a refund after 3 days , refund if 1 item a day.  It was 1 delivery in 1 package but they wouldn't accept the same proof for all 3 items. 

Very disappointing and poor service.",false,1,Kay cee,629771910afa9d001222c447,GB,11,false,"Dear customer,
Sincerely apologize for the inconvenience caused. 
We immediately checked your order, and found the order has been refunded. Please contact your bank for more information. If you have any other questions, please reply directly to the email we sent you, and we will continue to assist you. Thank you for your patience and cooperation.
Your understanding and cooperation are deeply appreciated.
Best regards,
AliExpress Customer Service Team"
www.aliexpress.com,id:6a5dec3491fb8c0019bb876b,native_id,6a5dec3491fb8c0019bb876b,1,2026-07-20T11:36:52.000Z,2026-07-16T00:00:00.000Z,AliExpress shoe storage cabinet review ,"I purchased a “Stable Multi-Layer Door, Large-Capacity Space-Saving Shoe Storage Cabinet (Dormitory Dustproof),” but it arrived damaged and was very poorly packaged. The delivery was also delayed—it was expected on 3 July but only arrived on 16 July. The quality is extremely poor and not as advertised online; the panels are very thin and not worth $92. The seller asked me to pay for return shipping before issuing a refund, which I find unacceptable. I contacted customer service, and they promised a compensation and refund within 48 hours, but I have received no response. I have records of all conversations. I have already spent over two hours trying to resolve this issue but no solution. ",false,1,Kare,6a5dec0db06fbf852cec9548,AU,1,false,"Dear Customer,

First and foremost, please allow us to express our deepest apologies for the condition in which your package arrived. We are absolutely heartbroken to hear that the product was damaged upon delivery, this is certainly not the experience we want for any of our valued customers, especially someone as important as you. It pains us greatly to think that we have let you down.

We are currently conducting a thorough investigation into what went wrong, leaving no stone unturned to ensure this does not happen again. In the meantime, we will be updating you via email every step of the way so you’re always informed about our progress. Kindly keep an eye on your inbox (and spam folder, just in case!) for these updates, we promise to make things right by you.

Thank you so much for bringing this to our attention; your feedback is invaluable to us. If there’s anything else we can do to assist you during this process, please don’t hesitate to reach out we’re here to serve you with all our hearts.

Warm regards,

AliExpress Customer Service Team"
www.aliexpress.com,id:6a5deab9139b5967a20ff3df,native_id,6a5deab9139b5967a20ff3df,1,2026-07-20T11:30:33.000Z,2026-05-16T00:00:00.000Z,I will never buy anything from any sellers on AliExpress ,"Dear AliExpress Customer Service,
Your response is unacceptable.
I have already submitted all the required information and evidence. I sent the return receipt, photos, and a video proving that I returned the item. I also received confirmation from your customer service team that my documents were received.
For your convenience, sent the link again with all the evidence, including the return receipt and video
There is no reason to ask me for the same information again. Please review the evidence properly and process my refund immediately.
I expect a fair resolution without any further delays.

Very disappointing experience. I returned the item and provided all the required evidence, including the return receipt and photos. Customer service confirmed they had received my documents, yet my refund was still refused from High Street Newest Fashion 2024 Designer. $112.73 is a significant amount for me, and I trusted that the issue would be handled fairly. I feel let down and disappointed by how this case was managed. Based on my experience, I cannot recommend buying from this seller again, and I will not buy from any sellers on AliExpress because the customer services not help at all. I will advise all my communities, friends, Facebook and Google 

تجربة مخيبة للآمال جدًا. لقد أعدت المنتج وقدمت جميع الأدلة المطلوبة، بما في ذلك إيصال الإرجاع والصور. أكدت خدمة العملاء أنهم استلموا مستنداتي، ومع ذلك تم رفض استرداد المبلغ. مبلغ 112.73 دولارًا هو مبلغ كبير بالنسبة لي، وقد وثقت بأن المشكلة سيتم التعامل معها بعدل. أشعر بخيبة أمل كبيرة بسبب الطريقة التي تم بها التعامل مع هذه القضية. بناءً على تجربتي، لا أوصي بالشراء من هذا البائع، ولن أشتري من أي بائعين على AliExpress مرة أخرى.

Một trải nghiệm rất đáng thất vọng. Tôi đã trả lại sản phẩm và cung cấp đầy đủ bằng chứng được yêu cầu, bao gồm biên lai gửi trả hàng và hình ảnh. Bộ phận chăm sóc khách hàng đã xác nhận rằng họ đã nhận được các tài liệu của tôi, nhưng yêu cầu hoàn tiền của tôi vẫn bị từ chối. Số tiền 112,73 đô la là một khoản tiền rất lớn đối với tôi, và tôi đã tin rằng vấn đề này sẽ được giải quyết một cách công bằng. Tôi cảm thấy rất thất vọng và bị bỏ rơi bởi cách mà trường hợp này được xử lý. Dựa trên trải nghiệm của mình, tôi không thể giới thiệu việc mua hàng từ người bán này, và tôi sẽ không mua hàng từ bất kỳ người bán nào trên AliExpress nữa.",false,1,Hewida Rizk,6a5de99c7b418c1d21845811,AU,1,false,"Dear Customer,
We are very sorry to hear that you have encountered an issue. This is not the experience we want for our customers. We'd love to look into this case and see how we can help. To help us better understand your experience, please add details like order number or email through the Request Information form that we sent you.
Best regards,
AliExpress Customer Service Team"
www.aliexpress.com,id:6a5de576a3089cf7a1e07e73,native_id,6a5de576a3089cf7a1e07e73,1,2026-07-20T11:08:06.000Z,2026-07-20T00:00:00.000Z,Useless couriers,Useless couriers. lame az lazy useless dum delivery company. your problem ali not mine. ,false,1,tim b,5452382e0000640001934abc,NL,80,false,"Dear Valued Customer,
We sincerely apologize for the inconvenience caused by the return of your package to the sender. Please know that we are taking this matter very seriously and are actively investigating the issue to understand what went wrong.
We will keep you updated via email regarding the progress of our investigation and any further actions we take to resolve this matter. Your patience and understanding are greatly appreciated as we work to ensure a satisfactory resolution.
Thank you for your trust and understanding during this process.
Best regards,
AliExpress Customer Service Team"
www.aliexpress.com,id:6a5dd9cd93bfb12e758d408f,native_id,6a5dd9cd93bfb12e758d408f,1,2026-07-20T10:18:21.000Z,2026-01-27T00:00:00.000Z,I ordered a product on AliExpress…,"I ordered a product on AliExpress (Order 3058621170597815). The item was defective, so I requested a return in October 2025. AliExpress provided return instructions, and I shipped the package back to China via DHL (tracking: CY731194892DE), paying 25,49€ for shipping.
On 27.01.2026, the package was rejected by Chinese customs and returned to Germany. Because of this, DHL charged me an additional 10,00€ fee. Total shipping costs I paid: 35,49€ — for a return that never reached the seller due to AliExpress incorrect return address/instructions.
I contacted AliExpress multiple times. Their chat agent acknowledged the problem, escalated my case (Case ID: 2053808438878684), and confirmed that my earlier chargeback (24.09.2025) covered only the product price, not shipping costs. The agent promised a senior team would review my refund request within 1–3 working days.
Instead of a refund, I received automated emails telling me to ""contact the logistics provider"" and that AliExpress ""can't handle the refund."" This is unacceptable — the customs rejection was caused by AliExpress, not DHL or me. Under EU consumer protection law, the seller is responsible for costs arising from incorrect return instructions.
AliExpress has ignored my evidence, wasted my time, and refuses to take responsibility for their own error. I demand a full refund of 35,49€ for shipping costs caused by their mistake.",false,1,Ilia Misiovschi,6a5dd9c1236e3d635bdb2971,DE,1,false,"Dear Customer,
We are truly sorry for the inconvenience you’ve experienced regarding your return. Please accept our heartfelt apologies for any frustration this may have caused. We have promptly begun looking into the issue you reported and will reach out to you via email as soon as we have updates.
Kindly take a moment to check your inbox regularly, as we will be sending important updates there. Your patience and understanding during this time mean a great deal to us, and we deeply appreciate your cooperation.
If you have any further concerns or questions, please don’t hesitate to let us know.
Warm regards,
AliExpress Customer Service Team"
www.aliexpress.com,id:6a5dd8670faeee221d290391,native_id,6a5dd8670faeee221d290391,1,2026-07-20T10:12:23.000Z,2026-07-19T00:00:00.000Z,"Only Automated Replies, No Real Solution"," I received a defective product that does not work properly. I wanted to return it, but the return shipping costs approximately 350 MAD, which is too expensive.

I am not refusing to return the product. I simply requested a Speedaf prepaid return label or a full refund because the product is defective.

Unfortunately, every time I contact customer support, I receive the same automated reply telling me to follow the return instructions. My actual problem is never addressed, and no real solution is provided.

I expected better customer service and fair support for defective products.
",false,1,Mohamed Ahzid,6a543ad44024a42b65a19434,MA,5,true,"Dear Customer, 
Thank you for reaching out, and I truly appreciate your patience as we work to resolve this matter for you.
To move forward, I kindly recommend reaching out to your dedicated customer service representative directly. They are best equipped to assist you with your specific case and will guide you through the process. Please be sure to provide any relevant evidence or documentation that supports your situation—this will help us better understand the issue and find a solution more efficiently.
Please trust that we are genuinely committed to helping you and ensuring a fair resolution. Your satisfaction is important to us, and we’ll do everything we can to address your concerns.
Thank you for your understanding and cooperation.
Best regards,
AliExpress Customer Service Team"
www.aliexpress.com,id:6a5dbd176a553588ce20feb0,native_id,6a5dbd176a553588ce20feb0,1,2026-07-20T08:15:51.000Z,2026-07-20T00:00:00.000Z,I ordered a pair casual straight pants…,I ordered a pair casual straight pants and u sent a white Tee Shirt and i would like a refund as the shirt is no good to me.,false,1,Roger,5f2d5b0a01ba9a11bb059aa1,AU,5,false,"Dear Customer,
We sincerely apologize for any inconvenience you have experienced. We have initiated an investigation into the issue you reported regarding the incorrect item. We will keep you updated on the progress and respond to you via email. Please keep an eye on your inbox for further communication.
Thank you for your understanding and cooperation.
Best regards,
AliExpress Customer Service Team"
www.aliexpress.com,id:6a5dbc806ada2433bef442a5,native_id,6a5dbc806ada2433bef442a5,1,2026-07-20T08:13:20.000Z,2026-07-13T00:00:00.000Z,The latest scam from aliexpress,"The latest scam from aliexpress. Now they advertise low prices like $49 for a small UPS and then have the postage listed for $720. so make sure you look at the postage before you click purchase. Other items have similar postage prices they varied from $200 to around $800 . ""Have to make a profit some how :-)""",false,1,Doug,60c69e13b8bef8001fc8b375,AU,3,false,"Dear Customer,

Thank you for your feedback. Prices may be updated at checkout due to various factors, including seller price changes, currency fluctuations, exchange rates, shipping location, actual delivery address (country/region), selected shipping method, promotions, discounts, or coupons. VAT calculations will be updated accordingly at checkout.

Please feel free to contact us if you have any questions or need further assistance.

Sincerely,

AliExpress Customer Service Team"
www.aliexpress.com,id:6a5dac84e5f905c78810f196,native_id,6a5dac84e5f905c78810f196,5,2026-07-20T07:05:08.000Z,2026-07-20T00:00:00.000Z,Easy shopping,Easy shopping. Returns are easy. A good shopping experience.,false,1,Helen,6019d5c4ed25de001a0fccae,AU,4,false,"Dear Customer,
Thanks for taking the time to share your feedback. We're glad you're enjoying shopping with us. Our team is always here to provide a great experience, and it's awesome to know you're happy with what we do.
Best regards,
AliExpress Customer Service Team"
www.aliexpress.com,id:6a5d4eaa3f0734e505eaa036,native_id,6a5d4eaa3f0734e505eaa036,1,2026-07-20T00:24:42.000Z,2026-07-20T00:00:00.000Z,They may be the cheapest but…,"They may be the cheapest but unfortunately also the dumbest. If you move elsewhere it's like ""Nu address? Vot's DAT???""

P.S.:
Their response seems to confirm my opinion: ""To help us better understand your experience, please add details like order number or email through the Request Information form that we sent you.""",false,1,Andrew Mueller,6a42ed920a188fdea991c451,DE,2,false,"Dear Customer,
Please accept our deepest apologies for any inconvenience you've faced. We have taken action to investigate the issue you reported. We will respond to you via email and update the progress in this thread. Please kindly pay attention to check your email box.
Thank you for your understanding and cooperation.
Best regards,
AliExpress Customer Service Team"
www.aliexpress.com,id:6a5d157853cb66b19c0f3bdb,native_id,6a5d157853cb66b19c0f3bdb,2,2026-07-19T20:20:40.000Z,2026-07-19T00:00:00.000Z,"AliExpress,","AliExpress,

I am disappointed by the lack of transparency and accountability regarding the Football Mania credit exchange program. Many users invested significant time and effort participating in the event, earning credits with the expectation that they could be redeemed as advertised.

However, the redemption process has been unclear, inconsistent, and extremely frustrating. Credits often become unavailable instantly, opportunities to redeem appear limited without explanation, and users are left without meaningful communication about how the system operates.

Participants deserve clear information about redemption availability, allocation rules, and any limitations affecting exchanges. A promotional event should provide a fair and realistic opportunity for users to obtain the rewards they have worked toward.

I respectfully request that AliExpress provide greater transparency regarding the Football Mania credit exchange system and offer a fair solution for users who were unable to redeem their earned credits despite actively participating in the promotion.

Thank you.
",false,1,Felipe Pegos,671fd163fa1ace76954d8aae,BR,1,false,"Dear Customer,
We are very sorry to hear that you have encountered an issue. This is not the experience we want for our customers. We'd love to look into this case and see how we can help. To help us better understand your experience, please add details like order number or email through the Request Information form that we sent you.
Best regards,
AliExpress Customer Service Team"
www.aliexpress.com,id:6a5d01270cd2330b7db02c66,native_id,6a5d01270cd2330b7db02c66,1,2026-07-19T18:53:59.000Z,2026-07-06T00:00:00.000Z,"They don't refund money for returning…They don't refund money for returning products, they steal customers. This is not the Ali Express of old.","They don't refund money for returning products, they steal customers. This is not the Ali Express of old.",false,1,Loren Maman,6a5d0122ff3db2b5feb97069,IL,1,false,"Dear Customer,
We sincerely apologize for any inconvenience you have experienced. We have initiated an investigation into the issue you reported regarding the incorrect item. We will keep you updated on the progress and respond to you via email. Please keep an eye on your inbox for further communication.
Thank you for your understanding and cooperation.
Best regards,
AliExpress Customer Service Team"
www.aliexpress.com,id:6a5cf6ee392094b732ee96a9,native_id,6a5cf6ee392094b732ee96a9,1,2026-07-19T18:10:22.000Z,2026-07-11T00:00:00.000Z,Beställde 2 stk kullager med korrekt…,"Beställde 2 stk kullager med korrekt uppgift om storlek samt typ, erhöll en större storlek, önskade rätt storlek tillskickat, men man valde att återbetala- dock enbart 30% av kostnaden!! Jag överklagade skickade bilder på min beställning samt de lager som har skickats, men någon förklaring fick jag inte, vg se nedan!
Ej seriöst! Känner mig lurat!
""Regarding this request, we have carefully revisited all the proof provided, including the newly updated proof and found that the proof is not effective enough to prove your claim. And now this request has exceeded the AliExpress protection period. """,false,1,Thomas,50185bf100006400011e5f36,SE,23,false,"Bästa kund,

Vi beklagar djupt de besvär som orsakats av avvikelsen i varan du mottog. Vi kan vara försäkrade om att vi tar denna fråga på största allvar och proaktivt undersöker problemet du rapporterade gällande den felaktiga varan.

Vi uppskattar ditt tålamod medan vi arbetar med att lösa detta ärende. Du kan förvänta dig en detaljerad och grundlig uppdatering som skickas till din e-postadress, och vi kommer att se till att den här tråden hålls uppdaterad. Vänligen håll ett öga på din inkorg för vår kommunikation.

Din förståelse och ditt stöd betyder mycket för oss, och vi är fast beslutna att säkerställa din tillfredsställelse. Tack för att du ger oss möjlighet att åtgärda detta problem.

Med vänliga hälsningar,

AliExpress kundtjänstteam"
www.aliexpress.com,id:6a5cc70e98f5359c462d20ec,native_id,6a5cc70e98f5359c462d20ec,1,2026-07-19T14:46:06.000Z,2026-07-18T00:00:00.000Z,"Awful, avoid","Awful. The product took a few months and then the courier they used kept avoiding delivery saying my address was wrong when it wasnt. After demanding a refund the courier suddenly delivered it. Then what was delivered was nothing like what was advertised. A piece of furniture missing half of the railing and tiny, a fraction of the size specified. Complete waste of time and money. At this point not worth trying to return, it will just go straight in the garbage and an expensive mistake on my side to order from this dodgey company. My advice, your better off paying a little more from somewhere local. Such a scam",false,1,Michael Stephan,63319d0895cad700131495ef,AU,3,false,"Dear Customer,
We are very sorry to hear that you have encountered an issue. This is not the experience we want for our customers. We'd love to look into this case and see how we can help. To help us better understand your experience, please add details like order number or email through the Request Information form that we sent you.
Best regards,
AliExpress Customer Service Team"
www.aliexpress.com,id:6a5cc12cd073ce03c015dec5,native_id,6a5cc12cd073ce03c015dec5,1,2026-07-19T14:21:00.000Z,2026-06-29T00:00:00.000Z,Refund ,"I am extremely disappointed with AliExpress and the way my return of two dresses was handled. The dresses did not fit me, and I followed the correct return process. The seller confirmed that the return should be free, but instead of a smooth solution, I had to deal with a complicated and frustrating process.
I felt that AliExpress did not properly protect the buyer. Even though I provided all the necessary information and tried to resolve everything fairly, the return process was stressful and time-consuming.
Be careful when ordering clothes on AliExpress. If the item does not fit, returning it may not be as easy as expected. I expected better customer service and stronger support for buyers.
This experience has seriously affected my trust in AliExpress. I hope the return system will be improved so other customers do not have to go through the same problems.",false,1,Lucie Lužová,6a5cc122b06fbfb3b5eb8f84,CZ,1,false,"Dear Customer,
We are truly sorry for the inconvenience you’ve experienced regarding your return. Please accept our heartfelt apologies for any frustration this may have caused. We have promptly begun looking into the issue you reported and will reach out to you via email as soon as we have updates.
Kindly take a moment to check your inbox regularly, as we will be sending important updates there. Your patience and understanding during this time mean a great deal to us, and we deeply appreciate your cooperation.
If you have any further concerns or questions, please don’t hesitate to let us know.
Warm regards,
AliExpress Customer Service Team"
www.aliexpress.com,id:6a5cad873341a9cd1e046776,native_id,6a5cad873341a9cd1e046776,1,2026-07-19T12:57:11.000Z,2026-07-19T00:00:00.000Z,Useless Fraudulent Customer Support ,"Had an item which was delivered broken. I’ve tried  and tried again to get a replacement or a refund and have got absolutely and frustratingly nowhere. Chatted with the manufacturer and they say they can get involved. Chatted with Ali and they say I have to raise a dispute. Did that and their  “dispute” system does not work. Upload video and pics of the fault as instructed - it does not work - and their AI app ignores that and continually defaults to state I have changed my 
mind and want to return it! It’s not the value which is negligible, but it’s the principle. Useless. ",false,1,Rob,507aab25000064000124136f,GB,51,true,"Dear Customer,
Please accept our deepest apologies for any inconvenience you've faced. We have taken action to investigate the issue you reported. We will respond to you via email and update the progress in this thread. Please kindly pay attention to check your email box.
Thank you for your understanding and cooperation.
Best regards,
AliExpress Customer Service Team"
www.aliexpress.com,id:6a5c7e2073204b07feac4b3b,native_id,6a5c7e2073204b07feac4b3b,1,2026-07-19T09:34:56.000Z,2026-07-13T00:00:00.000Z,They delivered the wrong item and now I…,"They delivered the wrong item and now I can't find details about ordre, This was the first and time i ordre anything from them.....
",false,1,Thomas Ahsbahs,5a2923670000ff000aed9946,DK,9,false,"Dear Customer,
Thank you for bringing this matter to our attention. We sincerely apologize for the inconvenience you have experienced.
We would like to inform you that we are actively looking into the issue you reported. However, as the investigation is still ongoing, we have not yet reached a conclusion or sent you an update. Rest assured, once we have a solution or further information, we will notify you immediately via email. Please keep an eye on your inbox for our response.
If you have any additional questions or require further assistance in the meantime, please don’t hesitate to contact us.
Best regards,
AliExpress Customer Service Team"
www.aliexpress.com,id:6a5c7964ae31b608af95d9d4,native_id,6a5c7964ae31b608af95d9d4,1,2026-07-19T09:14:44.000Z,2026-07-16T00:00:00.000Z,1-Star Review,"
1-Star Review
I do not recommend AliExpress. In my experience, the company did not send the item I ordered, and I felt misled throughout the process. It was very frustrating to pay for a product that never arrived.
I found the communication and customer service disappointing, and I did not feel that my issue was handled fairly. Based on my experience, this is not a company I can trust, and I would be very cautious before ordering from them.
",false,1,Matilda,6422e2e201554f0016d3ae12,GB,4,false,"Dear Customer,
We are very sorry to hear that you have encountered an issue. This is not the experience we want for our customers. We'd love to look into this case and see how we can help. To help us better understand your experience, please add details like order number or email through the Request Information form that we sent you.
Best regards,
AliExpress Customer Service Team"
www.aliexpress.com,id:6a5c4bc92f09e820d9218334,native_id,6a5c4bc92f09e820d9218334,1,2026-07-19T06:00:09.000Z,2026-06-26T00:00:00.000Z,I will never shop on AliExpress again.,"I will never shop on AliExpress again.
My order was marked as ""delivered,"" but I never received it. The proof of delivery contains a signature that is not mine, and I never authorized anyone to sign on my behalf. The delivery photo also does not match my mailbox.
Despite providing these details and opening a dispute, my claim was rejected without a fair resolution. I lost both my money and my order.
I am sharing my experience so other customers are aware and can be cautious.",false,1,Bac,6a5c4bbf7b418c7970830588,FR,1,false,"Dear Customer.

Thank you for contacting us. We apologise for your unpleasant shopping experience. Our agent sent you an email, please check it out. If you have any questions, please feel free to reply to us via email and we will respond as soon as possible.

Thank you for your understanding and support!

Sincerely.

AliExpress Customer Service Team"
www.aliexpress.com,id:6a5c3aa3e165a1b276953492,native_id,6a5c3aa3e165a1b276953492,1,2026-07-19T04:46:59.000Z,2026-07-17T00:00:00.000Z,I resisted ever buying anything on this…,"I resisted ever buying anything on this online marketplace because I heard horror stories about their reputation but I finally took the plunge and boy did I end up regreting that decision. They allow scam advertisers to list items for sale that dont actually exist or are AI doctored pictures of popular products. Their customer service is horrendous, if you can even get them to respond during US business hours. I puchased an inverter from one of their 'trusted' sellers and the inverter shipped to me was broken. I tried to work with the Seller to fix the issues and they delayed and offered videos about other equipment or incorrectly labeled parts. That delay took me past the 15 day return period and even thought the Seller admitted they shipped me a faulty product they said they required Ali Express to approve my dispute. The dispute link on the AliExpress website did not work and when I got to them through a chatbot, they insisted on a process that had me submit evidence to an email address that did not accept reply messages and thus gave them what they needed to deny my dispute claim. Another purchase was cancelled after the seller collected my payment and then sat on my money for a month with no intention of ever shipping me the product I thought I was buying. These are simply not honorable people. Please avoid. ",false,1,Mark Jergens,69a4ce6cd6c35211dc695967,US,3,true,"Dear Customer,
Thank you for bringing this matter to our attention. We sincerely apologize for the inconvenience you have experienced.
We would like to inform you that we are actively looking into the issue you reported. However, as the investigation is still ongoing, we have not yet reached a conclusion or sent you an update. Rest assured, once we have a solution or further information, we will notify you immediately via email. Please keep an eye on your inbox for our response.
If you have any additional questions or require further assistance in the meantime, please don’t hesitate to contact us.
Best regards,
AliExpress Customer Service Team"
www.aliexpress.com,id:6a5bb716e1f447fb843bbc2b,native_id,6a5bb716e1f447fb843bbc2b,1,2026-07-18T19:25:42.000Z,2026-07-18T00:00:00.000Z,they lie about the delivery date for…,they lie about the delivery date for months or they may not deliver the package at all.,false,1,Revaz Macharadze,629665bc48784e0011fa9a04,US,2,false,"Dear Customer,
We sincerely apologize for the inconvenience you’ve experienced regarding the non-receipt of your package. We have already initiated an investigation into this matter and will respond to you via email with updates. Additionally, we will keep this thread updated as progress unfolds. Please be sure to check your inbox regularly for our communication.
Thank you for your patience and cooperation.
Best regards,
AliExpress Customer Service Team"
www.aliexpress.com,id:6a5ba118b56698e05367ffd7,native_id,6a5ba118b56698e05367ffd7,1,2026-07-18T17:51:52.000Z,2026-07-02T00:00:00.000Z,Very disappointed that my mom ordered a…,Very disappointed that my mom ordered a hearing aid and wanted to return and went through all the right steps and had all in place they they said they would not issue her a refund. She’s 85 years old and this is not right for anyone. I would NEVER  trust them again….BUYER BEWARE….you you have money to waste then go ahead as they are NOT HONOURABLE with their return policy ….i had to give them a start to make this post although if I had to e option they would get minus starts with a big RED CAUTION …..,false,1,Lori,6a5ba107236e3d3cc5d977b1,CA,1,false,"Dear Customer,
Due to the lack of completed request information form, we regret to inform you that we are unable to process your case due to insufficient information. Please accept our deepest apologies for any inconvenience you've faced. If you need further assistance or have any additional questions, please don't hesitate to consult our Help Center at AliExpress.
https://helpcenter.aliexpress.com/s/BuyerHelp
Thank you for your understanding and cooperation.
Best regards,
AliExpress Customer Service Team"
www.aliexpress.com,id:6a5b964acb5ed19e882f16b0,native_id,6a5b964acb5ed19e882f16b0,1,2026-07-18T17:05:46.000Z,2026-07-17T00:00:00.000Z,I placed an order (8212466431475063) on…,"I placed an order (8212466431475063) on July 8. On July 17th, it had yet to ship - and when I checked the details, the seller had moved the dispatch date forward - it was not scheduled to ship for 21 additional days. I cancelled the order and reordered the product from a reputable vendor. I woke up this morning to lies from the Ali seller - stating the order had been dispatched, but the tracking not uploaded, so they would do that now. The tracking clearly demonstrated that they dispatched *something* with a tracking number within hours of receiving my cancellation request. Having already ordered replacements from a reputable vendor (and knowing that this order will sit in an Ali sorting centre for a week) I have asked that this order be cancelled, in keeping with my request submitted well before dispatch. Instead, Ali support was very happy to tell me that my parcel was on the way, and that they understand the ""anticipation"" of waiting for an order. So perhaps there is a parcel on the way (full of things I no longer need) but more likely, I will have to wait out a 75 day clock to claim a refund when nothing arrives. I keep coming up against reasons to NEVER USE ALI AGAIN. One of these days, it will stick. But seriously - time and time again, the savings I realize by shopping here are clawed back by the fraud that is endemic on the site. ",false,1,banana jerky,6a5b9636c2526c39468fbf82,CA,1,false,"Dear Customer,
Please accept our deepest apologies for any inconvenience you've faced. We have taken action to investigate the issue you reported. We will respond to you via email and update the progress in this thread. Please kindly pay attention to check your email box.
Thank you for your understanding and cooperation.
Best regards,
AliExpress Customer Service Team"
www.aliexpress.com,id:6a5b8dedb723ce939b379b64,native_id,6a5b8dedb723ce939b379b64,1,2026-07-18T16:30:05.000Z,2026-07-18T00:00:00.000Z,ordered some shirts my fault wrong size…,ordered some shirts my fault wrong size return only get part payment rip off jon luke leeds,false,0,Mr J Luke,568bacbf0000ff0001f96e40,GB,16,false,"Dear Customer,
We are truly sorry for the inconvenience you’ve experienced regarding your return. Please accept our heartfelt apologies for any frustration this may have caused. We have promptly begun looking into the issue you reported and will reach out to you via email as soon as we have updates.
Kindly take a moment to check your inbox regularly, as we will be sending important updates there. Your patience and understanding during this time mean a great deal to us, and we deeply appreciate your cooperation.
If you have any further concerns or questions, please don’t hesitate to let us know.
Warm regards,
AliExpress Customer Service Team"
www.aliexpress.com,id:6a5b861906737bc6a1d14405,native_id,6a5b861906737bc6a1d14405,1,2026-07-18T15:56:41.000Z,2026-07-18T00:00:00.000Z,DO NOT USE THE ALIEXPRESS APP OR ONLINE…,"DO NOT USE THE ALIEXPRESS APP OR ONLINE SHOP – ESPECIALLY THE WALLET!

This is based on my own experience.

I returned some items and was refunded, but I chose to keep the refund in my AliExpress Wallet to use for future purchases.

Later, I ordered more items using that wallet credit. One order arrived broken, so I returned it but my refund was £0. I let it go because it was only a few pounds and I didn’t want the hassle.

Then another order arrived with the wrong item. I contacted customer service, provided screenshots and all the evidence they requested, but after everything, the representative (“Aria”) still told me I would receive a £0 refund.

The £22.69 I had originally been refunded and stored in my AliExpress Wallet, my own money, was effectively gone because I had used wallet credit to pay for the order.

So from my experience, once you use AliExpress Wallet credit to buy something, returning that item may result in a £0 refund, even if the item is faulty or incorrect.

I won’t be shopping with AliExpress again, and I’d strongly advise others to be very careful about using the wallet feature.",false,1,Sani Welch,6a33265e8c034d9c9dbe2a6c,GB,2,false,"Dear Customer,
We sincerely apologize for any inconvenience you have experienced. We have initiated an investigation into the issue you reported regarding the incorrect item. We will keep you updated on the progress and respond to you via email. Please keep an eye on your inbox for further communication.
Thank you for your understanding and cooperation.
Best regards,
AliExpress Customer Service Team"
www.aliexpress.com,id:6a5b7e5a11f74a0219c65662,native_id,6a5b7e5a11f74a0219c65662,1,2026-07-18T15:23:38.000Z,2026-07-17T00:00:00.000Z,"This seller, Ali Express OVER CHARGES (Fraud)","I went through the purchase procedure (price of item with taxes was $5.89) then after paying and checkout, all of a sudden the price went up to $ 10.43.  Isn't that consider fraud???????

I canceled my order, of course.

I have both the price BEFORE the fraud and the price AFTER the charges were processed in photos to show their fraud practices.

""Buyer beware!""

I just got an e-mail from Ali Express offering me the difference between what I had originally paid and that difference.....in this NEW e-mail, they're OFFERING me that difference in CREDIT, no apology, no increased offer due to THEIR incompetence and FRAUDULANT business practice.",false,1,Bruce Brent,65abea56a1886400127f3f9a,US,4,false,"Dear Customer,
Please accept our deepest apologies for any inconvenience you've faced. We have taken action to investigate the issue you reported. We will respond to you via email and update the progress in this thread. Please kindly pay attention to check your email box.
Thank you for your understanding and cooperation.
Best regards,
AliExpress Customer Service Team"
www.aliexpress.com,id:6a5b587d67f0d0ed82e359fe,native_id,6a5b587d67f0d0ed82e359fe,1,2026-07-18T12:42:05.000Z,2026-06-29T00:00:00.000Z,I have been ordering from Ali Express…,"I have been ordering from Ali Express for years. I know when I receive my packages I they get to be a little banged up, but the contents are great inside. I also wait some time to receive my items, and I have learned to deal with that. The sellers I purchase from, are great and I haven’t been able to find the same merchandise anywhere else, so I adapted and it works for me. What I can’t take is no regard for me as a customer and the money I spend. Their customer service is unhelpful and robotic. They use a logistics company called “ Cainio Express “ I don’t know if they have a new driver and he is just incompetent as well as there customer service. But, I need to receive the orders I place. The last like 17 items I have purchased, which I believe was broken down in about 6 packages were delivered to an unknown home. This has happened on n the past, but with items under $20 and I just let it go. Ali Express will not refund you when your package is delivered. They don’t care if it was sent to the wrong home. Nor, will they get you to a supervisor to rectify the situation. They don’t do that there. They will not refund or reship. They tell you to contact the logistics company. That was horrible. They they gave me a lost and stolen package pdf certificate and still denied my refund, why? This logistics company is not delivering the merchandise. Ali Express, Please do something about this, it’s a huge problem.  I received a reply for order numbers and additional information, for some reason there was a system glitch and I was unable to add the order numbers and my phone number. I have escalated cases and been denied refunds. I was told to submit information from the logistics company which I did for the first order and I was told to get more information. I have asked to speak with a supervisor or someone who can help several times and told by customer service there was no additional help and they were very rude to me. How can I get someone to help me? This has been like over 11 items already delivered to the wrong address, with no help from logistics and they keep delivering to the same house because I can see it in the photos they provide. 
Thank you for replying, I have placed about 3 orders this week and I am afraid of Cainio getting assigned to my orders. Your customer service told me they were blocked from picking up my packages, and I would receive an email confirmation. I never did, and I called back the next rep told me that I would have to reach out to each seller individually. I have done that, they have no say on who the packages get assigned to. Please help me. I need my packages. ",false,2,Lisa Di Dolce,6a52fd0415b72ecd80fd8e70,US,3,false,"Dear Customer,
We sincerely apologize for the inconvenience you’ve experienced regarding the non-receipt of your package. We have already initiated an investigation into this matter and will respond to you via email with updates. Additionally, we will keep this thread updated as progress unfolds. Please be sure to check your inbox regularly for our communication.
Thank you for your patience and cooperation.
Best regards,
AliExpress Customer Service Team"
www.aliexpress.com,id:6a5b3856f330a58ff87e9b60,native_id,6a5b3856f330a58ff87e9b60,1,2026-07-18T10:24:54.000Z,2026-07-16T00:00:00.000Z,"NEVER, Ever, Order from Aliexpress!","Never, ever, order from this company! They lie. They emailed me that my order had been delivered. It hadn't. We were home all day. They said they tried calling us. They didn't. There was neither a message nor notification of a call missed. It's impossible to track their shippers, whose delivery service stinks! We are due a hefty refund ... which we'll never see because AliExpress makes it next-to-impossible to get any satisfaction from their AI and customer service bots. Do yourselves a favor: Don't even consider buying from/through this company if you don't want regrets.",false,2,Bruce Joffe,587d4af70000ff000a6d1bd1,US,11,false,"Dear Customer,
We sincerely apologize for the inconvenience you’ve experienced regarding the non-receipt of your package. We have already initiated an investigation into this matter and will respond to you via email with updates. Additionally, we will keep this thread updated as progress unfolds. Please be sure to check your inbox regularly for our communication.
Thank you for your patience and cooperation.
Best regards,
AliExpress Customer Service Team"
www.aliexpress.com,id:6a5b068f3218d9ff7fe9f684,native_id,6a5b068f3218d9ff7fe9f684,1,2026-07-18T06:52:40.000Z,2026-07-16T00:00:00.000Z,Scammers ,"Scammers I returned the camera I bought recently they said it's not the same and refused refund, no proof photo of the camera they received or anything just like that we not going to refund you 🤬🤬🤬
I'll sue you for deformation it's not china it's UK and you will pay for it 🤬🤬🤬",false,1,Hristo Rankov,5d5ae4bbeaeb39474ed5eefa,GB,33,false,"Dear Customer,
We sincerely apologize for any inconvenience you have experienced regarding your return and the lack of a refund. We have already begun investigating the issue you reported. You will receive a response from us via email, and we will keep this thread updated with the latest progress. Please be sure to check your inbox regularly for updates.
Thank you for your understanding and cooperation.
Best regards,
AliExpress Customer Service Team"
www.aliexpress.com,id:6a5afefa62cdfa4822ecceb5,native_id,6a5afefa62cdfa4822ecceb5,1,2026-07-18T06:20:10.000Z,2026-07-18T00:00:00.000Z,My order was expected to be delivered…,"My order was expected to be delivered between July 10 and July 14, but I never received it. I also haven't received a refund despite contacting customer support. The tracking has not been helpful, and I'm very disappointed with the service.""
Before posting a review, it's worth checking whether your dispute or refund request is still being processed. If AliExpress resolves the issue, you can always update your Trustpilot review later to reflect the outcome.",false,0,rana,671b97b43c88bd043ab0f36c,PK,2,false,"Dear Customer,
We sincerely apologize for the inconvenience you’ve experienced regarding the non-receipt of your package. We have already initiated an investigation into this matter and will respond to you via email with updates. Additionally, we will keep this thread updated as progress unfolds. Please be sure to check your inbox regularly for our communication.
Thank you for your patience and cooperation.
Best regards,
AliExpress Customer Service Team"
www.aliexpress.com,id:6a5acf182c2a7336e4f445c3,native_id,6a5acf182c2a7336e4f445c3,1,2026-07-18T02:55:52.000Z,2026-07-10T00:00:00.000Z,Mis delivery and no refund,"I uploaded significant evidence to prove that my package was mis delivered, and AliExpress is blaming ME for the issue, AND making me contact the courier to provide evidence for them. This company has horrible customer service and will find any way to deny a refund.",false,1,John,6a5acf07ff3db220e2b7b578,US,1,false,"Dear Customer,
Due to the lack of completed request information form, we regret to inform you that we are unable to process your case due to insufficient information. Please accept our deepest apologies for any inconvenience you've faced. If you need further assistance or have any additional questions, please don't hesitate to consult our Help Center at AliExpress.
https://helpcenter.aliexpress.com/s/BuyerHelp
Thank you for your understanding and cooperation.
Best regards,
AliExpress Customer Service Team"
www.aliexpress.com,id:6a5abb7f2491f025b3e9b00e,native_id,6a5abb7f2491f025b3e9b00e,1,2026-07-18T01:32:15.000Z,2026-07-17T00:00:00.000Z,"Dishonest, Lairs ","They are dishonest, I had a complaint regarding missing items from a purchased made, I uploaded the screen shots of the item as advertised and pictures showing all the items that made up the purchase, AliExpress customer service emailed asking for more which of course their isn't, so they denied my request to a part refund. They are scammers in my view completely dishonest and rely on being ""Untouchable"" being based in China.",false,1,Alan,6a5aba2cb06fbf416eea0b37,NZ,1,false,"Dear Customer,
Unfortunately, we are unable to process your case as the request information form has not been filled out, and we lack the necessary details to proceed. We apologize for any inconvenience this may have caused. If you need further assistance or have any additional questions, please don't hesitate to reach out to our Help Center at https://helpcenter.aliexpress.com/s/BuyerHelp.
Best regards,
AliExpress Customer Service Team"
www.aliexpress.com,id:6a5aa3a83931fd45233b38f0,native_id,6a5aa3a83931fd45233b38f0,1,2026-07-17T23:50:32.000Z,2026-07-17T00:00:00.000Z,Don't trust Aliexpress,"So i made an order and the package said delivered, and i did not receive the package, so i contacted the shipping company they said my address was not the address on the package that the package was sent to a different address so i tried to contact the seller didn't get anywhere ai bot tried the customer service the same thing asked for a human and started talking to what i thought was a human but got the same answers like the customer service is ai, tried to do a refund could not get anywhere it kept wanting me to contact the shipping company so if you do order anything off there site don't expect to get anywhere with customer service because it is a joke to many scammers on there site, and i tried to contact the seller and i could not find there store anymore like it just vanished DONT BUY FROM ALIEXPRESS",false,1,Mark Montgomery,6a55fb08236e3d49aed24848,US,2,false,"Dear Customer,
We sincerely apologize for the inconvenience you’ve experienced regarding the non-receipt of your package. We have already initiated an investigation into this matter and will respond to you via email with updates. Additionally, we will keep this thread updated as progress unfolds. Please be sure to check your inbox regularly for our communication.
Thank you for your patience and cooperation.
Best regards,
AliExpress Customer Service Team"
www.aliexpress.com,id:6a5a9059a90edd793987f192,native_id,6a5a9059a90edd793987f192,1,2026-07-17T22:28:09.000Z,2026-06-23T00:00:00.000Z,Never Received My Orders,"Never Received My Orders – No Refund
I ordered two items (#3074445716710783 and #3074319383940783). The original estimated delivery date was June 29, but as of July 17, I still haven't received either order. The tracking numbers (CNGF001FL0783000030117947 and CNGF001FL0783000029893232) are invalid on UniUni. Instead of issuing a refund, they postponed the delivery again until August 16. Very disappointing service. I still have no items and no refund. Buyers should be aware",false,2,ibrahim ashour,6a5a8ed6b06fbf42ebe9de83,EG,1,false,"Dear Customer,
We sincerely apologize for the inconvenience you’ve experienced regarding the non-receipt of your package. We have already initiated an investigation into this matter and will respond to you via email with updates. Additionally, we will keep this thread updated as progress unfolds. Please be sure to check your inbox regularly for our communication.
Thank you for your patience and cooperation.
Best regards,
AliExpress Customer Service Team"
www.aliexpress.com,id:6a5a8681e2d80c14f340f5b1,native_id,6a5a8681e2d80c14f340f5b1,1,2026-07-17T21:46:09.000Z,2026-07-08T00:00:00.000Z,👎👎👎👎👎“”BEWARE AND BE AWARE”” OF…,"👎👎👎👎👎“”BEWARE AND BE AWARE”” OF CUSTOMER SERVICE AND ALIEXPRESS ESPECIALLY A STORE CALLED DONGSUO OFFICIAL STORE AS I GOT SCAMMED FROM THIS SELLER WHO IS NOT THE SELLER HE IS ONLY THE SHIPPER SO HE COULD NOT HELP ME WITH MY REFUND SO BELIEVE ME PLEASE AS I HAD THE ABSOLUTELY WORSE EXPERIENCE IN MY LIFE CAUSING ME TO GET SO STRESSED OUT AND SICK PLUS ALIEXPRESS SELLERS ARE SCAMMERS AND DISHONEST BECAUSE THEY USE THE HIGH END DESIGNER RUNWAY PHOTOGRAPHS OF WHAT YOU WILL RECEIVE BUT WHAT YOU GET IS A REAL BAD REPLICA ANYWAY I THOUGHT PEOPLE SHOULD KNOW THE REAL TRUTH AS I AM A BUYER AND SELLER FOR OVER 35 YEARS AND AS I SAID THIS EXPERIENCE WAS HORRIBLE, THANK YOU FOR READING THIS REVIEW AND GOD BLESS 🙏🙏🙏🙏🙏🙏🙏🙏",false,1,Adele H Bucci,678c04a02f1c1cdd826af343,CA,3,false,"Dear Customer,
We are truly sorry for the inconvenience you’ve experienced regarding your return. Please accept our heartfelt apologies for any frustration this may have caused. We have promptly begun looking into the issue you reported and will reach out to you via email as soon as we have updates.
Kindly take a moment to check your inbox regularly, as we will be sending important updates there. Your patience and understanding during this time mean a great deal to us, and we deeply appreciate your cooperation.
If you have any further concerns or questions, please don’t hesitate to let us know.
Warm regards,
AliExpress Customer Service Team"
www.aliexpress.com,id:6a5a85faa244fea2cc3c2ca4,native_id,6a5a85faa244fea2cc3c2ca4,1,2026-07-17T21:43:54.000Z,2026-07-17T00:00:00.000Z,Are the perfumes genuine on the…,Are the perfumes genuine on the aliexpress app,false,0,Tracey Hayden,683cb610f0e9f30c865ec818,GB,20,false,"Dear Customer,
Due to the lack of completed request information form, we regret to inform you that we are unable to process your case due to insufficient information. Please accept our deepest apologies for any inconvenience you've faced. If you need further assistance or have any additional questions, please don't hesitate to consult our Help Center at AliExpress.
https://helpcenter.aliexpress.com/s/BuyerHelp
Thank you for your understanding and cooperation.
Best regards,
AliExpress Customer Service Team"
www.aliexpress.com,id:6a5a723a60ecd6782501ed0b,native_id,6a5a723a60ecd6782501ed0b,1,2026-07-17T20:19:38.000Z,2026-05-20T00:00:00.000Z,I would give them 0 stars if I could,"I would give them 0 stars if I could. I ordered a lzakmr game console, I paid for the 1 TB model and they sent me the 500 GB model. I filed a request for an exchange and I was told to send the one I received back, they paid for the shipping and they said that I sent it back for the listed reason was not needed which was not true they refunded me $18.00 dollars of my $264.00 dollars and claim they never received my return, after multiple attempts to resolve this issue they refuse to send me what I paid for or a full refund. I was a good customer and I don't participate in fraud or theft I just wanted what I paid for. I will just spend my money at a more reputable company.",false,1,mike gale,6a5a7228b06fbf89fae9b7b2,US,1,false,"Dear Customer,
We are truly sorry for the inconvenience you’ve experienced regarding your return. Please accept our heartfelt apologies for any frustration this may have caused. We have promptly begun looking into the issue you reported and will reach out to you via email as soon as we have updates.
Kindly take a moment to check your inbox regularly, as we will be sending important updates there. Your patience and understanding during this time mean a great deal to us, and we deeply appreciate your cooperation.
If you have any further concerns or questions, please don’t hesitate to let us know.
Warm regards,
AliExpress Customer Service Team"
www.aliexpress.com,id:6a5a6e8626534a56aefe254e,native_id,6a5a6e8626534a56aefe254e,2,2026-07-17T20:03:50.000Z,2026-07-17T00:00:00.000Z,So far it’s been absolutely rubbish…,"So far it’s been absolutely rubbish ,still waiting on orders a sent 5/6 week ago ,could o& gone to china or were ever and go5th3 quicker myself ,terrible service I,ll not use the again ",false,1,Philip Deeming,67eba76a89ee14810450e470,GB,2,false,"Dear Customer,
We deeply regret the inconvenience you’ve experienced regarding the non-receipt of your package. Please rest assured that we have already begun looking into this matter and are committed to resolving it as quickly as possible. We will keep you informed of any updates via email and will also ensure this thread is updated as progress continues.
Kindly check your inbox regularly for our communications, as we aim to provide you with timely updates.
Your cooperation means a great deal to us, and we truly appreciate your trust in AliExpress.
Warm regards,
AliExpress Customer Service Team"
www.aliexpress.com,id:6a5a54fb82e50cd8c2dc35fe,native_id,6a5a54fb82e50cd8c2dc35fe,1,2026-07-17T18:14:51.000Z,2026-07-16T00:00:00.000Z,CRAP CLIENT SERVICE ,CRAP CLIENT SERVICE I RECEIVED THE WRONG STUF ASKED FOR A REFUND THEY OFFERED HALF THE MONEY I REJECTED TWICE AND THEY STEEL MADE THE HALF REFUND I OBJECTED TO IT THE ANSWER INSUFFICIENT PROOF OF WRONG PART AFTER HAVING PICTURES OF THE PART I ORDERED FROM THEM AND THE ONE I RECEIVED I EVEN OFERED FOR THEM TO COLECT THE WRONG PART AND REFUND ALL MY MONEY BECAUSE I WILL HAVE TO TRASH THE PART IT DOESN'T FIT MY CAR JUST LOST MONEY IT'S A LAST TIME BUYING FROM THIS PLATFORM,false,1,Tiago Gaspar,6a5a54f67b418c2287815347,PT,1,false,"Dear Customer,
We sincerely apologize for any inconvenience you have experienced. We have initiated an investigation into the issue you reported regarding the incorrect item. We will keep you updated on the progress and respond to you via email. Please keep an eye on your inbox for further communication.
Thank you for your understanding and cooperation.
Best regards,
AliExpress Customer Service Team"
www.aliexpress.com,id:6a5a5440b6312422f62d9cba,native_id,6a5a5440b6312422f62d9cba,1,2026-07-17T18:11:44.000Z,2026-07-17T00:00:00.000Z,Do not buy in AliExpress 3 month to…,"Do not buy in AliExpress 3 month to receive a reimbursement even it was crear the product was stocked somewhere and i need the product to charge my car as electric it is. The only solution is to wait 90 days as the policy is .. This is a Shame of a quality plataform, i strongly recomendación to buy in others or inmediate markets this is not acceptable",false,1,Pedro Barros,5e05e0b5361d615efc0838e0,ES,16,false,"Dear Customer, 
Thank you for reaching out, and I truly appreciate your patience as we work to resolve this matter for you.
To move forward, I kindly recommend reaching out to your dedicated customer service representative directly. They are best equipped to assist you with your specific case and will guide you through the process. Please be sure to provide any relevant evidence or documentation that supports your situation—this will help us better understand the issue and find a solution more efficiently.
Please trust that we are genuinely committed to helping you and ensuring a fair resolution. Your satisfaction is important to us, and we’ll do everything we can to address your concerns.
Thank you for your understanding and cooperation.
Best regards,
AliExpress Customer Service Team"
www.aliexpress.com,id:6a5a44e46f67568f04851da8,native_id,6a5a44e46f67568f04851da8,1,2026-07-17T17:06:12.000Z,2026-07-17T00:00:00.000Z,i am blacklisted by a seller so i can…,"15/07/26
i am blacklisted by a seller so i can not send him messages through chat. 
I get reply :contact customer service. 
i contact customer service, show them the screen shots which of course they only read after you tell them : Please READ before asknig questions. 
Case gets escalated to ""senior team"" 

""Case ID: 2053808431988221
Start Time: 2026-07-16 20:31""

17/07/2026
I get email reply from Aliexpress:

""We are sorry to inform you that for some reason the seller has added you to their shop's blacklist. If you still wish to purchase from this seller, please contact the seller to discuss the matter. Thank you for your understanding and co-operation."" 🤦🏼‍♂️

I reply:
I can not contact seller because he has blocked my messages. Why do you ask me to contact seller ??

Please provide useful solution to this issue instead of just a useless link and telling me to contact him.

UPDATE: 18/07/26

Aliexpress replies:
We are sorry to inform you that for some reason the seller has added you to their shop's blacklist.

Please comply, thank you for your cooperation. You need to operate it yourself.If you do not know how to contact the merchant, here are some instructions for you, please click here for more information.

🤦🏼‍♂️🤦🏼‍♂️🤦🏼‍♂️

My answer:

I repeat: 

I can not contact seller because he has blocked my messages. 

Do your job and contact him to know why I have been blacklisted

Provide useful solution to this issue instead of just a useless link and telling me to contact him.

More in next episode 💀",false,1,nwol,6a5a4498ff3db2ecfeb708df,FR,1,false,"Dear Customer,
Please accept our deepest apologies for any inconvenience you've faced. We have taken action to investigate the issue you reported. We will respond to you via email and update the progress in this thread. Please kindly pay attention to check your email box.
Thank you for your understanding and cooperation.
Best regards,
AliExpress Customer Service Team"
www.aliexpress.com,id:6a5a4466119586e94bb35eca,native_id,6a5a4466119586e94bb35eca,1,2026-07-17T17:04:06.000Z,2026-07-14T00:00:00.000Z,Sent a watch strap back still intact ,"Sent a watch strap back still intact 
Asking for a refund they don’t want it back 
After a long process I have been given permission to return back to them 
Sent back the watch strap 
Was given a refund of £16.89 
The strap cost £85.39 
No reason why that much 
Spoken to them still don’t give a reason why 
They just give you the runaround 
And still don’t explain why only 16.89 
Should have been £85.39 
They have a 90 day return period 
And I sent back to them 2 days after receiving it they are rubbish rubbish 
Don’t buy anything from them they are useless and useless and rubbish still will not give me my refund they send the had to take 2.5% off for handing and to pay for the return and the exchange rate sill only received £16.89 where is the rest of the money £85.39
They have done nothing to help me at all they are useless and rubbish is this how they treat their customers after a return don’t want to give your money back shame on them shame on them where is my £85.39 refund not the £16.89 that you gave me RUBBISH 

now they say they have lost the strap and that why they only paid £16.89   it should be £85.39 they lost it we go a round and around do not buy from them if have to return it you will not get your money back 
it a  all thy want is your money and do not care  

so the refund was £16.89 should have be £85.39 ",false,1,Customer,586a8cd60000ff000a67c2bd,GB,7,false,"Dear valued customer,
First and foremost, please allow us to express our deepest apologies for the inconvenience you’ve experienced regarding your refund. We are truly sorry that this has happened, and we cannot thank you enough for bringing this matter to our attention. Your patience and understanding mean the world to us during this time.
We want to assure you that we are actively investigating this issue with the utmost urgency. Our team is working tirelessly to resolve it as quickly as possible, and we will personally ensure that you receive a detailed update via email every step of the way. Please keep an eye on your inbox, as we promise to keep you fully informed throughout this process.
Once again, thank you for giving us the opportunity to make things right. You are incredibly important to us, and we are committed to ensuring your complete satisfaction.
Warm regards,
AliExpress Customer Service Team"
www.aliexpress.com,id:6a5a3ac96e1ede4ed4e83a03,native_id,6a5a3ac96e1ede4ed4e83a03,1,2026-07-17T16:23:05.000Z,2026-06-20T00:00:00.000Z,The Worst Online Shopping Experience…,"The Worst Online Shopping Experience I’ve Ever Had

This has been, without question, the worst online shopping experience I have ever had.

The air conditioner I received arrived damaged. I immediately reported the issue, expecting the platform to protect the buyer when an item arrives defective.

Instead, I was repeatedly asked to return a very large and heavy item by self-shipping. I explained multiple times that I have health limitations and live alone, making it physically impossible for me to transport it. None of this was taken into consideration.

Customer service kept promising that my case would be escalated, but nothing ever changed. I spent hours contacting support, repeating the same explanation to different agents, only to receive the same scripted responses. In one case, an agent kept me waiting for a long time while supposedly working on my case, and the chat was automatically closed by the system for “no response” even though I was actively waiting.

I even tried to reach a reasonable solution with the seller, but the seller refused to cooperate. Instead of holding the seller accountable for shipping a damaged product, AliExpress placed the entire burden on me.

After shopping on many online marketplaces over the years, I have never experienced customer service this frustrating. This experience has completely destroyed my confidence in buying from AliExpress again.

My advice to anyone purchasing expensive or heavy items is simple think twice before ordering. If something goes wrong, don’t assume the platform will stand behind you.



Update:

AliExpress responded to my review and requested my order information, which I provided. However, several days have passed and I still have not received any actual solution or resolution.

This issue has already been ongoing for more than a month. I contacted the seller and AliExpress Customer Service multiple times, but the response has always been that the case would be escalated or reviewed by another team. Despite these repeated promises, no practical solution has been provided.

The original problem remains the same. The item arrived damaged, and I am still being asked to return a heavy damaged air conditioning unit at my own expense before receiving a refund.

I appreciate the response, but a response alone does not resolve the issue. I am still waiting for a fair and reasonable solution.",false,1,Steve Ustin,6a5a3ab6ff3db29b14b6f604,US,1,false,"Dear Customer,
We are truly sorry for the inconvenience you’ve experienced regarding your return. Please accept our heartfelt apologies for any frustration this may have caused. We have promptly begun looking into the issue you reported and will reach out to you via email as soon as we have updates.
Kindly take a moment to check your inbox regularly, as we will be sending important updates there. Your patience and understanding during this time mean a great deal to us, and we deeply appreciate your cooperation.
If you have any further concerns or questions, please don’t hesitate to let us know.
Warm regards,
AliExpress Customer Service Team"
www.aliexpress.com,id:6a5a2709bbf77bb922106fae,native_id,6a5a2709bbf77bb922106fae,1,2026-07-17T14:58:49.000Z,2026-07-16T00:00:00.000Z,Make that make sense!,"A  package I ordered was reported by the local courier as undeliverable because my address was unknown? (Not my first time buying, and no issues previously). I tried following up but there were no contact details of the courier company available online for me to follow up. When I requested a refund from Aliexpress my request was turned down since I could not produce proof of non-delivery of the package.  Make that make sense!!",false,1,Wayne,5b7bc1d64de5666d342b9c80,NZ,6,false,"Dear Customer,
We sincerely apologize for the inconvenience you’ve experienced regarding the non-receipt of your package. We have already initiated an investigation into this matter and will respond to you via email with updates. Additionally, we will keep this thread updated as progress unfolds. Please be sure to check your inbox regularly for our communication.
Thank you for your patience and cooperation.
Best regards,
AliExpress Customer Service Team"
www.aliexpress.com,id:6a59ff99f8b81a894013623b,native_id,6a59ff99f8b81a894013623b,1,2026-07-17T12:10:33.000Z,2026-07-16T00:00:00.000Z,Avoid like the plague,"Everything is fine as long as the correct item is delivered and on time. 

If something goes wrong, that is not your fault, you're doomed.

In this case, I ordered 3 car grills, left, right and front. I waited 35 days for the order to deliver.
When it arrived, the order was incomplete. The seller had only sent the right and front. Left was missing.

I was offered a small partial refund. Not even an option for the missing part to be shipped???

To source the part locally, it would cost me double the amount I was offered as a part refund. 

I messaged back with this information. 

Due to the delay in communication and my car already being in the garage for so long, I ordered the missing part with next day delivery and sent everything to the garage so they could resume the repair. 

A few days later they are insisting on a full return and to add insult to injury, I have to pay the return shipping upfront!?

Many more emails and live chats followed. I explained it's impossible for me to return, as the parts have been sent on to the garage. 

Live chat agents tell me I'll receive a refund, then I receive an email telling me to return the item and threatening to close the case. 

Absolutely shocking and disgraceful customer service.
____________________________________________

EDIT - In response to your reply

Completely fake concern (most likely AI generated). The email I received after this are the same, copy/paste responses. Neither the individual seller, nor AliExpress are interested in resolving anything. And they are in China so literally above any UK law.
",false,2,Myr R4,5c4b7a8fd246cf1de85b444e,GB,9,false,"Dear customer,
Sincerely apologize for the inconvenience caused. 
Our agent has replied with more detailed information in the email. Please kindly check and reply to our agent. If you have any other questions, please go to our Help center page【https://helpcenter.aliexpress.com/s/BuyerHelp?】 for online customer service.
Your understanding and cooperation are deeply appreciated.
Best regards,
AliExpress Customer Service Team"
www.aliexpress.com,id:6a59f2af1c738f8f8cb1e37d,native_id,6a59f2af1c738f8f8cb1e37d,5,2026-07-17T11:15:27.000Z,2026-07-17T00:00:00.000Z,Usually no problems with delivery.,Usually no problems with delivery.,false,0,IAN CARTWRIGHT,60fae3f53856b30012be3e45,GB,13,false,"Dear Customer,
Thanks for taking the time to share your feedback. We're glad you're enjoying shopping with us. Our team is always here to provide a great experience, and it's awesome to know you're happy with what we do.
Best regards,
AliExpress Customer Service Team"
www.aliexpress.com,id:6a59ebff938b49c1de1b0dee,native_id,6a59ebff938b49c1de1b0dee,1,2026-07-17T10:46:55.000Z,2026-07-16T00:00:00.000Z,BUYER BE WARNED,"Further to my previous review I did receive email from their""Customer Services"".  This is driven by their AI system.  Whilst it is automatic it certainly is not intelligent.  It responds with irrelevant standard paragraphs and request actions unrelated to your request - after which it reuses to accept your request to return / refund.  BUYER BE WARNED - if you manage to get goods which are correct and undamaged - well done, but if you get anything you don't want to keep for whatever reason - you have no chance.  Just check other similar postings. ",false,3,Philip Andrew Couch,6006b045f618e10019c1dc19,GB,3,false,"Dear Customer, 
Thank you for reaching out, and I truly appreciate your patience as we work to resolve this matter for you.
To move forward, I kindly recommend reaching out to your dedicated customer service representative directly. They are best equipped to assist you with your specific case and will guide you through the process. Please be sure to provide any relevant evidence or documentation that supports your situation—this will help us better understand the issue and find a solution more efficiently.
Please trust that we are genuinely committed to helping you and ensuring a fair resolution. Your satisfaction is important to us, and we’ll do everything we can to address your concerns.
Thank you for your understanding and cooperation.
Best regards,
AliExpress Customer Service Team"
www.aliexpress.com,id:6a59c4bac539114c89951ec3,native_id,6a59c4bac539114c89951ec3,5,2026-07-17T07:59:22.000Z,2026-07-10T00:00:00.000Z,Placing orders was so easy…,"Placing orders was so easy ,Communication was great with the sellers.any questions were answered very quickly.",false,0,Tom Dignam,69cde1791a47fae73cc0a646,AU,2,false,"Dear Customer,
Thanks for taking the time to share your feedback. We're glad you're enjoying shopping with us. Our team is always here to provide a great experience, and it's awesome to know you're happy with what we do.
Best regards,
AliExpress Customer Service Team"
www.aliexpress.com,id:6a59b5605dc2b8e5629d8cf2,native_id,6a59b5605dc2b8e5629d8cf2,1,2026-07-17T06:53:52.000Z,2026-07-17T00:00:00.000Z,Wanted to cancel an order,"Wanted to cancel an order m as I no longer needed it, they refused to let me cancel the order and quickly got it shipped in 1 hr of me complaining 

——
Updated 21/7
No need to investigate, just a simple warning to anyone reading this review ",false,0,Sam Newland,6a59b554c2526c17a08d9767,NZ,1,false,"Dear Customer,
Unfortunately, we are unable to process your case as the request information form has not been filled out, and we lack the necessary details to proceed. We apologize for any inconvenience this may have caused. If you need further assistance or have any additional questions, please don't hesitate to reach out to our Help Center at https://helpcenter.aliexpress.com/s/BuyerHelp.
Best regards,
AliExpress Customer Service Team"
www.aliexpress.com,id:6a59a8251070bdc7cf7e652d,native_id,6a59a8251070bdc7cf7e652d,1,2026-07-17T05:57:25.000Z,2026-05-01T00:00:00.000Z,AliExpress uses online suppliers that usually don't deliver,"AliExpress uses online suppliers that are less than 50% reliable or legitimate. Expect a problem with shipping for many or most orders and constant delays and excuses. A lot of persistence is necessary to cancel and get a refund. I think since most orders are small that most buyers just forget about it and give up without a refund, which I think the seller hopes will happen. I used to order regularly from AliExpress but now I have given up completely. The suppliers need to be vetted by AliExpress and certified reliable, otherwise it is mostly a scam. ",false,1,John Ferchak,6997d8b5b2781e24ac31da47,LA,3,false,"Dear Customer,
Unfortunately, we are unable to process your case as the request information form has not been filled out, and we lack the necessary details to proceed. We apologize for any inconvenience this may have caused. If you need further assistance or have any additional questions, please don't hesitate to reach out to our Help Center at https://helpcenter.aliexpress.com/s/BuyerHelp.
Best regards,
AliExpress Customer Service Team"
www.aliexpress.com,id:6a5996cd3397c9ff99c5212f,native_id,6a5996cd3397c9ff99c5212f,5,2026-07-17T04:43:25.000Z,2026-07-17T00:00:00.000Z,Have been using AliExpress for couple…,"Have been using AliExpress for couple months now and find their suppliers, products and service excellent, including an occasion when I decided what I had ordered wasn't exactly what I wanted and the return process was extremely easy.",false,0,Robert,69e6b874720868029459d5b2,AU,3,false,"Dear Customer,
Thanks for taking the time to share your feedback. We're glad you're enjoying shopping with us. Our team is always here to provide a great experience, and it's awesome to know you're happy with what we do.
Best regards,
AliExpress Customer Service Team"
www.aliexpress.com,id:6a5992ff09437f4523b60af3,native_id,6a5992ff09437f4523b60af3,3,2026-07-17T04:27:11.000Z,2026-07-01T00:00:00.000Z,Good prices for some items. ,"Some very good original items for sale and at great prices. Some items require an extra postage cost, eg cosmetics.
Difficulty viewing all items in an order. 
Sometimes items in an order are posted separately. Also had difficulty returning an item that was not as described. ",false,0,Judy,6881513304313ef480349a73,AU,2,false,"Dear Customer,
Unfortunately, we are unable to process your case as the request information form has not been filled out, and we lack the necessary details to proceed. We apologize for any inconvenience this may have caused. If you need further assistance or have any additional questions, please don't hesitate to reach out to our Help Center at https://helpcenter.aliexpress.com/s/BuyerHelp.
Best regards,
AliExpress Customer Service Team"
www.aliexpress.com,id:6a5985c7d164970f15dc803f,native_id,6a5985c7d164970f15dc803f,5,2026-07-17T03:30:47.000Z,2026-06-19T00:00:00.000Z,The range of product outstanding,"The range of product outstanding, the quality and pricing is excellent and that is why I placed the order.  On the rare occasion, if I need to refund process is simple and easy.",false,0,Jeff Davis,6a5985b7c2526c22258d832a,AU,1,false,"Dear Customer.

Thank you for contacting us. We apologise for your unpleasant shopping experience. Our agent sent you an email, please check it out. If you have any questions, please feel free to reply to us via email and we will respond as soon as possible.

Thank you for your understanding and support!

Sincerely.

AliExpress Customer Service Team"
www.aliexpress.com,id:6a595dae83c7a64c7b1f93e6,native_id,6a595dae83c7a64c7b1f93e6,5,2026-07-17T00:39:42.000Z,2026-07-14T00:00:00.000Z,Great product,"Great product, speedy delivery. Thanks heaps. ",false,0,Mark Ison,5cfcf21c9522f861db8a6d0d,AU,3,false,"Dear Customer,
We are delighted to read your positive feedback about our shipping service! It means a lot to us that you had a great experience with the delivery. Your satisfaction is our ultimate goal, and we will continue to strive for excellence in all aspects of our service. Thank you for choosing AliExpress, and we look forward to serving you again soon!
Best regards,
AliExpress Customer Service Team"
www.aliexpress.com,id:6a595905cddfb8d449130267,native_id,6a595905cddfb8d449130267,1,2026-07-17T00:19:49.000Z,2026-06-05T00:00:00.000Z,I'm still waiting on an order i placed…,I'm still waiting on an order i placed on June 5th. It's now July 17th. Ref number is 8211368575156790.,false,1,Ivan Colgan,6a5958f6ff3db2222cb5f64f,AU,1,false,"Dear Customer.

Thank you for contacting us. We apologise for your unpleasant shopping experience. Our agent sent you an email, please check it out. If you have any questions, please feel free to reply to us via email and we will respond as soon as possible.

Thank you for your understanding and support!

Sincerely.

AliExpress Customer Service Team"
www.aliexpress.com,id:6a594b4bc2ec4972d530ef60,native_id,6a594b4bc2ec4972d530ef60,1,2026-07-16T23:21:15.000Z,2026-07-11T00:00:00.000Z,Horrible customer service and order handling,"Was offered a promotional ""buy 1 item for free + 1 item at a discount"" so I proceeded to pick out my items and everything seemed fine. I ordered through Paypal. Receive confirmation on Aliexpress that order was processing and completed. Went back to order page and the items were still listed as not paid for yet and that I had to order both together (which I thought I had done - just following their instructions). No paypal confirmation or record of purchase, so obviously was not successful. 

Attempted 2 more times and ended up back at the same place with the order saying completed, but also saying not paid for. Contacted support. Was told this sometimes happens and that I should add the items to my cart again and checkout, implying it was somehow my fault, then offered me a coupon which sent me to a 404 - page not found. Next day I get 4 different emails from support. One email telling me the order was fine and went through, another saying the order was closed due to not paying on time, another one saying I'd be refunded. Absolutely ridiculous. I checked the order page again. It clearly shows each item paid for by Paypal while on the same page saying that the orders were cancelled for failure to pay. Still no record of any payment made in Paypal.  WTF. I sent a final complaint by email, with all the screenshots and information I collected as proof  and have not heard back. 

The gaslighting, the contradictions, no attempt to make things right... NOPE... I'll take my business elsewhere. Seeing these other reviews is even more proof to me that they cannot be trusted to so much as handle a simple email. I'll be deleting my account. I'm not sharing the order numbers here in  this review because it doesn't even matter anymore. You have no intention of resolving mine or anyone else's issues. 

By the way, when you have over 180,000 reviews with an overall score of 2.0, the problem isn't your customers, it's you. THAT can't be resolved with tone-deaf AI generated responses on every review made. 

Update: And there it is, the canned reply to my review. Too late... I deleted my account and have no interest in dealing with you. You were given multiple chances. I was lucky. In the end, you didn't get my money. I'm more angry now seeing what other people are going through. Forget about me. Take care of these people who have lost money, time and sanity seeking REAL resolutions. 

Update 2: They clearly didn't even read the review.  I deleted my account, and they continue to send me promotional messages and more of the same AI generated crap, even after unsubscribing from their emails and telling them to stop emailing me. What is wrong with these people? I've never seen anything like it. 

If you're still considering buying from them... in 2022, the Office of the United States Trade Representative added AliExpress to its list of Notorious Markets for Counterfeiting and Piracy. 
",false,0,CaroleAN,664fa897f6be8943e59b1e13,CA,4,false,"Dear Customer,
Please accept our deepest apologies for any inconvenience you've faced. We have taken action to investigate the issue you reported. We will respond to you via email and update the progress in this thread. Please kindly pay attention to check your email box.
Thank you for your understanding and cooperation.
Best regards,
AliExpress Customer Service Team"
www.aliexpress.com,id:6a5943ac54b948bba0eb6807,native_id,6a5943ac54b948bba0eb6807,1,2026-07-16T22:48:45.000Z,2026-07-02T00:00:00.000Z,They will take and keep your money  and leave you with nothing,"Placed an order (first time user) and paid for it via PayPal. PayPal acknowledged order, provided a transaction ID and Invoice ID and the money was debited. No order was recorded in my AliExpress account, I left it a few days assuming that the system would catch up but it didn't. First tried to use the almost unusable chat to find out what had gone on and subsequently very slow email. In all cases day after day they just sent a screenshot of the find account button even though I had access to my account. After a week of this I raised a PayPal case and I await to see if my money is returned. I recommend avoiding this site despite the enticing prices, I have concluded based on the lack of customer support that the operation is a borderline scam.",false,1,David Hansen,56c71dac0000ff000a07a576,GB,14,false,"Dear Customer,
Please accept our deepest apologies for any inconvenience you've faced. We have taken action to investigate the issue you reported. We will respond to you via email and update the progress in this thread. Please kindly pay attention to check your email box.
Thank you for your understanding and cooperation.
Best regards,
AliExpress Customer Service Team"
www.aliexpress.com,id:6a5940d21ab0888016f4ff40,native_id,6a5940d21ab0888016f4ff40,5,2026-07-16T22:36:34.000Z,2026-07-01T00:00:00.000Z,I have been great experience with…,I have been great experience with AliExpress.. they are shipping management is very fast and good delivery . Thanks for super experience I ordered a little hot bag.,false,0,rukiya islam,69dcbca10653b71c386141ec,BD,3,false,"Dear Customer,
We are delighted to read your positive feedback about our shipping service! It means a lot to us that you had a great experience with the delivery. Your satisfaction is our ultimate goal, and we will continue to strive for excellence in all aspects of our service. Thank you for choosing AliExpress, and we look forward to serving you again soon!
Best regards,
AliExpress Customer Service Team"
www.aliexpress.com,id:6a593da17123a47c99a8822c,native_id,6a593da17123a47c99a8822c,5,2026-07-16T22:22:57.000Z,2026-07-07T00:00:00.000Z,good service & fast delivery,good service & fast delivery,false,0,Stephen Wong,6a593d79ff3db20798b5d633,AU,1,false,"Dear Customer,
Thank you very much for highlighting our customer service along with your fantastic review of the product. Knowing that our team could contribute positively to your overall experience makes everything worthwhile. We aim to provide not just excellent products but also top-notch service. Your recognition motivates us to keep improving. Feel free to contact us anytime; we’re here to assist.
Best regards,
AliExpress Customer Service Team"
www.aliexpress.com,id:6a592df5f45ca41bfa796637,native_id,6a592df5f45ca41bfa796637,1,2026-07-16T21:16:05.000Z,2026-06-24T00:00:00.000Z,"AliExpress support is a joke! Lies, endless loops, and zero help","AliExpress support is a joke! Lies, endless loops, and zero help!!
AliExpress support doesn't do its job at all! They just ""feed you promises"" to escalate your case, but nobody actually transfers anything. It is an endless loop of identical, robotic auto-responses that only work in one direction: ""send us this, send us that"".
My tablet is a confirmed counterfeit (verified by AIDA64). AliExpress even admitted it is fake! I have already uploaded all possible video and photo evidence.
Now they demand that I pay my own money to ship it back to China. First of all, I will not pay a single cent to return a scammer's counterfeit. Secondly, it is legally impossible: our local postal services have strict bans on shipping lithium batteries abroad. I already provided official refusal documents from several carriers!
I do not want your useless coupons. I demand my money back for this fake item. Stop this endless game and issue my refund! I absolutely refuse to accept any of your useless discount coupons—I demand a full monetary refund to my card immediately, strictly following your own I absolutely refuse to accept any of your useless discount coupons—I demand a full monetary refund to my card immediately, strictly following your own policy. #1120107362471902
UPD: Stop lying! Your email support is a total dead end and working as a one-way street. It does NOT accept any incoming replies from me! I cannot answer your emails because your system blocks it. Stop trying to hide from the public view. You already have all my videos, photos, and official carrier bans. Raise the full file and issue my monetary refund here, do not send me back to your broken email loop!",false,2,Rizays Sveta,6a592a54ff3db21908b5bab6,IL,1,false,"Dear Customer,
Thank you for your patience. I have noticed that your dedicated customer service representative is currently handling your case. Due to the complexity of the situation, it may take a bit longer to resolve. However, I have already urged them to respond to your email as soon as possible.
Please continue to communicate with your dedicated customer service via email for further updates.
Thank you for your understanding, and we appreciate your cooperation.
Best regards,
AliExpress Customer Service Team"
www.aliexpress.com,id:6a58f0a6e13940afb474c173,native_id,6a58f0a6e13940afb474c173,1,2026-07-16T16:54:30.000Z,2026-07-16T00:00:00.000Z, Car switch ordered and a watch strap arrived. 🤷‍♂️,"Order was for a car door electric window switch and a watch strap arrived!
Regular updates on delivery, but annoying supply of goods.
I will not use these again.",false,1,Martin Lyddon,57c837a00000ff000a401c7e,GB,20,false,"Dear customer,

Sincerely apologize for the inconvenience caused. 

Your order has entered the return process and the platform has provided you with the return label. Please download the return label and return the product within the stipulated time. After returning the product, please upload the return receipt to Disputes so that the Disputes team can verify and refund you.

And our agent has replied with more detailed information in the email. Please kindly check. If you have any other questions, please reply to our agent's email directly or you can go to our Help center page【https://helpcenter.aliexpress.com/s/BuyerHelp?】 for online customer service.

Your understanding and cooperation are deeply appreciated.

Best regards,
AliExpress Customer Service Team"
www.aliexpress.com,id:6a58e33353f019cf68dde7d8,native_id,6a58e33353f019cf68dde7d8,1,2026-07-16T15:57:07.000Z,2026-07-16T00:00:00.000Z,SCAM SCAM SCAM Don't ever think your…,SCAM SCAM SCAM Don't ever think your going to get your return postage back. They ask you for proof of shipping several times then tell you that the documentation is insufficient. Absolute thieves.,false,1,Kevin Thompson,5ebec923ee8f2931b1d20342,GB,8,false,"Dear Customer,
Thank you for your patience. I have noticed that your dedicated customer service representative is currently handling your case. Due to the complexity of the situation, it may take a bit longer to resolve. However, I have already urged them to respond to your email as soon as possible.
Please continue to communicate with your dedicated customer service via email for further updates.
Thank you for your understanding, and we appreciate your cooperation.
Best regards,
AliExpress Customer Service Team"
www.aliexpress.com,id:6a58d0fabdfbb510a7ab4692,native_id,6a58d0fabdfbb510a7ab4692,1,2026-07-16T14:39:22.000Z,2026-05-19T00:00:00.000Z,I would give 0 if It was possible,I would give 0 if It was possible. 3 months still no parcel and still arguing for refund. I have had about 12 parcel's from china in the time it's taken to sort this. STAY AWAY ,false,2,peter pryce,568159d80000ff0001f777f5,GB,15,false,"Dear Customer,
We sincerely apologize for the inconvenience you’ve experienced regarding the non-receipt of your package. We have already initiated an investigation into this matter and will respond to you via email with updates. Additionally, we will keep this thread updated as progress unfolds. Please be sure to check your inbox regularly for our communication.
Thank you for your patience and cooperation.
Best regards,
AliExpress Customer Service Team"
www.aliexpress.com,id:6a58cda5521dcb0fb0b4ed08,native_id,6a58cda5521dcb0fb0b4ed08,4,2026-07-16T14:25:09.000Z,2026-07-14T00:00:00.000Z,Speedy free delivery.,"They send the order quickly and they arrive safely. I have never lost anything in the mail and parcels arrive in good condition. My only gripe has been sizing for dog raincoats. None of which have been big enough. I know I can return for a refund, but cannot be bothered as it’s a hassle. As the products are cheap, I give them to friend if they don’t suit my dog.",false,0,Rachel Bonney,59265e810000ff000a9c26df,AU,29,false,"Dear Valued Customer,
Thank you for sharing your feedback with us—it truly matters and helps us grow. We are dedicated to continuously improving our services to provide you with the best possible shopping experience. Your satisfaction is our top priority, and we assure you that we take your concerns very seriously.
We deeply value your input and are grateful for your support. If you need further assistance or have any additional questions, please don't hesitate to reach out to our Help Center at https://helpcenter.aliexpress.com/s/BuyerHelp.
Warm regards,
AliExpress Customer Service Team"
www.aliexpress.com,id:6a58be4255613ca2387a03f9,native_id,6a58be4255613ca2387a03f9,1,2026-07-16T13:19:30.000Z,2026-07-01T00:00:00.000Z,You never get what U ordered and pieces…,"You never get what U ordered and pieces are missing, or they don't work. Or they are unhealthy or dangerous.
Delete the app and go back to eBay like me . 
Even the email adres is not real. And can never get a human on a phone. Terrible place to buy. ",false,2,marcel tromp,65c029bd59efed001255d033,AU,2,false,"Dear Customer,
Unfortunately, we are unable to process your case as the request information form has not been filled out, and we lack the necessary details to proceed. We apologize for any inconvenience this may have caused. If you need further assistance or have any additional questions, please don't hesitate to reach out to our Help Center at https://helpcenter.aliexpress.com/s/BuyerHelp.
Best regards,
AliExpress Customer Service Team"
www.aliexpress.com,id:6a58b5437141c0cc13f587ff,native_id,6a58b5437141c0cc13f587ff,1,2026-07-16T12:41:07.000Z,2026-07-16T00:00:00.000Z,Contact with firstlinesupport had…,"Contact with firstlinesupport had mostly been a delight over the years. There was a verbal agreement l, mutual understanding. The follow up do was lacking and is leaving me duped. With lots of energy, time , and money gone to waste.

Not wat I expected after years of nice mail from Alixpress 

So I must protest against this whole situation with Klarna and alixpress ",false,1,HJ,61338df78f3e9700127cb7ad,NL,205,true,"Dear Customer,
Thank you for your patience. I have noticed that your dedicated customer service representative is currently handling your case. Due to the complexity of the situation, it may take a bit longer to resolve. However, I have already urged them to respond to your email as soon as possible.
Please continue to communicate with your dedicated customer service via email for further updates.
Thank you for your understanding, and we appreciate your cooperation.
Best regards,
AliExpress Customer Service Team"
www.aliexpress.com,id:6a58ae2fb267d79ae3ec3e66,native_id,6a58ae2fb267d79ae3ec3e66,5,2026-07-16T12:10:55.000Z,2026-07-02T00:00:00.000Z,Love dealing with your company,"Love dealing with your company. No hassle returns, excellent products & lovely customer service operators.",false,0,Kim,6a58ae1ab06fbf0dd6e7395d,AU,1,false,"Dear Customer,
Thanks for taking the time to share your feedback. We're glad you're enjoying shopping with us. Our team is always here to provide a great experience, and it's awesome to know you're happy with what we do.
Best regards,
AliExpress Customer Service Team"
www.aliexpress.com,id:6a58a8d784356b18d09d2579,native_id,6a58a8d784356b18d09d2579,4,2026-07-16T11:48:07.000Z,2026-06-14T00:00:00.000Z,parts ok work well,parts ok work well ,false,0,Iain Murray,6077f9004cc0da001a4dbc9b,GB,14,false,"Dear Valued Customer,
Thank you for sharing your feedback with us—it truly matters and helps us grow. We are dedicated to continuously improving our services to provide you with the best possible shopping experience. Your satisfaction is our top priority, and we assure you that we take your concerns very seriously.
We deeply value your input and are grateful for your support. If you need further assistance or have any additional questions, please don't hesitate to reach out to our Help Center at https://helpcenter.aliexpress.com/s/BuyerHelp.
Warm regards,
AliExpress Customer Service Team"
www.aliexpress.com,id:6a58910b185b9f66c9e5c691,native_id,6a58910b185b9f66c9e5c691,1,2026-07-16T10:06:35.000Z,2026-07-16T00:00:00.000Z,RETURNED ITEMS NO REFUNDS SCAMMERS,"RETURNED ITEMS NO REFUNDS SCAMMERS, I have made two orders I have sent back the two items that I bought from AliExpress and PROVIDED the formal receipts for both items and enough information and they refuse to believe me or do something regarding that 
tracking numbers RR022543468DZ, RR022543848DZ
order 1 = 3073164977979310 order 2 = 3073084438579310
do not trust this online marketplace they will not give you a chance to get your refund and poor communication channel support agent keep saying I will do this and this and you will have your refund and tracking system is old and broken.",false,1,Med Lemark,69c765188ee1017a39c11825,DZ,3,true,"Dear Customer,
Thank you for your patience. I have noticed that your dedicated customer service representative is currently handling your case. Due to the complexity of the situation, it may take a bit longer to resolve. However, I have already urged them to respond to your email as soon as possible.
Please continue to communicate with your dedicated customer service via email for further updates.
Thank you for your understanding, and we appreciate your cooperation.
Best regards,
AliExpress Customer Service Team"
www.aliexpress.com,id:6a588bcf89826b2d6c3c6191,native_id,6a588bcf89826b2d6c3c6191,1,2026-07-16T09:44:15.000Z,2026-07-11T00:00:00.000Z,Worst platform that they’re terrible…,Worst platform that they’re terrible with the courier they’re participating… they usually leave the parcel outside of the building and left the parcel outside of the apartment that easy to stolen… and I’ve dispute that AliExpress didn’t give me the refund.. I’m putting a dispute on Fair trading now.. again don’t buy staff from AliExpress if you live in the apartment…,false,1,Emrah PEKDEMIR,65b521f2a052ec0012187087,AU,2,false,"Dear Customer,
Due to the lack of completed request information form, we regret to inform you that we are unable to process your case due to insufficient information. Please accept our deepest apologies for any inconvenience you've faced. If you need further assistance or have any additional questions, please don't hesitate to consult our Help Center at AliExpress.
https://helpcenter.aliexpress.com/s/BuyerHelp
Thank you for your understanding and cooperation.
Best regards,
AliExpress Customer Service Team"
www.aliexpress.com,id:6a586ca077d077b175083b9f,native_id,6a586ca077d077b175083b9f,5,2026-07-16T07:31:12.000Z,2026-07-14T00:00:00.000Z,I highly recommend,"I highly recommend
I am very satisfied with everything I order from AliExpress. The packaging is always great, usually in bubble wrap bags. I also love that you can earn shopping credits by playing easy games. The live agent chat support is excellent, very helpful and friendly. The only downside is that shipping to Macedonia takes a long time",false,0,g.sh,619bfafc9435030012fcfd0b,MK,5,false,"Dear Valued Customer,
Thank you for sharing your feedback with us—it truly matters and helps us grow. We are dedicated to continuously improving our services to provide you with the best possible shopping experience. Your satisfaction is our top priority, and we assure you that we take your concerns very seriously.
We deeply value your input and are grateful for your support. If you need further assistance or have any additional questions, please don't hesitate to reach out to our Help Center at https://helpcenter.aliexpress.com/s/BuyerHelp.
Warm regards,
AliExpress Customer Service Team"
www.aliexpress.com,id:6a5864b3e62b1e8672057699,native_id,6a5864b3e62b1e8672057699,5,2026-07-16T06:57:23.000Z,2026-06-02T00:00:00.000Z,Great place to shop .,Great place to shop .,false,0,Geoffrey,69b65c47c9f17693e9d8b602,AU,4,false,"Dear Customer,
Thanks for taking the time to share your feedback. We're glad you're enjoying shopping with us. Our team is always here to provide a great experience, and it's awesome to know you're happy with what we do.
Best regards,
AliExpress Customer Service Team"
www.aliexpress.com,id:6a58548a2a355792aee4d07e,native_id,6a58548a2a355792aee4d07e,5,2026-07-16T05:48:26.000Z,2026-06-11T00:00:00.000Z,I like the way the company responded to…my orders,I like the way the company responds to their customers in very good shipping terms and timing . Good descriptions of the products and exceptional quality.,false,0,Teodor,587d56040000ff000a6d1e30,AU,5,false,"Dear Customer,
Thanks for taking the time to share your feedback. We're glad you're enjoying shopping with us. Our team is always here to provide a great experience, and it's awesome to know you're happy with what we do.
Best regards,
AliExpress Customer Service Team"
www.aliexpress.com,id:6a58538edbef3055d5399c9e,native_id,6a58538edbef3055d5399c9e,5,2026-07-16T05:44:14.000Z,2026-06-15T00:00:00.000Z,no complaints,no complaints,false,0,George Caracoudis,5f0845f890db5c7ac5897868,AU,3,false,"Dear Customer,
Thanks for taking the time to share your feedback. We're glad you're enjoying shopping with us. Our team is always here to provide a great experience, and it's awesome to know you're happy with what we do.
Best regards,
AliExpress Customer Service Team"
www.aliexpress.com,id:6a5850001b924c8e6178ef5c,native_id,6a5850001b924c8e6178ef5c,5,2026-07-16T05:29:04.000Z,2026-07-02T00:00:00.000Z,"Easy to shop,reasonably priced items","Easy to shop,reasonably priced items, good delivery  time, happy with the service. ",false,0,Ross Selby,5cc8e31e1937014f0ee2b05b,AU,9,false,"Dear Customer,
Thanks for taking the time to share your feedback. We're glad you're enjoying shopping with us. Our team is always here to provide a great experience, and it's awesome to know you're happy with what we do.
Best regards,
AliExpress Customer Service Team"
www.aliexpress.com,id:6a583fee3a7da11bfb47b30a,native_id,6a583fee3a7da11bfb47b30a,5,2026-07-16T04:20:30.000Z,2026-07-16T00:00:00.000Z,Great deals on AliExpress!,"Aliexpress is just one of those sites you can't wait to click back on to see what deals are available. 
Countless products for sale. Great deals. Great customer support. Fast international shipping. Everything you'd expect and more for a top-notch online retail platform.",false,0,O. Rhode,55186cce0000ff0001b4d05c,GB,7,false,"Dear Customer,
Thanks for taking the time to share your feedback. We're glad you're enjoying shopping with us. Our team is always here to provide a great experience, and it's awesome to know you're happy with what we do.
Best regards,
AliExpress Customer Service Team"
www.aliexpress.com,id:6a583f525769f76864fb47a9,native_id,6a583f525769f76864fb47a9,1,2026-07-16T04:17:54.000Z,2026-06-23T00:00:00.000Z,Ican provide photos You are lying to the goods are not how…,"You are lying to the goods are not how they described in your advertisement. 
And speedx who is responsible for the logistics is worst company in the world.
",false,2,haytham shaoni,6a583f2cc2526c40778bd6ee,AU,1,false,"Dear Customer.

Thank you for contacting us. We apologise for your unpleasant shopping experience. Our agent sent you an email, please check it out. If you have any questions, please feel free to reply to us via email and we will respond as soon as possible.

Thank you for your understanding and support!

Sincerely.

AliExpress Customer Service Team"
www.aliexpress.com,id:6a582acfa8d7449d89881215,native_id,6a582acfa8d7449d89881215,1,2026-07-16T02:50:23.000Z,2026-07-09T00:00:00.000Z,What I wish I'd known before buying cycling clothing from AliExpress.,"I purchased three items of cycling clothing from AliExpress for almost NZ$200. For varying reasons the items were unsuitable and not what I expected.The fabric quality was generally good, but the after-sales experience and dispute process were extremely disappointing. 
Here's what I wish I'd known before ordering.
1. Don't assume the published size guide is accurate.
I ordered one jersey according to the seller's published body measurements. My chest and waist measurements fell within the advertised size range, yet the jersey was significantly too small to wear. I supplied evidence of my body measurements + the seller's size chart and measurements of the actual garment, but my claim was rejected (no valid reason given).
2. Product photos don't always tell the full story.
A second cycling jersey looked excellent online, but the rear pockets were positioned much higher than every other well-fitting cycling jersey that I own. Rear pockets are an essential functional feature for cyclists. Their high-up-the-back position made them difficult and impractical to access while riding. I supplied comparison photographs and measurements to demonstrate the difference. Their response was the standard:- Your request was closed as the supporting information you provided was not sufficient.
3. Check that the product you receive actually matches the listing.
A thermal cycling vest was advertised with three rear pockets, but the vest I received had no rear pockets at all. I provided photographs and screenshots of the listing to demonstrate the difference.
4. Expect to provide extensive evidence if something goes wrong.
I supplied photographs, measurements, screenshots, comparison images and detailed written explanations for every dispute. Be prepared to document everything from the moment your parcel arrives.
5. Don't expect the dispute process to explain its decisions.
My disputes and appeals were repeatedly rejected with generic statements that my evidence was ""insufficient"", but without explaining why or addressing the specific evidence I had submitted. My evidence clearly demonstrated the issue. This left me with the impression that my submissions had not been truly considered. 
6. Returning an item is not as straightforward as it sounds.
AliExpress eventually agreed that I could return the vest, but only after paying international return postage to China upfront (which is almost as much as the cost of item itself). Although the seller is stated to be responsible for return shipping where an item is not as described, there was no clear or reliable assurance that I would be reimbursed in cash. The guidance also refers to reimbursement by AliExpress coupon in some circumstances, which is of limited value if you no longer wish to shop on the platform.
7. The biggest risk isn't the clothing - it's the after-sales process.
My greatest disappointment wasn't that some items weren't suitable. It was the dispute process itself, which I found opaque, inconsistent and unnecessarily difficult despite making every effort to provide the requested evidence and resolve matters professionally with both the sellers and AliExpress. In my experience, the process eventually reached a point where there was no meaningful opportunity to discuss or clarify the issues further, even though I still had additional evidence and unanswered questions. I was left feeling that the process had become procedural rather than focused on achieving a fair outcome.
8. This experience changed my buying behaviour.
I have purchased many items through other online marketplaces and have always found the returns process straightforward, transparent and customer-focused. This experience with AliExpress has had the opposite effect. Rather than building confidence in the platform, it has reinforced my preference to shop elsewhere. Price is important, but trust, fairness and responsive customer service are ultimately what determine where I choose to spend my money.
My conclusion
Based on this experience, I will not purchase through AliExpress again. If you do choose to buy, do so knowing that you may waste your money and have nothing to show for it. Even though I demonstrated strong evidence, all my time and efforts got me nowhere. So by all means, take screenshots of every product listing, keep all correspondence and photograph every item as soon as it arrives – but know this may get you nowhere. I hope your experience is better than mine, but I believe buyers should understand the risks & potential difficulties of the returns and dispute process before ordering.
",false,1,Larri,63b733ab22ed5b0012473160,NZ,3,false,"Dear Customer.

Thank you for contacting us. We apologise for your unpleasant shopping experience. Our agent sent you an email, please check it out. If you have any questions, please feel free to reply to us via email and we will respond as soon as possible.

Thank you for your understanding and support!

Sincerely.

AliExpress Customer Service Team"
www.aliexpress.com,id:6a581cba4e6a9a4c8b1fc1ec,native_id,6a581cba4e6a9a4c8b1fc1ec,5,2026-07-16T01:50:18.000Z,2026-06-10T00:00:00.000Z,Prompt service products as advertised,Prompt service products as advertised,false,0,Da “Dabol” Bol,6326ab841182b700139d42d3,AU,4,false,"Dear Customer,
Thank you for taking the time to share your feedback with us! We’re thrilled to hear that you’ve enjoyed shopping on AliExpress. Providing a great experience for our customers is always our top priority, and it’s truly rewarding to know that we’ve met your expectations.
If there’s anything more we can do to enhance your experience or if you have any questions, feel free to reach out—our team is always here to help!
Once again, thank you for choosing AliExpress. We look forward to serving you again soon!
Best regards,
AliExpress Customer Service Team"
www.aliexpress.com,id:6a581a005e5a6b427a62672a,native_id,6a581a005e5a6b427a62672a,5,2026-07-16T01:38:40.000Z,2026-05-21T00:00:00.000Z,The shopping selection is simple and a…,"The shopping selection is simple and a great range is presented. Prices are competitive and postage is good value.
Shipping is usually fast but may be impacted by events like weather etc.",false,0,Umbrellaman,64575911efbe6d0015976b91,AU,3,false,"Dear Customer,
Thank you for taking the time to share your feedback with us! We’re thrilled to hear that you’ve enjoyed shopping on AliExpress. Providing a great experience for our customers is always our top priority, and it’s truly rewarding to know that we’ve met your expectations.
If there’s anything more we can do to enhance your experience or if you have any questions, feel free to reach out—our team is always here to help!
Once again, thank you for choosing AliExpress. We look forward to serving you again soon!
Best regards,
AliExpress Customer Service Team"
www.aliexpress.com,id:6a58104ba512342849a2a2aa,native_id,6a58104ba512342849a2a2aa,1,2026-07-16T00:57:15.000Z,2026-07-15T00:00:00.000Z,This item arrived poorly packaged and very poor customer service,"This item arrived poorly packaged and badly damaged — the packaging itself had been punctured by the product inside, which was broken as a result. When I contacted the seller to request a refund for the damaged panel, they refused to offer either a refund or a return postage label, leaving me to deal directly with AliExpress customer service.AliExpress's support was equally disappointing: despite the item arriving damaged through no fault of my own, I was told I would have to pay for return shipping myself. This is completely unreasonable — I shouldn't be out of pocket for a product that was broken before it even reached me.This has been the worst customer service experience I've had with any online retailer. Poor packaging, an unhelpful seller, and a platform unwilling to properly resolve a clear-cut damaged-item claim. I would not recommend buying from this seller, and this experience has seriously put me off using AliExpress again.

Updating that AliExpress continues to send unsatisfactory, repetitive emails claiming to address the issues raised in this complaint but offering no reasonable or workable solutions. They expect the customer to return damaged items at customer’s expense, to personally pursue third party freight company’s whom Ali is the customer for. All this pending their ‘assessment’ and ignoring photographic evidence, while making unreasonable demands for 'unboxing videos’. It is clear that AliExpress does not trust or care about their customer and their  postage and customer service guarantee’s are not properly disclosed and place unreasonable financial burden on the customer and no responsibility on the seller. All in all it has been a frustrating waste of time dealing with AliExpress customer service and I wouldn’t recommend that anyone takes their ‘guarantees’ seriously or buy anything that could be damaged in transit. ",false,2,Layla Vardo,66d4faf398ae9a4c7bb4ac94,AU,3,false,"Dear Customer,

We sincerely apologize for any inconvenience this may have caused you. Please accept our heartfelt apologies.

We have sent an email addressing the issue you encountered on July 20. Please review the content of that email.

If you have any further questions, please feel free to contact us by replying directly to this email.

Thank you for your understanding. Wishing you a wonderful day!

Best regards,
AliExpress Customer Service Team
www.Aliexpress.com"
www.aliexpress.com,id:6a5809c42041cab7665f328e,native_id,6a5809c42041cab7665f328e,5,2026-07-16T00:29:24.000Z,2026-06-17T00:00:00.000Z,I have had nothing but praise for AliExpress.,I have had nothing but great experiences from AliExpress.  The goods are always sent quickly; there is great communication about arrival dates and tracking; sellers allow refunds and often there is no postage costs for returns.  The quality of the goods sold is also great and at much lower cost than I at shops that I could physically purchase from.,false,0,Mrs Kim Dessaix,5258878900006400015012e9,AU,4,false,"Dear Customer,
Thank you for taking the time to share your feedback with us! We’re thrilled to hear that you’ve enjoyed shopping on AliExpress. Providing a great experience for our customers is always our top priority, and it’s truly rewarding to know that we’ve met your expectations.
If there’s anything more we can do to enhance your experience or if you have any questions, feel free to reach out—our team is always here to help!
Once again, thank you for choosing AliExpress. We look forward to serving you again soon!
Best regards,
AliExpress Customer Service Team"
www.aliexpress.com,id:6a57fc35c8d8d20ba169f7e7,native_id,6a57fc35c8d8d20ba169f7e7,5,2026-07-15T23:31:33.000Z,2026-07-02T00:00:00.000Z,Multi product orders,"I made three multi product orders, the email updates, the tracking and delivery alerts were very accurate.
I have always found most products to of very good standard.",false,0,Mr Colin Green,59ddcba10000ff000ad38b0c,GB,17,false,"Dear Customer,
Thank you for taking the time to share your feedback with us! We’re thrilled to hear that you’ve enjoyed shopping on AliExpress. Providing a great experience for our customers is always our top priority, and it’s truly rewarding to know that we’ve met your expectations.
If there’s anything more we can do to enhance your experience or if you have any questions, feel free to reach out—our team is always here to help!
Once again, thank you for choosing AliExpress. We look forward to serving you again soon!
Best regards,
AliExpress Customer Service Team"
www.aliexpress.com,id:6a57e3be42d25108920e51c8,native_id,6a57e3be42d25108920e51c8,5,2026-07-15T21:47:10.000Z,2026-07-13T00:00:00.000Z,More bang for your buck ,Good value vast variety of products to choose from quick shipping ,false,0,Donovan,6424824ed0595300120b4c82,GB,5,false,"Dear Customer,
Thank you for taking the time to share your feedback with us! We’re thrilled to hear that you’ve enjoyed shopping on AliExpress. Providing a great experience for our customers is always our top priority, and it’s truly rewarding to know that we’ve met your expectations.
If there’s anything more we can do to enhance your experience or if you have any questions, feel free to reach out—our team is always here to help!
Once again, thank you for choosing AliExpress. We look forward to serving you again soon!
Best regards,
AliExpress Customer Service Team"
www.aliexpress.com,id:6a57ca3c8d119d5a15592ba5,native_id,6a57ca3c8d119d5a15592ba5,1,2026-07-15T19:58:20.000Z,2026-07-15T00:00:00.000Z,Biggest con ever,"Would give no stars if could. What a scam, ordered cat litter and got a packet of very small tissues not even big enough to blow your nose on. Had a reply from the company who say they have no record of the order which is strange as my husband ordered same cat litter and also got a packet of tissues. I have given them my details but if they have no records of the order so where did the tissues come from?",false,1,Wendy,582b0c980000ff000a577fa1,GB,15,false,"Dear Customer.

Thank you for contacting us. We apologise for your unpleasant shopping experience. Our agent sent you an email, please check it out. If you have any questions, please feel free to reply to us via email and we will respond as soon as possible.

Thank you for your understanding and support!

Sincerely.

AliExpress Customer Service Team"
www.aliexpress.com,id:6a57c83439d152f444a96a36,native_id,6a57c83439d152f444a96a36,1,2026-07-15T19:49:40.000Z,2026-05-20T00:00:00.000Z,I had one of the worst online shopping…,"I had one of the worst online shopping experiences with AliExpress.

I purchased a subwoofer in May 2026, but I still have not received a proper refund despite the ongoing issues. What made the situation even more frustrating was how the dispute was handled. AliExpress claimed to my credit card company that the item had been delivered, but the ""proof"" they submitted was a photo of a car air freshener, not the subwoofer I ordered.

It's unbelievable that such evidence was accepted as proof of delivery for a completely different product. Instead of taking responsibility and resolving the issue fairly, I have spent months trying to recover my money.

The lack of customer support, poor dispute resolution, and misleading evidence have completely destroyed my trust in AliExpress. I will never shop here again and strongly recommend that others think twice before making expensive purchases on this platform. If something goes wrong, don't expect a fair or timely resolution.",false,1,Ali Haririan,6a2a6ef0e33cd124529c9b23,US,2,false,"Dear Customer,

We sincerely apologize for any inconvenience this may have caused you. Please accept our heartfelt apologies.

We have sent an email addressing the issue you encountered on July 20. Please review the content of that email.

If you have any further questions, please feel free to contact us by replying directly to this email.

Thank you for your understanding. Wishing you a wonderful day!

Best regards,
AliExpress Customer Service Team
www.Aliexpress.com"
www.aliexpress.com,id:6a57c3c97432aa5d12346117,native_id,6a57c3c97432aa5d12346117,5,2026-07-15T19:30:49.000Z,2026-07-15T00:00:00.000Z,great site got everything you…,"great site got everything you need,delivery is fast ,if theres a problem it easy to report it and get it sorted.",false,0,Mr paul johnson,5707fa840000ff000a15b342,GB,36,false,"Dear Customer,
Thank you for taking the time to share your feedback with us! We’re thrilled to hear that you’ve enjoyed shopping on AliExpress. Providing a great experience for our customers is always our top priority, and it’s truly rewarding to know that we’ve met your expectations.
If there’s anything more we can do to enhance your experience or if you have any questions, feel free to reach out—our team is always here to help!
Once again, thank you for choosing AliExpress. We look forward to serving you again soon!
Best regards,
AliExpress Customer Service Team"
www.aliexpress.com,id:6a57c26103e29ecc28d3fb8b,native_id,6a57c26103e29ecc28d3fb8b,1,2026-07-15T19:24:49.000Z,2026-07-14T00:00:00.000Z,Disastrous refund experience,"I would rate them with 0 stars if there was an option for it.

I returned an item that was not as its description said when I bought it. They don't provide free pre-paid returns anymore, so I shipped it back and paid for it myself.

More than a week later, they said the product I returned is not the same as what I received and rejected and closed my refund request!! which was totally incorrect.

I provided the evidence of postal fee receipt and tracking number and the package itself, and they rejected it again.

I appealed and provided the evidence again and they said they escalated my case to their ""Senior"" team. I followed up on that case and every time they ask for evidence again and say they haven't decided yet and they would respond to me soon.

It's been 2 weeks and every time I follow up on my case, they ask for the same evidence I have provided 4 times already.

Their service is a total disaster. Don't buy anything from them if you don't want to lose your money on their garbage products and services.

Update: after 5-6 times of follow-up with their customer support, I finally got the info that they haven't received the returned package yet! 
Is it that hard to just inform the customer about that issue at first instead of sending ""regret to inform you we are unable to proceed with your refund request"" or "" found that the proof is not effective enough to prove your claim""?",false,2,Hamid Hosseini,69bef120e932104d8bbd9f44,CA,2,false,"Dear Customer.

Thank you for contacting us. We apologise for your unpleasant shopping experience. Our agent sent you an email, please check it out. If you have any questions, please feel free to reply to us via email and we will respond as soon as possible.

Thank you for your understanding and support!

Sincerely.

AliExpress Customer Service Team"
www.aliexpress.com,id:6a57c105ed449df3f246734d,native_id,6a57c105ed449df3f246734d,1,2026-07-15T19:19:01.000Z,2026-06-25T00:00:00.000Z,Ordered a 1/2 ratchet wa s sent a 3/8…,Ordered a 1/2 ratchet wa s sent a 3/8 ratchet then was told I had to pay for return package and it was my fault. Not happy with that ,false,1,Peter BARCLAY,6a57c0f37b418cb2c27e0962,AU,1,false,"Dear Customer.

Thank you for contacting us. We apologise for your unpleasant shopping experience. Our agent sent you an email, please check it out. If you have any questions, please feel free to reply to us via email and we will respond as soon as possible.

Thank you for your understanding and support!

Sincerely.

AliExpress Customer Service Team"
www.aliexpress.com,id:6a57be0e4928d331a55adeec,native_id,6a57be0e4928d331a55adeec,5,2026-07-15T19:06:22.000Z,2026-07-15T00:00:00.000Z,Shopping with Confidence.,"I have found since i have been shopping through Aliexpress.com, the Outstanding Difference in sellers that Provide so many unique Product's for sale.
When Ordering Product's from a Seller they keep you updated to what you have purchased, when ready for dispatching and every step it takes to the Delivery of your Ordered Package to your Address.
Excellent.",false,0,Gareth Williams,54980ac200006400019f62c0,GB,37,false,"Dear Customer,
Thank you for taking the time to share your feedback with us! We’re thrilled to hear that you’ve enjoyed shopping on AliExpress. Providing a great experience for our customers is always our top priority, and it’s truly rewarding to know that we’ve met your expectations.
If there’s anything more we can do to enhance your experience or if you have any questions, feel free to reach out—our team is always here to help!
Once again, thank you for choosing AliExpress. We look forward to serving you again soon!
Best regards,
AliExpress Customer Service Team"
www.aliexpress.com,id:6a57ad8f15afeaad4a74596e,native_id,6a57ad8f15afeaad4a74596e,1,2026-07-15T17:55:59.000Z,2026-07-06T00:00:00.000Z,Worst returns service ever.,"One item ordered and paid for with two free gifts, sounded good. However one of the gifts, a smartwatch was damaged in transit. Their system to notify is full of inappropriate options and lots of “oops! error something is wrong “. If only 1% of their effort to sell more, was concentrated onto giving good service, when something is wrong, their service would be better.
However it’s not. Worst service I’ve attempted to have in a long time. They should take a leaf out of the Amazon book!
I will never use them again.",false,1,Keith Holman,5272d74500006400015308b3,GB,86,true,"Dear Customer,

First and foremost, please allow us to express our deepest apologies for the condition in which your package arrived. We are absolutely heartbroken to hear that the product was damaged upon delivery, this is certainly not the experience we want for any of our valued customers, especially someone as important as you. It pains us greatly to think that we have let you down.

We are currently conducting a thorough investigation into what went wrong, leaving no stone unturned to ensure this does not happen again. In the meantime, we will be updating you via email every step of the way so you’re always informed about our progress. Kindly keep an eye on your inbox (and spam folder, just in case!) for these updates, we promise to make things right by you.

Thank you so much for bringing this to our attention; your feedback is invaluable to us. If there’s anything else we can do to assist you during this process, please don’t hesitate to reach out we’re here to serve you with all our hearts.

Warm regards,

AliExpress Customer Service Team"
www.aliexpress.com,id:6a57a33b21bdeb24c005472f,native_id,6a57a33b21bdeb24c005472f,5,2026-07-15T17:11:55.000Z,2026-07-15T00:00:00.000Z,AliExpress' service is impeccable,"AliExpress' service is impeccable, keep up the good work 👌",false,0,Plato888,576429c40000ff000a2a2d99,GB,12,false,"Dear Customer,
Thank you for taking the time to share your feedback with us! We’re thrilled to hear that you’ve enjoyed shopping on AliExpress. Providing a great experience for our customers is always our top priority, and it’s truly rewarding to know that we’ve met your expectations.
If there’s anything more we can do to enhance your experience or if you have any questions, feel free to reach out—our team is always here to help!
Once again, thank you for choosing AliExpress. We look forward to serving you again soon!
Best regards,
AliExpress Customer Service Team"
www.aliexpress.com,id:6a57a324bd4f5fd1e40e8689,native_id,6a57a324bd4f5fd1e40e8689,1,2026-07-15T17:11:32.000Z,2026-07-13T00:00:00.000Z,Update regarding Order 1120482664177161:,"
After endless back and forth and this public review, They finally emailed admitting my documents are correct and promised a coupon refund though I still haven't actually received it yet.
Even when it arrives, giving a coupon instead of actual cash is incredibly unfair. I paid real money out of my pocket to return a faulty item. Forcing me to take store credit is just a cheap tactic to make me spend more money with them. I only agreed because they rejected my proof so many times I felt I had no other choice.
I am keeping my 1-star rating. It shouldn’t take a week of arguing, constant document rejections, and a public complaint to get a basic £4.45 refund. The customer service and hassle were disgraceful.",false,1,Rajan Chaudhary,6a4e13b79371bf084c77dcb8,GB,3,true,"Dear Customer,
We sincerely apologize once again for the difficulties you have encountered. As mentioned in our previous email, we have already provided a solution to address your concern. We are committed to improving the quality of our services and ensuring that we can offer you even better support in the future.
If you need further assistance or have any additional questions, please feel free to contact us through the AliExpress Help Center or by replying to the email:
https://helpcenter.aliexpress.com/s/BuyerHelp
Thank you for your understanding and continued cooperation.
Warm regards,
AliExpress Customer Service Team"
www.aliexpress.com,id:6a579fdaf8e437a722a64290,native_id,6a579fdaf8e437a722a64290,1,2026-07-15T16:57:30.000Z,2026-07-16T00:00:00.000Z,The product was falsely advertised as… ,"The product was falsely advertised as being made from stainless steel. In reality it was made from nicely plated zinc die cast. I t looks good but has not much strength to be used as a rope tensioner. First time I used it,it broke.  To return the product would cost me more in time and fuel than the refund I would receive. Traders with products like this will damage the reputation of Aliexpress. ",false,1,Gerhard Braun,6a579fc17b418c3fda7dca2f,AU,1,false,"Dear Customer.

Thank you for contacting us. We apologise for your unpleasant shopping experience. Our agent sent you an email, please check it out. If you have any questions, please feel free to reply to us via email and we will respond as soon as possible.

Thank you for your understanding and support!

Sincerely.

AliExpress Customer Service Team"
www.aliexpress.com,id:6a579724579259e798552bee,native_id,6a579724579259e798552bee,5,2026-07-15T16:20:20.000Z,2026-07-07T00:00:00.000Z,Mostly good products good value and…,Mostly good products good value and delivered quickly,false,0,jack  k,679c9fc6ae68df4d75545621,GB,4,false,"Dear Customer,
Thank you for taking the time to share your feedback with us! We’re thrilled to hear that you’ve enjoyed shopping on AliExpress. Providing a great experience for our customers is always our top priority, and it’s truly rewarding to know that we’ve met your expectations.
If there’s anything more we can do to enhance your experience or if you have any questions, feel free to reach out—our team is always here to help!
Once again, thank you for choosing AliExpress. We look forward to serving you again soon!
Best regards,
AliExpress Customer Service Team"
www.aliexpress.com,id:6a57946cacb1f228871991ea,native_id,6a57946cacb1f228871991ea,5,2026-07-15T16:08:44.000Z,2026-07-03T00:00:00.000Z,"Great range of products, Good Prices, Good Delivery and tracking parcels","Great range of products, great delivery, good prices",false,0,Charles,6a57944c236e3dcf66d4a166,AU,1,true,"Dear Customer,
Thank you for taking the time to share your feedback with us! We’re thrilled to hear that you’ve enjoyed shopping on AliExpress. Providing a great experience for our customers is always our top priority, and it’s truly rewarding to know that we’ve met your expectations.
If there’s anything more we can do to enhance your experience or if you have any questions, feel free to reach out—our team is always here to help!
Once again, thank you for choosing AliExpress. We look forward to serving you again soon!
Best regards,
AliExpress Customer Service Team"
www.aliexpress.com,id:6a5791a7f230916c3775f2ad,native_id,6a5791a7f230916c3775f2ad,5,2026-07-15T15:56:55.000Z,2026-07-15T00:00:00.000Z,10 yrs of loyalty ,"I’ve been a client for about 10 yrs. Overall, excellent client service, fast shipping and products sold on the website have lasted. Far better than some of the competitors. I’m rarely disappointed. 
",false,0,shane jerinic,5a4c46470000ff000af9e921,AU,7,false,"Dear Customer,
Thank you for taking the time to share your feedback with us! We’re thrilled to hear that you’ve enjoyed shopping on AliExpress. Providing a great experience for our customers is always our top priority, and it’s truly rewarding to know that we’ve met your expectations.
If there’s anything more we can do to enhance your experience or if you have any questions, feel free to reach out—our team is always here to help!
Once again, thank you for choosing AliExpress. We look forward to serving you again soon!
Best regards,
AliExpress Customer Service Team"
www.aliexpress.com,id:6a578e61cf1ba03e2732dcb6,native_id,6a578e61cf1ba03e2732dcb6,5,2026-07-15T15:42:57.000Z,2026-07-15T00:00:00.000Z,The best I have found.,Not as many advertisements or supposed competitions as other sites. Descriptions are accurate.  Delivery is timely sometimes faster than other suppliers from within Australia.  If there is a rare problem Ali express resolve it in all cases do far.,false,0,Paul Burrows,59dcb9910000ff000ad328df,AU,7,false,"Dear Customer,
Thank you for taking the time to share your feedback with us! We’re thrilled to hear that you’ve enjoyed shopping on AliExpress. Providing a great experience for our customers is always our top priority, and it’s truly rewarding to know that we’ve met your expectations.
If there’s anything more we can do to enhance your experience or if you have any questions, feel free to reach out—our team is always here to help!
Once again, thank you for choosing AliExpress. We look forward to serving you again soon!
Best regards,
AliExpress Customer Service Team"
www.aliexpress.com,id:6a578c8a839dcfd2885d2717,native_id,6a578c8a839dcfd2885d2717,5,2026-07-15T15:35:06.000Z,2026-07-15T00:00:00.000Z,"Good quick delivery,good value.","Good quick delivery,good value.",false,0,Mr Sadowski,6623d9ba2b33e50012797602,GB,7,false,"Dear Customer,
Thank you for taking the time to share your feedback with us! We’re thrilled to hear that you’ve enjoyed shopping on AliExpress. Providing a great experience for our customers is always our top priority, and it’s truly rewarding to know that we’ve met your expectations.
If there’s anything more we can do to enhance your experience or if you have any questions, feel free to reach out—our team is always here to help!
Once again, thank you for choosing AliExpress. We look forward to serving you again soon!
Best regards,
AliExpress Customer Service Team"
www.aliexpress.com,id:6a578b978867c9af9d74005b,native_id,6a578b978867c9af9d74005b,5,2026-07-15T15:31:03.000Z,2026-07-15T00:00:00.000Z,delivered as expected,delivered as expected,false,0,woodm,5c8bbf80bd7b74dc236e2004,GB,15,false,"Dear Customer,
Thank you for taking the time to share your feedback with us! We’re thrilled to hear that you’ve enjoyed shopping on AliExpress. Providing a great experience for our customers is always our top priority, and it’s truly rewarding to know that we’ve met your expectations.
If there’s anything more we can do to enhance your experience or if you have any questions, feel free to reach out—our team is always here to help!
Once again, thank you for choosing AliExpress. We look forward to serving you again soon!
Best regards,
AliExpress Customer Service Team"
www.aliexpress.com,id:6a5785a930a80c91c6a5a503,native_id,6a5785a930a80c91c6a5a503,1,2026-07-15T15:05:45.000Z,2026-07-15T00:00:00.000Z,Aliexpress is supposed to offer free return within 15 days,"Aliexpress is supposed to offer free return within 15 days of receipt. But when I tried to activate this free return (for supposedly Bosch-compatible Li-ion batteries, but actually UNcompatible batteries), the seller used all kinds of evasion tactics, and Aliexpress ""customer support"" was no help and sided with the dishonest seller.  Pay more on Amazon, but with a much better service and a true return guarantee.",false,2,geeji,580504490000ff000a4e623b,FR,31,true,"Dear Customer.

Thank you for contacting us. We apologise for your unpleasant shopping experience. Our agent sent you an email, please check it out. If you have any questions, please feel free to reply to us via email and we will respond as soon as possible.

Thank you for your understanding and support!

Sincerely.

AliExpress Customer Service Team"
www.aliexpress.com,id:6a5779e33d731fec68a49333,native_id,6a5779e33d731fec68a49333,5,2026-07-15T14:15:32.000Z,2026-07-15T00:00:00.000Z,My order arrived very quickly & was…,My order arrived very quickly & was well packed. Everything was as described and I am a happy customer.,false,0,MRSJANEEPPS,620cafaeeba3b100120a0cee,GB,21,false,"Dear Customer,
Thank you for taking the time to share your feedback with us! We’re thrilled to hear that you’ve enjoyed shopping on AliExpress. Providing a great experience for our customers is always our top priority, and it’s truly rewarding to know that we’ve met your expectations.
If there’s anything more we can do to enhance your experience or if you have any questions, feel free to reach out—our team is always here to help!
Once again, thank you for choosing AliExpress. We look forward to serving you again soon!
Best regards,
AliExpress Customer Service Team"
www.aliexpress.com,id:6a57792de1dbd40a81962cef,native_id,6a57792de1dbd40a81962cef,5,2026-07-15T14:12:29.000Z,2026-06-10T00:00:00.000Z,Hullo my name is len petru email is len…,Hullo my name is len petru email is len petru at gmail.com i live at 30 ambleside augustus street nw13ta camden london i ordered a david bowie t shirt it was returned to you as you never had my address i still want it can you look into for me please thanks,false,0,Len Petru,6a5778f5236e3d26a6d4680f,GB,1,false,"Dear Customer.
Thank you for contacting us. We apologise for your unpleasant shopping experience. Our agent sent you an email, please check it out. If you have any questions, please feel free to reply to us via email and we will respond as soon as possible.
Thank you for your understanding and support!
Sincerely.
AliExpress Customer Service Team"
www.aliexpress.com,id:6a577714bdbfbfcc1ab1e736,native_id,6a577714bdbfbfcc1ab1e736,5,2026-07-15T14:03:32.000Z,2026-07-15T00:00:00.000Z,Great service easy to use web page  ,"Great service easy to use web page  , great prices , can get every thing i am looking for , quick delivery",false,0,NC,6a4500b75334ac491e0a45ec,GB,2,false,"Dear Customer,
Thank you for taking the time to share your feedback with us! We’re thrilled to hear that you’ve enjoyed shopping on AliExpress. Providing a great experience for our customers is always our top priority, and it’s truly rewarding to know that we’ve met your expectations.
If there’s anything more we can do to enhance your experience or if you have any questions, feel free to reach out—our team is always here to help!
Once again, thank you for choosing AliExpress. We look forward to serving you again soon!
Best regards,
AliExpress Customer Service Team"
www.aliexpress.com,id:6a57763153ac484788a1ef90,native_id,6a57763153ac484788a1ef90,5,2026-07-15T13:59:45.000Z,2026-07-15T00:00:00.000Z,Too good too much,"I've yet to not find the stuff I'm looking for at a price  I find acceptable on your site, so what's not to like.",false,0,Michael,61e03f0a5f41cf0012058567,AU,4,false,"Dear Customer,
Thank you for taking the time to share your feedback with us! We’re thrilled to hear that you’ve enjoyed shopping on AliExpress. Providing a great experience for our customers is always our top priority, and it’s truly rewarding to know that we’ve met your expectations.
If there’s anything more we can do to enhance your experience or if you have any questions, feel free to reach out—our team is always here to help!
Once again, thank you for choosing AliExpress. We look forward to serving you again soon!
Best regards,
AliExpress Customer Service Team"
www.aliexpress.com,id:6a576e134791387cd69984a2,native_id,6a576e134791387cd69984a2,1,2026-07-15T13:25:07.000Z,2026-07-14T00:00:00.000Z,WARNING! Fraudulent Seller & AliExpress Support is a Scam (2 Appeals Rejected)!,"The seller sent a completely wrong, tiny size that doesn't fit my 'Lenovo IdeaPad Flex 5' at all. After proving it with videos, the seller admitted the mistake and agreed in writing to a 50% refund without a return.

The real nightmare is AliExpress support. I opened a dispute and it was rejected. I then submitted TWO separate Appeals, attaching clear screenshots of the seller's refund agreement and photo evidence. Both times, AliExpress instantly rejected my appeal with the exact same automated, copy-paste template ('votre demande d'appel a été clôturée').

There are NO real humans reviewing these disputes. It is managed by useless bots programmed to deny refunds and steal your money. AliExpress has zero buyer protection. Save your money and stay away from this store and this platform!

3pcs/pack for Lenovo ideaPad 3i 15 Slim 7 15.6 15p ThinkBook 15 G2 G3 Flex 5 15.6 Notebook Laptop Screen Protector Film
",false,1,lamine bouafia,6a4b7904b90f9d0af11d1c0d,US,1,false,"Dear Customer.

Thank you for contacting us. We apologise for your unpleasant shopping experience. Our agent sent you an email, please check it out. If you have any questions, please feel free to reply to us via email and we will respond as soon as possible.

Thank you for your understanding and support!

Sincerely.

AliExpress Customer Service Team"
www.aliexpress.com,id:6a576db2f24452b56fce2ac4,native_id,6a576db2f24452b56fce2ac4,5,2026-07-15T13:23:30.000Z,2026-06-18T00:00:00.000Z,Affordable products delivered quickly,Affordable products delivered quickly,false,0,Mr Gerard Gardner,61f7e990afedc20013d80ebe,GB,4,true,"Dear Customer,
Thank you for taking the time to share your feedback with us! We’re thrilled to hear that you’ve enjoyed shopping on AliExpress. Providing a great experience for our customers is always our top priority, and it’s truly rewarding to know that we’ve met your expectations.
If there’s anything more we can do to enhance your experience or if you have any questions, feel free to reach out—our team is always here to help!
Once again, thank you for choosing AliExpress. We look forward to serving you again soon!
Best regards,
AliExpress Customer Service Team"
www.aliexpress.com,id:6a576ca8effb433dfbd87f59,native_id,6a576ca8effb433dfbd87f59,1,2026-07-15T13:19:05.000Z,2026-07-07T00:00:00.000Z,Ali are LIARS and SCAMMERS,"Ali CANNOT BE TRUSTED. They are SCAMMERS, LIARS and TIME WASTERS! They promise Free Return Shipping but then Deduct $34 from the refund. NEVER AGAIN!",false,1,Greg,69c4eeb61a47fa9f1cb657b7,AU,2,false,"Dear Valued Customer,
We sincerely apologize for the inconvenience caused by you not receiving the refund for the return shipping fees. Please understand that we deeply regret any frustration or disappointment this may have caused you.
Our priority is to ensure that your experience with us remains positive and satisfactory.
We will provide regular updates via email regarding the progress of our investigation and any developments. Your patience and cooperation are greatly appreciated, and we are committed to resolving this issue as swiftly as possible.
Thank you for your understanding and continued support. Please keep an eye on your emails for further communication, and do not hesitate to contact us directly if you have any questions or concerns.
Warm regards,
AliExpress Customer Service Team"
www.aliexpress.com,id:6a576c3c33ba65fb584f8549,native_id,6a576c3c33ba65fb584f8549,1,2026-07-15T13:17:16.000Z,2026-07-13T00:00:00.000Z,Extremely bad experience,"Extremely bad experience. I feel I was ripped off when buying a clock from Ali Express. What I thought I was buying was a nice wooden clock, what arrived was a cheap very thin piece of ply with a sticker on it. When I complained and asked for a refund I was told I would have to pay the postage back to China leaving me right of pocket to get nothing for it. I also had to wait nearly 6 weeks for it to arrive.

Now I'm over £16 out of pocket for a piece of tat that I can do nothing with as it certainly can't go on the wall.

I also noticed after I began looking for a clock online that the same clock was for sale on Amazon for £7 meaning Ali Express was charging over double the price! I'm shocked at the lack of customer service and the inflated pricing so buyers beware, think twice before buying from Ali Express you just might regret it 

",false,1,William Fullerton,5d95dd61636e94c4a7b8aaf8,GB,28,false,"Dear Customer.

Thank you for contacting us. We apologise for your unpleasant shopping experience. Our agent sent you an email, please check it out. If you have any questions, please feel free to reply to us via email and we will respond as soon as possible.

Thank you for your understanding and support!

Sincerely.

AliExpress Customer Service Team"
www.aliexpress.com,id:6a576703e06206e095eb8a42,native_id,6a576703e06206e095eb8a42,5,2026-07-15T12:54:59.000Z,2026-07-15T00:00:00.000Z,AliExpress is an amazing central…,"AliExpress is an amazing central shopping site for buying goods from over sea's.
the service and quick responses are 10/10",false,0,JohnGore,697a591560a40befa5c4dc39,GB,3,false,"Dear Customer,
Thank you for taking the time to share your feedback with us! We’re thrilled to hear that you’ve enjoyed shopping on AliExpress. Providing a great experience for our customers is always our top priority, and it’s truly rewarding to know that we’ve met your expectations.
If there’s anything more we can do to enhance your experience or if you have any questions, feel free to reach out—our team is always here to help!
Once again, thank you for choosing AliExpress. We look forward to serving you again soon!
Best regards,
AliExpress Customer Service Team"
www.aliexpress.com,id:6a5763c7e20155af5b267eab,native_id,6a5763c7e20155af5b267eab,5,2026-07-15T12:41:11.000Z,2026-07-03T00:00:00.000Z,Great gear at good prices,"Great gear at good prices, especially electronics, some of which I have not seen elsewhere. Pretty good postage. The free returns system actually works - and they honor it, as well as the spirit of it, in my experience.",false,0,Chris,646d64b83ea25100122908aa,AU,6,false,"Dear Customer,
Thank you for taking the time to share your feedback with us! We’re thrilled to hear that you’ve enjoyed shopping on AliExpress. Providing a great experience for our customers is always our top priority, and it’s truly rewarding to know that we’ve met your expectations.
If there’s anything more we can do to enhance your experience or if you have any questions, feel free to reach out—our team is always here to help!
Once again, thank you for choosing AliExpress. We look forward to serving you again soon!
Best regards,
AliExpress Customer Service Team"
www.aliexpress.com,id:6a576380aec337b921481a9c,native_id,6a576380aec337b921481a9c,1,2026-07-15T12:40:00.000Z,2026-07-15T00:00:00.000Z,Received dangerous product,"Received fake and dangerous product, which I'm not able to return. AliExpress doesn't take any responsibility on the issue. Would not recommend and won't be using anymore.

I have been contacted their Customer Support for 8 time. Every time there has been a promise to fix the issue, but then the ticket has been closed with some generic information. 

It's really frustrating, when you get scammed by the seller, and the seller nor the platform which has been used for scam, won't take any responsibility. ",false,1,Customer,56ceb7a30000ff000a0949c3,FI,8,false,"Dear Customer,

We sincerely apologize for any inconvenience this may have caused you. Please accept our heartfelt apologies.

We have sent an email addressing the issue you encountered on July 20. Please review the content of that email.

If you have any further questions, please feel free to contact us by replying directly to this email.

Thank you for your understanding. Wishing you a wonderful day!

Best regards,
AliExpress Customer Service Team
www.Aliexpress.com"
www.aliexpress.com,id:6a575e51de11dde832df2dcd,native_id,6a575e51de11dde832df2dcd,5,2026-07-15T12:17:53.000Z,2026-07-15T00:00:00.000Z,"Ripper mate, a real U beaut.","Everything I have bought recently has been the expected quality at the expected price, delivered fairly promptly, well packed and safe, so all good here.",false,0,Tony Webster,5f0d6adbf3092d1b297ad3d5,AU,11,true,"Dear Customer,
Thank you for taking the time to share your feedback with us! We’re thrilled to hear that you’ve enjoyed shopping on AliExpress. Providing a great experience for our customers is always our top priority, and it’s truly rewarding to know that we’ve met your expectations.
If there’s anything more we can do to enhance your experience or if you have any questions, feel free to reach out—our team is always here to help!
Once again, thank you for choosing AliExpress. We look forward to serving you again soon!
Best regards,
AliExpress Customer Service Team"
www.aliexpress.com,id:6a575df19b269f3368a984a7,native_id,6a575df19b269f3368a984a7,5,2026-07-15T12:16:17.000Z,2026-07-14T00:00:00.000Z,Value for money and quick and easy to…,Value for money and quick and easy to order ,false,0,Michael Naus,6a575de87b418cae947d4457,AU,1,false,"Dear Customer,
Thank you for taking the time to share your feedback with us! We’re thrilled to hear that you’ve enjoyed shopping on AliExpress. Providing a great experience for our customers is always our top priority, and it’s truly rewarding to know that we’ve met your expectations.
If there’s anything more we can do to enhance your experience or if you have any questions, feel free to reach out—our team is always here to help!
Once again, thank you for choosing AliExpress. We look forward to serving you again soon!
Best regards,
AliExpress Customer Service Team"
www.aliexpress.com,id:6a575d49ee93c771fc3ef2ea,native_id,6a575d49ee93c771fc3ef2ea,5,2026-07-15T12:13:29.000Z,2026-07-08T00:00:00.000Z,The range of products that cater for…,"The range of products that cater for all interests, the site sertainly for my interests.
The delivery is certainly quicker than expected for China orders, and seller turn round after order is fast on most items
",false,0,PAUL WILSON,5a48ad650000ff000af9027f,GB,8,false,"Dear Customer,
Thank you for taking the time to share your feedback with us! We’re thrilled to hear that you’ve enjoyed shopping on AliExpress. Providing a great experience for our customers is always our top priority, and it’s truly rewarding to know that we’ve met your expectations.
If there’s anything more we can do to enhance your experience or if you have any questions, feel free to reach out—our team is always here to help!
Once again, thank you for choosing AliExpress. We look forward to serving you again soon!
Best regards,
AliExpress Customer Service Team"
www.aliexpress.com,id:6a575c6fe1e32dac021b60e2,native_id,6a575c6fe1e32dac021b60e2,5,2026-07-15T12:09:51.000Z,2026-06-28T00:00:00.000Z,Delivery are faster than anyoane and…,Delivery are faster than anyoane and good prices,false,0,Cornel Antal,6a575c0f236e3d595bd431e1,AU,1,false,"Dear Customer,
Thank you for taking the time to share your feedback with us! We’re thrilled to hear that you’ve enjoyed shopping on AliExpress. Providing a great experience for our customers is always our top priority, and it’s truly rewarding to know that we’ve met your expectations.
If there’s anything more we can do to enhance your experience or if you have any questions, feel free to reach out—our team is always here to help!
Once again, thank you for choosing AliExpress. We look forward to serving you again soon!
Best regards,
AliExpress Customer Service Team"
www.aliexpress.com,id:6a575b42be33a5ba7acfba86,native_id,6a575b42be33a5ba7acfba86,5,2026-07-15T12:04:50.000Z,2026-07-10T00:00:00.000Z,Had a few items from this company and…,"Had a few items from this company and everything has been excellent.
They sell so much stuff it's easy to find what your looking for and to order 
Easy to pay I've found them to be trustworthy I've had no problems I was informed of date it would be derby and in some cases it has arrived early excellent delivery service always with in the times I'm given .it's easy to track your parcel and considering how far they have to come I found it to be quicker delivery than with other companies that send from china  highly recommend ",false,0,Customer donna thompson,53cd697a00006400018024e8,GB,24,false,"Dear Customer,
Thank you for taking the time to share your feedback with us! We’re thrilled to hear that you’ve enjoyed shopping on AliExpress. Providing a great experience for our customers is always our top priority, and it’s truly rewarding to know that we’ve met your expectations.
If there’s anything more we can do to enhance your experience or if you have any questions, feel free to reach out—our team is always here to help!
Once again, thank you for choosing AliExpress. We look forward to serving you again soon!
Best regards,
AliExpress Customer Service Team"
www.aliexpress.com,id:6a575aed17aa41595b9b7f70,native_id,6a575aed17aa41595b9b7f70,1,2026-07-15T12:03:25.000Z,2026-04-04T00:00:00.000Z,Never got respons or refund,Despite many many emails about receiving poor-quality shoes. No response received  and no refund. ,false,1,En,6410ff79df6fc2001228c544,NL,6,true,"Dear Customer,
Due to the lack of completed request information form, we regret to inform you that we are unable to process your case due to insufficient information. Please accept our deepest apologies for any inconvenience you've faced. If you need further assistance or have any additional questions, please don't hesitate to consult our Help Center at AliExpress.
https://helpcenter.aliexpress.com/s/BuyerHelp
Thank you for your understanding and cooperation.
Best regards,
AliExpress Customer Service Team"
www.aliexpress.com,id:6a575a8deb456654806f2be2,native_id,6a575a8deb456654806f2be2,5,2026-07-15T12:01:49.000Z,2026-07-15T00:00:00.000Z,"Aliexpress, quality consumer products. ","Aliexpress, simply millions of quality consumer products at absolutely unbeatable prices...",false,0,eric jarvie,6131508b5d062200135f8f5e,GB,15,true,"Dear Customer,
Thank you for taking the time to share your feedback with us! We’re thrilled to hear that you’ve enjoyed shopping on AliExpress. Providing a great experience for our customers is always our top priority, and it’s truly rewarding to know that we’ve met your expectations.
If there’s anything more we can do to enhance your experience or if you have any questions, feel free to reach out—our team is always here to help!
Once again, thank you for choosing AliExpress. We look forward to serving you again soon!
Best regards,
AliExpress Customer Service Team"
www.aliexpress.com,id:6a5759c3b387fe34fd14554a,native_id,6a5759c3b387fe34fd14554a,5,2026-07-15T11:58:27.000Z,2026-07-13T00:00:00.000Z,great value ,"on time, good product great price",false,0,Denis Langan,67d6e694267d3e7dbe25dfb5,GB,5,false,"Dear Customer,
Thank you for taking the time to share your feedback with us! We’re thrilled to hear that you’ve enjoyed shopping on AliExpress. Providing a great experience for our customers is always our top priority, and it’s truly rewarding to know that we’ve met your expectations.
If there’s anything more we can do to enhance your experience or if you have any questions, feel free to reach out—our team is always here to help!
Once again, thank you for choosing AliExpress. We look forward to serving you again soon!
Best regards,
AliExpress Customer Service Team"
www.aliexpress.com,id:6a57572e6141dabfa2294ac7,native_id,6a57572e6141dabfa2294ac7,5,2026-07-15T11:47:26.000Z,2026-07-14T00:00:00.000Z,Amazing awesome quality products,"Amazing awesome quality products
Absolutely love it
Thankyou ",false,0,Stuart Clark,66fdb7e73695244daefcdddc,GB,47,true,"Dear Customer,
Thank you for taking the time to share your feedback with us! We’re thrilled to hear that you’ve enjoyed shopping on AliExpress. Providing a great experience for our customers is always our top priority, and it’s truly rewarding to know that we’ve met your expectations.
If there’s anything more we can do to enhance your experience or if you have any questions, feel free to reach out—our team is always here to help!
Once again, thank you for choosing AliExpress. We look forward to serving you again soon!
Best regards,
AliExpress Customer Service Team"
www.aliexpress.com,id:6a5756e3b4a641c15c99d23b,native_id,6a5756e3b4a641c15c99d23b,1,2026-07-15T11:46:11.000Z,2026-06-03T00:00:00.000Z,This company sells a very poor products…,"This company sells a very poor products online which the actual products are very different from what they advertised on the web. Very poor customer service. I have returned an item following their instructions and paid the postage, although they received it according to the royal mail tracking system, but never I got my refund and postage costs. This company is a fraud and not reliable and it should be banned in the UK as it doesn't follow EU or UK trade regulations. Never I buy anything from Aliexpress !!",false,1,Office,6a5756d9c2526c44488a7a61,GB,1,false,"Dear Customer.
Thank you for contacting us. We apologise for your unpleasant shopping experience. Our agent sent you an email, please check it out. If you have any questions, please feel free to reply to us via email and we will respond as soon as possible.
Thank you for your understanding and support!
Sincerely.
AliExpress Customer Service Team"
www.aliexpress.com,id:6a5755f5474763b46bd14eb4,native_id,6a5755f5474763b46bd14eb4,4,2026-07-15T11:42:13.000Z,2026-07-15T00:00:00.000Z,Lawn mowing parts,"mostly item correct and quarlitied
But one of items is wrong dimension of piston ring thickness which is ordered part for lawn mowing",false,0,Duk An,6a5755e9ff3db23040b30c34,AU,1,false,"Dear Customer.

Thank you for contacting us. We apologise for your unpleasant shopping experience. Our agent sent you an email, please check it out. If you have any questions, please feel free to reply to us via email and we will respond as soon as possible.

Thank you for your understanding and support!

Sincerely.

AliExpress Customer Service Team"
www.aliexpress.com,id:6a575599ea01ed064b7eb18b,native_id,6a575599ea01ed064b7eb18b,2,2026-07-15T11:40:41.000Z,2026-07-15T00:00:00.000Z,Stop false pricing on adverts,Stop false pricing on adverts only to find out when you click on the advert either the price advertised has gone up or it's for something not related to that in the advertised picture!!!!!!!!!!!!!!!!!!!!!!!!!!!!!!!!!!!!!!!!!!!!!,false,1,Paul Savage,5d08d5d27d129250fbd6d17b,GB,21,false,"Dear Customer,
Thank you for your feedback. 
Prices may be updated at check-out due several factors, including seller’s changes of product price, change of currency, exchange rate, the ship-from location, the actual delivery address (country), the delivery model selected, promotion, discounts or coupons applicable. VAT calculation will be updated accordingly upon check-out.
If you have any questions or need further assistance, please don’t hesitate to reach out.
Warm regards,
AliExpress Customer Service Team"
www.aliexpress.com,id:6a57533a149f5e44ff6ddf46,native_id,6a57533a149f5e44ff6ddf46,5,2026-07-15T11:30:34.000Z,2026-07-09T00:00:00.000Z,I always find what i'm looking for,I always find what i'm looking for - a huge variety of quality and prices are offered. Shipping is quick ,false,0,Jack Appelbee,5801c4150000ff000a4dbd7e,AU,12,false,"Dear Customer,
Thank you for taking the time to share your feedback with us! We’re thrilled to hear that you’ve enjoyed shopping on AliExpress. Providing a great experience for our customers is always our top priority, and it’s truly rewarding to know that we’ve met your expectations.
If there’s anything more we can do to enhance your experience or if you have any questions, feel free to reach out—our team is always here to help!
Once again, thank you for choosing AliExpress. We look forward to serving you again soon!
Best regards,
AliExpress Customer Service Team"
www.aliexpress.com,id:6a5752f0a91ac13fccc31499,native_id,6a5752f0a91ac13fccc31499,4,2026-07-15T11:29:20.000Z,2026-07-07T00:00:00.000Z,Exactly the iron that was listed  on…,Exactly the iron that was listed  on the add. ,false,0,Gary O'Keefe,6a5752e3b06fbf1346e56e16,AU,1,false,"Dear Customer,
Thank you for taking the time to share your feedback with us! We’re thrilled to hear that you’ve enjoyed shopping on AliExpress. Providing a great experience for our customers is always our top priority, and it’s truly rewarding to know that we’ve met your expectations.
If there’s anything more we can do to enhance your experience or if you have any questions, feel free to reach out—our team is always here to help!
Once again, thank you for choosing AliExpress. We look forward to serving you again soon!
Best regards,
AliExpress Customer Service Team"
www.aliexpress.com,id:6a574f827f02c217f93ce9dc,native_id,6a574f827f02c217f93ce9dc,5,2026-07-15T11:14:42.000Z,2026-07-14T00:00:00.000Z,Very satisfied with Ali Express.,Very satisfied with Ali Express.,false,0,customer Max,5d37dc82bc439d7cadbeb08b,AU,12,false,"Dear Customer,
Thank you for taking the time to share your feedback with us! We’re thrilled to hear that you’ve enjoyed shopping on AliExpress. Providing a great experience for our customers is always our top priority, and it’s truly rewarding to know that we’ve met your expectations.
If there’s anything more we can do to enhance your experience or if you have any questions, feel free to reach out—our team is always here to help!
Once again, thank you for choosing AliExpress. We look forward to serving you again soon!
Best regards,
AliExpress Customer Service Team"
www.aliexpress.com,id:6a574f588d3f892842cf875c,native_id,6a574f588d3f892842cf875c,5,2026-07-15T11:14:00.000Z,2026-07-12T00:00:00.000Z,Great value @ AliExpress,"AliExpress is one of the best value online platforms, if not the best! Their prices at times can be lower than Temu, but certainly lower than Amazon or eBay. And to add even more value to the consumer, are their Bundle Deals, the deals there can be nothing short of amazing! The trade-off can be that the postage can take a bit longer, but it's well worth it. Keep it up!",false,0,JOANNE  K,609ba33b910779001a95cfa3,AU,6,false,"Dear Customer,
Thank you for taking the time to share your feedback with us! We’re thrilled to hear that you’ve enjoyed shopping on AliExpress. Providing a great experience for our customers is always our top priority, and it’s truly rewarding to know that we’ve met your expectations.
If there’s anything more we can do to enhance your experience or if you have any questions, feel free to reach out—our team is always here to help!
Once again, thank you for choosing AliExpress. We look forward to serving you again soon!
Best regards,
AliExpress Customer Service Team"
www.aliexpress.com,id:6a574e400f478795a03fb6e6,native_id,6a574e400f478795a03fb6e6,4,2026-07-15T11:09:20.000Z,2026-05-06T00:00:00.000Z,Safe and fast delivery and lots of items to shop around.,"fast delivery and lots of items to shop, only some listed item did not mention the true size of the item and confuse shoppers.",false,0,kidson leung ,5d5537b74a0f188398c428c8,AU,6,false,"Dear Valued Customer,
Thank you for sharing your feedback with us—it truly matters and helps us grow. We are dedicated to continuously improving our services to provide you with the best possible shopping experience. Your satisfaction is our top priority, and we assure you that we take your concerns very seriously.
We deeply value your input and are grateful for your support. If you need further assistance or have any additional questions, please don't hesitate to reach out to our Help Center at https://helpcenter.aliexpress.com/s/BuyerHelp.
Warm regards,
AliExpress Customer Service Team"
www.aliexpress.com,id:6a574b6409f8f2f35d93f41a,native_id,6a574b6409f8f2f35d93f41a,1,2026-07-15T10:57:08.000Z,2026-07-14T00:00:00.000Z,Nonsensical response ,"How is it going with return shipping fee. I have been waiting for several months, uploaded receipt and documents four times and are getting nonsensical response.",false,1,SN,6a574a16ff3db2621bb2f7b6,SE,1,false,"Dear Customer,
Thank you for contacting us.
We have processed your return shipping fee refund. Please check your email for detailed information. We sincerely apologize for any inconvenience this may have caused.
If you have any questions or need further assistance, please feel free to reply to this email. Thank you for your understanding and support!
Best regards,
AliExpress Customer Service Team"
www.aliexpress.com,id:6a574b4e83d1f46d7dbad32b,native_id,6a574b4e83d1f46d7dbad32b,5,2026-07-15T10:56:46.000Z,2026-07-01T00:00:00.000Z,Great prices,"Great prices, good info regarding tracking. No issues. Would recommend! ",false,0,Mark Lee-Kilgariff,5fb7d3eb85d758001ad5f8cd,GB,6,false,"Dear Customer,
Thank you for taking the time to share your feedback with us! We’re thrilled to hear that you’ve enjoyed shopping on AliExpress. Providing a great experience for our customers is always our top priority, and it’s truly rewarding to know that we’ve met your expectations.
If there’s anything more we can do to enhance your experience or if you have any questions, feel free to reach out—our team is always here to help!
Once again, thank you for choosing AliExpress. We look forward to serving you again soon!
Best regards,
AliExpress Customer Service Team"
www.aliexpress.com,id:6a574b060bb0382d544a6377,native_id,6a574b060bb0382d544a6377,5,2026-07-15T10:55:35.000Z,2026-07-15T00:00:00.000Z,always browsing through,always browsing through.  so many great products I always end up buying,false,0,Maria,683689d52824b50ae9f855d3,AU,4,false,"Dear Customer,
Thank you for taking the time to share your feedback with us! We’re thrilled to hear that you’ve enjoyed shopping on AliExpress. Providing a great experience for our customers is always our top priority, and it’s truly rewarding to know that we’ve met your expectations.
If there’s anything more we can do to enhance your experience or if you have any questions, feel free to reach out—our team is always here to help!
Once again, thank you for choosing AliExpress. We look forward to serving you again soon!
Best regards,
AliExpress Customer Service Team"
www.aliexpress.com,id:6a574a827074dfea3a62bd9c,native_id,6a574a827074dfea3a62bd9c,5,2026-07-15T10:53:22.000Z,2026-07-14T00:00:00.000Z,Never had a bad experience ,"I have made several purchases,from rc helicopters to spare parts and various tools and accessories and my experience has been excellent.",false,0,VINCENT CAIN,64d52abe227c1e001288f643,GB,8,false,"Dear Customer,
Thank you for taking the time to share your feedback with us! We’re thrilled to hear that you’ve enjoyed shopping on AliExpress. Providing a great experience for our customers is always our top priority, and it’s truly rewarding to know that we’ve met your expectations.
If there’s anything more we can do to enhance your experience or if you have any questions, feel free to reach out—our team is always here to help!
Once again, thank you for choosing AliExpress. We look forward to serving you again soon!
Best regards,
AliExpress Customer Service Team"
www.aliexpress.com,id:6a574533222d08ca5766f326,native_id,6a574533222d08ca5766f326,1,2026-07-15T10:30:43.000Z,2026-06-27T00:00:00.000Z,Ordered from Shop1102147977 Store a…,"Ordered from Shop1102147977 Store a cabinet, waited for a long time with no update, asked for a refund that was suspiciously immediately refunded. 
I highly suspect the shop never shipped the item ",false,1,Hung,6a57450fb06fbf3291e55519,AU,1,false,"Dear customer,
Sincerely apologize for the inconvenience caused. 
Our agent has replied with more detailed information in the email. Please kindly check and reply to our agent. If you have any other questions, please go to our Help center page【https://helpcenter.aliexpress.com/s/BuyerHelp?】 for online customer service.
Your understanding and cooperation are deeply appreciated.
Best regards,
AliExpress Customer Service Team"
www.aliexpress.com,id:6a57448c20049c042eb46691,native_id,6a57448c20049c042eb46691,1,2026-07-15T10:27:56.000Z,2026-07-13T00:00:00.000Z,"My delivery never arrived, no refund.","My delivery never arrived, the photo of delivery was not my address, even though I pointed this out, Aliexpress insisted that it was delivered, no refund, Evri are useless. ",false,1,customer Jon. ,5b55fb124de5666d3420dd28,GB,6,false,"Dear Customer.

Thank you for contacting us. 
We have processed a refund for your order, please see our email for details. We apologise for any inconvenience this may have caused you.
If you have any questions or need further assistance, please feel free to contact us by replying to the email. Thank you for your understanding and support!

Sincerely,
AliExpress Customer Service Team"
www.aliexpress.com,id:6a57441e4f7a232387e4d5d7,native_id,6a57441e4f7a232387e4d5d7,5,2026-07-15T10:26:06.000Z,2026-07-12T00:00:00.000Z,You can always get great deals on goods…,You can always get great deals on goods mostly with free shipping if you group some items together. If there is ever a problem with an item I have returned the item and got a refund. ,false,0,Dave Allen,6a57440d236e3d13cfd40765,AU,1,false,"Dear Customer,
Thank you for taking the time to share your feedback with us! We’re thrilled to hear that you’ve enjoyed shopping on AliExpress. Providing a great experience for our customers is always our top priority, and it’s truly rewarding to know that we’ve met your expectations.
If there’s anything more we can do to enhance your experience or if you have any questions, feel free to reach out—our team is always here to help!
Once again, thank you for choosing AliExpress. We look forward to serving you again soon!
Best regards,
AliExpress Customer Service Team"
www.aliexpress.com,id:6a5742974e80361faffc946f,native_id,6a5742974e80361faffc946f,5,2026-07-15T10:19:35.000Z,2026-07-01T00:00:00.000Z,Love AliExpress,"Love AliExpress, they have so many products to choose from , the delivery is fast and efficient. Their after sales resolution if needed, is top notch . It’s my go to place to purchase all my needs.",false,0,Phil Byrne,620daeca3811580012100b17,AU,4,false,"Dear Customer,
Thank you for taking the time to share your feedback with us! We’re thrilled to hear that you’ve enjoyed shopping on AliExpress. Providing a great experience for our customers is always our top priority, and it’s truly rewarding to know that we’ve met your expectations.
If there’s anything more we can do to enhance your experience or if you have any questions, feel free to reach out—our team is always here to help!
Once again, thank you for choosing AliExpress. We look forward to serving you again soon!
Best regards,
AliExpress Customer Service Team"
www.aliexpress.com,id:6a57419436807132f6c875aa,native_id,6a57419436807132f6c875aa,5,2026-07-15T10:15:17.000Z,2026-07-14T00:00:00.000Z,Great range of products and choice as…,Great range of products and choice as well as excellent pricing and prompt delivery.,false,0,Alastair Hadley,5b1102844de5666d34af72de,AU,7,false,"Dear Customer,
Thank you for taking the time to share your feedback with us! We’re thrilled to hear that you’ve enjoyed shopping on AliExpress. Providing a great experience for our customers is always our top priority, and it’s truly rewarding to know that we’ve met your expectations.
If there’s anything more we can do to enhance your experience or if you have any questions, feel free to reach out—our team is always here to help!
Once again, thank you for choosing AliExpress. We look forward to serving you again soon!
Best regards,
AliExpress Customer Service Team"
www.aliexpress.com,id:6a5741828ccd2de8877d3ad8,native_id,6a5741828ccd2de8877d3ad8,1,2026-07-15T10:14:58.000Z,2026-07-15T00:00:00.000Z,Worst company ever,"Worst company ever. Never again.

Still havent received my refund. ",false,1,ryan Donnelly,6a57417d236e3d2d32d402a9,GB,1,false,"Dear Customer,

We sincerely apologize for any inconvenience this may have caused you. Please accept our heartfelt apologies.

We have sent an email addressing the issue you encountered on July 20. Please review the content of that email.

If you have any further questions, please feel free to contact us by replying directly to this email.

Thank you for your understanding. Wishing you a wonderful day!

Best regards,
AliExpress Customer Service Team
www.Aliexpress.com"
www.aliexpress.com,id:6a5740e343c05b0b254ea466,native_id,6a5740e343c05b0b254ea466,3,2026-07-15T10:12:19.000Z,2026-07-15T00:00:00.000Z,I kept trying to get to order but it…,I kept trying to get to order but it kept having the wrong total. So I had to empty my basket and start again. It was very frustrating and I almost gave up,false,0,GORDON ANDERSON,6a5740d9c2526c71a28a530f,AU,1,false,"Dear Customer,
Thank you for your feedback. We truly value your input and will forward your comments to the relevant department for further review and improvement.
Your feedback is important to us as it helps us enhance our services and address any concerns more effectively. If you have any additional suggestions or need further assistance, please don’t hesitate to let us know.
Thank you once again for bringing this to our attention.
Best regards,
AliExpress Customer Service Team"
www.aliexpress.com,id:6a57403e154dc76a9fd5a1c3,native_id,6a57403e154dc76a9fd5a1c3,1,2026-07-15T10:09:34.000Z,2026-07-03T00:00:00.000Z,My last two orders weren't delivered,"My last two orders weren't delivered, phone protection screens and stickers,the delivery company sent me a message that they were delivered. Checked with neighbours and they haven't been delivered to the wrong house. 
Don't think I will order anymore products, luckily it wasn't expensive stuff. I was pretty happy until now . 
                     Regards Jim ",false,1,customer,5ef05b8d5b157a7f0958e404,AU,2,false,"Dear Customer,
Due to the lack of completed request information form, we regret to inform you that we are unable to process your case due to insufficient information. Please accept our deepest apologies for any inconvenience you've faced. If you need further assistance or have any additional questions, please don't hesitate to consult our Help Center at AliExpress.
https://helpcenter.aliexpress.com/s/BuyerHelp
Thank you for your understanding and cooperation.
Best regards,
AliExpress Customer Service Team"
www.aliexpress.com,id:6a574030c6db9be17cb7c5ff,native_id,6a574030c6db9be17cb7c5ff,1,2026-07-15T10:09:21.000Z,2026-06-24T00:00:00.000Z,VERY HARD TO REFUND EVEN YOU HAVE PROOF,"THEY ARE ONLY REPLYING HERE JUST TO MAKE IT LOOK LIKE THEY ARE RESOLVING THE ISSUE. 

Taking too long to resolve my issue even I have evidences. Very stressful. All their customer service sends same auto reply messages. 

If only I can upload a video of how long it has been. 

THEY WILL JUST MESSAGE YOU WITH AUTO REPLY MESSAGES SAYING THEY ESCALATED TO SENIOR TEAM BUT STILL NO ACTIONS DONE!!!!!

Timeline
I RAISED THE ISSUE JUNE 24 AND IT IS ALREADY JULY 21.",false,1,Keith,6a574019b06fbf1030e54bf7,AU,1,true,"Dear Customer,

We sincerely apologize for any inconvenience this may have caused you. Please accept our heartfelt apologies.

We have sent an email addressing the issue you encountered on July 20. Please review the content of that email.

If you have any further questions, please feel free to contact us by replying directly to this email.

Thank you for your understanding. Wishing you a wonderful day!

Best regards,
AliExpress Customer Service Team
www.Aliexpress.com"
www.aliexpress.com,id:6a573fedc101f50044db6d62,native_id,6a573fedc101f50044db6d62,5,2026-07-15T10:08:13.000Z,2026-07-15T00:00:00.000Z,Satisfied,"Prompt international despatch, well
Packed, AOK. ",false,0,TTW,6a573fa7c2526c854d8a50ef,AU,1,false,"Dear Customer,
Thank you for taking the time to share your feedback with us! We’re thrilled to hear that you’ve enjoyed shopping on AliExpress. Providing a great experience for our customers is always our top priority, and it’s truly rewarding to know that we’ve met your expectations.
If there’s anything more we can do to enhance your experience or if you have any questions, feel free to reach out—our team is always here to help!
Once again, thank you for choosing AliExpress. We look forward to serving you again soon!
Best regards,
AliExpress Customer Service Team"
www.aliexpress.com,id:6a573fe1426b8df6ae117e19,native_id,6a573fe1426b8df6ae117e19,5,2026-07-15T10:08:01.000Z,2026-06-11T00:00:00.000Z,Easy transaction,"Easy transaction. Items shipped really quickly and even faster shipping than other online apps.
Everything is always as expected and never had any issues.",false,0,Christine Standen,67dfa9893b8c169b40a03f69,AU,2,false,"Dear Customer,
Thank you for taking the time to share your feedback with us! We’re thrilled to hear that you’ve enjoyed shopping on AliExpress. Providing a great experience for our customers is always our top priority, and it’s truly rewarding to know that we’ve met your expectations.
If there’s anything more we can do to enhance your experience or if you have any questions, feel free to reach out—our team is always here to help!
Once again, thank you for choosing AliExpress. We look forward to serving you again soon!
Best regards,
AliExpress Customer Service Team"
www.aliexpress.com,id:6a573fb878505d41cd3cfdc9,native_id,6a573fb878505d41cd3cfdc9,4,2026-07-15T10:07:20.000Z,2026-07-07T00:00:00.000Z,Fast order responce,Fast order responce,false,0,barry Denic,690bfbcbd1bf91d0e59f360e,AU,3,false,"Dear Customer,
Thank you for taking the time to share your feedback with us! We’re thrilled to hear that you’ve enjoyed shopping on AliExpress. Providing a great experience for our customers is always our top priority, and it’s truly rewarding to know that we’ve met your expectations.
If there’s anything more we can do to enhance your experience or if you have any questions, feel free to reach out—our team is always here to help!
Once again, thank you for choosing AliExpress. We look forward to serving you again soon!
Best regards,
AliExpress Customer Service Team"
www.aliexpress.com,id:6a573f975ff6d676e7008c2c,native_id,6a573f975ff6d676e7008c2c,5,2026-07-15T10:06:48.000Z,2026-07-15T00:00:00.000Z,Very happy with all of my purchases,Very happy with all of my purchases. Was kept up to date regarding delivery and was delivered on time. I love shopping with AliExpress!,false,0,Deeliteful,66e40f8e3850944a9696802d,AU,3,false,"Dear Customer,
Thank you for taking the time to share your feedback with us! We’re thrilled to hear that you’ve enjoyed shopping on AliExpress. Providing a great experience for our customers is always our top priority, and it’s truly rewarding to know that we’ve met your expectations.
If there’s anything more we can do to enhance your experience or if you have any questions, feel free to reach out—our team is always here to help!
Once again, thank you for choosing AliExpress. We look forward to serving you again soon!
Best regards,
AliExpress Customer Service Team"
www.aliexpress.com,id:6a573f543a7fd15b618667d6,native_id,6a573f543a7fd15b618667d6,5,2026-07-15T10:05:40.000Z,2026-05-14T00:00:00.000Z,Great company,"Great company, items arrive quicker than expected.  When on the rare occasion I've had a problem, the support staff are polite and friendly and sort any issues out quite swiftly.",false,0,Paul Beale,5be35b9b5483f4b8a9d7669e,GB,24,true,"Dear Customer,
Thank you for taking the time to share your feedback with us! We’re thrilled to hear that you’ve enjoyed shopping on AliExpress. Providing a great experience for our customers is always our top priority, and it’s truly rewarding to know that we’ve met your expectations.
If there’s anything more we can do to enhance your experience or if you have any questions, feel free to reach out—our team is always here to help!
Once again, thank you for choosing AliExpress. We look forward to serving you again soon!
Best regards,
AliExpress Customer Service Team"
www.aliexpress.com,id:6a573d22e7dc3e96ac1c8622,native_id,6a573d22e7dc3e96ac1c8622,5,2026-07-15T09:56:18.000Z,2026-07-01T00:00:00.000Z,Reliable website ,"I've bought some good quality low cost items including pink wigs, chain mail bags and crushed stone nail art from Aliexpress. CHOICE is especially useful, spend £8 for free shipping. On two occasions though they wanted me to pay for return shipping so it's not always free (as stated). I ended up keeping the unwanted items as it wasn't cost effective to send them back. Fully tracked delivery in 8-10 days or you get a £1 late delivery coupon for your next order which isn't bad.",false,0,Julia Oko,5c8807844fdf89870512b458,GB,314,false,"Dear Customer,
Thank you for taking the time to share your feedback with us! We’re thrilled to hear that you’ve enjoyed shopping on AliExpress. Providing a great experience for our customers is always our top priority, and it’s truly rewarding to know that we’ve met your expectations.
If there’s anything more we can do to enhance your experience or if you have any questions, feel free to reach out—our team is always here to help!
Once again, thank you for choosing AliExpress. We look forward to serving you again soon!
Best regards,
AliExpress Customer Service Team"
www.aliexpress.com,id:6a573c3ba91059695af95dab,native_id,6a573c3ba91059695af95dab,4,2026-07-15T09:52:27.000Z,2026-07-14T00:00:00.000Z,Most things are alright but sizes are…,Most things are alright but sizes are no good I would normally take a 2xl but a 4xl is too small,false,0,Steven Hall,6a573c25236e3d212ed3f9ce,AU,1,false,"Dear Customer,
Due to the lack of completed request information form, we regret to inform you that we are unable to process your case due to insufficient information. Please accept our deepest apologies for any inconvenience you've faced. If you need further assistance or have any additional questions, please don't hesitate to consult our Help Center at AliExpress.
https://helpcenter.aliexpress.com/s/BuyerHelp
Thank you for your understanding and cooperation.
Best regards,
AliExpress Customer Service Team"
www.aliexpress.com,id:6a573bee45a4d2ced3218254,native_id,6a573bee45a4d2ced3218254,5,2026-07-15T09:51:11.000Z,2026-07-15T00:00:00.000Z,Sells items at excellent competitive…,Sells items at excellent competitive prices,false,0,Anita Kewley,6a573be5ff3db24a42b2de5b,AU,1,false,"Dear Customer,
Thank you for taking the time to share your feedback with us! We’re thrilled to hear that you’ve enjoyed shopping on AliExpress. Providing a great experience for our customers is always our top priority, and it’s truly rewarding to know that we’ve met your expectations.
If there’s anything more we can do to enhance your experience or if you have any questions, feel free to reach out—our team is always here to help!
Once again, thank you for choosing AliExpress. We look forward to serving you again soon!
Best regards,
AliExpress Customer Service Team"
www.aliexpress.com,id:6a573bb050bdf2e990a3d70f,native_id,6a573bb050bdf2e990a3d70f,1,2026-07-15T09:50:08.000Z,2026-06-06T00:00:00.000Z,I still have not received my order ,I still have not received my order . I will have to use another supplier. The shipping is a disgrace.,false,1,Barry Lukritz,611c76c94a5e660012aba2bf,AU,11,false,"Dear Customer.
Thank you for contacting us. We apologise for your unpleasant shopping experience. We checked your order and found it has been delivered. And our agent has emailed you and provided detailed informations. If you have any questions, please feel free to reply to us via email and we will respond as soon as possible.
Thank you for your understanding and support!
Best regards,
The AliExpress Customer Service Team"
www.aliexpress.com,id:6a573baf34a34232c728af2b,native_id,6a573baf34a34232c728af2b,1,2026-07-15T09:50:07.000Z,2026-07-15T00:00:00.000Z,You've sent me a battery that doesn't…,"You've sent me a battery that doesn't work but won't give me a refund. The video I sent clearly shows the phone doesn't boot.
Following the reply from Ali express, I must add to this review that you already investigated my case and dismissed it. The evidence that I was to provide included a video and photos. I couldn't upload a video so I provided you with a link to it. Eventually having uploaded a highly compressed video that shows the phone booting with the old battery and not booting with the new battery, you dismissed my claim. I also sent photos of the product. What other evidence I can give apart from having the battery professionally tested I dont know. Your system seems structured to avoid complaint!",false,1,Stephen Sadler,65760b91c3d56700127a5579,GB,8,false,"Dear Customer,

We sincerely apologize for the inconvenience caused by the product you received that is not functioning as expected. We have already begun investigating the issue and will provide you with updates via email as soon as possible. Please keep an eye on your inbox for further communication.

If you have any additional details or supporting information regarding the issue, please feel free to share it with us through this email thread or via our Help Center. Your cooperation and patience throughout this process are greatly appreciated.

Thank you for bringing this matter to our attention, and we apologize once again for any frustration this may have caused.

Best regards,

AliExpress Customer Service Team"
www.aliexpress.com,id:6a573aca2b8e72f7a934877d,native_id,6a573aca2b8e72f7a934877d,5,2026-07-15T09:46:18.000Z,2026-07-01T00:00:00.000Z,Easy shopping,"Easy shopping, good value and efficient service.",false,0,Patrick,6169a99baf7c8a00127ca0ab,GB,5,false,"Dear Customer,
Thank you for taking the time to share your feedback with us! We’re thrilled to hear that you’ve enjoyed shopping on AliExpress. Providing a great experience for our customers is always our top priority, and it’s truly rewarding to know that we’ve met your expectations.
If there’s anything more we can do to enhance your experience or if you have any questions, feel free to reach out—our team is always here to help!
Once again, thank you for choosing AliExpress. We look forward to serving you again soon!
Best regards,
AliExpress Customer Service Team"
www.aliexpress.com,id:6a57397866ae6cdf42ca6c27,native_id,6a57397866ae6cdf42ca6c27,3,2026-07-15T09:40:40.000Z,2026-06-27T00:00:00.000Z,Not a really good experience,"Extremely slow delivery of some items.  Offers being made not on previous purchase history but on what is being ""pushed"" st the time.  Very poor search engine returning a huge number of item not related to the query.",false,1,Daniel Ross,66b194ce67db43dfc187e9b1,AU,2,false,"Dear customer,
Sincerely apologize for the inconvenience caused. 
We immediately checked your order and found the order is still in transit normally. Please be patient and wait for the package to arrive.  If you have any other questions, please reply to our agent's email directly or you can go to our Help center page【https://helpcenter.aliexpress.com/s/BuyerHelp?】 for online customer service.
Your understanding and cooperation are deeply appreciated.
Best regards,
AliExpress Customer Service Team"
www.aliexpress.com,id:6a573963f10385facb238dd2,native_id,6a573963f10385facb238dd2,2,2026-07-15T09:40:19.000Z,2026-05-15T00:00:00.000Z,Found customer service terrible,Found customer service terrible. I made a purchase with discounts and seller refused to send due to your discounts. Your customer service sided with the seller which was so wrong . I did nothing wrong. The date of issue is a guess as I have cancelled all my accounts with your company. Order number 3073705890872242,false,2,customer,64972b9df412080011bb6a9b,GB,21,false,"Dear Customer.

Thank you for contacting us. We apologise for your unpleasant shopping experience. Our agent sent you an email, please check it out. If you have any questions, please feel free to reply to us via email and we will respond as soon as possible.

Thank you for your understanding and support!

Sincerely.

AliExpress Customer Service Team"
www.aliexpress.com,id:6a57392c36d0d378be35f4dc,native_id,6a57392c36d0d378be35f4dc,1,2026-07-15T09:39:24.000Z,2026-07-07T00:00:00.000Z,Defective product and denied refund ,"I received a product that did not work not as described but I was denied a refund because I didn't send a video showing the defect. How am I supposed to show that a ""cooling"" blanket didn't feel cool at all? Am I supposed to pay a scientist to run experiments showing how it doesn't feel cooler at all?",false,1,Nicole Oria,69d4bdb48ee1011fe9cea8c2,ES,2,false,"Dear Customer,
Due to the lack of completed request information form, we regret to inform you that we are unable to process your case due to insufficient information. Please accept our deepest apologies for any inconvenience you've faced. If you need further assistance or have any additional questions, please don't hesitate to consult our Help Center at AliExpress.
https://helpcenter.aliexpress.com/s/BuyerHelp
Thank you for your understanding and cooperation.
Best regards,
AliExpress Customer Service Team"
www.aliexpress.com,id:6a5738e15e99d852200c4a64,native_id,6a5738e15e99d852200c4a64,5,2026-07-15T09:38:09.000Z,2026-06-14T00:00:00.000Z,Excellent service,"Overall, AliExpress provide excellent service. Choice of products is amazing.  Prices exceptionally good.  Delivery very good (considering most items come from China).  Communication is overwhelming. However, I have one minor criticism, although this does not detract from points mentioned above:- The website is complicated and confusing and could be improved to be more ""user friendly"".",false,0,D BUTCHER,5c5f0cc7dd5deac85563f9d4,GB,57,false,"Dear Customer,
Thank you for taking the time to share your feedback with us! We’re thrilled to hear that you’ve enjoyed shopping on AliExpress. Providing a great experience for our customers is always our top priority, and it’s truly rewarding to know that we’ve met your expectations.
If there’s anything more we can do to enhance your experience or if you have any questions, feel free to reach out—our team is always here to help!
Once again, thank you for choosing AliExpress. We look forward to serving you again soon!
Best regards,
AliExpress Customer Service Team"
www.aliexpress.com,id:6a57381b98b27ca4c5626338,native_id,6a57381b98b27ca4c5626338,5,2026-07-15T09:34:51.000Z,2025-07-17T00:00:00.000Z,Everything ive received was exactly the…,Everything ive received was exactly the same as in the photo on Ali Express. Delivery is quick and if you dont receive the package they will give you a refund.,false,0,stoneelizagmail.com,69c8fc3b07ee8ae6b406eefd,AU,2,false,"Dear Customer,
Thank you for taking the time to share your feedback with us! We’re thrilled to hear that you’ve enjoyed shopping on AliExpress. Providing a great experience for our customers is always our top priority, and it’s truly rewarding to know that we’ve met your expectations.
If there’s anything more we can do to enhance your experience or if you have any questions, feel free to reach out—our team is always here to help!
Once again, thank you for choosing AliExpress. We look forward to serving you again soon!
Best regards,
AliExpress Customer Service Team"
www.aliexpress.com,id:6a5737df3d8abd69ca1549ca,native_id,6a5737df3d8abd69ca1549ca,5,2026-07-15T09:33:51.000Z,2026-07-14T00:00:00.000Z,Great service from the Customer…,Great service from the Customer Services Team. Sorted out an enquiry I had regarding faulty goods. Very responsive. 5 Star ⭐ service. Refund sorted out. ,false,0,Malcolm,5ee215f6e0be9983fe76e032,GB,31,false,"Dear Customer,
Thank you for taking the time to share your feedback with us! We’re thrilled to hear that you’ve enjoyed shopping on AliExpress. Providing a great experience for our customers is always our top priority, and it’s truly rewarding to know that we’ve met your expectations.
If there’s anything more we can do to enhance your experience or if you have any questions, feel free to reach out—our team is always here to help!
Once again, thank you for choosing AliExpress. We look forward to serving you again soon!
Best regards,
AliExpress Customer Service Team"
www.aliexpress.com,id:6a573757023a6d6576afd38c,native_id,6a573757023a6d6576afd38c,1,2026-07-15T09:31:35.000Z,2026-06-14T00:00:00.000Z,I’m still waiting for my original…,"I’m still waiting for my original complaint to be settled or dealt with , and you idiots think I’m going to be a reasonable person ,,,,, you are RUBBISH 🤮🤮🤮🤮🤮🤮🤮🤮

Still no update on the return also , the morons don’t listen who can I return something g that’s NOT ALLOWED 🤬🤬🤬🤬🤬🤬

So you reply saying you’re reviewing and dealing with this case yet it still says “case closed “ you really are a total bunch of 🤡 
",false,1,Andrew,6a573731b06fbfe7a4e53da7,GB,1,false,"Dear Customer.

Thank you for contacting us. We apologise for your unpleasant shopping experience. Our agent sent you an email, please check it out. If you have any questions, please feel free to reply to us via email and we will respond as soon as possible.

Thank you for your understanding and support!

Sincerely.

AliExpress Customer Service Team"
www.aliexpress.com,id:6a5736e5f167ba4b064c39a1,native_id,6a5736e5f167ba4b064c39a1,4,2026-07-15T09:29:41.000Z,2026-07-08T00:00:00.000Z,Overall Good experience,"Easy to find items from different manufacturers.
Plenty of choice, in price colours, delivery costs, etc.
Keeping up with modern items and trends.
Good delivery service.
Excellent communication with Ali Express.",false,0,Richard,6a5736c5b06fbfd93ae53d18,AU,1,false,"Dear Customer,
Thank you for taking the time to share your feedback with us! We’re thrilled to hear that you’ve enjoyed shopping on AliExpress. Providing a great experience for our customers is always our top priority, and it’s truly rewarding to know that we’ve met your expectations.
If there’s anything more we can do to enhance your experience or if you have any questions, feel free to reach out—our team is always here to help!
Once again, thank you for choosing AliExpress. We look forward to serving you again soon!
Best regards,
AliExpress Customer Service Team"
www.aliexpress.com,id:6a57368ea2bf916a87b79cd1,native_id,6a57368ea2bf916a87b79cd1,5,2026-07-15T09:28:14.000Z,2026-06-18T00:00:00.000Z,Vast choice of products,"Vast choice of products, especially for electronics hobbyists like myself.",false,0,Mystervee,64c142a84fbda700126a39b7,GB,8,false,"Dear Customer,
Thank you for taking the time to share your feedback with us! We’re thrilled to hear that you’ve enjoyed shopping on AliExpress. Providing a great experience for our customers is always our top priority, and it’s truly rewarding to know that we’ve met your expectations.
If there’s anything more we can do to enhance your experience or if you have any questions, feel free to reach out—our team is always here to help!
Once again, thank you for choosing AliExpress. We look forward to serving you again soon!
Best regards,
AliExpress Customer Service Team"
www.aliexpress.com,id:6a57368357583a5feaadcd0c,native_id,6a57368357583a5feaadcd0c,1,2026-07-15T09:28:03.000Z,2026-05-26T00:00:00.000Z,The delivery time on one of my…,"The delivery time on one of my purchases was over 5 weeks which is not good.
I hesitant to buy again",false,1,Tony Rohanna,660f526209e90d0012d089bd,AU,3,false,"Dear Customer,

We sincerely apologize for any inconvenience this may have caused you. Please accept our heartfelt apologies.

We have sent an email addressing the issue you encountered on July 20. Please review the content of that email.

If you have any further questions, please feel free to contact us by replying directly to this email.

Thank you for your understanding. Wishing you a wonderful day!

Best regards,
AliExpress Customer Service Team
www.Aliexpress.com"
www.aliexpress.com,id:6a5734fcf184cda4b1d118e6,native_id,6a5734fcf184cda4b1d118e6,1,2026-07-15T09:21:32.000Z,2026-07-05T00:00:00.000Z,I ordered and paid for a pair of snow…,"I ordered and paid for a pair of snow boots including postage, tracker from the seller showed the boots, after two weeks  was informed my package had been delivered, when checking found a a small envelope with the order number from the seller showed that was used for the boots, but inside was a peace of string and a plastic charm, I complained to seller after contacting Pay Pal, seller offering refund when I return the package that is discribed in the original sale, how can I return something that was never sent or received. This seller is low life scum.",false,1,Ask a Lawyer On-Call Customer,67e73d7a74626ae6544f28f9,AU,2,false,"Dear customer,
Sorry for the inconvenience and unpleasant shopping experience. 
As you filed a charge back request with paypal, this order has been frozen at present. Our agent has replied with more detailed information in the email. Please kindly check.
Sincerely apologize for the inconvenience caused and we assure the we will do everything possible to avoids such situations in the future.
Best regards,
AliExpress Customer Service Team"
www.aliexpress.com,id:6a5734cfb6e5c6834424e5be,native_id,6a5734cfb6e5c6834424e5be,3,2026-07-15T09:20:47.000Z,2026-07-01T00:00:00.000Z,Good to bad experience,Sellers within AliExpress vary from good reliable sellers to poor sellers.  AliExpress compliance team should review poor sellers and restrict their trade or remove altogether. ,false,0,JD,6a57348d7b418c23017cfbe7,AU,1,false,"Dear Customer.
Thank you for contacting us. 
We have processed a refund for your order, please see our email for details. We apologise for any inconvenience this may have caused you.
If you have any questions or need further assistance, please feel free to contact us by replying to the email. Thank you for your understanding and support!
Sincerely,
AliExpress Customer Service Team"
www.aliexpress.com,id:6a5734afd41995fe58108c74,native_id,6a5734afd41995fe58108c74,5,2026-07-15T09:20:15.000Z,2026-05-20T00:00:00.000Z,I'm an AliExpress convert,"Simple access to a vast range of products.
Prompt responses to queries.
Simple delivery update info.
Excellent value (most of the time)",false,0,Martin Peters,6a573493b06fbf2c0ee539f3,GB,1,false,"Dear Customer,
Thank you for taking the time to share your feedback with us! We’re thrilled to hear that you’ve enjoyed shopping on AliExpress. Providing a great experience for our customers is always our top priority, and it’s truly rewarding to know that we’ve met your expectations.
If there’s anything more we can do to enhance your experience or if you have any questions, feel free to reach out—our team is always here to help!
Once again, thank you for choosing AliExpress. We look forward to serving you again soon!
Best regards,
AliExpress Customer Service Team"
www.aliexpress.com,id:6a57347f12761931cd2b4323,native_id,6a57347f12761931cd2b4323,5,2026-07-15T09:19:27.000Z,2026-07-04T00:00:00.000Z,I can always find the motorcycle…,I can always find the motorcycle accessories I want for my Voge DS800X Rally at a much better price than any European seller. Delivery is quick to the UK. Tracking is excellent.,false,0,Douglas Ball,62ac033cf456b4001385e9c4,GB,26,false,"Dear Customer,
Thank you for taking the time to share your feedback with us! We’re thrilled to hear that you’ve enjoyed shopping on AliExpress. Providing a great experience for our customers is always our top priority, and it’s truly rewarding to know that we’ve met your expectations.
If there’s anything more we can do to enhance your experience or if you have any questions, feel free to reach out—our team is always here to help!
Once again, thank you for choosing AliExpress. We look forward to serving you again soon!
Best regards,
AliExpress Customer Service Team"
www.aliexpress.com,id:6a57342b8243488c4b517ffa,native_id,6a57342b8243488c4b517ffa,1,2026-07-15T09:18:03.000Z,2026-07-10T00:00:00.000Z,What customer support!!! ,"I have put in many requests for information on my orders and still have had no response what so ever, what is the point of having customer support if you don’t respond??",false,1,Consumer,6a573414b06fbf1533e53933,AU,1,false,"Dear Customer.
Thank you for contacting us. We apologise for your unpleasant shopping experience. Our agent sent you an email, please check it out. If you have any questions, please feel free to reply to us via email and we will respond as soon as possible.
Thank you for your understanding and support!
Sincerely.
AliExpress Customer Service Team"
www.aliexpress.com,id:6a5733e80ea430debaab86fc,native_id,6a5733e80ea430debaab86fc,3,2026-07-15T09:16:56.000Z,2026-06-22T00:00:00.000Z,Haven't received my order YETTTT…,Haven't received my order YETTTT suppose to be delivered on 18-22nd June ,false,1,Anne Kennedy,64b9e0e20d13ea00123ef880,AU,4,false,"Dear Customer,
Due to the lack of completed request information form, we regret to inform you that we are unable to process your case due to insufficient information. Please accept our deepest apologies for any inconvenience you've faced. If you need further assistance or have any additional questions, please don't hesitate to consult our Help Center at AliExpress.
https://helpcenter.aliexpress.com/s/BuyerHelp
Thank you for your understanding and cooperation.
Best regards,
AliExpress Customer Service Team"
www.aliexpress.com,id:6a57334693bdd437380546f7,native_id,6a57334693bdd437380546f7,5,2026-07-15T09:14:14.000Z,2026-05-16T00:00:00.000Z,Good quality products,"Good quality products, good relatively fast shipping and great delivery experiences.",false,0,Buyer,66aabc24e52f72cf16890857,AU,2,false,"Dear Customer,
Thank you for taking the time to share your feedback with us! We’re thrilled to hear that you’ve enjoyed shopping on AliExpress. Providing a great experience for our customers is always our top priority, and it’s truly rewarding to know that we’ve met your expectations.
If there’s anything more we can do to enhance your experience or if you have any questions, feel free to reach out—our team is always here to help!
Once again, thank you for choosing AliExpress. We look forward to serving you again soon!
Best regards,
AliExpress Customer Service Team"
www.aliexpress.com,id:6a573306532382a9c3dc3772,native_id,6a573306532382a9c3dc3772,5,2026-07-15T09:13:10.000Z,2026-07-15T00:00:00.000Z,Found what I needed,Found what I needed; Thank you Aliexpress,false,0,Paul W,6666536ddc78daf8716073e3,AU,11,false,"Dear Customer,
Thank you for taking the time to share your feedback with us! We’re thrilled to hear that you’ve enjoyed shopping on AliExpress. Providing a great experience for our customers is always our top priority, and it’s truly rewarding to know that we’ve met your expectations.
If there’s anything more we can do to enhance your experience or if you have any questions, feel free to reach out—our team is always here to help!
Once again, thank you for choosing AliExpress. We look forward to serving you again soon!
Best regards,
AliExpress Customer Service Team"
www.aliexpress.com,id:6a5732178b523738bdd87135,native_id,6a5732178b523738bdd87135,3,2026-07-15T09:09:11.000Z,2026-05-15T00:00:00.000Z,Not good mailing service,"sometimes not impressed with the mailing service. Just had a parcel over 6 weeks later and no compensation, I had to chase the parcel through your chat service and still nothing. Finally arrived well after the time it was suppose to come",false,1,Stefanie Morris,59ffde9c0000ff000ade66d7,AU,5,false,"Dear Customer,
Due to the lack of completed request information form, we regret to inform you that we are unable to process your case due to insufficient information. Please accept our deepest apologies for any inconvenience you've faced. If you need further assistance or have any additional questions, please don't hesitate to consult our Help Center at AliExpress.
https://helpcenter.aliexpress.com/s/BuyerHelp
Thank you for your understanding and cooperation.
Best regards,
AliExpress Customer Service Team"
thehalara.com,id:6a6062d6173c92a247e8f6e3,native_id,6a6062d6173c92a247e8f6e3,5,2026-07-22T08:27:34.000Z,2026-06-22T00:00:00.000Z,Halara linen trousers…,"Received my first order of the Halara linen trousers promptly and well packaged. 
Perfect for summer and love the selection of colours so much I have now placed another order. Suitable for dressy occasions, office or casual wear. The elasticated waist is so comfortable and perfect for the slightly curvy figure. Also true to size. ",true,0,MM Lewis,5f53f9bf3e5add62671cb9bf,GB,4,false,
thehalara.com,id:6a605f3ada1a21a3d27d63ca,native_id,6a605f3ada1a21a3d27d63ca,5,2026-07-22T08:12:10.000Z,2026-07-11T00:00:00.000Z,Good quality. ,"Good quality, mostly fit well ",true,0,MrslesleyMarklew,639e5dc043d99800122ac11c,GB,5,false,
thehalara.com,id:6a605d765e39666ac54ab69d,native_id,6a605d765e39666ac54ab69d,4,2026-07-22T08:04:38.000Z,2026-07-17T00:00:00.000Z,Disappointed that a slightly different…,Disappointed that a slightly different style of shorts didn’t for so well but the tops are first rate ,true,0,Christin Willett,55b609590000ff0001cf89db,GB,60,false,
thehalara.com,id:6a605ceb77c68e77c61d15c2,native_id,6a605ceb77c68e77c61d15c2,5,2026-07-22T08:02:19.000Z,2026-07-20T00:00:00.000Z,Quality of products is great ,Quality of products is great and I loved my items. Good return options. Only downside for me was the delivery time of almost 1 month. I will def order again from this company despite that delivery time,true,0,Rita Scott,6a5d3f40b06fbf0a5fec0d90,US,1,false,
thehalara.com,id:6a60559a63b2fdfbc566c671,native_id,6a60559a63b2fdfbc566c671,1,2026-07-22T07:31:06.000Z,2026-07-19T00:00:00.000Z,Hugely disappointed with returns…,Hugely disappointed with returns procedure reluctant to now use Halara again ,true,0,LynnBray,673ed54eaf80d4bc909fccaf,GB,4,false,
thehalara.com,id:6a60538d1a1856b84642b02c,native_id,6a60538d1a1856b84642b02c,1,2026-07-22T07:22:21.000Z,2026-06-24T00:00:00.000Z,It’s came late and it isn’t true to its…,It’s came late and it isn’t true to its size ,true,0,Jose Harrison,5ff9e6a7bffa49001932455d,GB,3,false,
thehalara.com,id:6a604b41e47e1195ca5cdf63,native_id,6a604b41e47e1195ca5cdf63,2,2026-07-22T06:46:57.000Z,2026-07-12T00:00:00.000Z,Quality material  is not that good.,Quality material  is not that good. ,true,0,Carol,6a37e7549192b72d4e846581,US,2,false,
thehalara.com,id:6a604ae153b879d069ab9620,native_id,6a604ae153b879d069ab9620,4,2026-07-22T06:45:21.000Z,2026-06-09T00:00:00.000Z,I love most of their products,"I love most of their products, especially the sundresses with shorts and built in bra and flare jeans. Good quality. I don't love the fabric of some of the other items. In my last order they sent me the wrong item but then promptly refunded my money. I will buy from them again. ",true,0,THS Member,6a5ab063ff3db20971b7a141,MX,3,false,
thehalara.com,id:6a603e898fb26332608cf887,native_id,6a603e898fb26332608cf887,1,2026-07-22T05:52:41.000Z,2026-07-20T00:00:00.000Z,Your system recorded my address one…,"Your system recorded my address one digit off. I pay with Apple Pay for everything. It automatically puts my address in. I know my address is correct in my Apple Pay because I use it for everything I buy. 

Now I am out the two items I ordered and the money I paid for them. Poor service at best. ",true,0,Dawn,6a603e89c2526c5e8294d451,US,1,false,
thehalara.com,id:6a603a62122f0fdb0e878157,native_id,6a603a62122f0fdb0e878157,5,2026-07-22T05:34:58.000Z,2026-07-20T00:00:00.000Z,Website easy to maneuver…,Website easy to maneuver…. Great choices in multiple sizes !,true,0,BRK,6723127f833f1b373c258b85,US,2,false,
thehalara.com,id:6a6038df1b27267f9e2e4c49,native_id,6a6038df1b27267f9e2e4c49,4,2026-07-22T05:28:31.000Z,2026-07-13T00:00:00.000Z,The quality is awesome,The quality is awesome. The problem is just taking so long the shipping.,true,0,Nena ann,6a6038deff3db22e3fbd5c5f,US,1,false,
thehalara.com,id:6a6038b5de018addb9a9bf51,native_id,6a6038b5de018addb9a9bf51,5,2026-07-22T05:27:49.000Z,2026-07-20T00:00:00.000Z,The timely delivery the fit and the…,The timely delivery the fit and the fabric ,true,0,Diane RhineHart,5ec89477c66da373978bed83,US,2,false,
thehalara.com,id:6a6037a2d35b74647046b6f1,native_id,6a6037a2d35b74647046b6f1,5,2026-07-22T05:23:14.000Z,2026-07-12T00:00:00.000Z,Great teacher pants!,These pants were recommended to me by my sister. She said “these are perfect teacher pants” (we are both teachers). She was not wrong! Don’t let her know I said that. They hang well and look good. They are a great material that flexes and bends and does not seem to pick up dirt. Good pockets and easy to wash.  ,true,0,Christine,6a6037a2236e3d836dde784e,US,1,false,
thehalara.com,id:6a6035c10a3d5590d5848282,native_id,6a6035c10a3d5590d5848282,4,2026-07-22T05:15:13.000Z,2026-07-19T00:00:00.000Z,I find the website not exactly user…,"I find the website not exactly user friendly.  For instance, if I saw a pair of pants in an ad yesterday and only thought to look them up today, I find it hard to find them again.  Also, why can't you make more items in Petite?  Even in the styles that do have a Petite, it's only in a color or two.  I bet that there are a lot more short people out there than you think.  As a Baby Boomer, I find that as I age, I'm losing height and there is a large portion of the population that is in this Baby Boomer category.  You would be wise to make more Petites in all colors.",true,0,Laurie,6a6035bfff3db2583abd5af3,US,1,false,
thehalara.com,id:6a6035214d5ef8ad0e9e5b81,native_id,6a6035214d5ef8ad0e9e5b81,5,2026-07-22T05:12:33.000Z,2026-07-20T00:00:00.000Z,Size,"Size, fit was perfect",true,0,Georgiana Achen,61f465366bec810012cc1a48,US,4,false,
thehalara.com,id:6a602e26352b202e1c1d4ed8,native_id,6a602e26352b202e1c1d4ed8,5,2026-07-22T04:42:46.000Z,2026-07-20T00:00:00.000Z,easy ordering and love the products!,easy ordering and love the products!,true,0,Pamela Lebar,5e1d1757ddcefa697756b653,US,5,false,
thehalara.com,id:6a602d2ad113cdd5fe750b98,native_id,6a602d2ad113cdd5fe750b98,1,2026-07-22T04:38:34.000Z,2026-07-19T00:00:00.000Z,I wore the blue dress once and then…,I wore the blue dress once and then noticed it had a hole along the seam,true,0,Cortney,6a602d297b418c39f087820a,US,1,false,
thehalara.com,id:6a602abf4aa8cf7eab5e58dd,native_id,6a602abf4aa8cf7eab5e58dd,2,2026-07-22T04:28:16.000Z,2026-07-14T00:00:00.000Z,Poor Fabric,"I appreciate that the order arrived quickly but the fabric is unwearable. It is an inexpensive  and uncomfortable blend and sadly I’ll be donating both, new items to charity. Will not be ordering again.",true,0,Sarah,6a602abe236e3d51cfde7272,US,1,false,
thehalara.com,id:6a602a9cadbddaf91c2a24d5,native_id,6a602a9cadbddaf91c2a24d5,5,2026-07-22T04:27:40.000Z,2026-07-13T00:00:00.000Z,It is easy to find what you are looking…,It is easy to find what you are looking for.  The quality is top notch. So many items to choose from as well.  I just love how their clothes fit and look on me.,true,0,Cammie Lehrer,60e45fd08cbdb60012ce7a27,US,5,false,
thehalara.com,id:6a602a12d02dbab22a6657c0,native_id,6a602a12d02dbab22a6657c0,3,2026-07-22T04:25:22.000Z,2026-07-20T00:00:00.000Z,I love my new clothes,I love my new clothes! I only disliked that it took almost a month to get my order. ,true,0,Krista Wells,5ec986adee8f29d41bd86363,US,3,false,
thehalara.com,id:6a602a0b8dc3535087212894,native_id,6a602a0b8dc3535087212894,5,2026-07-22T04:25:15.000Z,2026-07-20T00:00:00.000Z,Great quality and price.,Great quality and price.,true,0,Paula,693f777f00ecbaf75588164f,US,4,false,
thehalara.com,id:6a60296d20a1fabda4d819e3,native_id,6a60296d20a1fabda4d819e3,5,2026-07-22T04:22:37.000Z,2026-07-13T00:00:00.000Z,Return Process Easy,Return process was relatively straightforward and I received the replacement in a timely manner. ,true,0,Megan,6a60296c7b418c971287805e,US,1,false,
thehalara.com,id:6a602954413c4dd1a3a5333b,native_id,6a602954413c4dd1a3a5333b,4,2026-07-22T04:22:12.000Z,2026-04-27T00:00:00.000Z,The leggings are SOOOOOO flattering!!,"The leggings are SOOOOOO flattering!!! For a person who only weighs 110 pounds and is lacking in the tush department to actually look like she’s got junk in the trunk….10 out of 10! That said, it does take quite a long time to get your order sometimes. Like a few weeks… as long as you have patience to wait for it you’ll love what you get!",true,0,Beverly Burks,6a60287cb06fbf3e44efbb04,US,2,false,
thehalara.com,id:6a60281b21dc20605246f2a2,native_id,6a60281b21dc20605246f2a2,5,2026-07-22T04:16:59.000Z,2026-07-13T00:00:00.000Z,LOVE THEM!,"Got my dresses super fast! The quality is well worth your buck! They have a buttery feel, soft but light, extremely flattering! It’s hard for me to fall in love with dresses because of my mom pooch but this dress made me LOVE how I looked ☺️",true,0,Victoria,6a60281a236e3d993dde7158,US,1,false,
thehalara.com,id:6a60279ba53f97e23ffc01a8,native_id,6a60279ba53f97e23ffc01a8,5,2026-07-22T04:14:51.000Z,2026-07-12T00:00:00.000Z,These swing dresses are the cutest…,These swing dresses are the cutest perfect fit as always from Halara feminine and functional built in bra a a bonus ! I purchased black navy and brown so glad I did !!!!,true,0,Suzanne Schmitt,5fb93ceab1fed7001ccd76b1,US,3,false,
thehalara.com,id:6a60273ddc00201b63b2a0c3,native_id,6a60273ddc00201b63b2a0c3,4,2026-07-22T04:13:17.000Z,2026-07-20T00:00:00.000Z,Good delivery and packaging and return…,Good delivery and packaging and return options.,true,0,RACHAEL FEIGENBAUM,61006ed7f148210013a00722,US,3,false,
thehalara.com,id:6a6025def62b53ffe97602f1,native_id,6a6025def62b53ffe97602f1,3,2026-07-22T04:07:26.000Z,2026-07-20T00:00:00.000Z,I love everything ,"I love,love, love all the clothes I have ordered. They fit well, made well and I would order so much more if it didn’t take 4+ weeks to arrive!  I see so many things I would order immediately. Then when I stop and think how long I have to wear them before the season ends, I would rather order somewhere else. 😔",true,0,Nena Harville,66771fbcd305a1fb0b393931,US,4,false,
thehalara.com,id:6a6025305b767ef3a7c09728,native_id,6a6025305b767ef3a7c09728,3,2026-07-22T04:04:32.000Z,2026-07-20T00:00:00.000Z,Love the quality,"Love the quality! Order took a very long time, and returns are only a credit!",true,0,Holt Teresa,61b790731dbc4a00126d5d42,US,3,false,
thehalara.com,id:6a6023797725f0d8f1312f3b,native_id,6a6023797725f0d8f1312f3b,1,2026-07-22T03:57:13.000Z,2026-07-11T00:00:00.000Z,I haven't received the item ?,I haven't received the item ? ,true,0,Sharon,6a602379ff3db25e6dbd526b,US,1,false,
thehalara.com,id:6a60230ec37e224dc11ba50b,native_id,6a60230ec37e224dc11ba50b,1,2026-07-22T03:55:26.000Z,2026-07-13T00:00:00.000Z,The legs were too short,The legs were too short,true,0,Brian,6a60230dc2526c9ef094c76e,US,1,false,
thehalara.com,id:6a6022fda3793f23cd990dec,native_id,6a6022fda3793f23cd990dec,5,2026-07-22T03:55:09.000Z,2026-07-20T00:00:00.000Z,Quality is great!,Quality is great!,true,0,Wilmarie,6a6022fc7b418c24c2877cfa,US,1,false,
thehalara.com,id:6a602104d2676d268f9f53f0,native_id,6a602104d2676d268f9f53f0,5,2026-07-22T03:46:44.000Z,2026-05-08T00:00:00.000Z,I like the variety,"I like the variety, ease of getting around on the website and I like the clothes! ",true,0,Taylor,6a6021037b418c5481877c0e,US,1,false,
thehalara.com,id:6a601ff6a97e9980ac61e824,native_id,6a601ff6a97e9980ac61e824,5,2026-07-22T03:42:14.000Z,2026-07-19T00:00:00.000Z,Easy to order and items arrived quickly.,Easy to order and items arrived quickly.,true,0,Vanessa,5b001d164de5666d34ad0015,US,3,false,
thehalara.com,id:6a601f9bef563bb1cd0dbeb0,native_id,6a601f9bef563bb1cd0dbeb0,5,2026-07-22T03:40:43.000Z,2026-07-20T00:00:00.000Z,The shopping experience with Halara was…,"The shopping experience with Halara was far superior other online shopping platforms. It was easy to navigate, find the perfect items and complete my order. ",true,0,Heather,684a0f668a5375c08d681a69,US,3,false,
thehalara.com,id:6a601db1b37c6d6479bf2f22,native_id,6a601db1b37c6d6479bf2f22,4,2026-07-22T03:32:33.000Z,2026-07-20T00:00:00.000Z,Things were as they seemed,Things were as they seemed. Nice quality. Washed them and in closet ready to go. ,true,0,Frances George,66d7576c1035dbbe004a9a73,US,2,false,
thehalara.com,id:6a601d75eaa5471a38ce7db7,native_id,6a601d75eaa5471a38ce7db7,5,2026-07-22T03:31:33.000Z,2026-07-13T00:00:00.000Z,The dresses came quickly,"The dresses came quickly, they were affordable and the quality was great. They are so flattering as well. Bought several more!",true,0,Dehra,6a601d74c2526c487294c48f,US,1,false,
thehalara.com,id:6a601d2164a1f05b9c7bfa01,native_id,6a601d2164a1f05b9c7bfa01,5,2026-07-22T03:30:09.000Z,2026-07-20T00:00:00.000Z,Everything I have purchased has fit…,Everything I have purchased has fit well and feels great. ,true,0,C. Lombardcustomer,674f8854b3f2e4c4c2894ac5,US,2,false,
thehalara.com,id:6a601c71deb9f8455cab876d,native_id,6a601c71deb9f8455cab876d,2,2026-07-22T03:27:13.000Z,2026-07-20T00:00:00.000Z,Shipments take too long to arrive,"Shipments take too long to arrive, and item is overpriced.",true,0,Lauren,6a601c707b418c95458779be,US,1,false,
thehalara.com,id:6a601b272ff75a3c9e8fa942,native_id,6a601b272ff75a3c9e8fa942,4,2026-07-22T03:21:43.000Z,2026-07-20T00:00:00.000Z,The dresses are awesome however ,The dresses are awesome. I did wait over a month to get them though and the delivery service had to be rescheduled because they couldn’t figure out where I lived even though I’ve ordered before. ,true,0,Yoshihiro Halmar,657e2e02b613ce001258d61d,US,2,false,
thehalara.com,id:6a601af016e939439bb647af,native_id,6a601af016e939439bb647af,5,2026-07-22T03:20:48.000Z,2026-07-20T00:00:00.000Z,The clothing is well made,"The clothing is well made, arrives quickly and is very comfortable",true,0,Bernadine Occhiuzzo,68ed464b8fb1d6eadafb9fca,US,2,false,
thehalara.com,id:6a601aa15a8a218702659eee,native_id,6a601aa15a8a218702659eee,5,2026-07-22T03:19:29.000Z,2026-07-20T00:00:00.000Z,Love love the pants they are so soft…,"Love love the pants they are so soft and fit amazing ! 
And the one piece outfit I received is beautiful and so comfy !!",true,0,Karyn Diulus,645836d84cca0b001376b11a,US,6,false,
thehalara.com,id:6a601973193f7a69e144f950,native_id,6a601973193f7a69e144f950,5,2026-07-22T03:14:27.000Z,2026-07-13T00:00:00.000Z,Absolutely love the material and how it…,Absolutely love the material and how it fits! ,true,0,Jennifer Reed,65134394892f960012613e0d,US,4,false,
thehalara.com,id:6a6017ee73fad03d5886fa85,native_id,6a6017ee73fad03d5886fa85,5,2026-07-22T03:07:58.000Z,2026-07-16T00:00:00.000Z,Lost Order Made Right,"I had placed an order back in March which was lost during shipping.  Although dealing with the AI bot was horrific, I eventually reached an actual person who had the order resent and it arrived within just a couple of days - all of the clothes are fabulous!  Much appreciated the support to get my order refilled/sent.",true,0,God Bless the USA,5f653ec30ad3a043f115536a,US,3,false,
thehalara.com,id:6a6015330b6bbe0339a346f3,native_id,6a6015330b6bbe0339a346f3,4,2026-07-22T02:56:19.000Z,2026-07-13T00:00:00.000Z,Delivery too long!,Love the short and the material. The one thing I wish would be a faster delivery of the purchases. Too long to get my products. ,true,0,Kim,6a6015327b418c16368775af,US,1,false,
thehalara.com,id:6a6014274e6ca43b5bcc3260,native_id,6a6014274e6ca43b5bcc3260,5,2026-07-22T02:51:51.000Z,2026-07-20T00:00:00.000Z,The Halara quality and customer service…,"The Halara quality and customer service is consistent and positive.
 I will continue to purchase from Halara.",true,0,Veronica,6897da0a04313e86964daf56,US,7,false,
thehalara.com,id:6a60135266d8ab00a8e7273f,native_id,6a60135266d8ab00a8e7273f,5,2026-07-22T02:48:18.000Z,2026-05-16T00:00:00.000Z,Compliment Magnet,"I am officially obsessed with Halara. The quality of the clothes is top-tier, and everything looks super cute on. But what really sets them apart is their customer service—it’s honestly the best I’ve ever dealt with. Plus, I get compliments every single time I wear an outfit from them! 10/10!",true,0,Margarita Ortiz,6a601232b06fbf070fefafa4,US,2,false,
thehalara.com,id:6a60129bd28f5bfb3c29dc02,native_id,6a60129bd28f5bfb3c29dc02,5,2026-07-22T02:45:15.000Z,2026-07-13T00:00:00.000Z,My order was exactly as advertised…,"My order was exactly as advertised online. Delivery time takes a bit, but the material quality is very sturdy. I will definitely order from them again",true,0,Amanda,6a60129a7b418c5e0f877455,US,1,false,
thehalara.com,id:6a6012210aa8abc1574f0ce8,native_id,6a6012210aa8abc1574f0ce8,5,2026-07-22T02:43:13.000Z,2026-07-22T00:00:00.000Z,Fantastic jeans and leisure wear,Fantastic jeans and leisure wear. I cannot fault their clothes. They have the best fitting jeans and top quality. Thank you Halara ☺️,false,0,Ozlem,6296dc1a0afa9d0012225524,AU,7,false,
thehalara.com,id:6a60118aa341559f976beb9f,native_id,6a60118aa341559f976beb9f,5,2026-07-22T02:40:42.000Z,2026-07-13T00:00:00.000Z,I am very happy with the gift card…,I am very happy with the gift card policy. I believe you have quality products.  ,true,0,Jean Fogarty,5c746b52d6c1187b8c8d21cc,US,7,false,
thehalara.com,id:6a60113731a8c7a65e65f938,native_id,6a60113731a8c7a65e65f938,5,2026-07-22T02:39:19.000Z,2026-07-18T00:00:00.000Z,I like the pants I ordered because the…,I like the pants I ordered because the fitting is just right given the fabric is stretchable and very comfortable to wear. The price is worth it but it’s better if the price can be lowered even just a little bit. Thank you.,true,0,Nora,578458dd0000ff000a30fb31,US,2,false,
thehalara.com,id:6a60075c8212aa85a9d8f347,native_id,6a60075c8212aa85a9d8f347,5,2026-07-22T01:57:16.000Z,2026-07-12T00:00:00.000Z,The clothing quality is superior,The clothing quality is superior.  I'm very happy with the shorts I purchased.  Delivery was relatively quick and everything arrived as ordered. ,true,0,Maria,6a60075ab06fbff2f4efa874,US,1,false,
thehalara.com,id:6a6004b69a555f0676453296,native_id,6a6004b69a555f0676453296,5,2026-07-22T01:45:58.000Z,2026-07-19T00:00:00.000Z,Ecelent fabrics i loved.,Ecelent fabrics i loved.,true,0,Maria,6a6004b5ff3db24081bd3fec,US,1,false,
thehalara.com,id:6a600377e53fd33e6a6db9c5,native_id,6a600377e53fd33e6a6db9c5,5,2026-07-22T01:40:39.000Z,2026-07-19T00:00:00.000Z,Easy to get what you want ,"Easy to order , and the description of the items really help.",true,0,Pam,6290c0fabea272001274c404,US,3,false,
thehalara.com,id:6a6003339bedb539e469bd22,native_id,6a6003339bedb539e469bd22,4,2026-07-22T01:39:31.000Z,2026-07-12T00:00:00.000Z,Sizing isn't as good as it should be.,Even though your shorts are a quality product.  The cut isn't as good as it cout be. Larger girls have more curves than smaller ones. I found the shorts did fit as nicely for my size (which is a women's 20). I am keeping them despite them being to loose around the high waist band and a little low in the back than the front. ,true,0,Janet,6a600332b06fbf2eaaefa586,US,1,false,
thehalara.com,id:6a6002ecb99cbdcbfc263b55,native_id,6a6002ecb99cbdcbfc263b55,5,2026-07-22T01:38:20.000Z,2026-07-11T00:00:00.000Z,So comfortable,So comfortable ,true,0,Na,6a6002ebb06fbf52e4efa55f,US,1,false,
thehalara.com,id:6a60024483ec22351b22781e,native_id,6a60024483ec22351b22781e,4,2026-07-22T01:35:32.000Z,2026-07-12T00:00:00.000Z,The ads are deceiving- it could show a…,"The ads are deceiving- it could show a picture of 3 for $60, but then that item is not at that price.",true,0,Jenni Ferreira,637a8c5e40a5950013e3bba3,US,2,false,
thehalara.com,id:6a600126c3d45daeff8bace7,native_id,6a600126c3d45daeff8bace7,5,2026-07-22T01:30:46.000Z,2026-07-01T00:00:00.000Z,Pilates Clothes for Petites,"Bought my items for Pilates practice Clothes are nice and as I’m under 5’3 the length of the trousers was perfect! Wash well and wear well. The tops though I felt were a little generous in size. Overall a positive experience.

",true,0,Badcat,581393750000ff000a520189,GB,10,false,
thehalara.com,id:6a5fff6beeff3a0493091921,native_id,6a5fff6beeff3a0493091921,1,2026-07-22T01:23:23.000Z,2026-07-19T00:00:00.000Z,I can’t do a return,I can’t do a return ,true,0,MARILYN C REILLY,594181790000ff000aa3c365,US,7,false,"Hello,
Thank you for sharing your feedback. We're so sorry to hear that you're having trouble completing your return.
Our team has already reached out to you via email regarding this matter so we can assist you further and work toward the best possible solution. Please kindly check your inbox (including your spam/junk folder) and reply to our email at your convenience.
Thank you for your patience and for giving us the opportunity to make things right."
thehalara.com,id:6a5fff0e4d14b31e51bc7e9c,native_id,6a5fff0e4d14b31e51bc7e9c,5,2026-07-22T01:21:50.000Z,2026-07-12T00:00:00.000Z,Items were early,Items were early. And always a perfect fit!! They are so comfortable!! I love Halara!!!,true,0,BELINDA,66a831897f05d4e02008f4b1,US,3,false,
thehalara.com,id:6a5ffcbcbfdfe216316e5e0e,native_id,6a5ffcbcbfdfe216316e5e0e,5,2026-07-22T01:11:56.000Z,2026-07-12T00:00:00.000Z,I needed to return 1 item,I needed to return 1 item. I completed the return form and received the shipping labels immediately. ,true,0,Rae Jean,6a5ffcbb7b418ce5e987651a,US,1,false,
thehalara.com,id:6a5ffc5cad11ad4240c13bf2,native_id,6a5ffc5cad11ad4240c13bf2,4,2026-07-22T01:10:20.000Z,2026-07-12T00:00:00.000Z,Clothes are fabulous but.....,Clothes are fabulous! Shipping takes forever & customer service does not respond very quickly if you need something. I would order more often but things need to change with their shipping & customer service,true,0,Lynn,5c9bc90054d7e4e69efa4fdf,US,5,false,
thehalara.com,id:6a5ffbfb3cc2e4b49abced5e,native_id,6a5ffbfb3cc2e4b49abced5e,4,2026-07-22T01:08:43.000Z,2026-07-19T00:00:00.000Z,We really liked the design and quality,"We really liked the design and quality, which is why I purchased from you multiple times. However, the shipping took much longer than I expected. Thanks.",true,0,Eva,6a5ffbfa236e3dafbfde5680,US,1,false,
thehalara.com,id:6a5ffbaf0070181ebd169a75,native_id,6a5ffbaf0070181ebd169a75,5,2026-07-22T01:07:27.000Z,2026-07-18T00:00:00.000Z,I wasn’t sure of my size and ordered…,"I wasn’t sure of my size and ordered items that were too small.  I was able to get a “gift card” for Halara in a few clicks and ordered the right sizes.  Love the products.  Very comfortable, easy to launder, fits well.  I am pleased with the experience and will order again. ",true,0,Julie,6a5ffbae236e3dc214de5633,US,1,false,
thehalara.com,id:6a5ffb759070da28ae9a42d5,native_id,6a5ffb759070da28ae9a42d5,1,2026-07-22T01:06:29.000Z,2026-07-19T00:00:00.000Z,Jeans smell like real poop even after…,Jeans smell like real poop even after washing,true,0,Faye,6a5ffb74ff3db23d96bd389b,US,2,false,"Hello,
Thank you for sharing your feedback. We're truly sorry to hear that your jeans had such an unpleasant odor, even after washing them.
Our team has already reached out to you via email regarding this matter so we can assist you further and work toward the best possible solution. Please kindly check your inbox (including your spam/junk folder) and reply to our email at your convenience.
Thank you for your patience and for giving us the opportunity to make things right."
thehalara.com,id:6a5ff75e7bf16029bb561e68,native_id,6a5ff75e7bf16029bb561e68,5,2026-07-22T00:49:02.000Z,2026-07-18T00:00:00.000Z,Love the quality of the products,Love the quality of the products. I will be ordering more at later dates! ,true,0,Evelyn Brock,5f0ccc442b69c06f0b1f22f7,US,3,false,
thehalara.com,id:6a5ff568d5191edcb946c8b9,native_id,6a5ff568d5191edcb946c8b9,5,2026-07-22T00:40:40.000Z,2026-07-12T00:00:00.000Z,Love halara,I have loved nearly everything from halara.  The couple of items that didn’t work they readily allowed for an exchange.  Everything is super comfortable and price is great. ,true,0,Valeh Karimkhani,61064f4c00d753001229aac0,US,6,false,
thehalara.com,id:6a5ff1654e9c78b7ec432974,native_id,6a5ff1654e9c78b7ec432974,1,2026-07-22T00:23:33.000Z,2026-07-16T00:00:00.000Z,The buy was easy,"The buy was easy, and im happy with the black pants i bought. However, Im trying to return one of the pants i bought, and the system isn’t allowing me to. Sketchy. ",true,0,Stephany,6a5ff164c2526ca09694a3df,US,1,false,"Hello,
Thank you for sharing your feedback. We're very sorry to hear that you've been having trouble submitting your return request.
Our team has already reached out to you via email regarding this matter so we can assist you further and work toward the best possible solution. Please kindly check your inbox (including your spam/junk folder) and reply to our email at your convenience.
Thank you for your patience and for giving us the opportunity to make things right."
thehalara.com,id:6a5fef6434b9a8f3549a9904,native_id,6a5fef6434b9a8f3549a9904,5,2026-07-22T00:15:00.000Z,2026-07-19T00:00:00.000Z,I love these jeans,I love these jeans! Great fit & nice quality!,true,0,Sheree,6a5ed380c2526ce63e9302e1,US,2,false,
thehalara.com,id:6a5fe9c8a1f700e5b4cf5b8c,native_id,6a5fe9c8a1f700e5b4cf5b8c,1,2026-07-21T23:51:04.000Z,2026-07-19T00:00:00.000Z,They were unwilling to give me money…,They were unwilling to give me money back on returns and would only issue a gift card.,true,0,Brooke,61834e37f320e00016ddf413,US,2,false,"Hello,
We're sorry to hear about your experience and apologize for any confusion regarding your return and refund.
After reviewing your case, we can confirm that your refund was not issued as a gift card. Instead, our agent has already processed the refund back to your original payment method.
If you haven't seen the refund yet, please allow a few business days for it to appear in your account, depending on your payment provider's processing time.
If you have any further questions or need any additional assistance, please don't hesitate to contact us at service@cs.halara.com (mailto:service@cs.halara.com). We're always here to help."
thehalara.com,id:6a5fe77a34d049082645f30e,native_id,6a5fe77a34d049082645f30e,5,2026-07-21T23:41:14.000Z,2026-07-12T00:00:00.000Z,Fast shipping,"Fast shipping! I’m so tired of ordering online and waiting for months to get a crappy product from China. 
Quality product! These pants are made well and feel great to wear. 
Beautiful and trending for! I got the white and want to buy more in other washes. ",true,0,Lynda,6a5fe779c2526caa3b94989e,US,1,false,
thehalara.com,id:6a5fe70b66a0bb4b5918f9e7,native_id,6a5fe70b66a0bb4b5918f9e7,5,2026-07-21T23:39:23.000Z,2026-07-19T00:00:00.000Z,Great quality,"Although the size chart felt off, the style and comfort of the fabrics are great, and customer service was excellent. ",true,0,Ash,6a5fe70a236e3de651de401c,US,1,false,
thehalara.com,id:6a5fe705bb6e17d40e2efcd3,native_id,6a5fe705bb6e17d40e2efcd3,5,2026-07-21T23:39:17.000Z,2026-07-19T00:00:00.000Z,The quality,The quality ,true,0,Margarita,6a5fe7057b418c3f98874dbb,US,1,false,
thehalara.com,id:6a5fe6ee738ba0764b22d259,native_id,6a5fe6ee738ba0764b22d259,1,2026-07-21T23:38:54.000Z,2026-07-12T00:00:00.000Z,Did not look at all like  the picture…,Did not look at all what the picture look like and I’m about the same weight and height as those models looked ridiculous. Took forever to arrive poor quality don’t waste your money.,true,0,Angela Valles,65aeb6fb8ff73e00127b6423,US,1,false,"Thank you for sharing your feedback. We're truly sorry to hear that the items didn't meet your expectations.
Our team has already reached out to you via email regarding this matter so we can assist you further and work toward the best possible solution. Please kindly check your inbox (including your spam/junk folder) and reply to our email at your convenience.
Thank you for your patience and for giving us the opportunity to make things right."
thehalara.com,id:6a5fe63efc22a0b3e8d7c5e0,native_id,6a5fe63efc22a0b3e8d7c5e0,5,2026-07-21T23:35:58.000Z,2026-07-19T00:00:00.000Z,Something For Everyone,Lots of variety and styles.  Good quality for the price.  Easy returns.,true,0,Stacy,6a5fe63d7b418c6d26874cd6,US,1,false,
thehalara.com,id:6a5fe5a56cc046f0957c8f4d,native_id,6a5fe5a56cc046f0957c8f4d,5,2026-07-21T23:33:25.000Z,2026-07-19T00:00:00.000Z,Great products,"Great products, fast shipping. Fit perfectly ",true,0,Michelle,6a5fe5a4236e3d3d19de3e83,US,1,false,
thehalara.com,id:6a5fe51ceb0b61358dc746ca,native_id,6a5fe51ceb0b61358dc746ca,5,2026-07-21T23:31:08.000Z,2026-07-19T00:00:00.000Z,I saw some shorts on their web site,I saw some shorts on their web site. Amazing you can dree them up or dress down ,true,0,Kimberly,6a5fe51b236e3de4d0de3dd1,US,1,false,
thehalara.com,id:6a5fe422143fd4f9b5da5e4f,native_id,6a5fe422143fd4f9b5da5e4f,4,2026-07-21T23:26:58.000Z,2026-07-19T00:00:00.000Z,Your sizing is a tough one to square up…,Your sizing is a tough one to square up with. I measured myself and it indicates a large. I ordered a large and extra large just in case I wanted the shorts to be baggy. The extra large are not baggy and the large doesn’t fit. At all. They are a nice material and seem like quality clothes. ,true,0,Monica,6a5fe421b06fbf4331ef85e7,US,1,false,
thehalara.com,id:6a5fe28bda04e2890b5b9865,native_id,6a5fe28bda04e2890b5b9865,1,2026-07-21T23:20:11.000Z,2026-07-19T00:00:00.000Z,The fabric used for these pants was…,The fabric used for these pants was terrible.  Nylon should never be used for clothing!,true,0,Carey,6a5fe28b7b418c6be187487b,US,1,false,"Hello,
Thank you for sharing your feedback. We're sorry to hear that the fabric of the pants didn't meet your expectations.
Our team has already reached out to you via email regarding this matter so we can assist you further and work toward the best possible solution. Please kindly check your inbox (including your spam/junk folder) and reply to our email at your convenience.
Thank you for your patience and for giving us the opportunity to make things right."
thehalara.com,id:6a5fe13740c22d893bdc3ebc,native_id,6a5fe13740c22d893bdc3ebc,5,2026-07-21T23:14:31.000Z,2026-07-18T00:00:00.000Z,Easy order process,Easy order process ,true,0,Carey Daughtry,651c5bcea0a08d00133dafbf,US,2,false,
thehalara.com,id:6a5fe10e974a14f60065141b,native_id,6a5fe10e974a14f60065141b,1,2026-07-21T23:13:50.000Z,2026-07-13T00:00:00.000Z,You make it virtually impossible to…,You make it virtually impossible to return an item.  Would give no stars if it was an option.,true,0,Debbie Beckner,5d97d63391a5ae62ce622e7a,US,4,false,"Hello,
We're truly sorry to hear that you found the return process frustrating. We understand how disappointing this experience has been, and we sincerely apologize for any inconvenience caused.
After reviewing your case, we can confirm that we have already provided you with a gift card as a resolution for your return request. We hope this gesture helps address your concern.
If you have any further questions or if there's anything else we can assist you with, please don't hesitate to contact us at service@cs.halara.com (mailto:service@cs.halara.com). We're always here to help and will do our best to assist you."
thehalara.com,id:6a5fe01c7d4cc122be5a2272,native_id,6a5fe01c7d4cc122be5a2272,4,2026-07-21T23:09:48.000Z,2026-07-02T00:00:00.000Z,The pants are a little tight at the…,The pants are a little tight at the waist.  I will wear them when I feel I lost a pound or two.  The delivery time was too long.,true,0,SANDRA BURGOS,6926e8f534d80c1ff387dbca,US,2,false,
thehalara.com,id:6a5fdf1ce5974020990166b3,native_id,6a5fdf1ce5974020990166b3,5,2026-07-21T23:05:33.000Z,2026-07-12T00:00:00.000Z,Every thing was ust as hoped for,The size chart was correct to fit my body. The product is exactly as shown. Fits perfectly. The shipping information was easy to use and correct. Every thing was just as hoped for,true,0,daniel laughlin,5819e5960000ff000a535df2,US,2,false,
thehalara.com,id:6a5fdd9acc394d729164df80,native_id,6a5fdd9acc394d729164df80,5,2026-07-21T22:59:06.000Z,2026-07-19T00:00:00.000Z,Great pants material,Great pants material,true,0,Brenda Rivera,61f9577c8c897200128043ba,US,2,false,
thehalara.com,id:6a5fdc0ee4dd4d0972f441a2,native_id,6a5fdc0ee4dd4d0972f441a2,5,2026-07-21T22:52:30.000Z,2026-07-12T00:00:00.000Z,Happy Girlie ,"The quality of my times are great. The  fit of my items are  true to size. I could not be happier with my sports bra tops. I am a busty girl, the D to DD cup sizes fit good and I’m not worried about spilling out. ",true,0,Lisa Ortiz,68dad5fd412e4cb409580b90,US,2,false,
thehalara.com,id:6a5fdb6f593eff16a6c24122,native_id,6a5fdb6f593eff16a6c24122,5,2026-07-21T22:49:51.000Z,2026-07-11T00:00:00.000Z,User friendly site,"User friendly site, and good sypport/return experience",true,0,Brenda Holt,69012dd43e4e0d7589bbbd76,US,1,false,
thehalara.com,id:6a5fd7fce7d583067cc94322,native_id,6a5fd7fce7d583067cc94322,5,2026-07-21T22:35:08.000Z,2026-06-06T00:00:00.000Z,Trousers are comfortable and fit well,Trousers are comfortable and fit well. Also good value for money.,true,0,Adrienne,4fd1509f00006400011aca71,GB,13,false,
thehalara.com,id:6a5fd1d0444c439be4acbed7,native_id,6a5fd1d0444c439be4acbed7,5,2026-07-21T22:08:48.000Z,2026-07-19T00:00:00.000Z,good product for great price,good product for great price,true,0,Melinda,624386dfa25e8c0012a44427,US,5,false,
thehalara.com,id:6a5fd10dd540fcd3d06a7a91,native_id,6a5fd10dd540fcd3d06a7a91,2,2026-07-21T22:05:33.000Z,2026-07-19T00:00:00.000Z,The return process is very difficult,The return process is very difficult,true,0,Erica,6a5fd10dc2526c28e9947b60,US,1,false,"Hello,
We're truly sorry to hear that you found the return process difficult. Please accept our sincere apologies for any inconvenience caused.
We would like to confirm that we have received your email, and our relevant team has processed this matter.
Thank you for your patience and for giving us the opportunity to make things right."
thehalara.com,id:6a5fd042f90ce2f4ef5c12e3,native_id,6a5fd042f90ce2f4ef5c12e3,5,2026-07-21T22:02:10.000Z,2026-06-29T00:00:00.000Z,Lovely products I want to buy more…,Lovely products I want to buy more asap. Already have about 6 pairs of the leggings too,true,0,Diane blakemore,5bc1ceac4de5666d341ba872,GB,11,false,
thehalara.com,id:6a5fd02a2042515954f6c830,native_id,6a5fd02a2042515954f6c830,1,2026-07-21T22:01:46.000Z,2026-07-19T00:00:00.000Z,Size medium is huge.  You need petite sizes ,Size medium is huge.  Try some petite sizes.  ,true,0,Mary,6a5fd029236e3df2ddde2206,US,1,false,"Hello,
Thank you for sharing your feedback. We're sorry to hear that the size you received was much larger than expected.
Our team has already reached out to you via email regarding this matter so we can assist you further and work toward the best possible solution. Please kindly check your inbox (including your spam/junk folder) and reply to our email at your convenience.
Thank you for your patience and for giving us the opportunity to make things right."
thehalara.com,id:6a5fd004e34c8713658fe160,native_id,6a5fd004e34c8713658fe160,5,2026-07-21T22:01:08.000Z,2026-07-19T00:00:00.000Z,Easy to order,"Easy to order, love the styles!",true,0,Stacy Hardy,6840d9c5f0e9f3950f63c9d1,US,4,false,
thehalara.com,id:6a5fcf9cb6ead467bee508e3,native_id,6a5fcf9cb6ead467bee508e3,3,2026-07-21T21:59:24.000Z,2026-07-19T00:00:00.000Z,I like the style of the clothes,"I like the style of the clothes, but I don’t like as much the material and it also takes long time for the delivery.",true,0,Loula,6a5fcf9bff3db2b0aabd049c,US,1,false,"Hello,
Thank you for sharing your feedback. We're sorry to hear that the material didn't meet your expectations and that your order took longer than expected to arrive.
Our team has already reached out to you via email regarding this matter so we can assist you further and work toward the best possible solution. Please kindly check your inbox (including your spam/junk folder) and reply to our email at your convenience.
Thank you for your patience and for giving us the opportunity to make things right."
thehalara.com,id:6a5fceea5ac9e85de35cc547,native_id,6a5fceea5ac9e85de35cc547,1,2026-07-21T21:56:26.000Z,2026-07-19T00:00:00.000Z,I have not received part of my order and cant find updates in my account ,"I have not received part of my order, it took 2 mths to get to me, the app does not allow me to look up orders, I cannot find my account showing my order. Its very frustrating. I like the clothes, but likely will not order again due to technology being clunky. ",true,0,Rebecca,6a5fcee9b06fbfd5c3ef6a28,US,1,false,"Hello,
Thank you for sharing your feedback. We're truly sorry to hear about your experience. We understand how frustrating it must have been to wait so long for your order, not receive part of your items, and have difficulties accessing your account and order information through the app.
Our team has already reached out to you via email regarding this matter so we can assist you further and work toward the best possible solution. Please kindly check your inbox (including your spam/junk folder) and reply to our email at your convenience.
Thank you for your patience and for giving us the opportunity to make things right."
thehalara.com,id:6a5fcec6464a010ab9c2176f,native_id,6a5fcec6464a010ab9c2176f,3,2026-07-21T21:55:50.000Z,2026-07-12T00:00:00.000Z,The package arrived too long.,The package arrived too long.,true,0,Fleurdeliz,6a5fcec5236e3d47ddde200d,PH,1,false,"Hello,
Thank you for sharing your feedback. We're sorry to hear that your package took longer than expected to arrive.
Our team has already reached out to you via email regarding this matter so we can assist you further and work toward the best possible solution. Please kindly check your inbox (including your spam/junk folder) and reply to our email at your convenience.
Thank you for your patience and for giving us the opportunity to make things right."
thehalara.com,id:6a5fceb3da8291148a516f72,native_id,6a5fceb3da8291148a516f72,5,2026-07-21T21:55:31.000Z,2026-07-12T00:00:00.000Z,I  had to size up and exchange my…,"I  had to size up and exchange my pants, I was issued a gift card and got my correct size with in a couple days. Love my new pants!",true,0,Amy,6a5fceb3c2526cd640947809,US,1,false,
thehalara.com,id:6a5fcd171e21643da474c93e,native_id,6a5fcd171e21643da474c93e,5,2026-07-21T21:48:39.000Z,2026-07-19T00:00:00.000Z,The items I ordered came just as…,"The items I ordered came just as pictured, in good condition and fit very nicely.",true,0,Rene ,6058bc82f4387f001b455f22,US,2,false,
thehalara.com,id:6a5fcc2835dbdd2cd4268c41,native_id,6a5fcc2835dbdd2cd4268c41,4,2026-07-21T21:44:40.000Z,2026-07-19T00:00:00.000Z,Clothes are nice! Process takes too long,"Clothes are nice.  Wash well and wear well.  I have purchased twice now from sport bras yoga pants, and evening clothes.

What I am not impressed with is their delivery.  This last order took 6 weeks before it was shipped.  Kept getting updates sorry for the delay, something couldn’t be filled and then finally my order shipped.

A few days after I received my order I got an email to review each product.  Forgetting that an item could not be for filled that showed up for me to review.  I checked my bank and noticed my account wasn’t refunded.  Contacted CS and to my surprise they said oh you have to initiate the refund process.  That on Halara not me.  I did my part, placed an order, paid and waited an exuberant amount of time.  To only be told I need to request a refund befuddled me.  So now I wait once again for my refund which said it would take 7-14 days.  That essentially means it would have taken Halara 2 months to complete a transaction.  

While I enjoy the clothes the process needs to overhauled.  I hope you do better.",true,0,Lori,6a5fcc27ff3db27b31bcffa4,US,1,false,
thehalara.com,id:6a5fcbf465f4e01e38a52159,native_id,6a5fcbf465f4e01e38a52159,5,2026-07-21T21:43:48.000Z,2026-07-18T00:00:00.000Z,You need this dress!,"I first bought these dresses from the TikTok shop and hoped they  lived up to the hype. The day I got them, on went to the Halara website and ordered 3 more. They fit true to size and are good quality. I love the built in bra! As a large breasted woman, I was skeptical that I would be able to go braless, but it provides good support and does not give you the ""uniboob"" look of a sports bra. The dress is comfortable, flattering and I get tons of compliments every time I wear one. They are also versatile and I look forward to wearing them year round by adding a cardigan or jacket in fall and winter. I got free shipping and it shipped quicky. Highly recommend!",true,0,Sabrina,6a5fcbf4236e3d8a77de1bc9,US,1,false,
thehalara.com,id:6a5fcb9c4781335e463d5b98,native_id,6a5fcb9c4781335e463d5b98,2,2026-07-21T21:42:20.000Z,2026-07-02T00:00:00.000Z,They do not fit correctly,They do not fit correctly.  I guess I ordered to small and too short. ,true,0,Charon,6a5fcb9bc2526c61529473cb,US,1,false,"Hello,
Thank you for sharing your feedback. We're sorry to hear that the item didn't fit as expected.
Our team has already reached out to you via email regarding this matter so we can assist you further and work toward the best possible solution. Please kindly check your inbox (including your spam/junk folder) and reply to our email at your convenience.
Thank you for your patience and for giving us the opportunity to make things right."
thehalara.com,id:6a5fcae842cdb23b4c5a8a9f,native_id,6a5fcae842cdb23b4c5a8a9f,5,2026-07-21T21:39:20.000Z,2026-07-19T00:00:00.000Z,I bought two tall pants medium,"I bought two tall pants medium, they have excellent quality and fit perfectly.
Thanks .",true,0,FLAVIA,6a5fcae8c2526cba249472dd,US,1,false,
thehalara.com,id:6a5fc9fb101d3f3b54d7fb40,native_id,6a5fc9fb101d3f3b54d7fb40,3,2026-07-21T21:35:23.000Z,2026-07-19T00:00:00.000Z,I love the dress,"I love the dress. It’s exactly what I wanted. However, Your marketing is a scam. Half off new users? No it’s only $10 off. That’s not half off a $50 dress. Also the scratch off I got for $100. It’s a bundle if I spend a hundred dollars? Please explain how this works. As what you advertise is not what you get. Unless something is truly onsale  with no high shipping costs, it will be awhile before I order from you all again. The only reason I’m even going off about this, is because I’m being hounded by multiple emails so far since I received the dress only a few days ago. ",true,0,Lisa,6a5fc9fa236e3dbeacde18c0,US,1,false,"Hello,
Thank you for sharing your feedback. We're truly sorry for the confusion and frustration regarding the promotions and marketing offers.
Our team has already reached out to you via email regarding this matter so we can assist you further and work toward the best possible solution. Please kindly check your inbox (including your spam/junk folder) and reply to our email at your convenience.
Thank you for your patience and for giving us the opportunity to make things right."
thehalara.com,id:6a5fc8f31677ace219eba925,native_id,6a5fc8f31677ace219eba925,5,2026-07-21T21:31:00.000Z,2026-07-19T00:00:00.000Z,Nice pants,"First 
Fast response with emails

Good and affective instructions ",true,0,Mary,6a5fc8f2ff3db25c3dbcfb15,US,1,false,
thehalara.com,id:6a5fc8870f0d21884feab3a2,native_id,6a5fc8870f0d21884feab3a2,1,2026-07-21T21:29:11.000Z,2026-07-21T00:00:00.000Z,I would advise avoiding,"It's an absolute nightmare not being able to send things back for free. This is our third attempt of finding something, but now stuck with a gift card so have to use the site. Each time we lose more money on having to return the items. I'd hoped my sister might be able to find something, but even with doing measurement the size is come up large again. Also some of the smart looking trousers I made of a weird stuff fabric you would expect for waterproof jackets ",false,0,Georgia,67a8ff0058a0a98f40cc697f,GB,3,false,"Hello,
Thank you for sharing your feedback. We're truly sorry to hear about your experience. We understand how frustrating it must have been to go through multiple returns, deal with sizing issues, and be disappointed with the fabric of the items.
Our team has already reached out to you via email regarding this matter so we can assist you further and work toward the best possible solution. Please kindly check your inbox (including your spam/junk folder) and reply to our email at your convenience.
Thank you for your patience and for giving us the opportunity to make things right."
thehalara.com,id:6a5fc6817da9c8692bad8808,native_id,6a5fc6817da9c8692bad8808,5,2026-07-21T21:20:33.000Z,2026-07-16T00:00:00.000Z,Quality delivery,Quality delivery,true,0,Maureen ,60f7227f6c78840011f716de,US,3,false,
thehalara.com,id:6a5fc6521e09b370d16713fd,native_id,6a5fc6521e09b370d16713fd,5,2026-07-21T21:19:46.000Z,2026-07-13T00:00:00.000Z,Love Halara,"Love Halara! If it were possible,  there's too many options!  Everything I have ever bought has been very well made & so, so confortable!",true,0,Customer,58ec69970000ff000a8bd407,US,10,false,
thehalara.com,id:6a5fc4bb3f8d07506850d975,native_id,6a5fc4bb3f8d07506850d975,1,2026-07-21T21:12:59.000Z,2026-07-12T00:00:00.000Z,Haven’t received my order yet….,Haven’t received my order yet…. ,true,0,CJ Phillips,6930b98600ecba77b47710ff,US,2,false,"Hello,
We're sorry to hear about the confusion regarding your order, and we apologize for any concern this may have caused.
After reviewing your order, we can confirm that it has already been delivered. We also see that you submitted a return request, and the gift card for your return has already been issued.
If you have any further questions or need any additional assistance, please don't hesitate to contact us at service@cs.halara.com (mailto:service@cs.halara.com). We're always here to help."
thehalara.com,id:6a5fc3258cffde9bff8b9c4a,native_id,6a5fc3258cffde9bff8b9c4a,5,2026-07-21T21:06:13.000Z,2026-07-18T00:00:00.000Z,I had a return and they were so…,I had a return and they were so helpful. The packages came neatly packaged and it’s very nice quality.,true,0,Jamie,6a5fc325ff3db2de01bcf273,US,1,false,
thehalara.com,id:6a5fc2989bc6e46ec8c428b0,native_id,6a5fc2989bc6e46ec8c428b0,1,2026-07-21T21:03:52.000Z,2026-07-19T00:00:00.000Z,Not a fan ,"This is the 2nd time I have tried to return something and the 2nd time there ""seems to be a glitch"" in the online return process. Feels quite intentional.....ultimately the number of hoops you require to return something, makes one give up. I now own two shirts that are not really wearable in public because the arm holes are enormous, hanging below the bra. ",true,0,Elizabeth,6a5fc2977b418c6369871b46,US,1,false,"Hello,
Thank you for sharing your feedback. We're truly sorry to hear about your experience and understand how frustrating it must be to encounter issues with the return process more than once.
Our team has already reached out to you via email regarding this matter so we can assist you further and work toward the best possible solution. Please kindly check your inbox (including your spam/junk folder) and reply to our email at your convenience.
Thank you for your patience and for giving us the opportunity to make things right."
thehalara.com,id:6a5fc28c666e83ab608906a3,native_id,6a5fc28c666e83ab608906a3,2,2026-07-21T21:03:40.000Z,2026-07-18T00:00:00.000Z,Do you know what petite means?,"Do you know what petite means?
I ordered a jumpsuit in a petite size as I'm 5'2"".
However the pants are WAY too long and about 5 or 6 inches need to be cut off/shortened!
Not real happy about that and don't know who or where can do that.",true,0,Jan Daigler,632dead056accb0012f664a4,US,1,false,"Hello,
Thank you for sharing your feedback. We're truly sorry to hear that the petite jumpsuit didn't fit as expected.
Our team has already reached out to you via email regarding this matter so we can assist you further and work toward the best possible solution. Please kindly check your inbox (including your spam/junk folder) and reply to our email at your convenience.
Thank you for your patience and for giving us the opportunity to make things right."
thehalara.com,id:6a5fc1df091d128f26bd0b2c,native_id,6a5fc1df091d128f26bd0b2c,5,2026-07-21T21:00:47.000Z,2026-06-17T00:00:00.000Z,Beautiful  blouse,Beautiful  blouse ,true,0,Norms Baker,64808b10eb5f780012168a33,US,12,false,
thehalara.com,id:6a5fc163bb18d136c0932e35,native_id,6a5fc163bb18d136c0932e35,5,2026-07-21T20:58:43.000Z,2026-07-19T00:00:00.000Z,horrible experience,horrible experience. Nothing fits right. There website and app don't work right. I cannot even adjust the stars on this review. It should be one star. I cannot get the return done and spent hundreds of dollars. I want to return everything. Is this a fake business?,true,0,Bobbie,6a5fc162ff3db21672bcefcb,US,1,false,
thehalara.com,id:6a5fc0ab6801f9489fcfb802,native_id,6a5fc0ab6801f9489fcfb802,5,2026-07-21T20:55:39.000Z,2026-07-17T00:00:00.000Z,Great product,Great product — love these shorts and really quick shipment. Great price too,true,0,Samantha Thomas,64822343cbc0d2001264031b,GB,4,false,
thehalara.com,id:6a5fc00fa4f4ba71dc7dafb8,native_id,6a5fc00fa4f4ba71dc7dafb8,4,2026-07-21T20:53:03.000Z,2026-07-19T00:00:00.000Z,They’re the only shorts I’ll wear! ,"I love these shorts. The fit, the fabric and the look. I sometimes need a 1X in pants but XL fits just right in the SoftlyZero high waisted shorts. I bought 2 and after I got them I ordered 6 more! They’re the only shorts I’ll wear! 

My only complaint, and it’s a small one, is that they take longer to arrive than I’d like. But it’s worth the wait. ",true,0,Sue,6a4ecd7124460e676d2ae187,US,2,false,
thehalara.com,id:6a5fbf10f573ad6d4421b022,native_id,6a5fbf10f573ad6d4421b022,3,2026-07-21T20:48:48.000Z,2026-07-02T00:00:00.000Z,Communication,"Communication, length until shipment (more communication on this survey)",true,0,Keri,6a5fbf10236e3d10a4de08e7,US,1,false,"Hello,
We're truly sorry to hear that our communication and the time it took to ship your order did not meet your expectations. Please accept our sincere apologies for any inconvenience caused.
We would like to confirm that we have received your email, and our relevant team has processed this matter.
Thank you for your patience and for giving us the opportunity to make things right."
thehalara.com,id:6a5fbe91e6be5d30e7951a5a,native_id,6a5fbe91e6be5d30e7951a5a,5,2026-07-21T20:46:41.000Z,2026-07-19T00:00:00.000Z,Best soft comfortable shorts I love them,Best soft comfortable shorts I love them,true,0,Laurie,6a5fbe90b06fbf777aef51f3,US,1,false,
thehalara.com,id:6a5fbd89aef6d0cf7f8a0497,native_id,6a5fbd89aef6d0cf7f8a0497,5,2026-07-21T20:42:17.000Z,2026-07-12T00:00:00.000Z,It went great!,It went great!,true,0,Stefanie,6a5fbd89c2526c2eb6945e4b,US,1,false,
thehalara.com,id:6a5fbb900bfbd5af39717c5a,native_id,6a5fbb900bfbd5af39717c5a,3,2026-07-21T20:33:52.000Z,2026-07-12T00:00:00.000Z,Material lovely,Clothes were all too small.  Might have been me not ordering correct size.  Style and material was great though.  Reason for 3 stars is just the delay in refund process.,true,0,Mrs C,5f6881182ee2c71282d0eafb,GB,8,false,"Hello,
Thank you for sharing your feedback. We're sorry that the sizing didn't work out as expected and that the refund process took longer than you anticipated.
Our team has already reached out to you via email regarding this matter so we can assist you further and work toward the best possible solution. Please kindly check your inbox (including your spam/junk folder) and reply to our email at your convenience.
Thank you for your patience and for giving us the opportunity to make things right."
thehalara.com,id:6a5fb9ab3296f1486621ab10,native_id,6a5fb9ab3296f1486621ab10,5,2026-07-21T20:25:47.000Z,2026-07-19T00:00:00.000Z,Though the shipping times can be long…,"Though the shipping times can be long due to the zero footprint company values, I love the fit and fabric of these items. They are true to size and many styles have built in pockets and other wonderful little extras! Also good prices (not Walmart good, but youre getting what you pay for!) Definitely will buy again!",true,0,Meg Bauer,60a7ce67b93c910019cbf6ef,US,2,false,
thehalara.com,id:6a5fb8815b535f3647bdeeb4,native_id,6a5fb8815b535f3647bdeeb4,3,2026-07-21T20:20:49.000Z,2026-07-18T00:00:00.000Z,Love the products but the pants did not…,"Love the products but the pants did not fit and wanted to exchange for a bigger size.  However, did not realize before purchase that I will have to pay the cost for shipping back and there is no exchange but only return.  ",true,0,Damaris,6a5fb880b06fbf7257ef489e,US,1,false,"Hello,
Thank you for sharing your feedback. We're sorry to hear that the pants didn't fit as expected and that our return policy was not what you anticipated.
Our team has already reached out to you via email regarding this matter so we can assist you further and work toward the best possible solution. Please kindly check your inbox (including your spam/junk folder) and reply to our email at your convenience.
Thank you for your patience and for giving us the opportunity to make things right."
thehalara.com,id:6a5fb7b9bf199e4dc3daebdd,native_id,6a5fb7b9bf199e4dc3daebdd,5,2026-07-21T20:17:29.000Z,2026-07-18T00:00:00.000Z,I am so pleased with company,"I am so pleased with company, and the customer service is above and beyond.  I love the fabric, quality, the softness. ",true,0,Elena Rios Cantu ,5f1b19f67252dcedccad6166,US,4,false,
thehalara.com,id:6a5fb7043be10b79e1ec53df,native_id,6a5fb7043be10b79e1ec53df,5,2026-07-21T20:14:28.000Z,2026-07-19T00:00:00.000Z,Easy to order,"Easy to order, pretty fast delivery and love the feel of them.  Just wish more colors were available in the 9”, 2X.",true,0,Karen,6a5023864024a40a2f9d91e4,US,2,false,
thehalara.com,id:6a5fb59c761023c7ad9a27e3,native_id,6a5fb59c761023c7ad9a27e3,5,2026-07-21T20:08:28.000Z,2026-07-12T00:00:00.000Z,Very quick delivery nice quality…,Very quick delivery nice quality material ,true,0,Hilary,5f3bf34429878d1ee538d4b6,GB,14,false,
thehalara.com,id:6a5fb48efe6591d29d1b0baf,native_id,6a5fb48efe6591d29d1b0baf,3,2026-07-21T20:03:58.000Z,2026-07-11T00:00:00.000Z,Don’t pay for express shipping- it makes no difference to the shipping time!,As much as I like the products supplied I was very disappointed that having paid extra for express shipping some items took even longer than normal to arrive. I was told this was due to items being on preorder but there was no mention of this during the checkout process. Express shipping is a rip off!! ,true,0,SARAH,59525d860000ff000aa89f91,GB,15,false,"Hello,
Thank you for sharing your feedback. We're truly sorry to hear about your disappointment with the shipping experience.
Our team has already reached out to you via email regarding this matter so we can assist you further and work toward the best possible solution. Please kindly check your inbox (including your spam/junk folder) and reply to our email at your convenience.
Thank you for your patience and for giving us the opportunity to make things right."
thehalara.com,id:6a5fb4650b8f2bf78e62570a,native_id,6a5fb4650b8f2bf78e62570a,1,2026-07-21T20:03:17.000Z,2026-07-17T00:00:00.000Z,I ordered a bunch of clothes on June…,"I ordered a bunch of clothes on June 11th, and they did not ship out for over a month. I had to go into my order and click to request that it be shipped out faster, and it shipped the next day. I am so confused why it took me doing that to ship the order, I have never seen another retailer do that. The quality of the clothes that arrived were also awful, some were okay, but many were just loose fitting plastic garbage. I will be returning most of the order, and never ordering again. ",true,0,Lauren,6a5fb463236e3d4219ddf79a,US,1,false,"Hello,
We're truly sorry to hear about your experience. We understand how frustrating it must have been to wait so long for your order and feel that you had to manually request the shipment before it was dispatched. Please accept our sincere apologies for any inconvenience caused.
We would like to confirm that we have received your email, and our relevant team has processed this matter.
Thank you for your patience and for giving us the opportunity to make things right."
thehalara.com,id:6a5fb2e6682c4937d22888b1,native_id,6a5fb2e6682c4937d22888b1,5,2026-07-21T19:56:54.000Z,2026-07-19T00:00:00.000Z,These clothes are great quality for the…,These clothes are great quality for the price with timely delivery. ,true,0,anitAHHH,687fe2e465125ec5d625a064,US,1,false,
thehalara.com,id:6a5fb15a099f3b672eb15fdc,native_id,6a5fb15a099f3b672eb15fdc,5,2026-07-21T19:50:18.000Z,2026-07-19T00:00:00.000Z,Love the skirts I bought,Love the skirts I bought. Fit is perfect. Good color choices. Great price and high quality ,true,0,Susan,6a5fb159ff3db2eccbbcd711,US,1,false,
thehalara.com,id:6a5fb0c361120049be935edb,native_id,6a5fb0c361120049be935edb,2,2026-07-21T19:47:47.000Z,2026-07-07T00:00:00.000Z,I did not enjoy the items and then…,"I did not enjoy the items and then struggled being able to return them. Additionally I tried to delete a secondary account because after I signed in, I realized that I had made a different account on my phone that was attached to the order. I understand why it took so long for the items to come, but it was 2 months. For two pairs of pants. That is too long. The pants don't actually fit that well and they were very dependent on the body you have in order to look good. My experience after purchase has been awful getting up to two emails a day despite it being stated on the bottom of the email that it was the last email regarding viewing. I did talk to customer service. No the bot nor the human were able to help me and said I should call or email. The email was not replied to either. No I don't care to resolve anything further. I will not complain about the clothes to others either because that happens being a woman and buying pants. I will complain about amount of emails and the lack of actually being able to delete your account. I had a truly not good experience and I am sorry for wasting so much money, time, and effort on it. ",true,0,Jaimey,6a5fb0c2236e3d6c55ddf1d1,US,1,false,"Hello,
Thank you for sharing your feedback. We're truly sorry to hear about your experience. We understand how frustrating it must have been to wait so long for your order, have difficulty with the fit, struggle with the return process, receive more emails than expected, and experience issues managing your account.
Our team has already reached out to you via email regarding this matter so we can assist you further and work toward the best possible solution. Please kindly check your inbox (including your spam/junk folder) and reply to our email at your convenience.
Thank you for your patience and for giving us the opportunity to make things right."
thehalara.com,id:6a5fb0a1cef92acd7f9704fd,native_id,6a5fb0a1cef92acd7f9704fd,4,2026-07-21T19:47:13.000Z,2026-07-19T00:00:00.000Z,Good I love  I recommend,Good I love  I recommend ,true,0,Nhatlin,6a5fb0a0c2526c6eeb944928,US,1,false,
thehalara.com,id:6a5faeecc4123f387c665e85,native_id,6a5faeecc4123f387c665e85,5,2026-07-21T19:39:56.000Z,2026-07-19T00:00:00.000Z,Love it,Love it! Love their product!,true,0,Christine,5e963c8f708bf8ebbcf35930,US,3,false,
thehalara.com,id:6a5fad54352ae776b70b0cbf,native_id,6a5fad54352ae776b70b0cbf,5,2026-07-21T19:33:09.000Z,2026-07-12T00:00:00.000Z,I am obsessed with Halara dresses!,"Honestly, I'm obsessed with Halara. I have your dresses, skirts, shorts, and tanks. It is the most comfortable clothing ever. The saddest part of the year is when it gets too cold in Vermont to wear my Halara dresses! Put me in your commercials, baby, I'll shout it from the rooftops! The clothing is so comfortable, the fabric is perfect, and the FIT is remarkable. I love all of it.",true,0,Ginger Vieira,6a5fad53c2526c7d059443a1,US,1,false,
thehalara.com,id:6a5fac32661d3160905ee4a4,native_id,6a5fac32661d3160905ee4a4,3,2026-07-21T19:28:18.000Z,2026-07-12T00:00:00.000Z,The skirt was very pretty but way too small,The skirt was very pretty but very very small.  I couldn’t have tried it on.  The refund also took longer than expected to process. The return went smoothly once I realised it was via Evri and not Royal Mail.,true,0,D Wells,58a1f3940000ff000a76f982,IT,28,false,"Hello,
We're sorry to hear that the skirt was much smaller than expected and that your refund took longer than anticipated. We understand how disappointing this must have been, and we sincerely apologize for the inconvenience.
After reviewing your order, we can confirm that your refund was successfully processed on June 26, 2026. If you have any further questions or need any additional assistance, please don't hesitate to contact us at service@cs.halara.com (mailto:service@cs.halara.com). We're always here to help."
thehalara.com,id:6a5fab5985ad580e1db24f20,native_id,6a5fab5985ad580e1db24f20,5,2026-07-21T19:24:41.000Z,2026-07-18T00:00:00.000Z,Linen wide leg trousers  ,Delivery was fast and good and I loved the feel and  quality. Unfortunately I found the size small too large so had to return one pair.  Wish I had ordered the XS as they would have been better on hips but worried about waist band.   I am a size 10.,true,0,Jacqueline,62666cb5a8f44a00123f9fc4,GB,4,false,
thehalara.com,id:6a5fa8c0462e918f5ea61ec5,native_id,6a5fa8c0462e918f5ea61ec5,5,2026-07-21T19:13:36.000Z,2026-07-18T00:00:00.000Z,Great quality ,Great quality ! Love the styles.,true,0,Susan,6a5fa8bfb06fbf5f51ef2ed0,US,1,false,
thehalara.com,id:6a5fa79b3328ed46e625e49f,native_id,6a5fa79b3328ed46e625e49f,1,2026-07-21T19:08:43.000Z,2026-07-16T00:00:00.000Z,"You wont allow me to return..,I wont…","You wont allow me to return..,I wont Order from you again ",true,0,Summer,6a5fa79a7b418c52ee86f02b,US,1,false,"Hello,
Thank you for sharing your feedback. We're truly sorry to hear that you felt you weren't able to return your item.
Our team has already reached out to you via email regarding this matter so we can assist you further and work toward the best possible solution. Please kindly check your inbox (including your spam/junk folder) and reply to our email at your convenience.
Thank you for your patience and for giving us the opportunity to make things right."
thehalara.com,id:6a5fa6d4f569ef56ef0e3a00,native_id,6a5fa6d4f569ef56ef0e3a00,5,2026-07-21T19:05:24.000Z,2026-07-18T00:00:00.000Z,The quality of Halara clothing is amazing.…,"The quality of Halara clothing is unbelievable. I have a wardrobe of Halara items stemming from jeans, dress pants, shorts, and dresses and I could not be happier with my purchases. The buttery soft fabrics and the 4-way stretch that all of the Halara products have are just unbeatable. If you are looking to make your first purchase with Halara, CONGRATS! I am certain you will be happy with both the quality, comfort and appearance of their products.",true,0,Shanon,6a5fa6d37b418cf3d786eee4,US,1,false,
thehalara.com,id:6a5fa61ffa7259d5585a5783,native_id,6a5fa61ffa7259d5585a5783,5,2026-07-21T19:02:23.000Z,2026-07-10T00:00:00.000Z,So comfortable and good quality,So comfortable and good quality.  Fast shipment.  ,true,0,Traci,67d879cc7070b8654c161cbf,US,3,false,
thehalara.com,id:6a5fa5d824e5e36c933c88ff,native_id,6a5fa5d824e5e36c933c88ff,2,2026-07-21T19:01:12.000Z,2026-07-12T00:00:00.000Z,Lack of Customer Service,I have reached out through your website multiple times and I have never received a response.,true,0,Cindi Brown,5f108dcabe9ada74170b6a11,US,2,false,"Hello,
Thank you for sharing your feedback. We're truly sorry to hear that you've reached out to us multiple times through our website and didn't receive a response.
Our team has already reached out to you via email regarding this matter so we can assist you further and work toward the best possible solution. Please kindly check your inbox (including your spam/junk folder) and reply to our email at your convenience.
Thank you for your patience and for giving us the opportunity to make things right."
thehalara.com,id:6a5fa55d2d607ffa238418ec,native_id,6a5fa55d2d607ffa238418ec,5,2026-07-21T18:59:09.000Z,2026-07-12T00:00:00.000Z,I love everything I bought,I love everything I bought! The dresses are perfect for my upcoming trip to Disney! I got a free belt bag with my purchase and it was the perfect color! Will be ordering again. ,true,0,Nicole,6a5fa55dff3db219dcbcc2f2,US,1,false,
thehalara.com,id:6a5fa2e7d6ba2f8c27e49222,native_id,6a5fa2e7d6ba2f8c27e49222,5,2026-07-21T18:48:39.000Z,2026-07-17T00:00:00.000Z,They shipment was on hold at custom and…,They shipment was on hold at custom and they reshipped after waiting for a while.  I appreciate their consideration.,true,0,AO,6a5fa2e6c2526cd445943205,US,1,false,
thehalara.com,id:6a5fa03d50c29bffe93277be,native_id,6a5fa03d50c29bffe93277be,5,2026-07-21T18:37:17.000Z,2026-07-19T00:00:00.000Z,Great selection,I love the selection and quality of the clothing. Started slowly and now I'm hooked. The prices are reasonable and delivery is quick. I'll keep coming back.,true,0,RobinG,6a54e8d424460e6bea319552,US,2,false,
thehalara.com,id:6a5f9f85970edd66e1067054,native_id,6a5f9f85970edd66e1067054,5,2026-07-21T18:34:13.000Z,2026-07-11T00:00:00.000Z,Happy with my purchase,Happy with my purchase ,true,0,Kristina Wetherall,607d709c097bcf001a7ef6a0,GB,11,false,
thehalara.com,id:6a5f9f57df06215d74956615,native_id,6a5f9f57df06215d74956615,5,2026-07-21T18:33:27.000Z,2026-07-19T00:00:00.000Z,Love the shorts,"Love the shorts! Bought them for my daughter and daughter in law, too.",true,0,Jennifer,6a5f9f56b06fbf5e9eef1e57,US,1,false,
thehalara.com,id:6a5f9e8170b1fcf277eed64f,native_id,6a5f9e8170b1fcf277eed64f,4,2026-07-21T18:29:54.000Z,2026-07-09T00:00:00.000Z,I like my stuff,"I like my stuff, but I always wear an XL & luckily I know how to sew. The tops were so big on me I had to take them in 2” on each side. Now they fit good & I’m loving them. The other reason for only 4 stars was due to how long it took to get my order, but on that note I will definitely order again I absolutely love my leggings & short/skirt peace. I shared the website with a friend because they loved what I wore & since then I complimented a stranger on their one piece, romper set and found out that it came from Halara so I hope to find that and purchase my own :). ",true,0,Stacie,6a1b35334a5f8122e27b96b5,US,2,false,
thehalara.com,id:6a5f9de36f4e297dd51bf183,native_id,6a5f9de36f4e297dd51bf183,1,2026-07-21T18:27:15.000Z,2026-07-11T00:00:00.000Z,I’ve tried to return my order 3 times…,"I’ve tried to return my order 3 times and had no luck.   Website says I never placed an order, but I have order number and shorts (that are way too big), plus various emails telling me I placed and order and it’s on its way.   Not happy with this company.   I have bought items before and was happy with purchase.   Never again.  ",true,0,Sherri,6a5f9de27b418c84f486ded6,US,1,false,"Hello,
Thank you for sharing your feedback. We're truly sorry to hear about your experience. We understand how frustrating it must have been to try returning your order multiple times, only to have the website indicate that no order could be found.
Our team has already reached out to you via email regarding this matter so we can assist you further and work toward the best possible solution. Please kindly check your inbox (including your spam/junk folder) and reply to our email at your convenience.
Thank you for your patience and for giving us the opportunity to make things right."
thehalara.com,id:6a5f9c2193a613fd9fd01a80,native_id,6a5f9c2193a613fd9fd01a80,5,2026-07-21T18:19:45.000Z,2026-07-10T00:00:00.000Z,Love the quality of my new shorts,Love the quality of my new shorts,true,0,Katie,6a5f9c207b418c4fd886dbc7,US,1,false,
thehalara.com,id:6a5f9b6116fe5d904bcceee5,native_id,6a5f9b6116fe5d904bcceee5,1,2026-07-21T18:16:33.000Z,2026-07-06T00:00:00.000Z,I find sending things back to Halara…,I find sending things back to Halara very difficult as I haven't got a printer so have to go and bother my grandchildren to use there printers ,true,0,Joan Brown,659818d93aa829001195f1ea,GB,7,false,"Hello,
We're sorry to hear that the return process was inconvenient for you, especially since you had to rely on your grandchildren to print the return label. We understand how frustrating that must have been, and we sincerely apologize for the inconvenience.
After reviewing your order, we can confirm that we have received your return request. Your refund is currently being processed, and we kindly ask for your patience while it is completed.
If you have any further questions or need any additional assistance, please don't hesitate to contact us at service@cs.halara.com (mailto:service@cs.halara.com). We're always here to help."
thehalara.com,id:6a5f99dd6662eb6a50a3930c,native_id,6a5f99dd6662eb6a50a3930c,3,2026-07-21T18:10:05.000Z,2026-07-19T00:00:00.000Z,It took way to long for shipping,It took way to long for shipping. The pants were to long and wide like they were made wrong.  The shorts fit nice and I like them. ,true,0,Heather,6a5f99dcff3db230c3bcadff,US,1,false,"Hello,
Thank you for sharing your feedback. We're sorry to hear that your order didn't fully meet your expectations. We understand how disappointing it was to experience a longer shipping time and to receive pants that didn't fit as expected. We sincerely apologize for the inconvenience.
Our team has already reached out to you via email regarding this matter so we can assist you further and work toward the best possible solution. Please kindly check your inbox (including your spam/junk folder) and reply to our email at your convenience.
Thank you for your patience and for giving us the opportunity to make things right."
thehalara.com,id:6a5f98b96b3ceb23a553aa6b,native_id,6a5f98b96b3ceb23a553aa6b,5,2026-07-21T18:05:14.000Z,2026-07-17T00:00:00.000Z,Comfortable ,"These pants are so comfortable and breathe to keep me cool all day in the Texas heat! They are perfect for the office, date night, or girl's night out!",true,0,Stacy Vernon,65da307e37f5ce00121f2c43,US,3,false,
thehalara.com,id:6a5f9872015663c6a2f72fd8,native_id,6a5f9872015663c6a2f72fd8,2,2026-07-21T18:04:02.000Z,2026-07-06T00:00:00.000Z,It took forever for anything to come…,It took forever for anything to come in. the bra top is huge with bulky sewn in pads I can’t get out,true,0,Jennifer,6a5f9872ff3db2a3b9bcab7a,US,1,false,"Hello,
Thank you for sharing your feedback. We're truly sorry to hear that your order took longer than expected to arrive and that the bra top didn't meet your expectations.
Our team has already reached out to you via email regarding this matter so we can assist you further and work toward the best possible solution. Please kindly check your inbox (including your spam/junk folder) and reply to our email at your convenience.
Thank you for your patience and for giving us the opportunity to make things right."
thehalara.com,id:6a5f96c62edcb1d4843ee4a6,native_id,6a5f96c62edcb1d4843ee4a6,4,2026-07-21T17:56:54.000Z,2026-07-17T00:00:00.000Z,Be sure of your size,"Going by the size chart I thought I would need a medium but I really should have gotten a large. But it is great quality and I would love it if it fit better. Overall I would order again, the quality is great!!",true,0,Danielle,6a5f96c5ff3db26108bca86d,US,1,false,
thehalara.com,id:6a5f961c461dc37c2fc96a06,native_id,6a5f961c461dc37c2fc96a06,5,2026-07-21T17:54:04.000Z,2026-07-11T00:00:00.000Z,easy return,"easy return, quick refund",true,0,Chelsea,6a5f961b7b418c171886d0bc,US,1,false,
thehalara.com,id:6a5f94881ac2cfcaf0b08235,native_id,6a5f94881ac2cfcaf0b08235,5,2026-07-21T17:47:20.000Z,2026-07-17T00:00:00.000Z,Love my dress!,Love my dress!!  Fits perfect. ,true,0,Holly,6a5f9487236e3d12e1ddbf91,US,1,false,
thehalara.com,id:6a5f9428a83104882cfe7cbf,native_id,6a5f9428a83104882cfe7cbf,2,2026-07-21T17:45:44.000Z,2026-07-12T00:00:00.000Z,Transparent FeedbackI…,"Halara has typically been great and  I am a repeat customer. However, I just received a  back ordered dress way past date needed; was so wrinkled I appears  to have been worn; and appearance unappealing. They did offer discount coupon on future order. I would have preferred replacing the dress at a minimal cost. I will be calling to return it. ",true,0,Wendy,6237d81da6abeb00133d223c,US,3,false,"Hello,
Thank you for sharing your feedback.We sincerely apologize that your backordered dress arrived much later than you needed and that it was received in a wrinkled condition that did not meet your expectations.
Our team has already reached out to you via email regarding this matter so we can assist you further and work toward the best possible solution. Please kindly check your inbox (including your spam/junk folder) and reply to our email at your convenience.
Thank you for your patience and for giving us the opportunity to make things right."
thehalara.com,id:6a5f94018b39a3c912b477fb,native_id,6a5f94018b39a3c912b477fb,5,2026-07-21T17:45:05.000Z,2026-07-11T00:00:00.000Z,Excellent ,"Excellent 
 Great items
",true,0,Wendy Swinbank,60d09d4edd3c50001a35f847,GB,1,false,
thehalara.com,id:6a5f93afa43e81cb9a8be894,native_id,6a5f93afa43e81cb9a8be894,5,2026-07-21T17:43:43.000Z,2026-07-04T00:00:00.000Z,The quality of the clothes I ordered…,The quality of the clothes I ordered was exceptional!  I am so happy with my purchases! I think I found my new favorite clothing store!,true,1,April Taylor,6a5f9329ff3db27086bca1aa,US,2,false,
thehalara.com,id:6a5f934da0cb728b707c941d,native_id,6a5f934da0cb728b707c941d,1,2026-07-21T17:42:05.000Z,2026-07-19T00:00:00.000Z,Took ages for my order to come,"Took ages for my order to come, then sizing was off then returned and still not had my refund 3 weeks later !!??",true,0,MISS MELANIE BOURNE,6058d3d7f37d1300194fd3e3,GB,7,false,"Hello,
Thank you for sharing your feedback. We're truly sorry to hear about your experience. We understand how frustrating it must have been to wait for your order, find that the sizing wasn't right, and then feel that your refund was taking longer than expected.
Our team has already reached out to you via email regarding this matter so we can assist you further and work toward the best possible solution. Please kindly check your inbox (including your spam/junk folder) and reply to our email at your convenience.
Thank you for your patience and for giving us the opportunity to make things right."
thehalara.com,id:6a5f931b05814cae1ee826d6,native_id,6a5f931b05814cae1ee826d6,1,2026-07-21T17:41:15.000Z,2026-07-19T00:00:00.000Z,Don’t harassed me for feedback.,Don’t harassed me for feedback.,true,0,Jane Gray,62f9127d444ab4001303a17f,US,2,false,"Hello,
We're sorry to hear that our feedback requests made you feel uncomfortable. We sincerely apologize for any inconvenience this may have caused.
Please rest assured that it was never our intention to harass you. We value your experience and only send feedback requests to better understand how we can improve our products and services.
If you have any further questions or need any assistance, please don't hesitate to contact us at service@cs.halara.com (mailto:service@cs.halara.com). We're always here to help."
thehalara.com,id:6a5f92a1c8b880589ae76c23,native_id,6a5f92a1c8b880589ae76c23,5,2026-07-21T17:39:13.000Z,2026-07-12T00:00:00.000Z,Easy to order and Great Outfits,Easy to order and nice outfits that wash well.,true,0,Leila,6a5f92a0b06fbfa4bbef06e2,US,1,false,
thehalara.com,id:6a5f91d8f8107890ff3ab4a4,native_id,6a5f91d8f8107890ff3ab4a4,5,2026-07-21T17:35:52.000Z,2026-07-18T00:00:00.000Z,Halara Purchases,"My items were on their way the day after I placed my order.  Halara kept me posted on confirmation of my order, shipping and delivery.  All of my items were very nicely packaged.  The sizes I ordered were true to size and made of quality materials. ",true,0,Cristi,6a5f91d7c2526ceb87941328,US,1,false,
thehalara.com,id:6a5f8ecb7b8572f2a6553527,native_id,6a5f8ecb7b8572f2a6553527,5,2026-07-21T17:22:51.000Z,2026-07-11T00:00:00.000Z,Love the longer length dresses with…,Love the longer length dresses with built in shorts. Perfect for summer. I think I have at least eight now. ,true,0,Beth,6a5f8ecac2526c1435940d44,US,1,false,
thehalara.com,id:6a5f8e8749ec010704792576,native_id,6a5f8e8749ec010704792576,3,2026-07-21T17:21:43.000Z,2026-07-19T00:00:00.000Z,The clothing is ok,"The clothing is ok, any time you order online it's always the unknown. The wait time from to order to delivery was very long.  ",true,0,Holly,6a5f8e87236e3d0880ddb3e7,US,1,false,"Hello,
Thank you for sharing your feedback. We're truly sorry that your order took much longer than expected to arrive.
Our team has already reached out to you via email regarding this matter so we can assist you further and work toward the best possible solution. Please kindly check your inbox (including your spam/junk folder) and reply to our email at your convenience.
Thank you for your patience and for giving us the opportunity to make things right."
thehalara.com,id:6a5f8d630df3e206ba5c3ab9,native_id,6a5f8d630df3e206ba5c3ab9,5,2026-07-21T17:16:51.000Z,2026-07-11T00:00:00.000Z,Love my new dresses,"Love my new dresses, perfect fit!",true,0,Karen,6a5f8d62c2526c4c9c940a72,US,1,false,
thehalara.com,id:6a5f8bc1d19d90f0eaaafbb2,native_id,6a5f8bc1d19d90f0eaaafbb2,4,2026-07-21T17:09:53.000Z,2026-07-12T00:00:00.000Z,Good Quality ,The shorts are nice. Good quality. ,true,0,Vickie,6a5f8bc07b418c2b0386bbc4,US,1,false,
thehalara.com,id:6a5f8a63ea45b64ca4dcd160,native_id,6a5f8a63ea45b64ca4dcd160,1,2026-07-21T17:04:03.000Z,2026-07-17T00:00:00.000Z,Not good,Not good!  Never received my order.  Email mentions to contact shipping carrier.  You gave me a shipping # but there is no way of knowing which shipping carrier you use.,true,0,Kel,68249292bf768b3002fb5e10,US,1,false,"Hello,
Thank you for sharing your feedback. We're truly sorry to hear that you haven't received your order.
Our team has already reached out to you via email regarding this matter so we can assist you further and work toward the best possible solution. Please kindly check your inbox (including your spam/junk folder) and reply to our email at your convenience.
Thank you for your patience and for giving us the opportunity to make things right."
thehalara.com,id:6a5f89d84f3b0ad7c2136cd7,native_id,6a5f89d84f3b0ad7c2136cd7,5,2026-07-21T17:01:44.000Z,2026-07-11T00:00:00.000Z,Brilliant service good quality,Brilliant service good quality ,true,0,customer Lesley Douglas,5b5082db4de5666d3421233c,GB,17,false,
thehalara.com,id:6a5f88c5896560dab24d4b3a,native_id,6a5f88c5896560dab24d4b3a,5,2026-07-21T16:57:09.000Z,2026-07-12T00:00:00.000Z,I personally love the quality of items…,I personally love the quality of items I received. They feel confortable and look great!,true,0,Rafael Montoya,5a76446d0000ff000b0d00bb,US,4,false,
thehalara.com,id:6a5f889cf35419ab37e16e00,native_id,6a5f889cf35419ab37e16e00,1,2026-07-21T16:56:28.000Z,2026-07-19T00:00:00.000Z,The item I ordered was obviously not…,The item I ordered was obviously not for short people.. and after reading returns..it can’t be returned.. so I’m stuck ,true,0,Debi,6a5f889b236e3d4087dda7b5,US,1,false,"Hello,
Thank you for sharing your feedback. We're truly sorry to hear that the item wasn't the right fit for you.
Our team has already reached out to you via email regarding this matter so we can assist you further and work toward the best possible solution. Please kindly check your inbox (including your spam/junk folder) and reply to our email at your convenience.
Thank you for your patience and for giving us the opportunity to make things right."
thehalara.com,id:6a5f87f11fe7f7e5775a8bfa,native_id,6a5f87f11fe7f7e5775a8bfa,3,2026-07-21T16:53:37.000Z,2026-07-12T00:00:00.000Z,Sizing issue ,"Took a long time to arrive. The pants are as described, but my problem is with fit. I have ordered XL from this company and it was too big. I ordered L and they were too small. I guess I am just somewhere in-between darn it! ",true,0,Denise,6885651c64d5cff37d79cf90,US,6,false,"Hello,
Thank you for sharing your feedback. We're sorry to hear that your order took longer than expected to arrive and that the sizing didn't work out for you.
Our team has already reached out to you via email regarding this matter so we can assist you further and work toward the best possible solution. Please kindly check your inbox (including your spam/junk folder) and reply to our email at your convenience.
Thank you for your patience and for giving us the opportunity to make things right."
thehalara.com,id:6a5f879eb00f77889184070c,native_id,6a5f879eb00f77889184070c,4,2026-07-21T16:52:14.000Z,2026-07-11T00:00:00.000Z,Received my order as promised and quick,Received my order as promised and quick,true,0,Angelle,6164a55fcd1d2b0013f47963,US,3,false,
thehalara.com,id:6a5f87573e592eba000456a6,native_id,6a5f87573e592eba000456a6,5,2026-07-21T16:51:03.000Z,2026-07-19T00:00:00.000Z,The shipping this order was quicker and…,The shipping this order was quicker and the dress is beautiful. The color and feel is very nice. Haven't tried it on yet but it looks like a perfect fit. I will send pictures when I wear it to my niece's wedding.,true,0,Paulette,6a5f8756c2526c78be93fddc,US,1,false,
thehalara.com,id:6a5f8733def2c34e7006b3dc,native_id,6a5f8733def2c34e7006b3dc,4,2026-07-21T16:50:27.000Z,2026-07-07T00:00:00.000Z,Everything fit good and was as…,Everything fit good and was as advertised. Delivery is a little slow but that would be my only criticism.,true,0,JoAnn,6a5f8732236e3d2e34dda4d2,US,1,false,
thehalara.com,id:6a5f850abfd855b8d733f6f4,native_id,6a5f850abfd855b8d733f6f4,5,2026-07-21T16:41:15.000Z,2026-07-06T00:00:00.000Z,Comfy and Stylish ,"Their clothes especially, there jeans are just the best, so comfortable but stylish to wear. I have since I first tried them last year, bought 3 jeans, 3 work trousers, 2 faux leather trousers, also their Bermuda shorts - I now have 5 pairs as so comfortable I wear for golf and most of the time in the summer. They wash up lovely and no ironing required. The soft waistband has spoilt me as do not want to wear anything too tight. would not hesitate to recommend. In fact I have and a lot of my friends now buy from them as well.",true,0,Cheryl Odell,501292de00006400011e16dc,GB,12,false,
thehalara.com,id:6a5f850994487fe6867cd235,native_id,6a5f850994487fe6867cd235,5,2026-07-21T16:41:13.000Z,2026-07-12T00:00:00.000Z,Very fast delivery ,Very fast delivery.  The pants we ordered did not fit my daughter.  We received a gift card credit within hours of our return request.  Very happy with the clothing and the customer service.,true,0,Susan,6a5f8508ff3db2683fbc84c2,US,1,false,
thehalara.com,id:6a5f83c42a06252fd5a275d7,native_id,6a5f83c42a06252fd5a275d7,5,2026-07-21T16:35:48.000Z,2026-07-11T00:00:00.000Z,Linen Trousers are so comfortable!!,"I have ordered a right few things of Halara, but I really like there trousers. They fit so well and are very comfortable to wear! Cannot recommend them enough. Would definitely recommend in purchasing again from Halara.",true,0,SB,6a40fe599371bf13526885bd,GB,2,false,
thehalara.com,id:6a5f83137a0f5f0d97cb3312,native_id,6a5f83137a0f5f0d97cb3312,5,2026-07-21T16:32:51.000Z,2026-07-12T00:00:00.000Z,I love everything about halara,I love everything about halara,true,0,Brittany,6a5f8312236e3d0251dd9bdb,US,1,false,
thehalara.com,id:6a5f82f68454189cfddafc93,native_id,6a5f82f68454189cfddafc93,5,2026-07-21T16:32:22.000Z,2026-07-13T00:00:00.000Z,Great shorts good quality delivered…,Great shorts good quality delivered quickly ,true,0,Leonie Donoghue,5f0dda8d4b841d61a21d8479,GB,9,false,
thehalara.com,id:6a5f82abdab162efa1c022f4,native_id,6a5f82abdab162efa1c022f4,5,2026-07-21T16:31:07.000Z,2026-07-11T00:00:00.000Z,Very easy to use,Very easy to use ,true,0,Angela,6a5f82abff3db28973bc8011,US,1,false,
thehalara.com,id:6a5f822c49aeef929f08d93e,native_id,6a5f822c49aeef929f08d93e,5,2026-07-21T16:29:00.000Z,2026-07-18T00:00:00.000Z,Service is a quick turn around,"Service is a quick turn around. My most recent purchase I accidentally ordered thecwrong length. But,that's on me. I will probably just reorder the correct length.",true,0,Barb Schmidt Davis,67f85cf88f81865e660a7fc3,US,5,false,
thehalara.com,id:6a5f8217505bb5d8e1afc3ac,native_id,6a5f8217505bb5d8e1afc3ac,5,2026-07-21T16:28:39.000Z,2026-07-19T00:00:00.000Z,The quality is excellent and the price…,The quality is excellent and the price is very reasonable.   I have not been disappointed in anything I've ordered from them.  ,true,0,Dana Holter,67869e2175ed31fa1592705c,US,2,false,
thehalara.com,id:6a5f81fe02ca4a713555283f,native_id,6a5f81fe02ca4a713555283f,5,2026-07-21T16:28:14.000Z,2026-06-27T00:00:00.000Z,great quality,great quality,true,0,Kimberly,69a6f1c5c9f176f3c1c72fbe,US,2,false,
thehalara.com,id:6a5f80eb0d217f78b9b232f5,native_id,6a5f80eb0d217f78b9b232f5,5,2026-07-21T16:23:39.000Z,2026-07-18T00:00:00.000Z,Great quality item at a fair price,"Great quality item at a fair price, and it arrived quickly. I'm very happy with the purchase and would definitely buy from them again.",true,0,Y Allen,658ef3306a2e220013e771c2,US,2,false,
thehalara.com,id:6a5f7e68314cb7b2e7314238,native_id,6a5f7e68314cb7b2e7314238,4,2026-07-21T16:12:56.000Z,2026-07-17T00:00:00.000Z,The company is great,"The company is great, ordering is easy . It does take along time for the order.",true,0,Debra,6a5f7e67b06fbffc23eedc10,US,1,false,
thehalara.com,id:6a5f7c68a3a88484f49b8712,native_id,6a5f7c68a3a88484f49b8712,4,2026-07-21T16:04:24.000Z,2026-07-12T00:00:00.000Z,The dresses took a little longer than…,The dresses took a little longer than expected to arrive but worth the wait. Quality was better than I expected for the price. I’m really happy with my purchase. They are more comfortable than the name brand $120 a piece dresses. ,true,0,Michelle B,5ec15d5d242795423a4c3f79,US,14,false,
thehalara.com,id:6a5f7c5638d6d44daa191ac0,native_id,6a5f7c5638d6d44daa191ac0,5,2026-07-21T16:04:06.000Z,2026-07-10T00:00:00.000Z,Love my jeans they are great quality,Love my jeans they are great quality,true,0,Sheila,649e10bfe4b8c60012ca0e18,GB,6,false,
thehalara.com,id:6a5f7c33fb40c7ab699d33e8,native_id,6a5f7c33fb40c7ab699d33e8,1,2026-07-21T16:03:31.000Z,2026-07-12T00:00:00.000Z,Quality not good and return process is a joke ,"Terrible quality, return process is ridiculous. I’m out $300 with this joke of a company ",true,0,Gabby,6a5f7c33c2526c77ad93e60c,US,1,false,"Hello,
We're truly sorry to hear that the quality of the items and your return experience did not meet your expectations. Please accept our sincere apologies for any inconvenience caused.
We would like to confirm that we have received your email, and our relevant team has processed this matter.
Thank you for your patience and for giving us the opportunity to make things right."
thehalara.com,id:6a5f7b7fe974b8a03d6d5608,native_id,6a5f7b7fe974b8a03d6d5608,5,2026-07-21T16:00:31.000Z,2026-07-11T00:00:00.000Z,fast service and delivery,fast service and delivery,true,0,Lindsey,6a5f7b7e7b418cab72869995,US,1,false,
thehalara.com,id:6a5f7b431f9536c93d0fdaeb,native_id,6a5f7b431f9536c93d0fdaeb,5,2026-07-21T15:59:31.000Z,2026-07-11T00:00:00.000Z,Love,"This dress is so cute, comfortable, and true to size.",true,0,Kristin,6a5f7b42c2526c707193e438,US,1,false,
thehalara.com,id:6a5f7aeee5257494db329ab2,native_id,6a5f7aeee5257494db329ab2,5,2026-07-21T15:58:06.000Z,2026-07-19T00:00:00.000Z,Got the outfit when I was supposed to,Got the outfit when I was supposed to. Opened it and it was great! I tried it on right away and loved the way it fit. Might have to hem the skit a little but other wise a great fit! ,true,0,Barbara,6a5f7aedb06fbfd7cceed480,US,1,false,
thehalara.com,id:6a5f7abf7877f5a30e0e373f,native_id,6a5f7abf7877f5a30e0e373f,5,2026-07-21T15:57:19.000Z,2025-08-21T00:00:00.000Z,I get so many compliments on these…,"I get so many compliments on these pants! I got three pairs in three colors I love them so much. They are so comfortable, one step away from sweatpants",true,0,Shannon Sloop,6a5f7a4cff3db2147cbc6eb5,US,2,false,
thehalara.com,id:6a5f7a4b17f513ca20bef535,native_id,6a5f7a4b17f513ca20bef535,4,2026-07-21T15:55:24.000Z,2026-07-12T00:00:00.000Z,WAY TOO LONG FOR DELIVERY  ,"I love my shorts, but they took way too long to arrive.  No one expects to wait over a week for their order, mine was 10 days, that is too long.  I will order again, but make sure I don't need my order quickly like for a trip.  ",true,0,Amy Cucullu,654cf414a9687500119d41b2,US,2,false,
thehalara.com,id:6a5f796a1788006376eac845,native_id,6a5f796a1788006376eac845,5,2026-07-21T15:51:38.000Z,2026-07-11T00:00:00.000Z,I love the fit and feel,"I love the fit and feel
Of these shorts.  So buttery soft.  I ordered the three inch but I will do the 5 inch next time.  ",true,0,Jody,5bf381245483f4b8a9de68b6,US,5,false,
thehalara.com,id:6a5f79425d14bcfbfd200692,native_id,6a5f79425d14bcfbfd200692,5,2026-07-21T15:50:58.000Z,2026-07-11T00:00:00.000Z,Ease of ordering,Ease of ordering ,true,0,stacy,687bf9c7e3b0fa6c55e771da,US,2,false,
thehalara.com,id:6a5f7933f85036de9fa503ac,native_id,6a5f7933f85036de9fa503ac,5,2026-07-21T15:50:43.000Z,2026-07-12T00:00:00.000Z,Love the jeans!,Good jean product and delivered quickly!,true,0,Georgia Hensley,5f45a0575be2e1ff006cef35,US,7,false,
thehalara.com,id:6a5f77e0c56d2236df5fabde,native_id,6a5f77e0c56d2236df5fabde,1,2026-07-21T15:45:04.000Z,2026-07-21T00:00:00.000Z,had a very disappointing experience…,"had a very disappointing experience with Halara, particularly their returns process.

Not only did I have to pay for the return myself, but resolving the issue involved numerous emails and a great deal of wasted time. After all of the inconvenience, I made it very clear that I did not want my refund issued as a gift card because I no longer wished to shop with Halara.

Despite this, they ignored my request and issued a gift voucher anyway. Their responses simply apologised for my frustration without actually addressing the problem or providing a meaningful solution. I am now left with store credit for a retailer I have no intention of using again.

Good customer service is about listening to customers and resolving issues fairly. Unfortunately, I feel Halara did neither. Based on my experience, I would not recommend shopping with them, especially if you think you may need to return an item.",false,0,Kerry Letman,684285cb8a53759e98602fde,GB,11,false,"Hello,
We’re sorry to hear about your concerns and understand your hesitation.
To help us properly review your case and provide accurate assistance, could you please kindly share your order number? Alternatively, you may also email your details to us at service@cs.halara.com, and our team will be happy to look into this for you.
We appreciate your feedback and the opportunity to clarify any misunderstandings."
thehalara.com,id:6a5f779a0bbbddc711b72534,native_id,6a5f779a0bbbddc711b72534,5,2026-07-21T15:43:54.000Z,2026-07-11T00:00:00.000Z,Great,It was easy to find what I was looking for and the shipping was quick. The clothes wre great and fit well.,true,0,Sable,6a5f77997b418c9e2c86916d,US,1,false,
thehalara.com,id:6a5f777a8d9cd72c2a34aee6,native_id,6a5f777a8d9cd72c2a34aee6,5,2026-07-21T15:43:23.000Z,2026-07-12T00:00:00.000Z,Great experience,Great experience,true,0,Amna,6a5f77797b418c00f1869132,US,1,false,
thehalara.com,id:6a5f773adb1a42918102a500,native_id,6a5f773adb1a42918102a500,3,2026-07-21T15:42:18.000Z,2026-07-19T00:00:00.000Z,Great product but shipping sucks!!!!!,"The products themselves are great quality, but their shipping really sucks. It takes a month or more to receive items ordered. ",true,0,Jackie,65076f18dd1f40001220f711,US,3,false,"Hello,
Thank you for sharing your feedback. We're sincerely sorry that the shipping took longer than expected.
Our team has already reached out to you via email regarding this matter so we can assist you further and work toward the best possible solution. Please kindly check your inbox (including your spam/junk folder) and reply to our email at your convenience.
Thank you for your patience and for giving us the opportunity to make things right."
thehalara.com,id:6a5f770ec7a7826b08ef1f79,native_id,6a5f770ec7a7826b08ef1f79,5,2026-07-21T15:41:34.000Z,2026-07-19T00:00:00.000Z,Having the gift card option on a return…,Having the gift card option on a return helped me to find just the right items I was looking for. ,true,0,Oakley,6a5f770db06fbf529deecca6,US,1,false,
thehalara.com,id:6a5f7652a25777e2b2a4f238,native_id,6a5f7652a25777e2b2a4f238,5,2026-07-21T15:38:26.000Z,2026-07-19T00:00:00.000Z,Great quality,Great quality. Like the sizing . Stretchy material is nice . I wish the delivery was faster. It took weeks,true,0,Kaylee Juriga,62c3a6a93367760012303cc1,US,3,false,
thehalara.com,id:6a5f75edc4121c625a2a8c03,native_id,6a5f75edc4121c625a2a8c03,5,2026-07-21T15:36:45.000Z,2026-07-20T00:00:00.000Z,A pair of denim pants that actually…,A pair of denim pants that actually look modern and fit comfortably. ,true,0,Pamela,6a5f75ecc2526c49fc93d92d,US,1,false,
